time,open,high,low,close,volume,average,barCount
2025-10-13T00:00:00Z,98.045,98.055,98.045,98.055,1218.0,98.05,77
2025-10-13T00:15:00Z,98.055,98.055,98.045,98.05,1808.0,98.0495,250
2025-10-13T00:30:00Z,98.055,98.055,98.045,98.045,438.0,98.0455,70
2025-10-13T00:45:00Z,98.045,98.045,98.045,98.045,61.0,98.045,24
2025-10-13T01:00:00Z,98.045,98.045,98.04,98.04,30.0,98.045,30
2025-10-13T01:15:00Z,98.045,98.045,98.04,98.045,28.0,98.0445,27
2025-10-13T01:30:00Z,98.045,98.045,98.04,98.045,101.0,98.041,50
2025-10-13T01:45:00Z,98.045,98.045,98.045,98.045,33.0,98.045,32
2025-10-13T02:00:00Z,98.045,98.045,98.045,98.045,29.0,98.045,29
2025-10-13T02:15:00Z,98.045,98.045,98.04,98.04,18.0,98.042,15
2025-10-13T02:30:00Z,98.04,98.04,98.04,98.04,21.0,98.04,15
2025-10-13T02:45:00Z,98.04,98.045,98.04,98.045,154.0,98.04,20
2025-10-13T03:00:00Z,98.04,98.04,98.035,98.035,7.0,98.038,7
2025-10-13T03:15:00Z,98.035,98.035,98.035,98.035,0.0,98.035,0
2025-10-13T03:30:00Z,98.04,98.04,98.04,98.04,50.0,98.04,5
2025-10-13T03:45:00Z,98.04,98.04,98.04,98.04,0.0,98.04,0
2025-10-13T04:00:00Z,98.04,98.04,98.04,98.04,30.0,98.04,6
2025-10-13T04:15:00Z,98.04,98.04,98.04,98.04,133.0,98.04,8
2025-10-13T04:30:00Z,98.04,98.045,98.04,98.045,30.0,98.0405,5
2025-10-13T04:45:00Z,98.045,98.045,98.04,98.045,46.0,98.04,11
2025-10-13T05:00:00Z,98.045,98.045,98.045,98.045,11.0,98.045,11
2025-10-13T05:15:00Z,98.045,98.045,98.045,98.045,13.0,98.045,13
2025-10-13T05:30:00Z,98.045,98.045,98.04,98.04,493.0,98.04,22
2025-10-13T05:45:00Z,98.045,98.045,98.04,98.04,562.0,98.04,66
2025-10-13T06:00:00Z,98.045,98.05,98.04,98.04,536.0,98.045,94
2025-10-13T06:15:00Z,98.045,98.05,98.045,98.045,747.0,98.045,40
2025-10-13T06:30:00Z,98.05,98.05,98.045,98.05,456.0,98.0455,54
2025-10-13T06:45:00Z,98.05,98.05,98.045,98.05,602.0,98.0495,72
2025-10-13T07:00:00Z,98.05,98.055,98.05,98.05,3324.0,98.05,277
2025-10-13T07:15:00Z,98.045,98.05,98.045,98.045,1834.0,98.045,118
2025-10-13T07:30:00Z,98.05,98.05,98.045,98.05,232.0,98.0475,231
2025-10-13T07:45:00Z,98.05,98.055,98.045,98.05,1980.0,98.05,183
2025-10-13T08:00:00Z,98.05,98.055,98.045,98.055,5948.0,98.05,320
2025-10-13T08:15:00Z,98.055,98.055,98.055,98.055,868.0,98.055,205
2025-10-13T08:30:00Z,98.055,98.06,98.055,98.06,1507.0,98.0555,238
2025-10-13T08:45:00Z,98.06,98.065,98.06,98.065,1846.0,98.0605,185
2025-10-13T09:00:00Z,98.065,98.065,98.06,98.065,369.0,98.0645,131
2025-10-13T09:15:00Z,98.065,98.07,98.065,98.07,1786.0,98.065,195
2025-10-13T09:30:00Z,98.07,98.075,98.065,98.07,2909.0,98.07,521
2025-10-13T09:45:00Z,98.07,98.07,98.07,98.07,538.0,98.07,57
2025-10-13T10:00:00Z,98.07,98.07,98.07,98.07,498.0,98.07,93
2025-10-13T10:15:00Z,98.07,98.07,98.07,98.07,459.0,98.07,105
2025-10-13T10:30:00Z,98.07,98.075,98.065,98.075,1169.0,98.07,227
2025-10-13T10:45:00Z,98.075,98.075,98.07,98.075,1196.0,98.0705,95
2025-10-13T11:00:00Z,98.075,98.075,98.07,98.075,290.0,98.074,77
2025-10-13T11:15:00Z,98.075,98.075,98.07,98.075,297.0,98.0705,52
2025-10-13T11:30:00Z,98.075,98.075,98.07,98.075,859.0,98.0745,137
2025-10-13T11:45:00Z,98.075,98.075,98.075,98.075,2219.0,98.075,285
2025-10-13T12:00:00Z,98.075,98.075,98.07,98.07,5675.0,98.07,325
2025-10-13T12:15:00Z,98.07,98.075,98.07,98.075,660.0,98.0715,169
2025-10-13T12:30:00Z,98.075,98.08,98.075,98.075,4393.0,98.075,276
2025-10-13T12:45:00Z,98.075,98.075,98.07,98.075,1464.0,98.075,225
2025-10-13T13:00:00Z,98.075,98.075,98.07,98.07,5079.0,98.07,396
2025-10-13T13:15:00Z,98.07,98.075,98.07,98.07,5573.0,98.07,626
2025-10-13T13:30:00Z,98.075,98.075,98.075,98.075,55.0,98.075,46
2025-10-13T13:45:00Z,98.075,98.075,98.07,98.075,552.0,98.0745,155
2025-10-13T14:00:00Z,98.075,98.075,98.07,98.075,420.0,98.0715,116
2025-10-13T14:15:00Z,98.075,98.075,98.07,98.075,177.0,98.0715,93
2025-10-13T14:30:00Z,98.075,98.075,98.07,98.075,150.0,98.0735,84
2025-10-13T14:45:00Z,98.075,98.075,98.07,98.075,388.0,98.073,89
2025-10-13T15:00:00Z,98.075,98.075,98.07,98.075,2845.0,98.071,747
2025-10-13T15:15:00Z,98.075,98.075,98.07,98.07,188.0,98.0735,171
2025-10-13T15:30:00Z,98.07,98.075,98.07,98.07,2337.0,98.07,192
2025-10-13T15:45:00Z,98.07,98.075,98.065,98.07,1854.0,98.07,169
2025-10-13T16:00:00Z,98.07,98.075,98.07,98.075,13.0,98.0725,10
2025-10-13T16:15:00Z,98.075,98.075,98.07,98.075,167.0,98.0705,34
2025-10-13T16:30:00Z,98.07,98.07,98.07,98.07,2086.0,98.07,126
2025-10-13T16:45:00Z,98.07,98.07,98.065,98.065,2016.0,98.07,60
2025-10-13T17:00:00Z,98.07,98.07,98.07,98.07,55.0,98.07,15
2025-10-13T17:15:00Z,98.07,98.07,98.07,98.07,165.0,98.07,5
2025-10-13T17:30:00Z,98.07,98.07,98.07,98.07,0.0,98.07,0
2025-10-13T17:45:00Z,98.07,98.07,98.07,98.07,102.0,98.07,10
2025-10-13T18:00:00Z,98.065,98.065,98.065,98.065,1.0,98.065,1
2025-10-13T18:15:00Z,98.07,98.07,98.07,98.07,3.0,98.07,3
2025-10-13T18:30:00Z,98.07,98.07,98.07,98.07,62.0,98.07,13
2025-10-13T18:45:00Z,98.07,98.07,98.07,98.07,0.0,98.07,0
2025-10-13T19:00:00Z,98.075,98.075,98.075,98.075,1.0,98.075,1
2025-10-13T19:15:00Z,98.075,98.075,98.075,98.075,0.0,98.075,0
2025-10-13T19:30:00Z,98.07,98.07,98.07,98.07,30.0,98.07,18
2025-10-13T19:45:00Z,98.07,98.075,98.07,98.07,139.0,98.0705,65
2025-10-14T00:15:00Z,98.07,98.07,98.07,98.07,130.0,98.07,9
2025-10-14T00:30:00Z,98.07,98.07,98.07,98.07,0.0,98.07,0
2025-10-14T00:45:00Z,98.07,98.07,98.07,98.07,0.0,98.07,0
2025-10-14T01:00:00Z,98.07,98.07,98.07,98.07,0.0,98.07,0
2025-10-14T01:15:00Z,98.07,98.07,98.07,98.07,0.0,98.07,0
2025-10-14T01:30:00Z,98.07,98.07,98.07,98.07,0.0,98.07,0
2025-10-14T01:45:00Z,98.07,98.07,98.07,98.07,0.0,98.07,0
2025-10-14T02:00:00Z,98.07,98.07,98.07,98.07,0.0,98.07,0
2025-10-14T02:15:00Z,98.07,98.07,98.07,98.07,0.0,98.07,0
2025-10-14T02:30:00Z,98.07,98.07,98.07,98.07,0.0,98.07,0
2025-10-14T02:45:00Z,98.07,98.07,98.07,98.07,0.0,98.07,0
2025-10-14T03:00:00Z,98.07,98.07,98.07,98.07,0.0,98.07,0
2025-10-14T03:15:00Z,98.07,98.07,98.07,98.07,22.0,98.07,2
2025-10-14T03:30:00Z,98.07,98.07,98.07,98.07,0.0,98.07,0
2025-10-14T03:45:00Z,98.07,98.07,98.07,98.07,0.0,98.07,0
2025-10-14T04:00:00Z,98.075,98.075,98.075,98.075,45.0,98.075,13
2025-10-14T04:15:00Z,98.075,98.075,98.075,98.075,0.0,98.075,0
2025-10-14T04:30:00Z,98.08,98.08,98.08,98.08,317.0,98.08,7
2025-10-14T04:45:00Z,98.08,98.08,98.08,98.08,288.0,98.08,7
2025-10-14T05:00:00Z,98.08,98.08,98.08,98.08,0.0,98.08,0
2025-10-14T05:15:00Z,98.08,98.08,98.08,98.08,5.0,98.08,1
2025-10-14T05:30:00Z,98.085,98.09,98.085,98.09,52.0,98.086,16
2025-10-14T05:45:00Z,98.09,98.09,98.085,98.085,155.0,98.089,39
2025-10-14T06:00:00Z,98.09,98.09,98.085,98.09,1998.0,98.09,108
2025-10-14T06:15:00Z,98.085,98.1,98.085,98.095,1585.0,98.0915,88
2025-10-14T06:30:00Z,98.095,98.1,98.095,98.1,2725.0,98.0985,262
2025-10-14T06:45:00Z,98.095,98.095,98.095,98.095,1900.0,98.095,179
2025-10-14T07:00:00Z,98.095,98.105,98.095,98.1,3060.0,98.0995,333
2025-10-14T07:15:00Z,98.1,98.105,98.1,98.105,5033.0,98.1015,250
2025-10-14T07:30:00Z,98.105,98.115,98.1,98.115,4082.0,98.1095,567
2025-10-14T07:45:00Z,98.11,98.115,98.105,98.11,3086.0,98.112,337
2025-10-14T08:00:00Z,98.11,98.11,98.1,98.105,3327.0,98.106,244
2025-10-14T08:15:00Z,98.1,98.105,98.1,98.1,732.0,98.1,128
2025-10-14T08:30:00Z,98.1,98.1,98.095,98.1,1043.0,98.1,117
2025-10-14T08:45:00Z,98.1,98.11,98.095,98.1,4266.0,98.1035,411
2025-10-14T09:00:00Z,98.105,98.105,98.095,98.095,6944.0,98.1005,409
2025-10-14T09:15:00Z,98.1,98.105,98.095,98.1,5105.0,98.1,138
2025-10-14T09:30:00Z,98.105,98.105,98.095,98.1,2533.0,98.1,211
2025-10-14T09:45:00Z,98.1,98.105,98.1,98.1,4858.0,98.1,236
2025-10-14T10:00:00Z,98.1,98.105,98.1,98.1,1777.0,98.101,259
2025-10-14T10:15:00Z,98.105,98.105,98.1,98.1,1607.0,98.1,156
2025-10-14T10:30:00Z,98.105,98.105,98.1,98.105,346.0,98.1005,103
2025-10-14T10:45:00Z,98.1,98.105,98.1,98.1,87.0,98.1015,57
2025-10-14T11:00:00Z,98.1,98.105,98.095,98.1,3208.0,98.1,283
2025-10-14T11:15:00Z,98.095,98.1,98.09,98.09,1529.0,98.095,125
2025-10-14T11:30:00Z,98.09,98.095,98.085,98.085,2887.0,98.086,144
2025-10-14T11:45:00Z,98.09,98.095,98.085,98.085,2000.0,98.09,123
2025-10-14T12:00:00Z,98.085,98.095,98.085,98.095,1432.0,98.0935,206
2025-10-14T12:15:00Z,98.1,98.1,98.095,98.095,1641.0,98.0985,124
2025-10-14T12:30:00Z,98.095,98.1,98.09,98.095,930.0,98.095,149
2025-10-14T12:45:00Z,98.095,98.095,98.085,98.09,4817.0,98.0905,219
2025-10-14T13:00:00Z,98.09,98.09,98.085,98.09,3122.0,98.087,275
2025-10-14T13:15:00Z,98.09,98.095,98.085,98.085,3936.0,98.089,227
2025-10-14T13:30:00Z,98.085,98.095,98.08,98.095,2331.0,98.089,227
2025-10-14T13:45:00Z,98.09,98.095,98.085,98.085,2178.0,98.09,256
2025-10-14T14:00:00Z,98.09,98.09,98.08,98.09,1606.0,98.0855,210
2025-10-14T14:15:00Z,98.09,98.09,98.075,98.08,5054.0,98.085,484
2025-10-14T14:30:00Z,98.075,98.08,98.075,98.08,1615.0,98.079,279
2025-10-14T14:45:00Z,98.08,98.085,98.08,98.08,2223.0,98.08,148
2025-10-14T15:00:00Z,98.085,98.085,98.08,98.085,1279.0,98.0835,505
2025-10-14T15:15:00Z,98.08,98.09,98.08,98.08,1515.0,98.085,246
2025-10-14T15:30:00Z,98.08,98.085,98.08,98.085,644.0,98.085,91
2025-10-14T15:45:00Z,98.085,98.085,98.08,98.085,470.0,98.0805,77
2025-10-14T16:00:00Z,98.085,98.085,98.08,98.085,557.0,98.0805,56
2025-10-14T16:15:00Z,98.085,98.09,98.085,98.085,1377.0,98.085,118
2025-10-14T16:30:00Z,98.085,98.09,98.085,98.085,564.0,98.085,93
2025-10-14T16:45:00Z,98.085,98.09,98.085,98.085,458.0,98.085,100
2025-10-14T17:00:00Z,98.085,98.085,98.085,98.085,415.0,98.085,84
2025-10-14T17:15:00Z,98.085,98.085,98.085,98.085,63.0,98.085,63
2025-10-14T17:30:00Z,98.085,98.085,98.085,98.085,50.0,98.085,50
2025-10-14T17:45:00Z,98.085,98.085,98.085,98.085,76.0,98.085,36
2025-10-14T18:00:00Z,98.09,98.09,98.09,98.09,2.0,98.09,2
2025-10-14T18:15:00Z,98.09,98.09,98.09,98.09,139.0,98.09,15
2025-10-14T18:30:00Z,98.085,98.085,98.085,98.085,7.0,98.085,4
2025-10-14T18:45:00Z,98.09,98.09,98.09,98.09,7.0,98.09,7
2025-10-14T19:00:00Z,98.09,98.09,98.09,98.09,2.0,98.09,1
2025-10-14T19:15:00Z,98.085,98.085,98.085,98.085,147.0,98.085,45
2025-10-14T19:30:00Z,98.09,98.09,98.085,98.09,1442.0,98.09,61
2025-10-14T19:45:00Z,98.09,98.09,98.09,98.09,1805.0,98.09,55
2025-10-15T00:00:00Z,98.09,98.09,98.085,98.09,91.0,98.0895,11
2025-10-15T00:15:00Z,98.085,98.085,98.085,98.085,381.0,98.085,37
2025-10-15T00:30:00Z,98.08,98.08,98.08,98.08,10.0,98.08,8
2025-10-15T00:45:00Z,98.085,98.085,98.085,98.085,1.0,98.085,1
2025-10-15T01:00:00Z,98.085,98.085,98.085,98.085,95.0,98.085,3
2025-10-15T01:15:00Z,98.085,98.09,98.085,98.09,59.0,98.085,3
2025-10-15T01:30:00Z,98.09,98.09,98.09,98.09,0.0,98.09,0
2025-10-15T01:45:00Z,98.09,98.09,98.09,98.09,0.0,98.09,0
2025-10-15T02:00:00Z,98.09,98.09,98.09,98.09,0.0,98.09,0
2025-10-15T02:15:00Z,98.09,98.09,98.09,98.09,0.0,98.09,0
2025-10-15T02:30:00Z,98.09,98.09,98.09,98.09,0.0,98.09,0
2025-10-15T02:45:00Z,98.09,98.09,98.09,98.09,0.0,98.09,0
2025-10-15T03:00:00Z,98.09,98.09,98.09,98.09,0.0,98.09,0
2025-10-15T03:15:00Z,98.09,98.09,98.09,98.09,0.0,98.09,0
2025-10-15T03:30:00Z,98.09,98.09,98.09,98.09,0.0,98.09,0
2025-10-15T03:45:00Z,98.09,98.09,98.09,98.09,0.0,98.09,0
2025-10-15T04:00:00Z,98.09,98.09,98.09,98.09,0.0,98.09,0
2025-10-15T04:15:00Z,98.085,98.085,98.085,98.085,20.0,98.085,2
2025-10-15T04:30:00Z,98.085,98.085,98.085,98.085,0.0,98.085,0
2025-10-15T04:45:00Z,98.085,98.085,98.085,98.085,0.0,98.085,0
2025-10-15T05:00:00Z,98.085,98.085,98.085,98.085,0.0,98.085,0
2025-10-15T05:15:00Z,98.085,98.085,98.085,98.085,19.0,98.085,1
2025-10-15T05:30:00Z,98.085,98.085,98.085,98.085,11.0,98.085,3
2025-10-15T05:45:00Z,98.085,98.085,98.085,98.085,305.0,98.085,9
2025-10-15T06:00:00Z,98.09,98.095,98.085,98.095,1913.0,98.09,177
2025-10-15T06:15:00Z,98.09,98.095,98.09,98.095,1057.0,98.09,76
2025-10-15T06:30:00Z,98.095,98.095,98.09,98.095,684.0,98.091,51
2025-10-15T06:45:00Z,98.095,98.095,98.09,98.095,1081.0,98.095,192
2025-10-15T07:00:00Z,98.095,98.1,98.095,98.095,3836.0,98.095,287
2025-10-15T07:15:00Z,98.095,98.1,98.09,98.1,614.0,98.095,139
2025-10-15T07:30:00Z,98.095,98.1,98.095,98.095,2012.0,98.0955,285
2025-10-15T07:45:00Z,98.095,98.1,98.09,98.095,2290.0,98.095,153
2025-10-15T08:00:00Z,98.095,98.1,98.09,98.095,1460.0,98.095,205
2025-10-15T08:15:00Z,98.095,98.095,98.09,98.095,134.0,98.0925,73
2025-10-15T08:30:00Z,98.095,98.095,98.09,98.095,89.0,98.0925,48
2025-10-15T08:45:00Z,98.095,98.1,98.095,98.1,9626.0,98.096,455
2025-10-15T09:00:00Z,98.1,98.1,98.095,98.095,3212.0,98.095,239
2025-10-15T09:15:00Z,98.095,98.095,98.09,98.095,1061.0,98.0935,115
2025-10-15T09:30:00Z,98.095,98.095,98.09,98.095,1062.0,98.0945,123
2025-10-15T09:45:00Z,98.095,98.1,98.095,98.1,1599.0,98.095,94
2025-10-15T10:00:00Z,98.1,98.1,98.095,98.1,188.0,98.0965,94
2025-10-15T10:15:00Z,98.1,98.105,98.095,98.1,1131.0,98.1,143
2025-10-15T10:30:00Z,98.1,98.105,98.1,98.105,2139.0,98.1005,110
2025-10-15T10:45:00Z,98.105,98.105,98.1,98.1,1210.0,98.1,126
2025-10-15T11:00:00Z,98.1,98.105,98.1,98.105,810.0,98.1,59
2025-10-15T11:15:00Z,98.105,98.105,98.105,98.105,366.0,98.105,77
2025-10-15T11:30:00Z,98.105,98.105,98.1,98.105,1091.0,98.105,156
2025-10-15T11:45:00Z,98.105,98.105,98.1,98.105,124.0,98.1045,91
2025-10-15T12:00:00Z,98.105,98.105,98.1,98.105,1747.0,98.105,195
2025-10-15T12:15:00Z,98.105,98.105,98.1,98.1,5204.0,98.1,248
2025-10-15T12:30:00Z,98.1,98.1,98.1,98.1,549.0,98.1,153
2025-10-15T12:45:00Z,98.1,98.105,98.095,98.095,1413.0,98.1,118
2025-10-15T13:00:00Z,98.1,98.105,98.095,98.1,5686.0,98.1005,257
2025-10-15T13:15:00Z,98.105,98.105,98.095,98.1,5434.0,98.097,468
2025-10-15T13:30:00Z,98.1,98.11,98.1,98.105,1192.0,98.104,196
2025-10-15T13:45:00Z,98.105,98.11,98.105,98.11,606.0,98.106,70
2025-10-15T14:00:00Z,98.11,98.11,98.105,98.11,2312.0,98.1055,207
2025-10-15T14:15:00Z,98.105,98.11,98.105,98.105,2335.0,98.105,174
2025-10-15T14:30:00Z,98.105,98.11,98.1,98.105,2141.0,98.1055,272
2025-10-15T14:45:00Z,98.105,98.11,98.1,98.105,1348.0,98.105,158
2025-10-15T15:00:00Z,98.105,98.11,98.1,98.11,2847.0,98.1055,463
2025-10-15T15:15:00Z,98.11,98.11,98.105,98.11,1179.0,98.1095,412
2025-10-15T15:30:00Z,98.11,98.11,98.1,98.105,20073.0,98.105,724
2025-10-15T15:45:00Z,98.105,98.105,98.09,98.095,2535.0,98.097,318
2025-10-15T16:00:00Z,98.095,98.1,98.095,98.1,4983.0,98.095,177
2025-10-15T16:15:00Z,98.095,98.1,98.09,98.09,994.0,98.095,92
2025-10-15T16:30:00Z,98.09,98.095,98.09,98.09,196.0,98.093,46
2025-10-15T16:45:00Z,98.095,98.095,98.09,98.09,71.0,98.0915,33
2025-10-15T17:00:00Z,98.09,98.095,98.09,98.095,349.0,98.095,39
2025-10-15T17:15:00Z,98.095,98.095,98.09,98.095,3666.0,98.095,193
2025-10-15T17:30:00Z,98.095,98.095,98.095,98.095,222.0,98.095,29
2025-10-15T17:45:00Z,98.095,98.1,98.095,98.095,340.0,98.095,32
2025-10-15T18:00:00Z,98.095,98.1,98.095,98.095,338.0,98.0955,28
2025-10-15T18:15:00Z,98.095,98.095,98.095,98.095,0.0,98.095,0
2025-10-15T18:30:00Z,98.095,98.095,98.095,98.095,570.0,98.095,39
2025-10-15T18:45:00Z,98.095,98.095,98.095,98.095,17.0,98.095,7
2025-10-15T19:00:00Z,98.095,98.1,98.095,98.095,88.0,98.095,18
2025-10-15T19:15:00Z,98.095,98.095,98.095,98.095,0.0,98.095,0
2025-10-15T19:30:00Z,98.095,98.095,98.095,98.095,0.0,98.095,0
2025-10-15T19:45:00Z,98.095,98.095,98.09,98.095,103.0,98.0945,21
2025-10-16T00:00:00Z,98.095,98.095,98.09,98.09,222.0,98.095,16
2025-10-16T00:15:00Z,98.095,98.095,98.095,98.095,480.0,98.095,14
2025-10-16T00:30:00Z,98.1,98.1,98.1,98.1,34.0,98.1,14
2025-10-16T00:45:00Z,98.1,98.1,98.1,98.1,0.0,98.1,0
2025-10-16T01:00:00Z,98.1,98.1,98.1,98.1,0.0,98.1,0
2025-10-16T01:15:00Z,98.095,98.095,98.095,98.095,4.0,98.095,2
2025-10-16T01:30:00Z,98.095,98.095,98.095,98.095,0.0,98.095,0
2025-10-16T01:45:00Z,98.095,98.095,98.095,98.095,0.0,98.095,0
2025-10-16T02:00:00Z,98.095,98.095,98.09,98.09,302.0,98.095,12
2025-10-16T02:15:00Z,98.09,98.09,98.09,98.09,0.0,98.09,0
2025-10-16T02:30:00Z,98.09,98.09,98.09,98.09,0.0,98.09,0
2025-10-16T02:45:00Z,98.09,98.09,98.09,98.09,0.0,98.09,0
2025-10-16T03:00:00Z,98.09,98.09,98.09,98.09,0.0,98.09,0
2025-10-16T03:15:00Z,98.09,98.09,98.09,98.09,0.0,98.09,0
2025-10-16T03:30:00Z,98.09,98.09,98.09,98.09,0.0,98.09,0
2025-10-16T03:45:00Z,98.09,98.09,98.09,98.09,0.0,98.09,0
2025-10-16T04:00:00Z,98.095,98.095,98.095,98.095,18.0,98.095,2
2025-10-16T04:15:00Z,98.095,98.095,98.095,98.095,0.0,98.095,0
2025-10-16T04:30:00Z,98.09,98.095,98.09,98.095,47.0,98.095,4
2025-10-16T04:45:00Z,98.095,98.095,98.095,98.095,0.0,98.095,0
2025-10-16T05:00:00Z,98.095,98.095,98.095,98.095,0.0,98.095,0
2025-10-16T05:15:00Z,98.095,98.095,98.095,98.095,437.0,98.095,23
2025-10-16T05:30:00Z,98.095,98.095,98.095,98.095,836.0,98.095,6
2025-10-16T05:45:00Z,98.095,98.095,98.095,98.095,0.0,98.095,0
2025-10-16T06:00:00Z,98.09,98.1,98.09,98.1,267.0,98.0955,55
2025-10-16T06:15:00Z,98.1,98.105,98.1,98.1,859.0,98.1,114
2025-10-16T06:30:00Z,98.095,98.1,98.09,98.095,1634.0,98.0945,139
2025-10-16T06:45:00Z,98.09,98.095,98.09,98.095,941.0,98.09,143
2025-10-16T07:00:00Z,98.09,98.1,98.09,98.1,2648.0,98.097,317
2025-10-16T07:15:00Z,98.1,98.105,98.1,98.1,1469.0,98.1,102
2025-10-16T07:30:00Z,98.1,98.105,98.1,98.105,1155.0,98.105,156
2025-10-16T07:45:00Z,98.105,98.105,98.095,98.095,2857.0,98.098,422
2025-10-16T08:00:00Z,98.095,98.1,98.095,98.1,737.0,98.0965,154
2025-10-16T08:15:00Z,98.1,98.105,98.095,98.1,1923.0,98.0995,259
2025-10-16T08:30:00Z,98.1,98.105,98.1,98.105,1012.0,98.1035,101
2025-10-16T08:45:00Z,98.105,98.105,98.1,98.105,62.0,98.1035,41
2025-10-16T09:00:00Z,98.105,98.105,98.1,98.105,1525.0,98.1035,332
2025-10-16T09:15:00Z,98.105,98.105,98.095,98.1,4819.0,98.1,550
2025-10-16T09:30:00Z,98.1,98.105,98.1,98.105,1660.0,98.1,84
2025-10-16T09:45:00Z,98.105,98.105,98.105,98.105,1404.0,98.105,161
2025-10-16T10:00:00Z,98.105,98.11,98.105,98.105,1152.0,98.105,111
2025-10-16T10:15:00Z,98.105,98.11,98.105,98.105,411.0,98.105,121
2025-10-16T10:30:00Z,98.105,98.11,98.1,98.1,1725.0,98.105,319
2025-10-16T10:45:00Z,98.105,98.105,98.105,98.105,531.0,98.105,147
2025-10-16T11:00:00Z,98.105,98.105,98.105,98.105,619.0,98.105,93
2025-10-16T11:15:00Z,98.105,98.105,98.095,98.1,1104.0,98.1,205
2025-10-16T11:30:00Z,98.095,98.1,98.095,98.1,134.0,98.099,43
2025-10-16T11:45:00Z,98.095,98.1,98.095,98.1,77.0,98.0975,47
2025-10-16T12:00:00Z,98.1,98.11,98.095,98.105,3640.0,98.101,204
2025-10-16T12:15:00Z,98.11,98.11,98.105,98.11,1572.0,98.1055,199
2025-10-16T12:30:00Z,98.11,98.115,98.11,98.11,1199.0,98.11,190
2025-10-16T12:45:00Z,98.11,98.115,98.11,98.11,2115.0,98.11,154
2025-10-16T13:00:00Z,98.11,98.115,98.105,98.105,6063.0,98.105,544
2025-10-16T13:15:00Z,98.105,98.105,98.095,98.1,1248.0,98.102,224
2025-10-16T13:30:00Z,98.1,98.105,98.1,98.1,1213.0,98.1,168
2025-10-16T13:45:00Z,98.1,98.105,98.1,98.1,450.0,98.101,76
2025-10-16T14:00:00Z,98.105,98.11,98.1,98.11,3562.0,98.105,231
2025-10-16T14:15:00Z,98.11,98.11,98.1,98.105,4242.0,98.105,250
2025-10-16T14:30:00Z,98.105,98.11,98.1,98.1,2611.0,98.105,177
2025-10-16T14:45:00Z,98.105,98.11,98.105,98.105,2423.0,98.105,179
2025-10-16T15:00:00Z,98.11,98.11,98.105,98.11,4114.0,98.1055,659
2025-10-16T15:15:00Z,98.11,98.115,98.11,98.115,3604.0,98.11,239
2025-10-16T15:30:00Z,98.115,98.115,98.115,98.115,101.0,98.115,41
2025-10-16T15:45:00Z,98.115,98.115,98.11,98.11,77.0,98.112,52
2025-10-16T16:00:00Z,98.11,98.11,98.105,98.11,1525.0,98.11,216
2025-10-16T16:15:00Z,98.11,98.13,98.11,98.13,6323.0,98.1205,838
2025-10-16T16:30:00Z,98.13,98.145,98.13,98.145,8017.0,98.136,663
2025-10-16T16:45:00Z,98.145,98.15,98.125,98.125,6456.0,98.1425,469
2025-10-16T17:00:00Z,98.13,98.135,98.13,98.135,4491.0,98.1345,176
2025-10-16T17:15:00Z,98.135,98.135,98.13,98.13,2787.0,98.13,68
2025-10-16T17:30:00Z,98.13,98.13,98.13,98.13,2253.0,98.13,62
2025-10-16T17:45:00Z,98.13,98.135,98.13,98.13,1317.0,98.13,85
2025-10-16T18:00:00Z,98.135,98.135,98.135,98.135,2885.0,98.135,147
2025-10-16T18:15:00Z,98.135,98.135,98.135,98.135,410.0,98.135,38
2025-10-16T18:30:00Z,98.135,98.135,98.13,98.135,553.0,98.135,28
2025-10-16T18:45:00Z,98.135,98.135,98.135,98.135,70.0,98.135,11
2025-10-16T19:00:00Z,98.135,98.135,98.135,98.135,0.0,98.135,0
2025-10-16T19:15:00Z,98.135,98.14,98.13,98.135,130.0,98.1345,30
2025-10-16T19:30:00Z,98.14,98.14,98.14,98.14,25.0,98.14,8
2025-10-16T19:45:00Z,98.14,98.14,98.135,98.14,1326.0,98.135,65
2025-10-17T00:00:00Z,98.14,98.14,98.14,98.14,477.0,98.14,35
2025-10-17T00:15:00Z,98.145,98.145,98.145,98.145,2.0,98.145,2
2025-10-17T00:30:00Z,98.145,98.145,98.145,98.145,1.0,98.145,1
2025-10-17T00:45:00Z,98.145,98.145,98.14,98.14,13.0,98.141,8
2025-10-17T01:00:00Z,98.14,98.145,98.14,98.14,58.0,98.1405,15
2025-10-17T01:15:00Z,98.14,98.14,98.135,98.14,53.0,98.136,14
2025-10-17T01:30:00Z,98.135,98.14,98.135,98.14,20.0,98.137,14
2025-10-17T01:45:00Z,98.14,98.14,98.14,98.14,14.0,98.14,14
2025-10-17T02:00:00Z,98.14,98.145,98.14,98.145,15.0,98.1405,12
2025-10-17T02:15:00Z,98.145,98.145,98.145,98.145,4.0,98.145,4
2025-10-17T02:30:00Z,98.145,98.145,98.145,98.145,9.0,98.145,9
2025-10-17T02:45:00Z,98.145,98.145,98.145,98.145,9.0,98.145,9
2025-10-17T03:00:00Z,98.145,98.145,98.145,98.145,10.0,98.145,9
2025-10-17T03:15:00Z,98.145,98.145,98.145,98.145,10.0,98.145,10
2025-10-17T03:30:00Z,98.145,98.145,98.145,98.145,0.0,98.145,0
2025-10-17T03:45:00Z,98.145,98.145,98.145,98.145,1.0,98.145,1
2025-10-17T04:00:00Z,98.145,98.145,98.145,98.145,0.0,98.145,0
2025-10-17T04:15:00Z,98.145,98.145,98.145,98.145,472.0,98.145,21
2025-10-17T04:30:00Z,98.145,98.15,98.145,98.15,64.0,98.145,15
2025-10-17T04:45:00Z,98.15,98.15,98.15,98.15,1.0,98.15,1
2025-10-17T05:00:00Z,98.15,98.15,98.15,98.15,1.0,98.15,1
2025-10-17T05:15:00Z,98.15,98.15,98.15,98.15,2.0,98.15,2
2025-10-17T05:30:00Z,98.15,98.15,98.15,98.15,485.0,98.15,37
2025-10-17T05:45:00Z,98.15,98.15,98.15,98.15,890.0,98.15,27
2025-10-17T06:00:00Z,98.155,98.155,98.14,98.145,2621.0,98.1445,297
2025-10-17T06:15:00Z,98.145,98.15,98.14,98.14,1778.0,98.141,144
2025-10-17T06:30:00Z,98.14,98.145,98.135,98.145,2965.0,98.136,271
2025-10-17T06:45:00Z,98.145,98.155,98.145,98.15,3639.0,98.1475,474
2025-10-17T07:00:00Z,98.15,98.155,98.145,98.15,3630.0,98.15,290
2025-10-17T07:15:00Z,98.15,98.16,98.15,98.15,3888.0,98.155,348
2025-10-17T07:30:00Z,98.155,98.155,98.14,98.14,4960.0,98.1455,483
2025-10-17T07:45:00Z,98.14,98.14,98.13,98.14,2055.0,98.1365,163
2025-10-17T08:00:00Z,98.14,98.145,98.14,98.145,6263.0,98.1425,393
2025-10-17T08:15:00Z,98.145,98.15,98.14,98.145,2321.0,98.1445,316
2025-10-17T08:30:00Z,98.145,98.145,98.14,98.14,2167.0,98.1405,159
2025-10-17T08:45:00Z,98.145,98.15,98.135,98.135,1624.0,98.1435,270
2025-10-17T09:00:00Z,98.135,98.14,98.135,98.14,126.0,98.1365,48
2025-10-17T09:15:00Z,98.14,98.145,98.13,98.13,2479.0,98.1375,388
2025-10-17T09:30:00Z,98.13,98.14,98.13,98.14,1690.0,98.1375,203
2025-10-17T09:45:00Z,98.14,98.145,98.135,98.14,1261.0,98.14,130
2025-10-17T10:00:00Z,98.14,98.14,98.135,98.135,591.0,98.1365,111
2025-10-17T10:15:00Z,98.14,98.145,98.135,98.14,1235.0,98.1395,324
2025-10-17T10:30:00Z,98.14,98.14,98.13,98.135,1816.0,98.135,280
2025-10-17T10:45:00Z,98.135,98.145,98.13,98.13,6121.0,98.1375,482
2025-10-17T11:00:00Z,98.13,98.135,98.11,98.11,4268.0,98.1205,417
2025-10-17T11:15:00Z,98.115,98.12,98.11,98.11,4019.0,98.115,283
2025-10-17T11:30:00Z,98.11,98.11,98.105,98.11,2733.0,98.11,235
2025-10-17T11:45:00Z,98.11,98.11,98.105,98.11,4175.0,98.1095,238
2025-10-17T12:00:00Z,98.11,98.115,98.105,98.11,2425.0,98.107,313
2025-10-17T12:15:00Z,98.11,98.115,98.105,98.11,835.0,98.107,144
2025-10-17T12:30:00Z,98.11,98.11,98.1,98.105,1240.0,98.1085,346
2025-10-17T12:45:00Z,98.105,98.115,98.105,98.11,1945.0,98.108,274
2025-10-17T13:00:00Z,98.11,98.115,98.11,98.11,1797.0,98.11,145
2025-10-17T13:15:00Z,98.11,98.115,98.11,98.11,2263.0,98.11,155
2025-10-17T13:30:00Z,98.11,98.11,98.1,98.11,478.0,98.108,130
2025-10-17T13:45:00Z,98.115,98.115,98.105,98.105,438.0,98.109,140
2025-10-17T14:00:00Z,98.11,98.11,98.105,98.105,256.0,98.1075,77
2025-10-17T14:15:00Z,98.1,98.105,98.095,98.1,2636.0,98.1015,259
2025-10-17T14:30:00Z,98.095,98.11,98.095,98.105,3771.0,98.102,365
2025-10-17T14:45:00Z,98.11,98.11,98.105,98.11,2933.0,98.107,257
2025-10-17T15:00:00Z,98.11,98.115,98.11,98.115,1451.0,98.113,776
2025-10-17T15:15:00Z,98.115,98.115,98.11,98.115,3463.0,98.1145,486
2025-10-17T15:30:00Z,98.115,98.125,98.115,98.115,2291.0,98.118,194
2025-10-17T15:45:00Z,98.115,98.115,98.11,98.11,1053.0,98.11,73
2025-10-17T16:00:00Z,98.11,98.11,98.105,98.11,208.0,98.1085,42
2025-10-17T16:15:00Z,98.11,98.11,98.105,98.11,1208.0,98.11,116
2025-10-17T16:30:00Z,98.11,98.11,98.105,98.11,41.0,98.109,16
2025-10-17T16:45:00Z,98.11,98.11,98.105,98.11,214.0,98.105,41
2025-10-17T17:00:00Z,98.11,98.115,98.11,98.115,433.0,98.11,10
2025-10-17T17:15:00Z,98.11,98.115,98.11,98.115,618.0,98.11,41
2025-10-17T17:30:00Z,98.11,98.115,98.11,98.115,96.0,98.11,6
2025-10-17T17:45:00Z,98.115,98.115,98.115,98.115,0.0,98.115,0
2025-10-17T18:00:00Z,98.115,98.115,98.115,98.115,0.0,98.115,0
2025-10-17T18:15:00Z,98.11,98.11,98.11,98.11,745.0,98.11,8
2025-10-17T18:30:00Z,98.115,98.115,98.115,98.115,4.0,98.115,4
2025-10-17T18:45:00Z,98.11,98.11,98.11,98.11,42.0,98.11,17
2025-10-17T19:00:00Z,98.11,98.11,98.11,98.11,0.0,98.11,0
2025-10-17T19:15:00Z,98.11,98.11,98.11,98.11,0.0,98.11,0
2025-10-17T19:30:00Z,98.11,98.11,98.11,98.11,0.0,98.11,0
2025-10-17T19:45:00Z,98.11,98.11,98.105,98.11,173.0,98.106,52
2025-10-20T00:00:00Z,98.105,98.105,98.105,98.105,1.0,98.105,1
2025-10-20T00:15:00Z,98.105,98.105,98.105,98.105,3.0,98.105,3
2025-10-20T00:30:00Z,98.105,98.105,98.105,98.105,36.0,98.105,1
2025-10-20T00:45:00Z,98.1,98.1,98.1,98.1,1.0,98.1,1
2025-10-20T01:00:00Z,98.1,98.1,98.1,98.1,0.0,98.1,0
2025-10-20T01:15:00Z,98.105,98.105,98.105,98.105,2.0,98.105,2
2025-10-20T01:30:00Z,98.105,98.105,98.105,98.105,4.0,98.105,4
2025-10-20T01:45:00Z,98.105,98.105,98.105,98.105,20.0,98.105,6
2025-10-20T02:00:00Z,98.105,98.105,98.105,98.105,3.0,98.105,3
2025-10-20T02:15:00Z,98.105,98.105,98.105,98.105,4.0,98.105,4
2025-10-20T02:30:00Z,98.105,98.105,98.105,98.105,4.0,98.105,4
2025-10-20T02:45:00Z,98.105,98.105,98.105,98.105,2.0,98.105,2
2025-10-20T03:00:00Z,98.105,98.105,98.105,98.105,4.0,98.105,4
2025-10-20T03:15:00Z,98.105,98.105,98.105,98.105,3.0,98.105,3
2025-10-20T03:30:00Z,98.105,98.105,98.105,98.105,4.0,98.105,4
2025-10-20T03:45:00Z,98.105,98.105,98.105,98.105,4.0,98.105,4
2025-10-20T04:00:00Z,98.105,98.105,98.105,98.105,2.0,98.105,2
2025-10-20T04:15:00Z,98.1,98.105,98.1,98.105,2.0,98.1025,2
2025-10-20T04:30:00Z,98.105,98.105,98.1,98.1,152.0,98.1,14
2025-10-20T04:45:00Z,98.1,98.1,98.1,98.1,22.0,98.1,11
2025-10-20T05:00:00Z,98.1,98.1,98.1,98.1,290.0,98.1,7
2025-10-20T05:15:00Z,98.095,98.095,98.095,98.095,1.0,98.095,1
2025-10-20T05:30:00Z,98.095,98.095,98.09,98.09,410.0,98.095,46
2025-10-20T05:45:00Z,98.095,98.095,98.095,98.095,1819.0,98.095,57
2025-10-20T06:00:00Z,98.095,98.105,98.095,98.105,1599.0,98.104,98
2025-10-20T06:15:00Z,98.105,98.11,98.105,98.105,75.0,98.105,19
2025-10-20T06:30:00Z,98.105,98.11,98.105,98.105,486.0,98.105,37
2025-10-20T06:45:00Z,98.11,98.11,98.1,98.105,582.0,98.105,58
2025-10-20T07:00:00Z,98.105,98.11,98.1,98.105,724.0,98.1035,91
2025-10-20T07:15:00Z,98.1,98.105,98.1,98.105,103.0,98.1035,49
2025-10-20T07:30:00Z,98.105,98.11,98.105,98.11,877.0,98.105,137
2025-10-20T07:45:00Z,98.11,98.11,98.1,98.105,1849.0,98.105,128
2025-10-20T08:00:00Z,98.105,98.105,98.1,98.105,339.0,98.105,53
2025-10-20T08:15:00Z,98.105,98.105,98.1,98.105,246.0,98.1015,61
2025-10-20T08:30:00Z,98.105,98.105,98.1,98.105,743.0,98.103,98
2025-10-20T08:45:00Z,98.105,98.105,98.105,98.105,6071.0,98.105,254
2025-10-20T09:00:00Z,98.105,98.105,98.1,98.105,1698.0,98.105,142
2025-10-20T09:15:00Z,98.105,98.105,98.1,98.105,2489.0,98.105,214
2025-10-20T09:30:00Z,98.11,98.11,98.1,98.1,1543.0,98.103,132
2025-10-20T09:45:00Z,98.1,98.105,98.1,98.1,2166.0,98.1,112
2025-10-20T10:00:00Z,98.1,98.1,98.1,98.1,458.0,98.1,66
2025-10-20T10:15:00Z,98.1,98.105,98.1,98.105,1128.0,98.105,81
2025-10-20T10:30:00Z,98.105,98.105,98.1,98.1,28.0,98.1045,17
2025-10-20T10:45:00Z,98.1,98.105,98.1,98.105,264.0,98.105,108
2025-10-20T11:00:00Z,98.105,98.105,98.1,98.1,288.0,98.103,145
2025-10-20T11:15:00Z,98.105,98.105,98.1,98.105,1281.0,98.105,112
2025-10-20T11:30:00Z,98.105,98.105,98.105,98.105,551.0,98.105,118
2025-10-20T11:45:00Z,98.11,98.11,98.105,98.11,15.0,98.109,12
2025-10-20T12:00:00Z,98.11,98.11,98.105,98.105,110.0,98.1055,43
2025-10-20T12:15:00Z,98.11,98.11,98.105,98.11,2991.0,98.11,203
2025-10-20T12:30:00Z,98.11,98.11,98.105,98.11,1865.0,98.11,106
2025-10-20T12:45:00Z,98.11,98.11,98.11,98.11,1019.0,98.11,80
2025-10-20T13:00:00Z,98.11,98.115,98.11,98.115,189.0,98.113,47
2025-10-20T13:15:00Z,98.11,98.115,98.105,98.11,3541.0,98.11,264
2025-10-20T13:30:00Z,98.11,98.11,98.105,98.105,515.0,98.105,72
2025-10-20T13:45:00Z,98.105,98.105,98.1,98.105,97.0,98.105,54
2025-10-20T14:00:00Z,98.105,98.105,98.1,98.1,1095.0,98.104,125
2025-10-20T14:15:00Z,98.105,98.11,98.105,98.105,2588.0,98.105,192
2025-10-20T14:30:00Z,98.105,98.11,98.1,98.105,291.0,98.105,48
2025-10-20T14:45:00Z,98.105,98.105,98.1,98.1,743.0,98.105,95
2025-10-20T15:00:00Z,98.105,98.11,98.1,98.11,1679.0,98.1055,294
2025-10-20T15:15:00Z,98.105,98.11,98.105,98.105,172.0,98.105,59
2025-10-20T15:30:00Z,98.105,98.11,98.105,98.11,272.0,98.105,46
2025-10-20T15:45:00Z,98.105,98.115,98.105,98.11,3357.0,98.11,182
2025-10-20T16:00:00Z,98.11,98.11,98.11,98.11,545.0,98.11,37
2025-10-20T16:15:00Z,98.11,98.11,98.105,98.105,120.0,98.1095,28
2025-10-20T16:30:00Z,98.105,98.11,98.105,98.105,74.0,98.108,27
2025-10-20T16:45:00Z,98.105,98.11,98.105,98.105,682.0,98.105,116
2025-10-20T17:00:00Z,98.105,98.105,98.105,98.105,30.0,98.105,13
2025-10-20T17:15:00Z,98.105,98.105,98.105,98.105,0.0,98.105,0
2025-10-20T17:30:00Z,98.105,98.105,98.105,98.105,0.0,98.105,0
2025-10-20T17:45:00Z,98.105,98.105,98.105,98.105,0.0,98.105,0
2025-10-20T18:00:00Z,98.105,98.105,98.105,98.105,1.0,98.105,1
2025-10-20T18:15:00Z,98.105,98.105,98.105,98.105,1.0,98.105,1
2025-10-20T18:30:00Z,98.11,98.11,98.11,98.11,9.0,98.11,1
2025-10-20T18:45:00Z,98.11,98.11,98.11,98.11,0.0,98.11,0
2025-10-20T19:00:00Z,98.11,98.11,98.11,98.11,14.0,98.11,6
2025-10-20T19:15:00Z,98.11,98.11,98.11,98.11,3.0,98.11,3
2025-10-20T19:30:00Z,98.105,98.11,98.105,98.105,7.0,98.1055,7
2025-10-20T19:45:00Z,98.11,98.11,98.105,98.11,151.0,98.1095,32
2025-10-21T01:45:00Z,98.105,98.105,98.105,98.105,9.0,98.105,6
2025-10-21T02:00:00Z,98.105,98.105,98.105,98.105,1.0,98.105,1
2025-10-21T02:15:00Z,98.105,98.105,98.105,98.105,0.0,98.105,0
2025-10-21T02:30:00Z,98.105,98.105,98.105,98.105,0.0,98.105,0
2025-10-21T02:45:00Z,98.105,98.105,98.105,98.105,0.0,98.105,0
2025-10-21T03:00:00Z,98.105,98.105,98.105,98.105,0.0,98.105,0
2025-10-21T03:15:00Z,98.105,98.105,98.105,98.105,0.0,98.105,0
2025-10-21T03:30:00Z,98.105,98.105,98.105,98.105,0.0,98.105,0
2025-10-21T03:45:00Z,98.105,98.105,98.105,98.105,0.0,98.105,0
2025-10-21T04:00:00Z,98.105,98.105,98.105,98.105,0.0,98.105,0
2025-10-21T04:15:00Z,98.105,98.105,98.105,98.105,0.0,98.105,0
2025-10-21T04:30:00Z,98.105,98.105,98.105,98.105,0.0,98.105,0
2025-10-21T04:45:00Z,98.11,98.11,98.11,98.11,952.0,98.11,19
2025-10-21T05:00:00Z,98.11,98.11,98.11,98.11,15.0,98.11,6
2025-10-21T05:15:00Z,98.11,98.11,98.11,98.11,0.0,98.11,0
2025-10-21T05:30:00Z,98.11,98.11,98.11,98.11,0.0,98.11,0
2025-10-21T05:45:00Z,98.11,98.11,98.11,98.11,404.0,98.11,21
2025-10-21T06:00:00Z,98.11,98.11,98.105,98.105,597.0,98.1055,91
2025-10-21T06:15:00Z,98.105,98.11,98.105,98.11,280.0,98.11,32
2025-10-21T06:30:00Z,98.105,98.11,98.105,98.11,678.0,98.1095,75
2025-10-21T06:45:00Z,98.11,98.115,98.11,98.115,715.0,98.112,56
2025-10-21T07:00:00Z,98.115,98.12,98.115,98.115,205.0,98.115,33
2025-10-21T07:15:00Z,98.115,98.115,98.115,98.115,331.0,98.115,35
2025-10-21T07:30:00Z,98.115,98.115,98.11,98.115,365.0,98.111,126
2025-10-21T07:45:00Z,98.115,98.115,98.11,98.11,2802.0,98.11,149
2025-10-21T08:00:00Z,98.115,98.115,98.11,98.115,758.0,98.115,146
2025-10-21T08:15:00Z,98.115,98.115,98.11,98.11,712.0,98.1125,92
2025-10-21T08:30:00Z,98.11,98.11,98.11,98.11,499.0,98.11,67
2025-10-21T08:45:00Z,98.11,98.115,98.105,98.115,1803.0,98.11,184
2025-10-21T09:00:00Z,98.115,98.115,98.11,98.11,1718.0,98.11,106
2025-10-21T09:15:00Z,98.11,98.115,98.11,98.11,1702.0,98.11,90
2025-10-21T09:30:00Z,98.11,98.11,98.105,98.11,61.0,98.11,39
2025-10-21T09:45:00Z,98.11,98.11,98.105,98.105,4228.0,98.105,212
2025-10-21T10:00:00Z,98.105,98.11,98.105,98.105,1263.0,98.105,85
2025-10-21T10:15:00Z,98.105,98.105,98.105,98.105,105.0,98.105,20
2025-10-21T10:30:00Z,98.105,98.105,98.105,98.105,183.0,98.105,80
2025-10-21T10:45:00Z,98.105,98.105,98.1,98.1,1190.0,98.1,111
2025-10-21T11:00:00Z,98.105,98.105,98.105,98.105,80.0,98.105,35
2025-10-21T11:15:00Z,98.105,98.105,98.105,98.105,1096.0,98.105,111
2025-10-21T11:30:00Z,98.105,98.11,98.105,98.11,1451.0,98.106,204
2025-10-21T11:45:00Z,98.105,98.11,98.105,98.105,202.0,98.105,44
2025-10-21T12:00:00Z,98.11,98.11,98.105,98.11,2955.0,98.105,152
2025-10-21T12:15:00Z,98.11,98.11,98.105,98.11,259.0,98.1065,52
2025-10-21T12:30:00Z,98.11,98.11,98.105,98.105,416.0,98.1075,50
2025-10-21T12:45:00Z,98.105,98.11,98.105,98.11,1562.0,98.109,123
2025-10-21T13:00:00Z,98.11,98.115,98.11,98.115,3100.0,98.1135,153
2025-10-21T13:15:00Z,98.115,98.12,98.115,98.115,527.0,98.115,37
2025-10-21T13:30:00Z,98.12,98.12,98.115,98.12,57.0,98.1155,21
2025-10-21T13:45:00Z,98.12,98.12,98.12,98.12,462.0,98.12,57
2025-10-21T14:00:00Z,98.12,98.12,98.12,98.12,780.0,98.12,164
2025-10-21T14:15:00Z,98.12,98.12,98.11,98.11,1195.0,98.1155,281
2025-10-21T14:30:00Z,98.115,98.115,98.11,98.115,3599.0,98.114,427
2025-10-21T14:45:00Z,98.115,98.115,98.11,98.115,394.0,98.115,79
2025-10-21T15:00:00Z,98.115,98.115,98.11,98.115,892.0,98.1125,336
2025-10-21T15:15:00Z,98.115,98.115,98.11,98.115,3156.0,98.1145,303
2025-10-21T15:30:00Z,98.115,98.115,98.11,98.115,1746.0,98.112,560
2025-10-21T15:45:00Z,98.115,98.115,98.11,98.115,414.0,98.1115,183
2025-10-21T16:00:00Z,98.115,98.115,98.11,98.11,39.0,98.1105,21
2025-10-21T16:15:00Z,98.115,98.115,98.11,98.115,512.0,98.11,56
2025-10-21T16:30:00Z,98.115,98.115,98.11,98.11,1514.0,98.11,230
2025-10-21T16:45:00Z,98.115,98.115,98.115,98.115,248.0,98.115,40
2025-10-21T17:00:00Z,98.115,98.115,98.115,98.115,433.0,98.115,27
2025-10-21T17:15:00Z,98.115,98.115,98.115,98.115,129.0,98.115,14
2025-10-21T17:30:00Z,98.115,98.115,98.115,98.115,8.0,98.115,1
2025-10-21T17:45:00Z,98.115,98.115,98.115,98.115,27.0,98.115,11
2025-10-21T18:00:00Z,98.115,98.115,98.115,98.115,174.0,98.115,13
2025-10-21T18:15:00Z,98.115,98.115,98.115,98.115,284.0,98.115,6
2025-10-21T18:30:00Z,98.115,98.115,98.115,98.115,0.0,98.115,0
2025-10-21T18:45:00Z,98.115,98.115,98.11,98.11,17.0,98.113,9
2025-10-21T19:00:00Z,98.11,98.11,98.11,98.11,0.0,98.11,0
2025-10-21T19:15:00Z,98.115,98.115,98.115,98.115,37.0,98.115,1
2025-10-21T19:30:00Z,98.11,98.11,98.11,98.11,1.0,98.11,1
2025-10-21T19:45:00Z,98.11,98.11,98.11,98.11,61.0,98.11,27
2025-10-22T00:15:00Z,98.115,98.115,98.11,98.11,61.0,98.11,9
2025-10-22T00:30:00Z,98.11,98.11,98.11,98.11,0.0,98.11,0
2025-10-22T00:45:00Z,98.11,98.11,98.11,98.11,0.0,98.11,0
2025-10-22T01:00:00Z,98.11,98.11,98.11,98.11,38.0,98.11,3
2025-10-22T01:15:00Z,98.11,98.11,98.11,98.11,0.0,98.11,0
2025-10-22T01:30:00Z,98.11,98.11,98.11,98.11,144.0,98.11,5
2025-10-22T01:45:00Z,98.11,98.11,98.11,98.11,0.0,98.11,0
2025-10-22T02:00:00Z,98.11,98.11,98.11,98.11,0.0,98.11,0
2025-10-22T02:15:00Z,98.11,98.11,98.11,98.11,0.0,98.11,0
2025-10-22T02:30:00Z,98.11,98.11,98.11,98.11,0.0,98.11,0
2025-10-22T02:45:00Z,98.11,98.11,98.11,98.11,0.0,98.11,0
2025-10-22T03:00:00Z,98.11,98.11,98.11,98.11,0.0,98.11,0
2025-10-22T03:15:00Z,98.11,98.11,98.11,98.11,0.0,98.11,0
2025-10-22T03:30:00Z,98.11,98.11,98.11,98.11,0.0,98.11,0
2025-10-22T03:45:00Z,98.11,98.11,98.11,98.11,0.0,98.11,0
2025-10-22T04:00:00Z,98.11,98.11,98.11,98.11,0.0,98.11,0
2025-10-22T04:15:00Z,98.11,98.11,98.11,98.11,0.0,98.11,0
2025-10-22T04:30:00Z,98.11,98.11,98.11,98.11,0.0,98.11,0
2025-10-22T04:45:00Z,98.11,98.11,98.11,98.11,0.0,98.11,0
2025-10-22T05:00:00Z,98.11,98.11,98.11,98.11,0.0,98.11,0
2025-10-22T05:15:00Z,98.11,98.11,98.11,98.11,0.0,98.11,0
2025-10-22T05:30:00Z,98.105,98.105,98.105,98.105,1.0,98.105,1
2025-10-22T05:45:00Z,98.11,98.11,98.105,98.105,20.0,98.1085,8
2025-10-22T06:00:00Z,98.11,98.12,98.105,98.12,2293.0,98.1145,183
2025-10-22T06:15:00Z,98.12,98.13,98.12,98.13,1550.0,98.125,143
2025-10-22T06:30:00Z,98.13,98.135,98.125,98.13,778.0,98.1305,164
2025-10-22T06:45:00Z,98.13,98.13,98.125,98.13,655.0,98.125,55
2025-10-22T07:00:00Z,98.13,98.135,98.125,98.13,3802.0,98.13,346
2025-10-22T07:15:00Z,98.125,98.125,98.12,98.12,3133.0,98.123,251
2025-10-22T07:30:00Z,98.125,98.125,98.125,98.125,1220.0,98.125,143
2025-10-22T07:45:00Z,98.13,98.13,98.125,98.125,848.0,98.1255,219
2025-10-22T08:00:00Z,98.125,98.13,98.12,98.13,391.0,98.125,48
2025-10-22T08:15:00Z,98.125,98.13,98.125,98.125,1498.0,98.125,161
2025-10-22T08:30:00Z,98.125,98.125,98.125,98.125,458.0,98.125,82
2025-10-22T08:45:00Z,98.125,98.125,98.12,98.125,776.0,98.125,119
2025-10-22T09:00:00Z,98.125,98.125,98.12,98.125,357.0,98.125,65
2025-10-22T09:15:00Z,98.125,98.13,98.125,98.125,2018.0,98.125,200
2025-10-22T09:30:00Z,98.125,98.125,98.12,98.125,227.0,98.122,47
2025-10-22T09:45:00Z,98.125,98.125,98.12,98.125,517.0,98.123,149
2025-10-22T10:00:00Z,98.125,98.125,98.12,98.12,377.0,98.122,69
2025-10-22T10:15:00Z,98.125,98.125,98.12,98.125,1489.0,98.1245,234
2025-10-22T10:30:00Z,98.125,98.125,98.125,98.125,244.0,98.125,61
2025-10-22T10:45:00Z,98.125,98.125,98.12,98.125,239.0,98.1225,108
2025-10-22T11:00:00Z,98.12,98.125,98.12,98.12,1488.0,98.12,395
2025-10-22T11:15:00Z,98.12,98.125,98.12,98.12,396.0,98.1225,112
2025-10-22T11:30:00Z,98.125,98.13,98.12,98.125,1646.0,98.1235,142
2025-10-22T11:45:00Z,98.13,98.13,98.125,98.125,1121.0,98.1255,91
2025-10-22T12:00:00Z,98.125,98.125,98.11,98.115,3354.0,98.117,290
2025-10-22T12:15:00Z,98.11,98.115,98.11,98.115,882.0,98.1145,64
2025-10-22T12:30:00Z,98.11,98.115,98.11,98.11,1683.0,98.11,171
2025-10-22T12:45:00Z,98.11,98.11,98.11,98.11,1406.0,98.11,107
2025-10-22T13:00:00Z,98.11,98.11,98.1,98.105,3771.0,98.1025,424
2025-10-22T13:15:00Z,98.105,98.11,98.105,98.105,2906.0,98.105,163
2025-10-22T13:30:00Z,98.105,98.115,98.105,98.11,693.0,98.109,133
2025-10-22T13:45:00Z,98.11,98.11,98.105,98.11,72.0,98.1055,40
2025-10-22T14:00:00Z,98.105,98.11,98.1,98.105,2163.0,98.105,251
2025-10-22T14:15:00Z,98.105,98.11,98.1,98.1,1171.0,98.1045,141
2025-10-22T14:30:00Z,98.1,98.105,98.1,98.1,628.0,98.1,252
2025-10-22T14:45:00Z,98.1,98.105,98.095,98.1,661.0,98.1,164
2025-10-22T15:00:00Z,98.105,98.11,98.1,98.11,1967.0,98.1055,458
2025-10-22T15:15:00Z,98.11,98.11,98.1,98.11,2717.0,98.106,224
2025-10-22T15:30:00Z,98.11,98.11,98.11,98.11,1340.0,98.11,170
2025-10-22T15:45:00Z,98.11,98.11,98.105,98.11,222.0,98.106,86
2025-10-22T16:00:00Z,98.11,98.11,98.105,98.105,596.0,98.105,161
2025-10-22T16:15:00Z,98.105,98.11,98.105,98.105,141.0,98.105,43
2025-10-22T16:30:00Z,98.11,98.115,98.105,98.11,1687.0,98.1115,142
2025-10-22T16:45:00Z,98.11,98.11,98.105,98.11,662.0,98.11,38
2025-10-22T17:00:00Z,98.11,98.115,98.11,98.115,327.0,98.115,27
2025-10-22T17:15:00Z,98.115,98.12,98.115,98.12,297.0,98.116,30
2025-10-22T17:30:00Z,98.115,98.115,98.115,98.115,4.0,98.115,1
2025-10-22T17:45:00Z,98.115,98.115,98.115,98.115,0.0,98.115,0
2025-10-22T18:00:00Z,98.115,98.115,98.115,98.115,172.0,98.115,2
2025-10-22T18:15:00Z,98.115,98.115,98.115,98.115,25.0,98.115,3
2025-10-22T18:30:00Z,98.115,98.115,98.115,98.115,35.0,98.115,9
2025-10-22T18:45:00Z,98.115,98.115,98.115,98.115,792.0,98.115,23
2025-10-22T19:00:00Z,98.115,98.115,98.115,98.115,1.0,98.115,1
2025-10-22T19:15:00Z,98.115,98.115,98.115,98.115,3.0,98.115,2
2025-10-22T19:30:00Z,98.115,98.115,98.115,98.115,15.0,98.115,1
2025-10-22T19:45:00Z,98.115,98.115,98.115,98.115,10.0,98.115,7
2025-10-23T00:15:00Z,98.11,98.11,98.11,98.11,19.0,98.11,4
2025-10-23T00:30:00Z,98.11,98.11,98.11,98.11,23.0,98.11,10
2025-10-23T00:45:00Z,98.11,98.11,98.11,98.11,27.0,98.11,4
2025-10-23T01:00:00Z,98.11,98.11,98.11,98.11,0.0,98.11,0
2025-10-23T01:15:00Z,98.11,98.11,98.11,98.11,0.0,98.11,0
2025-10-23T01:30:00Z,98.11,98.11,98.11,98.11,0.0,98.11,0
2025-10-23T01:45:00Z,98.11,98.11,98.11,98.11,0.0,98.11,0
2025-10-23T02:00:00Z,98.11,98.11,98.11,98.11,7.0,98.11,1
2025-10-23T02:15:00Z,98.11,98.11,98.11,98.11,0.0,98.11,0
2025-10-23T02:30:00Z,98.11,98.11,98.11,98.11,21.0,98.11,3
2025-10-23T02:45:00Z,98.11,98.11,98.11,98.11,0.0,98.11,0
2025-10-23T03:00:00Z,98.11,98.11,98.11,98.11,0.0,98.11,0
2025-10-23T03:15:00Z,98.11,98.11,98.11,98.11,0.0,98.11,0
2025-10-23T03:30:00Z,98.11,98.11,98.11,98.11,2.0,98.11,2
2025-10-23T03:45:00Z,98.11,98.11,98.11,98.11,2.0,98.11,2
2025-10-23T04:00:00Z,98.11,98.11,98.11,98.11,27.0,98.11,3
2025-10-23T04:15:00Z,98.11,98.11,98.11,98.11,0.0,98.11,0
2025-10-23T04:30:00Z,98.105,98.105,98.105,98.105,76.0,98.105,18
2025-10-23T04:45:00Z,98.105,98.105,98.105,98.105,0.0,98.105,0
2025-10-23T05:00:00Z,98.105,98.105,98.105,98.105,88.0,98.105,11
2025-10-23T05:15:00Z,98.105,98.105,98.105,98.105,1.0,98.105,1
2025-10-23T05:30:00Z,98.105,98.105,98.105,98.105,313.0,98.105,16
2025-10-23T05:45:00Z,98.105,98.105,98.105,98.105,60.0,98.105,2
2025-10-23T06:00:00Z,98.105,98.105,98.1,98.1,305.0,98.103,56
2025-10-23T06:15:00Z,98.105,98.105,98.1,98.1,52.0,98.101,24
2025-10-23T06:30:00Z,98.1,98.105,98.095,98.1,997.0,98.1,121
2025-10-23T06:45:00Z,98.1,98.1,98.1,98.1,680.0,98.1,47
2025-10-23T07:00:00Z,98.1,98.105,98.1,98.1,831.0,98.1,97
2025-10-23T07:15:00Z,98.1,98.105,98.1,98.1,22.0,98.101,20
2025-10-23T07:30:00Z,98.105,98.105,98.1,98.1,1667.0,98.1005,251
2025-10-23T07:45:00Z,98.1,98.1,98.095,98.095,156.0,98.1,30
2025-10-23T08:00:00Z,98.095,98.1,98.095,98.1,548.0,98.095,96
2025-10-23T08:15:00Z,98.1,98.1,98.095,98.1,133.0,98.099,49
2025-10-23T08:30:00Z,98.1,98.1,98.095,98.1,1056.0,98.0995,136
2025-10-23T08:45:00Z,98.1,98.1,98.095,98.095,5252.0,98.095,348
2025-10-23T09:00:00Z,98.095,98.1,98.095,98.095,4928.0,98.095,217
2025-10-23T09:15:00Z,98.095,98.1,98.095,98.1,482.0,98.098,139
2025-10-23T09:30:00Z,98.095,98.1,98.09,98.095,1133.0,98.095,111
2025-10-23T09:45:00Z,98.095,98.095,98.095,98.095,627.0,98.095,93
2025-10-23T10:00:00Z,98.095,98.095,98.09,98.095,394.0,98.0945,141
2025-10-23T10:15:00Z,98.095,98.095,98.09,98.095,446.0,98.0915,248
2025-10-23T10:30:00Z,98.095,98.095,98.09,98.09,231.0,98.0935,147
2025-10-23T10:45:00Z,98.095,98.095,98.09,98.095,443.0,98.0945,169
2025-10-23T11:00:00Z,98.095,98.095,98.09,98.095,803.0,98.0945,156
2025-10-23T11:15:00Z,98.095,98.1,98.095,98.1,1781.0,98.095,84
2025-10-23T11:30:00Z,98.095,98.1,98.095,98.095,176.0,98.0955,47
2025-10-23T11:45:00Z,98.095,98.1,98.095,98.095,15.0,98.0955,6
2025-10-23T12:00:00Z,98.095,98.1,98.095,98.1,1463.0,98.095,101
2025-10-23T12:15:00Z,98.1,98.1,98.095,98.1,454.0,98.1,68
2025-10-23T12:30:00Z,98.1,98.1,98.095,98.095,2551.0,98.1,145
2025-10-23T12:45:00Z,98.1,98.1,98.1,98.1,172.0,98.1,22
2025-10-23T13:00:00Z,98.1,98.1,98.095,98.095,4562.0,98.0955,181
2025-10-23T13:15:00Z,98.095,98.095,98.09,98.095,138.0,98.095,18
2025-10-23T13:30:00Z,98.095,98.1,98.09,98.095,4219.0,98.095,113
2025-10-23T13:45:00Z,98.095,98.095,98.095,98.095,688.0,98.095,67
2025-10-23T14:00:00Z,98.095,98.1,98.095,98.1,366.0,98.095,88
2025-10-23T14:15:00Z,98.095,98.1,98.09,98.09,593.0,98.0955,78
2025-10-23T14:30:00Z,98.095,98.095,98.09,98.095,411.0,98.095,56
2025-10-23T14:45:00Z,98.095,98.095,98.09,98.095,989.0,98.095,187
2025-10-23T15:00:00Z,98.095,98.095,98.09,98.09,1333.0,98.0905,318
2025-10-23T15:15:00Z,98.09,98.095,98.09,98.095,1092.0,98.094,144
2025-10-23T15:30:00Z,98.095,98.095,98.09,98.09,3425.0,98.09,255
2025-10-23T15:45:00Z,98.09,98.09,98.09,98.09,1493.0,98.09,57
2025-10-23T16:00:00Z,98.09,98.09,98.085,98.09,111.0,98.0875,28
2025-10-23T16:15:00Z,98.09,98.09,98.085,98.085,3034.0,98.085,99
2025-10-23T16:30:00Z,98.085,98.085,98.08,98.085,244.0,98.085,17
2025-10-23T16:45:00Z,98.085,98.085,98.085,98.085,166.0,98.085,9
2025-10-23T17:00:00Z,98.085,98.09,98.085,98.09,22.0,98.0895,9
2025-10-23T17:15:00Z,98.085,98.085,98.085,98.085,33.0,98.085,5
2025-10-23T17:30:00Z,98.085,98.085,98.085,98.085,42.0,98.085,9
2025-10-23T17:45:00Z,98.085,98.085,98.085,98.085,2.0,98.085,1
2025-10-23T18:00:00Z,98.085,98.085,98.085,98.085,0.0,98.085,0
2025-10-23T18:15:00Z,98.085,98.085,98.085,98.085,0.0,98.085,0
2025-10-23T18:30:00Z,98.09,98.09,98.09,98.09,56.0,98.09,13
2025-10-23T18:45:00Z,98.085,98.085,98.085,98.085,190.0,98.085,20
2025-10-23T19:00:00Z,98.085,98.085,98.085,98.085,0.0,98.085,0
2025-10-23T19:15:00Z,98.085,98.085,98.085,98.085,0.0,98.085,0
2025-10-23T19:30:00Z,98.085,98.09,98.085,98.09,173.0,98.085,17
2025-10-23T19:45:00Z,98.085,98.09,98.085,98.09,216.0,98.0855,42
2025-10-24T00:00:00Z,98.085,98.085,98.085,98.085,51.0,98.085,6
2025-10-24T00:15:00Z,98.085,98.085,98.085,98.085,0.0,98.085,0
2025-10-24T00:30:00Z,98.085,98.085,98.085,98.085,0.0,98.085,0
2025-10-24T00:45:00Z,98.085,98.085,98.085,98.085,0.0,98.085,0
2025-10-24T01:00:00Z,98.085,98.085,98.085,98.085,0.0,98.085,0
2025-10-24T01:15:00Z,98.085,98.085,98.085,98.085,0.0,98.085,0
2025-10-24T01:30:00Z,98.085,98.085,98.085,98.085,3.0,98.085,1
2025-10-24T01:45:00Z,98.085,98.085,98.085,98.085,0.0,98.085,0
2025-10-24T02:00:00Z,98.085,98.085,98.085,98.085,0.0,98.085,0
2025-10-24T02:15:00Z,98.085,98.085,98.085,98.085,0.0,98.085,0
2025-10-24T02:30:00Z,98.085,98.085,98.085,98.085,0.0,98.085,0
2025-10-24T02:45:00Z,98.085,98.085,98.085,98.085,0.0,98.085,0
2025-10-24T03:00:00Z,98.085,98.085,98.085,98.085,0.0,98.085,0
2025-10-24T03:15:00Z,98.085,98.085,98.085,98.085,0.0,98.085,0
2025-10-24T03:30:00Z,98.085,98.085,98.085,98.085,0.0,98.085,0
2025-10-24T03:45:00Z,98.085,98.085,98.085,98.085,0.0,98.085,0
2025-10-24T04:00:00Z,98.085,98.085,98.085,98.085,0.0,98.085,0
2025-10-24T04:15:00Z,98.085,98.085,98.085,98.085,0.0,98.085,0
2025-10-24T04:30:00Z,98.085,98.085,98.085,98.085,0.0,98.085,0
2025-10-24T04:45:00Z,98.085,98.085,98.085,98.085,0.0,98.085,0
2025-10-24T05:00:00Z,98.085,98.085,98.085,98.085,0.0,98.085,0
2025-10-24T05:15:00Z,98.085,98.085,98.085,98.085,0.0,98.085,0
2025-10-24T05:30:00Z,98.085,98.085,98.085,98.085,0.0,98.085,0
2025-10-24T05:45:00Z,98.085,98.085,98.085,98.085,0.0,98.085,0
2025-10-24T06:00:00Z,98.085,98.085,98.08,98.085,884.0,98.085,75
2025-10-24T06:15:00Z,98.085,98.085,98.08,98.085,822.0,98.084,55
2025-10-24T06:30:00Z,98.085,98.085,98.085,98.085,43.0,98.085,20
2025-10-24T06:45:00Z,98.085,98.085,98.08,98.085,317.0,98.085,32
2025-10-24T07:00:00Z,98.085,98.09,98.085,98.09,1258.0,98.0855,92
2025-10-24T07:15:00Z,98.09,98.1,98.09,98.1,4228.0,98.097,289
2025-10-24T07:30:00Z,98.095,98.1,98.065,98.065,10558.0,98.078,885
2025-10-24T07:45:00Z,98.065,98.07,98.06,98.065,5243.0,98.0625,407
2025-10-24T08:00:00Z,98.06,98.065,98.055,98.055,1078.0,98.0585,126
2025-10-24T08:15:00Z,98.06,98.06,98.05,98.055,4845.0,98.0565,368
2025-10-24T08:30:00Z,98.055,98.055,98.05,98.05,3793.0,98.053,325
2025-10-24T08:45:00Z,98.055,98.055,98.05,98.055,1154.0,98.051,82
2025-10-24T09:00:00Z,98.05,98.055,98.045,98.055,4162.0,98.051,300
2025-10-24T09:15:00Z,98.055,98.055,98.055,98.055,1706.0,98.055,66
2025-10-24T09:30:00Z,98.055,98.06,98.055,98.055,536.0,98.0555,65
2025-10-24T09:45:00Z,98.055,98.06,98.055,98.055,3110.0,98.055,106
2025-10-24T10:00:00Z,98.06,98.06,98.055,98.055,770.0,98.055,51
2025-10-24T10:15:00Z,98.055,98.055,98.055,98.055,176.0,98.055,15
2025-10-24T10:30:00Z,98.055,98.055,98.055,98.055,2284.0,98.055,84
2025-10-24T10:45:00Z,98.055,98.055,98.05,98.05,1045.0,98.05,157
2025-10-24T11:00:00Z,98.05,98.055,98.05,98.05,253.0,98.05,59
2025-10-24T11:15:00Z,98.05,98.055,98.05,98.055,755.0,98.0545,114
2025-10-24T11:30:00Z,98.05,98.05,98.045,98.045,2111.0,98.0495,191
2025-10-24T11:45:00Z,98.045,98.05,98.045,98.05,564.0,98.0485,123
2025-10-24T12:00:00Z,98.045,98.05,98.045,98.045,1223.0,98.0465,344
2025-10-24T12:15:00Z,98.045,98.055,98.045,98.05,1496.0,98.0495,233
2025-10-24T12:30:00Z,98.05,98.065,98.05,98.06,11471.0,98.0635,422
2025-10-24T12:45:00Z,98.06,98.06,98.055,98.055,1785.0,98.055,128
2025-10-24T13:00:00Z,98.055,98.055,98.05,98.055,2760.0,98.055,172
2025-10-24T13:15:00Z,98.055,98.055,98.05,98.05,1049.0,98.05,137
2025-10-24T13:30:00Z,98.05,98.05,98.045,98.05,1042.0,98.0465,473
2025-10-24T13:45:00Z,98.045,98.045,98.035,98.045,4244.0,98.042,373
2025-10-24T14:00:00Z,98.045,98.05,98.045,98.05,1283.0,98.046,182
2025-10-24T14:15:00Z,98.045,98.05,98.045,98.05,1633.0,98.049,144
2025-10-24T14:30:00Z,98.05,98.05,98.045,98.045,1174.0,98.0485,270
2025-10-24T14:45:00Z,98.05,98.05,98.04,98.045,4606.0,98.045,395
2025-10-24T15:00:00Z,98.045,98.05,98.04,98.045,1129.0,98.0445,304
2025-10-24T15:15:00Z,98.04,98.05,98.04,98.045,3365.0,98.0445,169
2025-10-24T15:30:00Z,98.04,98.045,98.04,98.045,287.0,98.042,64
2025-10-24T15:45:00Z,98.04,98.045,98.04,98.04,2559.0,98.04,160
2025-10-24T16:00:00Z,98.04,98.045,98.04,98.045,896.0,98.042,140
2025-10-24T16:15:00Z,98.045,98.045,98.045,98.045,709.0,98.045,125
2025-10-24T16:30:00Z,98.045,98.045,98.045,98.045,808.0,98.045,123
2025-10-24T16:45:00Z,98.045,98.045,98.045,98.045,301.0,98.045,47
2025-10-24T17:00:00Z,98.045,98.045,98.045,98.045,189.0,98.045,24
2025-10-24T17:15:00Z,98.045,98.045,98.045,98.045,108.0,98.045,15
2025-10-24T17:30:00Z,98.045,98.045,98.045,98.045,513.0,98.045,36
2025-10-24T17:45:00Z,98.045,98.045,98.045,98.045,222.0,98.045,36
2025-10-24T18:00:00Z,98.045,98.05,98.045,98.05,20.0,98.0455,14
2025-10-24T18:15:00Z,98.045,98.045,98.045,98.045,37.0,98.045,4
2025-10-24T18:30:00Z,98.045,98.045,98.045,98.045,27.0,98.045,5
2025-10-24T18:45:00Z,98.04,98.04,98.04,98.04,5.0,98.04,1
2025-10-24T19:00:00Z,98.04,98.04,98.04,98.04,0.0,98.04,0
2025-10-24T19:15:00Z,98.04,98.04,98.04,98.04,32.0,98.04,8
2025-10-24T19:30:00Z,98.04,98.04,98.04,98.04,2.0,98.04,1
2025-10-24T19:45:00Z,98.045,98.045,98.04,98.04,411.0,98.0405,57
2025-10-27T01:00:00Z,98.035,98.035,98.03,98.035,138.0,98.035,26
2025-10-27T01:15:00Z,98.03,98.035,98.03,98.035,19.0,98.0345,8
2025-10-27T01:30:00Z,98.03,98.03,98.03,98.03,11.0,98.03,5
2025-10-27T01:45:00Z,98.03,98.03,98.03,98.03,0.0,98.03,0
2025-10-27T02:00:00Z,98.03,98.03,98.03,98.03,721.0,98.03,19
2025-10-27T02:15:00Z,98.03,98.03,98.03,98.03,0.0,98.03,0
2025-10-27T02:30:00Z,98.03,98.03,98.03,98.03,0.0,98.03,0
2025-10-27T02:45:00Z,98.03,98.03,98.03,98.03,0.0,98.03,0
2025-10-27T03:00:00Z,98.03,98.03,98.03,98.03,2.0,98.03,2
2025-10-27T03:15:00Z,98.03,98.03,98.03,98.03,3.0,98.03,3
2025-10-27T03:30:00Z,98.03,98.03,98.03,98.03,3.0,98.03,3
2025-10-27T03:45:00Z,98.03,98.03,98.03,98.03,3.0,98.03,3
2025-10-27T04:00:00Z,98.03,98.03,98.03,98.03,3.0,98.03,3
2025-10-27T04:15:00Z,98.03,98.03,98.03,98.03,19.0,98.03,1
2025-10-27T04:30:00Z,98.03,98.03,98.03,98.03,102.0,98.03,7
2025-10-27T04:45:00Z,98.03,98.03,98.03,98.03,6.0,98.03,2
2025-10-27T05:00:00Z,98.03,98.03,98.03,98.03,1.0,98.03,1
2025-10-27T05:15:00Z,98.03,98.03,98.03,98.03,31.0,98.03,3
2025-10-27T05:30:00Z,98.03,98.03,98.03,98.03,0.0,98.03,0
2025-10-27T05:45:00Z,98.03,98.03,98.03,98.03,1.0,98.03,1
2025-10-27T06:00:00Z,98.03,98.03,98.03,98.03,6.0,98.03,3
2025-10-27T06:15:00Z,98.03,98.03,98.03,98.03,0.0,98.03,0
2025-10-27T06:30:00Z,98.035,98.035,98.035,98.035,42.0,98.035,24
2025-10-27T06:45:00Z,98.035,98.035,98.03,98.035,100.0,98.035,17
2025-10-27T07:00:00Z,98.04,98.04,98.035,98.035,838.0,98.035,90
2025-10-27T07:15:00Z,98.035,98.04,98.03,98.03,937.0,98.035,93
2025-10-27T07:30:00Z,98.035,98.035,98.03,98.035,737.0,98.035,101
2025-10-27T07:45:00Z,98.035,98.04,98.035,98.035,81.0,98.0375,48
2025-10-27T08:00:00Z,98.035,98.045,98.035,98.04,1904.0,98.0405,260
2025-10-27T08:15:00Z,98.04,98.045,98.035,98.04,955.0,98.04,150
2025-10-27T08:30:00Z,98.04,98.04,98.035,98.035,1793.0,98.0395,150
2025-10-27T08:45:00Z,98.035,98.04,98.035,98.035,759.0,98.035,272
2025-10-27T09:00:00Z,98.035,98.045,98.035,98.04,2247.0,98.04,355
2025-10-27T09:15:00Z,98.04,98.045,98.04,98.04,226.0,98.0415,85
2025-10-27T09:30:00Z,98.04,98.045,98.04,98.04,401.0,98.044,148
2025-10-27T09:45:00Z,98.04,98.045,98.035,98.04,1061.0,98.04,147
2025-10-27T10:00:00Z,98.035,98.04,98.035,98.035,209.0,98.035,72
2025-10-27T10:15:00Z,98.035,98.035,98.035,98.035,730.0,98.035,84
2025-10-27T10:30:00Z,98.035,98.04,98.035,98.035,391.0,98.035,51
2025-10-27T10:45:00Z,98.035,98.035,98.035,98.035,487.0,98.035,100
2025-10-27T11:00:00Z,98.035,98.035,98.035,98.035,1106.0,98.035,116
2025-10-27T11:15:00Z,98.035,98.035,98.03,98.035,944.0,98.035,37
2025-10-27T11:30:00Z,98.035,98.04,98.035,98.035,491.0,98.035,43
2025-10-27T11:45:00Z,98.035,98.04,98.035,98.04,235.0,98.0385,71
2025-10-27T12:00:00Z,98.04,98.04,98.035,98.035,133.0,98.039,55
2025-10-27T12:15:00Z,98.04,98.04,98.035,98.035,131.0,98.0355,41
2025-10-27T12:30:00Z,98.035,98.04,98.035,98.035,91.0,98.039,26
2025-10-27T12:45:00Z,98.04,98.04,98.035,98.04,3236.0,98.04,167
2025-10-27T13:00:00Z,98.04,98.045,98.04,98.04,476.0,98.042,143
2025-10-27T13:15:00Z,98.04,98.045,98.04,98.04,420.0,98.04,320
2025-10-27T13:30:00Z,98.04,98.045,98.035,98.04,1105.0,98.04,172
2025-10-27T13:45:00Z,98.035,98.04,98.035,98.035,402.0,98.035,115
2025-10-27T14:00:00Z,98.035,98.04,98.035,98.035,73.0,98.036,70
2025-10-27T14:15:00Z,98.04,98.04,98.035,98.04,1028.0,98.04,108
2025-10-27T14:30:00Z,98.04,98.045,98.035,98.04,3344.0,98.04,203
2025-10-27T14:45:00Z,98.04,98.04,98.04,98.04,1718.0,98.04,78
2025-10-27T15:00:00Z,98.04,98.04,98.035,98.035,868.0,98.0395,137
2025-10-27T15:15:00Z,98.035,98.04,98.035,98.04,1165.0,98.039,150
2025-10-27T15:30:00Z,98.035,98.04,98.035,98.035,1324.0,98.0395,147
2025-10-27T15:45:00Z,98.04,98.045,98.035,98.045,1167.0,98.04,160
2025-10-27T16:00:00Z,98.04,98.045,98.04,98.04,2468.0,98.04,529
2025-10-27T16:15:00Z,98.04,98.045,98.04,98.04,811.0,98.04,222
2025-10-27T16:30:00Z,98.04,98.04,98.04,98.04,231.0,98.04,64
2025-10-27T16:45:00Z,98.04,98.045,98.04,98.045,717.0,98.042,69
2025-10-27T17:00:00Z,98.045,98.045,98.04,98.04,437.0,98.0445,76
2025-10-27T17:15:00Z,98.04,98.045,98.04,98.04,180.0,98.0445,70
2025-10-27T17:30:00Z,98.04,98.045,98.04,98.04,332.0,98.043,70
2025-10-27T17:45:00Z,98.04,98.045,98.04,98.04,1106.0,98.041,193
2025-10-27T18:00:00Z,98.04,98.045,98.04,98.045,2.0,98.0425,2
2025-10-27T18:15:00Z,98.045,98.045,98.045,98.045,0.0,98.045,0
2025-10-27T18:30:00Z,98.045,98.045,98.045,98.045,0.0,98.045,0
2025-10-27T18:45:00Z,98.045,98.045,98.045,98.045,149.0,98.045,32
2025-10-27T19:00:00Z,98.045,98.045,98.04,98.045,2544.0,98.045,96
2025-10-27T19:15:00Z,98.045,98.045,98.04,98.04,410.0,98.045,26
2025-10-27T19:30:00Z,98.04,98.045,98.04,98.045,8.0,98.0445,3
2025-10-27T19:45:00Z,98.04,98.045,98.04,98.045,47.0,98.042,10
2025-10-27T20:00:00Z,98.045,98.045,98.045,98.045,47.0,98.045,1
2025-10-27T20:15:00Z,98.045,98.045,98.045,98.045,2.0,98.045,1
2025-10-27T20:30:00Z,98.045,98.045,98.045,98.045,0.0,98.045,0
2025-10-27T20:45:00Z,98.045,98.045,98.04,98.045,779.0,98.0445,57
2025-10-28T01:15:00Z,98.05,98.05,98.05,98.05,2.0,98.05,2
2025-10-28T01:30:00Z,98.05,98.05,98.05,98.05,0.0,98.05,0
2025-10-28T01:45:00Z,98.05,98.05,98.05,98.05,0.0,98.05,0
2025-10-28T02:00:00Z,98.045,98.045,98.045,98.045,22.0,98.045,5
2025-10-28T02:15:00Z,98.045,98.045,98.045,98.045,0.0,98.045,0
2025-10-28T02:30:00Z,98.045,98.045,98.045,98.045,0.0,98.045,0
2025-10-28T02:45:00Z,98.04,98.04,98.04,98.04,1.0,98.04,1
2025-10-28T03:00:00Z,98.04,98.04,98.04,98.04,0.0,98.04,0
2025-10-28T03:15:00Z,98.04,98.04,98.04,98.04,0.0,98.04,0
2025-10-28T03:30:00Z,98.04,98.04,98.04,98.04,0.0,98.04,0
2025-10-28T03:45:00Z,98.04,98.04,98.04,98.04,0.0,98.04,0
2025-10-28T04:00:00Z,98.04,98.04,98.04,98.04,0.0,98.04,0
2025-10-28T04:15:00Z,98.04,98.04,98.04,98.04,0.0,98.04,0
2025-10-28T04:30:00Z,98.04,98.04,98.04,98.04,0.0,98.04,0
2025-10-28T04:45:00Z,98.04,98.04,98.04,98.04,0.0,98.04,0
2025-10-28T05:00:00Z,98.04,98.04,98.04,98.04,0.0,98.04,0
2025-10-28T05:15:00Z,98.04,98.04,98.04,98.04,0.0,98.04,0
2025-10-28T05:30:00Z,98.04,98.04,98.04,98.04,0.0,98.04,0
2025-10-28T05:45:00Z,98.04,98.04,98.04,98.04,1.0,98.04,1
2025-10-28T06:00:00Z,98.04,98.04,98.04,98.04,0.0,98.04,0
2025-10-28T06:15:00Z,98.04,98.04,98.04,98.04,0.0,98.04,0
2025-10-28T06:30:00Z,98.04,98.04,98.04,98.04,0.0,98.04,0
2025-10-28T06:45:00Z,98.04,98.04,98.04,98.04,3.0,98.04,3
2025-10-28T07:00:00Z,98.045,98.045,98.04,98.04,1580.0,98.04,117
2025-10-28T07:15:00Z,98.04,98.04,98.04,98.04,716.0,98.04,98
2025-10-28T07:30:00Z,98.04,98.04,98.04,98.04,1044.0,98.04,92
2025-10-28T07:45:00Z,98.04,98.05,98.04,98.05,12790.0,98.05,514
2025-10-28T08:00:00Z,98.05,98.055,98.045,98.05,1730.0,98.05,204
2025-10-28T08:15:00Z,98.05,98.05,98.05,98.05,372.0,98.05,61
2025-10-28T08:30:00Z,98.055,98.055,98.05,98.05,879.0,98.055,171
2025-10-28T08:45:00Z,98.05,98.055,98.05,98.05,219.0,98.053,119
2025-10-28T09:00:00Z,98.055,98.055,98.05,98.055,3168.0,98.055,431
2025-10-28T09:15:00Z,98.055,98.055,98.05,98.05,2129.0,98.0505,188
2025-10-28T09:30:00Z,98.05,98.055,98.05,98.055,105.0,98.052,25
2025-10-28T09:45:00Z,98.055,98.055,98.05,98.05,795.0,98.0505,102
2025-10-28T10:00:00Z,98.05,98.055,98.045,98.05,1470.0,98.05,75
2025-10-28T10:15:00Z,98.05,98.055,98.05,98.055,460.0,98.05,62
2025-10-28T10:30:00Z,98.055,98.055,98.05,98.05,457.0,98.0505,57
2025-10-28T10:45:00Z,98.05,98.05,98.05,98.05,1266.0,98.05,93
2025-10-28T11:00:00Z,98.05,98.05,98.05,98.05,519.0,98.05,36
2025-10-28T11:15:00Z,98.05,98.055,98.05,98.05,739.0,98.0515,133
2025-10-28T11:30:00Z,98.045,98.045,98.04,98.045,326.0,98.045,64
2025-10-28T11:45:00Z,98.04,98.045,98.04,98.04,430.0,98.044,167
2025-10-28T12:00:00Z,98.045,98.045,98.045,98.045,967.0,98.045,84
2025-10-28T12:15:00Z,98.045,98.045,98.04,98.045,1661.0,98.045,44
2025-10-28T12:30:00Z,98.045,98.045,98.04,98.04,1805.0,98.045,124
2025-10-28T12:45:00Z,98.04,98.045,98.04,98.04,31.0,98.0405,22
2025-10-28T13:00:00Z,98.04,98.04,98.04,98.04,2137.0,98.04,192
2025-10-28T13:15:00Z,98.04,98.045,98.035,98.04,727.0,98.04,75
2025-10-28T13:30:00Z,98.04,98.045,98.04,98.04,865.0,98.04,117
2025-10-28T13:45:00Z,98.04,98.045,98.04,98.04,353.0,98.04,71
2025-10-28T14:00:00Z,98.04,98.04,98.035,98.04,526.0,98.04,69
2025-10-28T14:15:00Z,98.04,98.04,98.04,98.04,1451.0,98.04,124
2025-10-28T14:30:00Z,98.04,98.045,98.04,98.04,1089.0,98.04,59
2025-10-28T14:45:00Z,98.04,98.04,98.04,98.04,157.0,98.04,29
2025-10-28T15:00:00Z,98.04,98.045,98.04,98.04,1695.0,98.04,206
2025-10-28T15:15:00Z,98.04,98.045,98.04,98.04,799.0,98.04,195
2025-10-28T15:30:00Z,98.04,98.045,98.04,98.045,1681.0,98.0445,212
2025-10-28T15:45:00Z,98.05,98.05,98.04,98.04,1001.0,98.045,70
2025-10-28T16:00:00Z,98.04,98.045,98.035,98.035,2298.0,98.0395,378
2025-10-28T16:15:00Z,98.04,98.04,98.035,98.035,464.0,98.0355,73
2025-10-28T16:30:00Z,98.035,98.035,98.03,98.035,3678.0,98.033,246
2025-10-28T16:45:00Z,98.035,98.035,98.035,98.035,738.0,98.035,40
2025-10-28T17:00:00Z,98.03,98.035,98.03,98.035,656.0,98.035,66
2025-10-28T17:15:00Z,98.04,98.04,98.035,98.04,314.0,98.0385,70
2025-10-28T17:30:00Z,98.04,98.045,98.035,98.035,568.0,98.04,158
2025-10-28T17:45:00Z,98.04,98.04,98.04,98.04,6.0,98.04,4
2025-10-28T18:00:00Z,98.04,98.04,98.04,98.04,7.0,98.04,2
2025-10-28T18:15:00Z,98.04,98.04,98.035,98.035,361.0,98.04,21
2025-10-28T18:30:00Z,98.035,98.035,98.035,98.035,0.0,98.035,0
2025-10-28T18:45:00Z,98.04,98.04,98.04,98.04,688.0,98.04,70
2025-10-28T19:00:00Z,98.04,98.045,98.04,98.045,16.0,98.0445,9
2025-10-28T19:15:00Z,98.045,98.045,98.04,98.04,16.0,98.0445,9
2025-10-28T19:30:00Z,98.04,98.045,98.04,98.045,15.0,98.0425,10
2025-10-28T19:45:00Z,98.045,98.045,98.04,98.045,683.0,98.045,45
2025-10-28T20:00:00Z,98.045,98.045,98.045,98.045,1.0,98.045,1
2025-10-28T20:15:00Z,98.045,98.045,98.045,98.045,0.0,98.045,0
2025-10-28T20:30:00Z,98.045,98.045,98.045,98.045,0.0,98.045,0
2025-10-28T20:45:00Z,98.04,98.045,98.04,98.045,88.0,98.045,20
2025-10-29T02:00:00Z,98.04,98.04,98.04,98.04,1.0,98.04,1
2025-10-29T02:15:00Z,98.04,98.04,98.04,98.04,0.0,98.04,0
2025-10-29T02:30:00Z,98.04,98.04,98.04,98.04,0.0,98.04,0
2025-10-29T02:45:00Z,98.04,98.04,98.04,98.04,569.0,98.04,20
2025-10-29T03:00:00Z,98.04,98.04,98.04,98.04,0.0,98.04,0
2025-10-29T03:15:00Z,98.04,98.04,98.04,98.04,0.0,98.04,0
2025-10-29T03:30:00Z,98.04,98.04,98.04,98.04,0.0,98.04,0
2025-10-29T03:45:00Z,98.04,98.04,98.04,98.04,0.0,98.04,0
2025-10-29T04:00:00Z,98.04,98.04,98.04,98.04,1.0,98.04,1
2025-10-29T04:15:00Z,98.04,98.04,98.04,98.04,0.0,98.04,0
2025-10-29T04:30:00Z,98.04,98.04,98.04,98.04,63.0,98.04,3
2025-10-29T04:45:00Z,98.04,98.04,98.04,98.04,22.0,98.04,1
2025-10-29T05:00:00Z,98.04,98.04,98.04,98.04,0.0,98.04,0
2025-10-29T05:15:00Z,98.04,98.04,98.04,98.04,37.0,98.04,2
2025-10-29T05:30:00Z,98.04,98.04,98.04,98.04,0.0,98.04,0
2025-10-29T05:45:00Z,98.04,98.04,98.04,98.04,27.0,98.04,10
2025-10-29T06:00:00Z,98.04,98.04,98.04,98.04,0.0,98.04,0
2025-10-29T06:15:00Z,98.04,98.04,98.04,98.04,25.0,98.04,2
2025-10-29T06:30:00Z,98.035,98.035,98.035,98.035,1.0,98.035,1
2025-10-29T06:45:00Z,98.035,98.035,98.035,98.035,2.0,98.035,2
2025-10-29T07:00:00Z,98.035,98.04,98.035,98.035,228.0,98.035,46
2025-10-29T07:15:00Z,98.04,98.045,98.04,98.045,314.0,98.0415,50
2025-10-29T07:30:00Z,98.045,98.045,98.045,98.045,5.0,98.045,5
2025-10-29T07:45:00Z,98.045,98.045,98.04,98.045,441.0,98.045,70
2025-10-29T08:00:00Z,98.045,98.045,98.04,98.04,1995.0,98.043,138
2025-10-29T08:15:00Z,98.04,98.045,98.035,98.045,2333.0,98.04,56
2025-10-29T08:30:00Z,98.045,98.045,98.035,98.04,1063.0,98.04,108
2025-10-29T08:45:00Z,98.04,98.04,98.035,98.035,229.0,98.0395,50
2025-10-29T09:00:00Z,98.035,98.04,98.035,98.04,263.0,98.0385,116
2025-10-29T09:15:00Z,98.035,98.045,98.035,98.04,489.0,98.0395,82
2025-10-29T09:30:00Z,98.04,98.045,98.04,98.045,172.0,98.045,47
2025-10-29T09:45:00Z,98.04,98.04,98.035,98.04,860.0,98.04,113
2025-10-29T10:00:00Z,98.04,98.04,98.035,98.04,598.0,98.04,79
2025-10-29T10:15:00Z,98.04,98.04,98.035,98.035,369.0,98.04,78
2025-10-29T10:30:00Z,98.04,98.04,98.04,98.04,140.0,98.04,61
2025-10-29T10:45:00Z,98.04,98.04,98.035,98.035,483.0,98.04,63
2025-10-29T11:00:00Z,98.04,98.045,98.04,98.04,41.0,98.04,19
2025-10-29T11:15:00Z,98.04,98.04,98.035,98.04,915.0,98.04,119
2025-10-29T11:30:00Z,98.04,98.04,98.04,98.04,156.0,98.04,18
2025-10-29T11:45:00Z,98.04,98.04,98.04,98.04,306.0,98.04,36
2025-10-29T12:00:00Z,98.04,98.045,98.04,98.04,268.0,98.041,50
2025-10-29T12:15:00Z,98.045,98.045,98.04,98.04,271.0,98.04,54
2025-10-29T12:30:00Z,98.04,98.045,98.04,98.045,328.0,98.0445,122
2025-10-29T12:45:00Z,98.045,98.05,98.04,98.045,1014.0,98.045,95
2025-10-29T13:00:00Z,98.045,98.05,98.04,98.05,511.0,98.045,44
2025-10-29T13:15:00Z,98.05,98.05,98.045,98.05,134.0,98.049,84
2025-10-29T13:30:00Z,98.05,98.05,98.045,98.045,332.0,98.048,278
2025-10-29T13:45:00Z,98.05,98.05,98.04,98.045,1200.0,98.045,225
2025-10-29T14:00:00Z,98.045,98.05,98.045,98.045,535.0,98.045,91
2025-10-29T14:15:00Z,98.045,98.05,98.045,98.045,109.0,98.045,74
2025-10-29T14:30:00Z,98.045,98.05,98.045,98.045,656.0,98.0455,121
2025-10-29T14:45:00Z,98.05,98.05,98.045,98.045,129.0,98.045,33
2025-10-29T15:00:00Z,98.045,98.05,98.045,98.05,282.0,98.0455,99
2025-10-29T15:15:00Z,98.045,98.05,98.045,98.045,2191.0,98.045,163
2025-10-29T15:30:00Z,98.045,98.045,98.04,98.04,418.0,98.045,63
2025-10-29T15:45:00Z,98.045,98.045,98.04,98.045,239.0,98.045,85
2025-10-29T16:00:00Z,98.04,98.05,98.04,98.045,2811.0,98.0445,396
2025-10-29T16:15:00Z,98.045,98.05,98.045,98.045,624.0,98.045,82
2025-10-29T16:30:00Z,98.045,98.045,98.04,98.04,770.0,98.045,134
2025-10-29T16:45:00Z,98.04,98.045,98.04,98.04,474.0,98.0405,47
2025-10-29T17:00:00Z,98.04,98.04,98.04,98.04,38.0,98.04,7
2025-10-29T17:15:00Z,98.045,98.045,98.035,98.035,2224.0,98.04,154
2025-10-29T17:30:00Z,98.04,98.04,98.035,98.04,101.0,98.04,47
2025-10-29T17:45:00Z,98.04,98.04,98.04,98.04,860.0,98.04,101
2025-10-29T18:00:00Z,98.04,98.04,98.035,98.04,86.0,98.04,7
2025-10-29T18:15:00Z,98.035,98.035,98.035,98.035,860.0,98.035,136
2025-10-29T18:30:00Z,98.04,98.04,98.02,98.025,3476.0,98.0275,330
2025-10-29T18:45:00Z,98.025,98.025,98.025,98.025,983.0,98.025,92
2025-10-29T19:00:00Z,98.025,98.025,98.025,98.025,302.0,98.025,38
2025-10-29T19:15:00Z,98.025,98.025,98.02,98.02,720.0,98.0215,109
2025-10-29T19:30:00Z,98.02,98.025,98.015,98.015,3987.0,98.019,240
2025-10-29T19:45:00Z,98.015,98.02,98.015,98.015,1667.0,98.0195,80
2025-10-29T20:00:00Z,98.02,98.02,98.02,98.02,43.0,98.02,14
2025-10-29T20:15:00Z,98.02,98.02,98.02,98.02,19.0,98.02,2
2025-10-29T20:30:00Z,98.02,98.02,98.02,98.02,250.0,98.02,26
2025-10-29T20:45:00Z,98.015,98.02,98.015,98.015,396.0,98.017,56
2025-10-30T01:00:00Z,98.015,98.02,98.015,98.02,376.0,98.02,12
2025-10-30T01:15:00Z,98.02,98.02,98.02,98.02,0.0,98.02,0
2025-10-30T01:30:00Z,98.02,98.02,98.02,98.02,0.0,98.02,0
2025-10-30T01:45:00Z,98.02,98.02,98.02,98.02,0.0,98.02,0
2025-10-30T02:00:00Z,98.02,98.02,98.02,98.02,0.0,98.02,0
2025-10-30T02:15:00Z,98.02,98.02,98.02,98.02,8.0,98.02,1
2025-10-30T02:30:00Z,98.02,98.02,98.02,98.02,0.0,98.02,0
2025-10-30T02:45:00Z,98.02,98.02,98.02,98.02,0.0,98.02,0
2025-10-30T03:00:00Z,98.02,98.02,98.02,98.02,0.0,98.02,0
2025-10-30T03:15:00Z,98.02,98.02,98.02,98.02,21.0,98.02,5
2025-10-30T03:30:00Z,98.02,98.02,98.02,98.02,20.0,98.02,1
2025-10-30T03:45:00Z,98.02,98.02,98.02,98.02,0.0,98.02,0
2025-10-30T04:00:00Z,98.02,98.025,98.02,98.025,126.0,98.025,5
2025-10-30T04:15:00Z,98.025,98.03,98.025,98.03,22.0,98.025,2
2025-10-30T04:30:00Z,98.025,98.025,98.02,98.02,44.0,98.0225,12
2025-10-30T04:45:00Z,98.02,98.02,98.02,98.02,0.0,98.02,0
2025-10-30T05:00:00Z,98.02,98.02,98.02,98.02,0.0,98.02,0
2025-10-30T05:15:00Z,98.02,98.02,98.02,98.02,0.0,98.02,0
2025-10-30T05:30:00Z,98.02,98.02,98.02,98.02,0.0,98.02,0
2025-10-30T05:45:00Z,98.02,98.02,98.02,98.02,0.0,98.02,0
2025-10-30T06:00:00Z,98.02,98.02,98.02,98.02,0.0,98.02,0
2025-10-30T06:15:00Z,98.025,98.025,98.025,98.025,938.0,98.025,8
2025-10-30T06:30:00Z,98.02,98.02,98.02,98.02,96.0,98.02,11
2025-10-30T06:45:00Z,98.02,98.02,98.02,98.02,0.0,98.02,0
2025-10-30T07:00:00Z,98.025,98.025,98.015,98.02,4606.0,98.02,198
2025-10-30T07:15:00Z,98.02,98.025,98.02,98.02,145.0,98.02,24
2025-10-30T07:30:00Z,98.02,98.025,98.02,98.02,1134.0,98.0235,186
2025-10-30T07:45:00Z,98.025,98.025,98.02,98.025,527.0,98.0245,83
2025-10-30T08:00:00Z,98.02,98.02,98.015,98.02,1676.0,98.02,187
2025-10-30T08:15:00Z,98.02,98.025,98.015,98.025,585.0,98.02,67
2025-10-30T08:30:00Z,98.025,98.025,98.025,98.025,1069.0,98.025,185
2025-10-30T08:45:00Z,98.025,98.03,98.025,98.025,1256.0,98.026,127
2025-10-30T09:00:00Z,98.025,98.025,98.015,98.02,2168.0,98.022,354
2025-10-30T09:15:00Z,98.02,98.02,98.015,98.02,2567.0,98.02,185
2025-10-30T09:30:00Z,98.02,98.025,98.015,98.015,5448.0,98.02,140
2025-10-30T09:45:00Z,98.015,98.02,98.01,98.015,3290.0,98.015,214
2025-10-30T10:00:00Z,98.015,98.015,98.01,98.01,1100.0,98.015,60
2025-10-30T10:15:00Z,98.01,98.015,98.01,98.01,1191.0,98.015,95
2025-10-30T10:30:00Z,98.01,98.015,98.01,98.01,4456.0,98.01,243
2025-10-30T10:45:00Z,98.01,98.01,98.01,98.01,9637.0,98.01,448
2025-10-30T11:00:00Z,98.01,98.015,98.01,98.01,7268.0,98.01,421
2025-10-30T11:15:00Z,98.01,98.01,98.01,98.01,8943.0,98.01,544
2025-10-30T11:30:00Z,98.01,98.01,98.005,98.01,2973.0,98.0095,257
2025-10-30T11:45:00Z,98.01,98.01,98.005,98.01,1146.0,98.01,117
2025-10-30T12:00:00Z,98.01,98.01,98.005,98.01,2912.0,98.01,194
2025-10-30T12:15:00Z,98.01,98.01,98.01,98.01,399.0,98.01,53
2025-10-30T12:30:00Z,98.01,98.015,98.01,98.01,1291.0,98.01,101
2025-10-30T12:45:00Z,98.01,98.015,98.01,98.01,4534.0,98.01,171
2025-10-30T13:00:00Z,98.01,98.015,98.005,98.01,4185.0,98.01,399
2025-10-30T13:15:00Z,98.01,98.01,98.005,98.01,1658.0,98.01,147
2025-10-30T13:30:00Z,98.01,98.015,98.01,98.01,1305.0,98.01,88
2025-10-30T13:45:00Z,98.01,98.015,98.005,98.015,2592.0,98.013,152
2025-10-30T14:00:00Z,98.015,98.015,98.01,98.015,5902.0,98.0135,324
2025-10-30T14:15:00Z,98.015,98.025,98.015,98.02,2933.0,98.019,172
2025-10-30T14:30:00Z,98.02,98.025,98.02,98.02,3053.0,98.02,199
2025-10-30T14:45:00Z,98.02,98.025,98.02,98.02,71.0,98.0215,24
2025-10-30T15:00:00Z,98.02,98.025,98.02,98.025,1304.0,98.024,300
2025-10-30T15:15:00Z,98.02,98.03,98.02,98.025,698.0,98.0285,122
2025-10-30T15:30:00Z,98.025,98.03,98.025,98.03,1644.0,98.027,382
2025-10-30T15:45:00Z,98.025,98.03,98.025,98.025,1494.0,98.025,149
2025-10-30T16:00:00Z,98.02,98.025,98.02,98.02,407.0,98.023,124
2025-10-30T16:15:00Z,98.025,98.025,98.02,98.02,1013.0,98.02,105
2025-10-30T16:30:00Z,98.02,98.025,98.02,98.025,303.0,98.024,59
2025-10-30T16:45:00Z,98.02,98.025,98.02,98.02,242.0,98.022,72
2025-10-30T17:00:00Z,98.025,98.025,98.02,98.025,107.0,98.0235,82
2025-10-30T17:15:00Z,98.025,98.025,98.02,98.02,291.0,98.023,134
2025-10-30T17:30:00Z,98.025,98.025,98.02,98.025,717.0,98.0235,250
2025-10-30T17:45:00Z,98.02,98.03,98.02,98.03,793.0,98.025,91
2025-10-30T18:00:00Z,98.03,98.03,98.025,98.03,88.0,98.0285,55
2025-10-30T18:15:00Z,98.03,98.03,98.025,98.03,11.0,98.0295,11
2025-10-30T18:30:00Z,98.03,98.03,98.03,98.03,1582.0,98.03,41
2025-10-30T18:45:00Z,98.03,98.03,98.03,98.03,653.0,98.03,76
2025-10-30T19:00:00Z,98.03,98.03,98.03,98.03,2.0,98.03,2
2025-10-30T19:15:00Z,98.03,98.03,98.03,98.03,16.0,98.03,2
2025-10-30T19:30:00Z,98.03,98.03,98.03,98.03,13.0,98.03,2
2025-10-30T19:45:00Z,98.03,98.03,98.03,98.03,43.0,98.03,7
2025-10-30T20:00:00Z,98.03,98.03,98.03,98.03,93.0,98.03,5
2025-10-30T20:15:00Z,98.03,98.03,98.03,98.03,0.0,98.03,0
2025-10-30T20:30:00Z,98.03,98.03,98.03,98.03,41.0,98.03,2
2025-10-30T20:45:00Z,98.03,98.03,98.03,98.03,489.0,98.03,33
2025-10-31T01:00:00Z,98.03,98.03,98.03,98.03,31.0,98.03,7
2025-10-31T01:15:00Z,98.03,98.03,98.03,98.03,0.0,98.03,0
2025-10-31T01:30:00Z,98.03,98.03,98.03,98.03,0.0,98.03,0
2025-10-31T01:45:00Z,98.03,98.03,98.03,98.03,0.0,98.03,0
2025-10-31T02:00:00Z,98.03,98.03,98.03,98.03,0.0,98.03,0
2025-10-31T02:15:00Z,98.03,98.03,98.03,98.03,0.0,98.03,0
2025-10-31T02:30:00Z,98.03,98.03,98.03,98.03,0.0,98.03,0
2025-10-31T02:45:00Z,98.03,98.03,98.03,98.03,0.0,98.03,0
2025-10-31T03:00:00Z,98.03,98.03,98.03,98.03,0.0,98.03,0
2025-10-31T03:15:00Z,98.03,98.03,98.03,98.03,0.0,98.03,0
2025-10-31T03:30:00Z,98.03,98.03,98.03,98.03,0.0,98.03,0
2025-10-31T03:45:00Z,98.03,98.03,98.03,98.03,0.0,98.03,0
2025-10-31T04:00:00Z,98.03,98.03,98.03,98.03,0.0,98.03,0
2025-10-31T04:15:00Z,98.03,98.03,98.03,98.03,0.0,98.03,0
2025-10-31T04:30:00Z,98.03,98.03,98.03,98.03,0.0,98.03,0
2025-10-31T04:45:00Z,98.03,98.03,98.03,98.03,0.0,98.03,0
2025-10-31T05:00:00Z,98.03,98.03,98.03,98.03,0.0,98.03,0
2025-10-31T05:15:00Z,98.03,98.03,98.03,98.03,0.0,98.03,0
2025-10-31T05:30:00Z,98.03,98.03,98.03,98.03,0.0,98.03,0
2025-10-31T05:45:00Z,98.03,98.03,98.03,98.03,0.0,98.03,0
2025-10-31T06:00:00Z,98.025,98.025,98.025,98.025,1.0,98.025,1
2025-10-31T06:15:00Z,98.025,98.025,98.025,98.025,0.0,98.025,0
2025-10-31T06:30:00Z,98.025,98.025,98.025,98.025,201.0,98.025,12
2025-10-31T06:45:00Z,98.025,98.025,98.025,98.025,68.0,98.025,5
2025-10-31T07:00:00Z,98.025,98.025,98.02,98.02,126.0,98.0245,41
2025-10-31T07:15:00Z,98.02,98.025,98.02,98.025,776.0,98.025,63
2025-10-31T07:30:00Z,98.025,98.03,98.02,98.02,1592.0,98.0235,98
2025-10-31T07:45:00Z,98.025,98.025,98.02,98.02,797.0,98.0245,72
2025-10-31T08:00:00Z,98.025,98.025,98.02,98.02,233.0,98.02,61
2025-10-31T08:15:00Z,98.02,98.025,98.02,98.02,578.0,98.0205,102
2025-10-31T08:30:00Z,98.025,98.025,98.02,98.02,414.0,98.02,145
2025-10-31T08:45:00Z,98.02,98.025,98.02,98.02,136.0,98.02,107
2025-10-31T09:00:00Z,98.02,98.025,98.02,98.02,813.0,98.02,111
2025-10-31T09:15:00Z,98.02,98.02,98.015,98.02,3444.0,98.02,208
2025-10-31T09:30:00Z,98.02,98.02,98.015,98.02,396.0,98.02,55
2025-10-31T09:45:00Z,98.02,98.025,98.02,98.02,605.0,98.02,116
2025-10-31T10:00:00Z,98.02,98.025,98.02,98.02,163.0,98.02,83
2025-10-31T10:15:00Z,98.02,98.025,98.02,98.02,3138.0,98.025,276
2025-10-31T10:30:00Z,98.02,98.025,98.02,98.025,487.0,98.0225,116
2025-10-31T10:45:00Z,98.02,98.025,98.02,98.02,240.0,98.0245,62
2025-10-31T11:00:00Z,98.02,98.025,98.02,98.025,286.0,98.025,45
2025-10-31T11:15:00Z,98.02,98.025,98.02,98.02,199.0,98.024,63
2025-10-31T11:30:00Z,98.02,98.025,98.02,98.02,359.0,98.0245,72
2025-10-31T11:45:00Z,98.02,98.025,98.02,98.025,2328.0,98.025,241
2025-10-31T12:00:00Z,98.025,98.03,98.025,98.025,32.0,98.0265,25
2025-10-31T12:15:00Z,98.025,98.03,98.025,98.03,1415.0,98.03,176
2025-10-31T12:30:00Z,98.03,98.035,98.03,98.035,2638.0,98.033,226
2025-10-31T12:45:00Z,98.035,98.035,98.03,98.035,5080.0,98.035,257
2025-10-31T13:00:00Z,98.035,98.035,98.03,98.03,265.0,98.0345,34
2025-10-31T13:15:00Z,98.03,98.04,98.03,98.035,2517.0,98.035,130
2025-10-31T13:30:00Z,98.035,98.04,98.035,98.035,426.0,98.035,64
2025-10-31T13:45:00Z,98.035,98.04,98.03,98.035,2047.0,98.035,94
2025-10-31T14:00:00Z,98.035,98.04,98.03,98.035,1487.0,98.035,145
2025-10-31T14:15:00Z,98.035,98.04,98.035,98.035,1248.0,98.0355,142
2025-10-31T14:30:00Z,98.035,98.04,98.035,98.035,193.0,98.0375,94
2025-10-31T14:45:00Z,98.035,98.04,98.035,98.035,2274.0,98.04,127
2025-10-31T15:00:00Z,98.035,98.04,98.03,98.035,3120.0,98.035,286
2025-10-31T15:15:00Z,98.035,98.035,98.03,98.035,314.0,98.0335,133
2025-10-31T15:30:00Z,98.03,98.035,98.025,98.03,2833.0,98.03,333
2025-10-31T15:45:00Z,98.03,98.035,98.03,98.035,402.0,98.0305,101
2025-10-31T16:00:00Z,98.035,98.045,98.03,98.04,3661.0,98.0375,1318
2025-10-31T16:15:00Z,98.045,98.045,98.035,98.035,786.0,98.0415,191
2025-10-31T16:30:00Z,98.035,98.045,98.035,98.045,2686.0,98.04,130
2025-10-31T16:45:00Z,98.04,98.045,98.04,98.04,2315.0,98.04,154
2025-10-31T17:00:00Z,98.04,98.04,98.04,98.04,1179.0,98.04,84
2025-10-31T17:15:00Z,98.04,98.04,98.035,98.035,917.0,98.04,89
2025-10-31T17:30:00Z,98.04,98.04,98.04,98.04,167.0,98.04,45
2025-10-31T17:45:00Z,98.04,98.04,98.04,98.04,193.0,98.04,10
2025-10-31T18:00:00Z,98.04,98.04,98.04,98.04,3.0,98.04,3
2025-10-31T18:15:00Z,98.04,98.04,98.04,98.04,99.0,98.04,22
2025-10-31T18:30:00Z,98.04,98.04,98.04,98.04,54.0,98.04,3
2025-10-31T18:45:00Z,98.04,98.04,98.04,98.04,49.0,98.04,7
2025-10-31T19:00:00Z,98.04,98.04,98.04,98.04,14.0,98.04,7
2025-10-31T19:15:00Z,98.04,98.04,98.04,98.04,0.0,98.04,0
2025-10-31T19:30:00Z,98.04,98.04,98.04,98.04,0.0,98.04,0
2025-10-31T19:45:00Z,98.04,98.04,98.04,98.04,0.0,98.04,0
2025-10-31T20:00:00Z,98.04,98.04,98.04,98.04,3.0,98.04,3
2025-10-31T20:15:00Z,98.045,98.045,98.045,98.045,599.0,98.045,29
2025-10-31T20:30:00Z,98.045,98.045,98.045,98.045,40.0,98.045,3
2025-10-31T20:45:00Z,98.045,98.045,98.045,98.045,310.0,98.045,21
2025-11-03T01:00:00Z,98.045,98.045,98.045,98.045,9.0,98.045,9
2025-11-03T01:15:00Z,98.045,98.045,98.045,98.045,11.0,98.045,11
2025-11-03T01:30:00Z,98.045,98.045,98.045,98.045,2.0,98.045,2
2025-11-03T01:45:00Z,98.045,98.045,98.045,98.045,2.0,98.045,2
2025-11-03T02:00:00Z,98.045,98.045,98.045,98.045,0.0,98.045,0
2025-11-03T02:15:00Z,98.045,98.045,98.045,98.045,1.0,98.045,1
2025-11-03T02:30:00Z,98.045,98.045,98.045,98.045,0.0,98.045,0
2025-11-03T02:45:00Z,98.045,98.045,98.045,98.045,1.0,98.045,1
2025-11-03T03:00:00Z,98.045,98.045,98.045,98.045,1.0,98.045,1
2025-11-03T03:15:00Z,98.045,98.045,98.045,98.045,1.0,98.045,1
2025-11-03T03:30:00Z,98.045,98.045,98.045,98.045,0.0,98.045,0
2025-11-03T03:45:00Z,98.04,98.045,98.04,98.045,69.0,98.04,11
2025-11-03T04:00:00Z,98.04,98.04,98.04,98.04,111.0,98.04,9
2025-11-03T04:15:00Z,98.045,98.045,98.045,98.045,1.0,98.045,1
2025-11-03T04:30:00Z,98.045,98.045,98.045,98.045,1.0,98.045,1
2025-11-03T04:45:00Z,98.045,98.045,98.045,98.045,2.0,98.045,2
2025-11-03T05:00:00Z,98.045,98.045,98.045,98.045,1.0,98.045,1
2025-11-03T05:15:00Z,98.045,98.045,98.04,98.045,5.0,98.043,5
2025-11-03T05:30:00Z,98.045,98.045,98.04,98.04,354.0,98.04,12
2025-11-03T05:45:00Z,98.04,98.04,98.04,98.04,0.0,98.04,0
2025-11-03T06:00:00Z,98.04,98.045,98.04,98.045,16.0,98.0405,3
2025-11-03T06:15:00Z,98.045,98.045,98.035,98.04,5.0,98.04,5
2025-11-03T06:30:00Z,98.04,98.04,98.035,98.035,83.0,98.04,16
2025-11-03T06:45:00Z,98.04,98.04,98.035,98.04,16.0,98.0395,16
2025-11-03T07:00:00Z,98.04,98.04,98.03,98.03,1558.0,98.0335,90
2025-11-03T07:15:00Z,98.035,98.035,98.03,98.035,19.0,98.032,19
2025-11-03T07:30:00Z,98.03,98.035,98.03,98.03,801.0,98.03,137
2025-11-03T07:45:00Z,98.03,98.03,98.025,98.03,1606.0,98.03,195
2025-11-03T08:00:00Z,98.03,98.03,98.025,98.025,483.0,98.025,90
2025-11-03T08:15:00Z,98.025,98.03,98.025,98.03,390.0,98.026,90
2025-11-03T08:30:00Z,98.025,98.035,98.025,98.03,1086.0,98.03,197
2025-11-03T08:45:00Z,98.03,98.035,98.03,98.03,766.0,98.0305,177
2025-11-03T09:00:00Z,98.03,98.03,98.025,98.03,1270.0,98.03,261
2025-11-03T09:15:00Z,98.03,98.03,98.03,98.03,537.0,98.03,207
2025-11-03T09:30:00Z,98.03,98.03,98.025,98.03,1170.0,98.0295,244
2025-11-03T09:45:00Z,98.03,98.03,98.03,98.03,215.0,98.03,120
2025-11-03T10:00:00Z,98.03,98.03,98.03,98.03,332.0,98.03,191
2025-11-03T10:15:00Z,98.03,98.035,98.025,98.025,566.0,98.03,141
2025-11-03T10:30:00Z,98.025,98.03,98.02,98.02,897.0,98.025,230
2025-11-03T10:45:00Z,98.02,98.025,98.02,98.025,1447.0,98.025,261
2025-11-03T11:00:00Z,98.02,98.025,98.02,98.02,120.0,98.0235,34
2025-11-03T11:15:00Z,98.02,98.025,98.02,98.02,230.0,98.02,52
2025-11-03T11:30:00Z,98.025,98.025,98.02,98.02,808.0,98.0225,121
2025-11-03T11:45:00Z,98.02,98.02,98.02,98.02,1242.0,98.02,280
2025-11-03T12:00:00Z,98.02,98.02,98.015,98.02,2087.0,98.02,278
2025-11-03T12:15:00Z,98.02,98.02,98.02,98.02,1119.0,98.02,98
2025-11-03T12:30:00Z,98.02,98.02,98.015,98.015,586.0,98.0195,111
2025-11-03T12:45:00Z,98.015,98.02,98.015,98.015,314.0,98.016,146
2025-11-03T13:00:00Z,98.015,98.02,98.015,98.015,370.0,98.015,115
2025-11-03T13:15:00Z,98.015,98.02,98.015,98.015,1358.0,98.0195,138
2025-11-03T13:30:00Z,98.02,98.025,98.015,98.015,1538.0,98.0205,249
2025-11-03T13:45:00Z,98.015,98.02,98.015,98.02,1951.0,98.02,158
2025-11-03T14:00:00Z,98.02,98.02,98.015,98.015,391.0,98.018,144
2025-11-03T14:15:00Z,98.015,98.02,98.015,98.015,668.0,98.015,168
2025-11-03T14:30:00Z,98.015,98.02,98.015,98.015,638.0,98.015,215
2025-11-03T14:45:00Z,98.015,98.02,98.015,98.02,2610.0,98.02,483
2025-11-03T15:00:00Z,98.02,98.025,98.02,98.025,1312.0,98.0235,178
2025-11-03T15:15:00Z,98.02,98.03,98.02,98.025,2716.0,98.025,282
2025-11-03T15:30:00Z,98.02,98.025,98.015,98.02,4038.0,98.0215,265
2025-11-03T15:45:00Z,98.02,98.02,98.015,98.015,1400.0,98.02,88
2025-11-03T16:00:00Z,98.015,98.02,98.005,98.005,3855.0,98.012,629
2025-11-03T16:15:00Z,98.01,98.01,98.005,98.005,4707.0,98.005,232
2025-11-03T16:30:00Z,98.005,98.01,98.0,98.005,1347.0,98.0055,218
2025-11-03T16:45:00Z,98.01,98.01,98.005,98.005,348.0,98.008,114
2025-11-03T17:00:00Z,98.005,98.005,98.0,98.005,2823.0,98.005,183
2025-11-03T17:15:00Z,98.005,98.005,98.0,98.005,743.0,98.005,91
2025-11-03T17:30:00Z,98.0,98.005,98.0,98.005,1436.0,98.005,68
2025-11-03T17:45:00Z,98.005,98.01,98.005,98.005,89.0,98.009,29
2025-11-03T18:00:00Z,98.005,98.005,98.005,98.005,4.0,98.005,4
2025-11-03T18:15:00Z,98.005,98.005,98.005,98.005,0.0,98.005,0
2025-11-03T18:30:00Z,98.005,98.005,98.005,98.005,0.0,98.005,0
2025-11-03T18:45:00Z,98.01,98.01,98.01,98.01,19.0,98.01,10
2025-11-03T19:00:00Z,98.01,98.01,98.01,98.01,3.0,98.01,2
2025-11-03T19:15:00Z,98.01,98.01,98.01,98.01,0.0,98.01,0
2025-11-03T19:30:00Z,98.01,98.01,98.01,98.01,0.0,98.01,0
2025-11-03T19:45:00Z,98.01,98.01,98.01,98.01,2.0,98.01,1
2025-11-03T20:00:00Z,98.01,98.01,98.005,98.005,533.0,98.01,26
2025-11-03T20:15:00Z,98.01,98.01,98.01,98.01,19.0,98.01,2
2025-11-03T20:30:00Z,98.01,98.01,98.01,98.01,0.0,98.01,0
2025-11-03T20:45:00Z,98.005,98.01,98.005,98.01,9.0,98.007,9
2025-11-04T01:30:00Z,98.01,98.01,98.01,98.01,1.0,98.01,1
2025-11-04T01:45:00Z,98.01,98.01,98.01,98.01,0.0,98.01,0
2025-11-04T02:00:00Z,98.01,98.01,98.01,98.01,0.0,98.01,0
2025-11-04T02:15:00Z,98.01,98.01,98.01,98.01,0.0,98.01,0
2025-11-04T02:30:00Z,98.01,98.01,98.01,98.01,0.0,98.01,0
2025-11-04T02:45:00Z,98.01,98.01,98.01,98.01,0.0,98.01,0
2025-11-04T03:00:00Z,98.01,98.01,98.01,98.01,0.0,98.01,0
2025-11-04T03:15:00Z,98.01,98.01,98.01,98.01,0.0,98.01,0
2025-11-04T03:30:00Z,98.01,98.01,98.01,98.01,11.0,98.01,5
2025-11-04T03:45:00Z,98.01,98.01,98.01,98.01,0.0,98.01,0
2025-11-04T04:00:00Z,98.01,98.01,98.01,98.01,0.0,98.01,0
2025-11-04T04:15:00Z,98.01,98.01,98.01,98.01,0.0,98.01,0
2025-11-04T04:30:00Z,98.01,98.01,98.01,98.01,0.0,98.01,0
2025-11-04T04:45:00Z,98.01,98.01,98.01,98.01,0.0,98.01,0
2025-11-04T05:00:00Z,98.01,98.01,98.01,98.01,0.0,98.01,0
2025-11-04T05:15:00Z,98.01,98.01,98.01,98.01,0.0,98.01,0
2025-11-04T05:30:00Z,98.01,98.01,98.01,98.01,79.0,98.01,9
2025-11-04T05:45:00Z,98.01,98.01,98.01,98.01,0.0,98.01,0
2025-11-04T06:00:00Z,98.015,98.015,98.015,98.015,279.0,98.015,27
2025-11-04T06:15:00Z,98.015,98.015,98.015,98.015,1.0,98.015,1
2025-11-04T06:30:00Z,98.02,98.02,98.02,98.02,11.0,98.02,9
2025-11-04T06:45:00Z,98.02,98.02,98.02,98.02,206.0,98.02,25
2025-11-04T07:00:00Z,98.02,98.02,98.015,98.02,2489.0,98.02,80
2025-11-04T07:15:00Z,98.02,98.02,98.02,98.02,1337.0,98.02,43
2025-11-04T07:30:00Z,98.02,98.02,98.015,98.015,2613.0,98.0195,129
2025-11-04T07:45:00Z,98.015,98.015,98.015,98.015,210.0,98.015,61
2025-11-04T08:00:00Z,98.015,98.02,98.015,98.02,3290.0,98.019,329
2025-11-04T08:15:00Z,98.02,98.025,98.02,98.02,1020.0,98.0245,144
2025-11-04T08:30:00Z,98.02,98.02,98.015,98.015,1793.0,98.0195,141
2025-11-04T08:45:00Z,98.015,98.02,98.015,98.02,1403.0,98.02,88
2025-11-04T09:00:00Z,98.02,98.02,98.015,98.02,2195.0,98.02,113
2025-11-04T09:15:00Z,98.02,98.03,98.02,98.025,845.0,98.0245,209
2025-11-04T09:30:00Z,98.025,98.03,98.025,98.03,156.0,98.03,99
2025-11-04T09:45:00Z,98.03,98.03,98.025,98.025,1871.0,98.03,346
2025-11-04T10:00:00Z,98.025,98.03,98.025,98.025,533.0,98.0275,104
2025-11-04T10:15:00Z,98.025,98.025,98.025,98.025,1290.0,98.025,139
2025-11-04T10:30:00Z,98.025,98.025,98.02,98.02,3122.0,98.0235,314
2025-11-04T10:45:00Z,98.02,98.025,98.02,98.02,1064.0,98.0205,243
2025-11-04T11:00:00Z,98.02,98.02,98.02,98.02,1139.0,98.02,149
2025-11-04T11:15:00Z,98.02,98.02,98.02,98.02,119.0,98.02,99
2025-11-04T11:30:00Z,98.02,98.025,98.02,98.02,188.0,98.02,76
2025-11-04T11:45:00Z,98.02,98.02,98.02,98.02,176.0,98.02,96
2025-11-04T12:00:00Z,98.02,98.02,98.02,98.02,55.0,98.02,49
2025-11-04T12:15:00Z,98.02,98.025,98.02,98.02,548.0,98.0245,159
2025-11-04T12:30:00Z,98.025,98.025,98.02,98.02,599.0,98.022,184
2025-11-04T12:45:00Z,98.02,98.025,98.02,98.02,208.0,98.0225,119
2025-11-04T13:00:00Z,98.02,98.025,98.02,98.02,1244.0,98.021,258
2025-11-04T13:15:00Z,98.02,98.025,98.02,98.02,738.0,98.0235,332
2025-11-04T13:30:00Z,98.02,98.025,98.02,98.02,1010.0,98.0235,450
2025-11-04T13:45:00Z,98.02,98.025,98.02,98.02,1049.0,98.0245,510
2025-11-04T14:00:00Z,98.025,98.03,98.02,98.025,9192.0,98.025,974
2025-11-04T14:15:00Z,98.025,98.03,98.025,98.025,2995.0,98.0255,270
2025-11-04T14:30:00Z,98.025,98.03,98.02,98.025,1630.0,98.026,231
2025-11-04T14:45:00Z,98.025,98.03,98.025,98.025,911.0,98.0285,247
2025-11-04T15:00:00Z,98.025,98.03,98.025,98.03,1045.0,98.028,288
2025-11-04T15:15:00Z,98.025,98.03,98.025,98.025,890.0,98.0285,308
2025-11-04T15:30:00Z,98.025,98.03,98.025,98.025,2767.0,98.03,421
2025-11-04T15:45:00Z,98.025,98.03,98.02,98.025,3987.0,98.026,573
2025-11-04T16:00:00Z,98.02,98.025,98.02,98.02,1531.0,98.023,779
2025-11-04T16:15:00Z,98.02,98.025,98.02,98.02,1494.0,98.0235,450
2025-11-04T16:30:00Z,98.02,98.025,98.015,98.02,5781.0,98.02,558
2025-11-04T16:45:00Z,98.02,98.025,98.02,98.02,1001.0,98.021,160
2025-11-04T17:00:00Z,98.02,98.02,98.015,98.02,770.0,98.02,80
2025-11-04T17:15:00Z,98.02,98.025,98.02,98.02,268.0,98.02,34
2025-11-04T17:30:00Z,98.02,98.025,98.02,98.02,560.0,98.024,49
2025-11-04T17:45:00Z,98.02,98.02,98.02,98.02,200.0,98.02,25
2025-11-04T18:00:00Z,98.02,98.02,98.02,98.02,0.0,98.02,0
2025-11-04T18:15:00Z,98.02,98.025,98.02,98.025,387.0,98.025,42
2025-11-04T18:30:00Z,98.025,98.025,98.025,98.025,167.0,98.025,58
2025-11-04T18:45:00Z,98.025,98.025,98.025,98.025,0.0,98.025,0
2025-11-04T19:00:00Z,98.025,98.025,98.025,98.025,25.0,98.025,7
2025-11-04T19:15:00Z,98.025,98.025,98.025,98.025,1.0,98.025,1
2025-11-04T19:30:00Z,98.025,98.025,98.025,98.025,55.0,98.025,11
2025-11-04T19:45:00Z,98.025,98.025,98.02,98.02,2035.0,98.025,45
2025-11-04T20:00:00Z,98.02,98.02,98.02,98.02,5.0,98.02,5
2025-11-04T20:15:00Z,98.025,98.025,98.025,98.025,3.0,98.025,2
2025-11-04T20:30:00Z,98.025,98.025,98.025,98.025,2.0,98.025,2
2025-11-04T20:45:00Z,98.025,98.025,98.025,98.025,157.0,98.025,32
2025-11-05T01:00:00Z,98.025,98.03,98.025,98.03,678.0,98.0295,66
2025-11-05T01:15:00Z,98.03,98.035,98.03,98.035,343.0,98.035,20
2025-11-05T01:30:00Z,98.035,98.035,98.035,98.035,1.0,98.035,1
2025-11-05T01:45:00Z,98.035,98.035,98.035,98.035,0.0,98.035,0
2025-11-05T02:00:00Z,98.035,98.035,98.035,98.035,14.0,98.035,3
2025-11-05T02:15:00Z,98.035,98.035,98.035,98.035,0.0,98.035,0
2025-11-05T02:30:00Z,98.035,98.035,98.035,98.035,433.0,98.035,23
2025-11-05T02:45:00Z,98.035,98.035,98.035,98.035,0.0,98.035,0
2025-11-05T03:00:00Z,98.035,98.035,98.035,98.035,0.0,98.035,0
2025-11-05T03:15:00Z,98.03,98.03,98.03,98.03,1.0,98.03,1
2025-11-05T03:30:00Z,98.03,98.03,98.03,98.03,72.0,98.03,15
2025-11-05T03:45:00Z,98.03,98.03,98.03,98.03,16.0,98.03,5
2025-11-05T04:00:00Z,98.03,98.03,98.03,98.03,0.0,98.03,0
2025-11-05T04:15:00Z,98.03,98.03,98.03,98.03,0.0,98.03,0
2025-11-05T04:30:00Z,98.03,98.03,98.03,98.03,9.0,98.03,5
2025-11-05T04:45:00Z,98.03,98.03,98.03,98.03,105.0,98.03,1
2025-11-05T05:00:00Z,98.03,98.03,98.03,98.03,0.0,98.03,0
2025-11-05T05:15:00Z,98.03,98.03,98.03,98.03,0.0,98.03,0
2025-11-05T05:30:00Z,98.03,98.03,98.03,98.03,0.0,98.03,0
2025-11-05T05:45:00Z,98.03,98.03,98.03,98.03,0.0,98.03,0
2025-11-05T06:00:00Z,98.03,98.03,98.03,98.03,75.0,98.03,7
2025-11-05T06:15:00Z,98.03,98.03,98.03,98.03,0.0,98.03,0
2025-11-05T06:30:00Z,98.03,98.03,98.03,98.03,0.0,98.03,0
2025-11-05T06:45:00Z,98.03,98.03,98.03,98.03,7.0,98.03,1
2025-11-05T07:00:00Z,98.03,98.03,98.025,98.03,1083.0,98.03,115
2025-11-05T07:15:00Z,98.035,98.035,98.03,98.03,41.0,98.035,6
2025-11-05T07:30:00Z,98.03,98.035,98.03,98.03,7.0,98.032,7
2025-11-05T07:45:00Z,98.03,98.035,98.03,98.035,39.0,98.0305,26
2025-11-05T08:00:00Z,98.035,98.035,98.03,98.035,204.0,98.0305,24
2025-11-05T08:15:00Z,98.035,98.035,98.03,98.03,331.0,98.033,57
2025-11-05T08:30:00Z,98.03,98.035,98.03,98.035,812.0,98.0315,155
2025-11-05T08:45:00Z,98.03,98.03,98.025,98.025,1134.0,98.028,181
2025-11-05T09:00:00Z,98.025,98.03,98.025,98.03,872.0,98.03,179
2025-11-05T09:15:00Z,98.03,98.03,98.03,98.03,734.0,98.03,61
2025-11-05T09:30:00Z,98.03,98.03,98.03,98.03,240.0,98.03,47
2025-11-05T09:45:00Z,98.03,98.03,98.025,98.025,88.0,98.0255,86
2025-11-05T10:00:00Z,98.03,98.03,98.02,98.02,2429.0,98.025,161
2025-11-05T10:15:00Z,98.02,98.03,98.02,98.025,1250.0,98.025,283
2025-11-05T10:30:00Z,98.025,98.03,98.025,98.03,1592.0,98.03,149
2025-11-05T10:45:00Z,98.03,98.03,98.025,98.03,2712.0,98.03,93
2025-11-05T11:00:00Z,98.035,98.035,98.03,98.03,943.0,98.03,113
2025-11-05T11:15:00Z,98.03,98.035,98.03,98.03,103.0,98.03,43
2025-11-05T11:30:00Z,98.03,98.03,98.03,98.03,521.0,98.03,100
2025-11-05T11:45:00Z,98.03,98.03,98.03,98.03,296.0,98.03,52
2025-11-05T12:00:00Z,98.03,98.03,98.025,98.025,638.0,98.03,61
2025-11-05T12:15:00Z,98.03,98.03,98.03,98.03,1186.0,98.03,75
2025-11-05T12:30:00Z,98.03,98.03,98.03,98.03,97.0,98.03,23
2025-11-05T12:45:00Z,98.03,98.035,98.03,98.03,6003.0,98.03,279
2025-11-05T13:00:00Z,98.03,98.035,98.03,98.03,1610.0,98.03,220
2025-11-05T13:15:00Z,98.03,98.03,98.025,98.03,2698.0,98.0285,277
2025-11-05T13:30:00Z,98.03,98.03,98.025,98.025,1172.0,98.0265,167
2025-11-05T13:45:00Z,98.025,98.03,98.025,98.025,83.0,98.025,54
2025-11-05T14:00:00Z,98.025,98.03,98.025,98.025,115.0,98.0255,64
2025-11-05T14:15:00Z,98.025,98.025,98.02,98.025,1999.0,98.025,197
2025-11-05T14:30:00Z,98.025,98.025,98.025,98.025,498.0,98.025,41
2025-11-05T14:45:00Z,98.02,98.025,98.02,98.02,182.0,98.022,42
2025-11-05T15:00:00Z,98.02,98.02,98.015,98.02,2940.0,98.016,236
2025-11-05T15:15:00Z,98.02,98.02,98.015,98.015,827.0,98.017,107
2025-11-05T15:30:00Z,98.02,98.02,98.01,98.015,656.0,98.015,81
2025-11-05T15:45:00Z,98.015,98.015,98.01,98.015,784.0,98.0145,137
2025-11-05T16:00:00Z,98.015,98.015,98.01,98.01,3315.0,98.01,494
2025-11-05T16:15:00Z,98.01,98.015,98.01,98.01,1637.0,98.013,117
2025-11-05T16:30:00Z,98.01,98.02,98.01,98.01,1957.0,98.014,183
2025-11-05T16:45:00Z,98.01,98.015,98.01,98.015,184.0,98.0105,66
2025-11-05T17:00:00Z,98.015,98.015,98.01,98.01,616.0,98.0115,119
2025-11-05T17:15:00Z,98.01,98.01,98.005,98.01,881.0,98.01,108
2025-11-05T17:30:00Z,98.01,98.01,98.01,98.01,11.0,98.01,1
2025-11-05T17:45:00Z,98.01,98.01,98.01,98.01,139.0,98.01,95
2025-11-05T18:00:00Z,98.01,98.01,98.01,98.01,61.0,98.01,5
2025-11-05T18:15:00Z,98.01,98.01,98.01,98.01,28.0,98.01,3
2025-11-05T18:30:00Z,98.01,98.01,98.01,98.01,0.0,98.01,0
2025-11-05T18:45:00Z,98.01,98.01,98.01,98.01,0.0,98.01,0
2025-11-05T19:00:00Z,98.01,98.01,98.01,98.01,82.0,98.01,21
2025-11-05T19:15:00Z,98.01,98.01,98.01,98.01,51.0,98.01,9
2025-11-05T19:30:00Z,98.01,98.01,98.01,98.01,1718.0,98.01,58
2025-11-05T19:45:00Z,98.01,98.01,98.01,98.01,4.0,98.01,4
2025-11-05T20:00:00Z,98.01,98.015,98.01,98.01,158.0,98.011,22
2025-11-05T20:15:00Z,98.01,98.01,98.01,98.01,524.0,98.01,39
2025-11-05T20:30:00Z,98.01,98.01,98.01,98.01,8.0,98.01,8
2025-11-05T20:45:00Z,98.01,98.015,98.01,98.015,128.0,98.0115,33
2025-11-06T01:15:00Z,98.015,98.015,98.015,98.015,1.0,98.015,1
2025-11-06T01:30:00Z,98.015,98.015,98.015,98.015,0.0,98.015,0
2025-11-06T01:45:00Z,98.015,98.015,98.015,98.015,0.0,98.015,0
2025-11-06T02:00:00Z,98.015,98.015,98.015,98.015,0.0,98.015,0
2025-11-06T02:15:00Z,98.015,98.015,98.015,98.015,23.0,98.015,3
2025-11-06T02:30:00Z,98.015,98.015,98.015,98.015,2.0,98.015,2
2025-11-06T02:45:00Z,98.015,98.015,98.015,98.015,0.0,98.015,0
2025-11-06T03:00:00Z,98.015,98.015,98.015,98.015,0.0,98.015,0
2025-11-06T03:15:00Z,98.015,98.015,98.015,98.015,0.0,98.015,0
2025-11-06T03:30:00Z,98.015,98.015,98.015,98.015,0.0,98.015,0
2025-11-06T03:45:00Z,98.015,98.015,98.015,98.015,0.0,98.015,0
2025-11-06T04:00:00Z,98.015,98.015,98.015,98.015,0.0,98.015,0
2025-11-06T04:15:00Z,98.015,98.015,98.015,98.015,0.0,98.015,0
2025-11-06T04:30:00Z,98.015,98.015,98.015,98.015,0.0,98.015,0
2025-11-06T04:45:00Z,98.015,98.015,98.015,98.015,0.0,98.015,0
2025-11-06T05:00:00Z,98.01,98.01,98.01,98.01,1.0,98.01,1
2025-11-06T05:15:00Z,98.01,98.01,98.01,98.01,0.0,98.01,0
2025-11-06T05:30:00Z,98.01,98.01,98.01,98.01,0.0,98.01,0
2025-11-06T05:45:00Z,98.01,98.01,98.01,98.01,0.0,98.01,0
2025-11-06T06:00:00Z,98.01,98.01,98.01,98.01,0.0,98.01,0
2025-11-06T06:15:00Z,98.01,98.01,98.01,98.01,0.0,98.01,0
2025-11-06T06:30:00Z,98.01,98.01,98.01,98.01,0.0,98.01,0
2025-11-06T06:45:00Z,98.01,98.01,98.01,98.01,1.0,98.01,1
2025-11-06T07:00:00Z,98.015,98.015,98.01,98.015,818.0,98.015,89
2025-11-06T07:15:00Z,98.015,98.015,98.015,98.015,25.0,98.015,5
2025-11-06T07:30:00Z,98.015,98.015,98.01,98.015,1056.0,98.015,64
2025-11-06T07:45:00Z,98.01,98.015,98.01,98.015,1559.0,98.011,88
2025-11-06T08:00:00Z,98.02,98.02,98.015,98.02,1308.0,98.02,142
2025-11-06T08:15:00Z,98.015,98.02,98.015,98.02,1201.0,98.02,86
2025-11-06T08:30:00Z,98.02,98.02,98.02,98.02,1337.0,98.02,117
2025-11-06T08:45:00Z,98.02,98.025,98.02,98.025,2214.0,98.0225,198
2025-11-06T09:00:00Z,98.02,98.02,98.015,98.015,654.0,98.02,94
2025-11-06T09:15:00Z,98.015,98.02,98.015,98.02,108.0,98.017,44
2025-11-06T09:30:00Z,98.015,98.02,98.015,98.015,25.0,98.017,22
2025-11-06T09:45:00Z,98.015,98.02,98.015,98.015,556.0,98.0155,153
2025-11-06T10:00:00Z,98.015,98.02,98.015,98.02,860.0,98.019,160
2025-11-06T10:15:00Z,98.02,98.02,98.02,98.02,422.0,98.02,56
2025-11-06T10:30:00Z,98.015,98.02,98.015,98.015,67.0,98.017,37
2025-11-06T10:45:00Z,98.02,98.02,98.015,98.015,75.0,98.015,60
2025-11-06T11:00:00Z,98.015,98.015,98.015,98.015,59.0,98.015,52
2025-11-06T11:15:00Z,98.015,98.015,98.01,98.015,1091.0,98.015,177
2025-11-06T11:30:00Z,98.015,98.015,98.01,98.015,52.0,98.0145,19
2025-11-06T11:45:00Z,98.01,98.015,98.01,98.015,798.0,98.01,165
2025-11-06T12:00:00Z,98.01,98.015,98.01,98.015,1892.0,98.014,149
2025-11-06T12:15:00Z,98.01,98.01,98.01,98.01,42.0,98.01,21
2025-11-06T12:30:00Z,98.01,98.015,98.01,98.015,525.0,98.0105,139
2025-11-06T12:45:00Z,98.01,98.015,98.01,98.01,134.0,98.0105,92
2025-11-06T13:00:00Z,98.01,98.015,98.01,98.01,168.0,98.0105,97
2025-11-06T13:15:00Z,98.01,98.015,98.01,98.01,171.0,98.0105,116
2025-11-06T13:30:00Z,98.01,98.02,98.01,98.015,613.0,98.0155,135
2025-11-06T13:45:00Z,98.015,98.02,98.015,98.015,110.0,98.0175,60
2025-11-06T14:00:00Z,98.015,98.02,98.015,98.02,2548.0,98.02,188
2025-11-06T14:15:00Z,98.015,98.025,98.015,98.02,4370.0,98.02,270
2025-11-06T14:30:00Z,98.02,98.025,98.015,98.025,1692.0,98.02,303
2025-11-06T14:45:00Z,98.02,98.025,98.02,98.02,544.0,98.023,195
2025-11-06T15:00:00Z,98.02,98.025,98.02,98.025,81.0,98.024,35
2025-11-06T15:15:00Z,98.02,98.02,98.01,98.015,5353.0,98.0155,582
2025-11-06T15:30:00Z,98.015,98.02,98.015,98.02,2445.0,98.0165,180
2025-11-06T15:45:00Z,98.02,98.02,98.015,98.02,395.0,98.019,109
2025-11-06T16:00:00Z,98.02,98.02,98.01,98.015,1984.0,98.015,291
2025-11-06T16:15:00Z,98.015,98.02,98.015,98.02,1350.0,98.019,120
2025-11-06T16:30:00Z,98.02,98.025,98.015,98.025,2692.0,98.017,159
2025-11-06T16:45:00Z,98.025,98.025,98.025,98.025,1888.0,98.025,137
2025-11-06T17:00:00Z,98.025,98.025,98.02,98.02,914.0,98.0245,99
2025-11-06T17:15:00Z,98.02,98.025,98.015,98.015,3010.0,98.02,268
2025-11-06T17:30:00Z,98.015,98.015,98.015,98.015,767.0,98.015,35
2025-11-06T17:45:00Z,98.015,98.015,98.01,98.01,793.0,98.015,38
2025-11-06T18:00:00Z,98.01,98.015,98.01,98.01,825.0,98.015,90
2025-11-06T18:15:00Z,98.01,98.015,98.01,98.015,316.0,98.015,26
2025-11-06T18:30:00Z,98.01,98.01,98.01,98.01,45.0,98.01,15
2025-11-06T18:45:00Z,98.015,98.015,98.01,98.01,89.0,98.01,7
2025-11-06T19:00:00Z,98.01,98.01,98.01,98.01,0.0,98.01,0
2025-11-06T19:15:00Z,98.01,98.01,98.01,98.01,0.0,98.01,0
2025-11-06T19:30:00Z,98.015,98.015,98.01,98.015,159.0,98.0115,25
2025-11-06T19:45:00Z,98.015,98.015,98.01,98.01,71.0,98.01,30
2025-11-06T20:00:00Z,98.01,98.01,98.01,98.01,0.0,98.01,0
2025-11-06T20:15:00Z,98.01,98.015,98.01,98.015,81.0,98.013,20
2025-11-06T20:30:00Z,98.01,98.01,98.01,98.01,3.0,98.01,3
2025-11-06T20:45:00Z,98.01,98.015,98.01,98.015,276.0,98.0145,53
2025-11-07T06:30:00Z,98.01,98.01,98.01,98.01,30.0,98.01,2
2025-11-07T06:45:00Z,98.01,98.01,98.01,98.01,0.0,98.01,0
2025-11-07T07:00:00Z,98.005,98.01,98.005,98.01,11.0,98.006,9
2025-11-07T07:15:00Z,98.01,98.01,98.01,98.01,547.0,98.01,34
2025-11-07T07:30:00Z,98.01,98.01,98.01,98.01,124.0,98.01,37
2025-11-07T07:45:00Z,98.01,98.015,98.01,98.01,595.0,98.01,82
2025-11-07T08:00:00Z,98.01,98.015,98.005,98.005,1117.0,98.01,78
2025-11-07T08:15:00Z,98.005,98.01,98.005,98.01,250.0,98.01,52
2025-11-07T08:30:00Z,98.01,98.015,98.01,98.015,2342.0,98.012,134
2025-11-07T08:45:00Z,98.01,98.015,98.01,98.01,45.0,98.011,24
2025-11-07T09:00:00Z,98.01,98.015,98.01,98.01,112.0,98.0105,63
2025-11-07T09:15:00Z,98.01,98.015,98.01,98.01,74.0,98.0105,33
2025-11-07T09:30:00Z,98.015,98.015,98.01,98.01,412.0,98.0145,83
2025-11-07T09:45:00Z,98.01,98.015,98.01,98.01,120.0,98.01,33
2025-11-07T10:00:00Z,98.01,98.015,98.01,98.01,2181.0,98.01,225
2025-11-07T10:15:00Z,98.01,98.015,98.01,98.015,644.0,98.0115,100
2025-11-07T10:30:00Z,98.01,98.015,98.01,98.01,352.0,98.0115,85
2025-11-07T10:45:00Z,98.01,98.015,98.01,98.01,161.0,98.01,37
2025-11-07T11:00:00Z,98.01,98.02,98.01,98.015,1357.0,98.015,181
2025-11-07T11:15:00Z,98.02,98.02,98.015,98.02,2679.0,98.02,212
2025-11-07T11:30:00Z,98.02,98.025,98.02,98.025,465.0,98.0215,158
2025-11-07T11:45:00Z,98.025,98.025,98.015,98.02,2013.0,98.02,112
2025-11-07T12:00:00Z,98.02,98.02,98.015,98.015,917.0,98.02,53
2025-11-07T12:15:00Z,98.015,98.02,98.015,98.02,371.0,98.02,54
2025-11-07T12:30:00Z,98.02,98.02,98.015,98.02,1268.0,98.02,105
2025-11-07T12:45:00Z,98.02,98.025,98.02,98.025,1564.0,98.0245,199
2025-11-07T13:00:00Z,98.025,98.025,98.02,98.025,810.0,98.025,58
2025-11-07T13:15:00Z,98.02,98.03,98.02,98.03,655.0,98.025,72
2025-11-07T13:30:00Z,98.025,98.025,98.02,98.025,516.0,98.025,45
2025-11-07T13:45:00Z,98.02,98.02,98.015,98.02,410.0,98.0195,67
2025-11-07T14:00:00Z,98.015,98.015,98.01,98.01,3248.0,98.0145,213
2025-11-07T14:15:00Z,98.01,98.015,98.01,98.01,184.0,98.014,73
2025-11-07T14:30:00Z,98.015,98.02,98.015,98.015,3075.0,98.0175,189
2025-11-07T14:45:00Z,98.015,98.015,98.015,98.015,1008.0,98.015,152
2025-11-07T15:00:00Z,98.015,98.02,98.015,98.015,499.0,98.0155,71
2025-11-07T15:15:00Z,98.015,98.02,98.015,98.015,551.0,98.015,71
2025-11-07T15:30:00Z,98.015,98.02,98.015,98.02,625.0,98.015,68
2025-11-07T15:45:00Z,98.015,98.02,98.015,98.015,1055.0,98.02,139
2025-11-07T16:00:00Z,98.02,98.025,98.02,98.025,653.0,98.021,174
2025-11-07T16:15:00Z,98.02,98.025,98.015,98.02,1515.0,98.02,106
2025-11-07T16:30:00Z,98.02,98.02,98.02,98.02,181.0,98.02,36
2025-11-07T16:45:00Z,98.02,98.025,98.02,98.02,1785.0,98.0245,88
2025-11-07T17:00:00Z,98.02,98.03,98.02,98.025,10246.0,98.025,398
2025-11-07T17:15:00Z,98.025,98.03,98.02,98.02,2230.0,98.025,216
2025-11-07T17:30:00Z,98.02,98.03,98.02,98.03,698.0,98.025,124
2025-11-07T17:45:00Z,98.03,98.03,98.03,98.03,208.0,98.03,59
2025-11-07T18:00:00Z,98.03,98.03,98.03,98.03,370.0,98.03,67
2025-11-07T18:15:00Z,98.03,98.03,98.03,98.03,118.0,98.03,21
2025-11-07T18:30:00Z,98.03,98.03,98.03,98.03,152.0,98.03,27
2025-11-07T18:45:00Z,98.03,98.03,98.03,98.03,107.0,98.03,5
2025-11-07T19:00:00Z,98.025,98.03,98.025,98.03,41.0,98.03,18
2025-11-07T19:15:00Z,98.03,98.03,98.03,98.03,0.0,98.03,0
2025-11-07T19:30:00Z,98.025,98.03,98.025,98.025,254.0,98.026,55
2025-11-07T19:45:00Z,98.025,98.03,98.025,98.025,148.0,98.025,16
2025-11-07T20:00:00Z,98.025,98.025,98.02,98.02,507.0,98.025,65
2025-11-07T20:15:00Z,98.025,98.025,98.025,98.025,566.0,98.025,18
2025-11-07T20:30:00Z,98.025,98.025,98.025,98.025,35.0,98.025,2
2025-11-07T20:45:00Z,98.025,98.025,98.02,98.025,578.0,98.0245,124
2025-11-10T01:00:00Z,98.015,98.015,98.015,98.015,582.0,98.015,84
2025-11-10T01:15:00Z,98.015,98.015,98.015,98.015,1.0,98.015,1
2025-11-10T01:30:00Z,98.015,98.015,98.015,98.015,0.0,98.015,0
2025-11-10T01:45:00Z,98.015,98.015,98.015,98.015,0.0,98.015,0
2025-11-10T02:00:00Z,98.01,98.015,98.01,98.015,2.0,98.0125,2
2025-11-10T02:15:00Z,98.015,98.015,98.015,98.015,0.0,98.015,0
2025-11-10T02:30:00Z,98.015,98.015,98.015,98.015,0.0,98.015,0
2025-11-10T02:45:00Z,98.015,98.015,98.015,98.015,0.0,98.015,0
2025-11-10T03:00:00Z,98.015,98.015,98.015,98.015,0.0,98.015,0
2025-11-10T03:15:00Z,98.01,98.01,98.01,98.01,157.0,98.01,39
2025-11-10T03:30:00Z,98.01,98.01,98.01,98.01,737.0,98.01,45
2025-11-10T03:45:00Z,98.01,98.01,98.01,98.01,0.0,98.01,0
2025-11-10T04:00:00Z,98.01,98.01,98.01,98.01,34.0,98.01,15
2025-11-10T04:15:00Z,98.01,98.01,98.01,98.01,0.0,98.01,0
2025-11-10T04:30:00Z,98.01,98.01,98.01,98.01,2.0,98.01,2
2025-11-10T04:45:00Z,98.01,98.01,98.01,98.01,3.0,98.01,3
2025-11-10T05:00:00Z,98.01,98.01,98.01,98.01,0.0,98.01,0
2025-11-10T05:15:00Z,98.01,98.01,98.01,98.01,6.0,98.01,2
2025-11-10T05:30:00Z,98.01,98.01,98.01,98.01,724.0,98.01,58
2025-11-10T05:45:00Z,98.01,98.01,98.01,98.01,10.0,98.01,6
2025-11-10T06:00:00Z,98.01,98.01,98.01,98.01,77.0,98.01,7
2025-11-10T06:15:00Z,98.01,98.01,98.01,98.01,400.0,98.01,7
2025-11-10T06:30:00Z,98.01,98.01,98.01,98.01,0.0,98.01,0
2025-11-10T06:45:00Z,98.01,98.01,98.01,98.01,10.0,98.01,8
2025-11-10T07:00:00Z,98.01,98.01,98.01,98.01,2422.0,98.01,263
2025-11-10T07:15:00Z,98.01,98.015,98.01,98.015,314.0,98.015,80
2025-11-10T07:30:00Z,98.015,98.015,98.015,98.015,635.0,98.015,51
2025-11-10T07:45:00Z,98.015,98.015,98.005,98.005,1284.0,98.01,178
2025-11-10T08:00:00Z,98.005,98.01,98.005,98.01,220.0,98.009,79
2025-11-10T08:15:00Z,98.005,98.005,98.005,98.005,440.0,98.005,108
2025-11-10T08:30:00Z,98.005,98.005,98.005,98.005,635.0,98.005,167
2025-11-10T08:45:00Z,98.005,98.015,98.005,98.01,1108.0,98.01,242
2025-11-10T09:00:00Z,98.015,98.015,98.01,98.01,342.0,98.01,72
2025-11-10T09:15:00Z,98.01,98.015,98.01,98.01,29.0,98.0105,28
2025-11-10T09:30:00Z,98.01,98.015,98.01,98.01,112.0,98.0105,36
2025-11-10T09:45:00Z,98.015,98.015,98.01,98.015,308.0,98.015,60
2025-11-10T10:00:00Z,98.01,98.015,98.01,98.01,169.0,98.0145,52
2025-11-10T10:15:00Z,98.01,98.015,98.01,98.01,116.0,98.0135,66
2025-11-10T10:30:00Z,98.015,98.015,98.01,98.01,132.0,98.0145,34
2025-11-10T10:45:00Z,98.015,98.015,98.01,98.015,524.0,98.015,71
2025-11-10T11:00:00Z,98.015,98.015,98.01,98.015,312.0,98.015,42
2025-11-10T11:15:00Z,98.015,98.015,98.01,98.01,16.0,98.0125,14
2025-11-10T11:30:00Z,98.01,98.015,98.01,98.01,837.0,98.0135,144
2025-11-10T11:45:00Z,98.01,98.01,98.01,98.01,152.0,98.01,27
2025-11-10T12:00:00Z,98.01,98.015,98.01,98.015,356.0,98.0145,213
2025-11-10T12:15:00Z,98.01,98.01,98.01,98.01,18.0,98.01,17
2025-11-10T12:30:00Z,98.01,98.015,98.01,98.01,116.0,98.014,35
2025-11-10T12:45:00Z,98.01,98.015,98.01,98.01,275.0,98.0145,59
2025-11-10T13:00:00Z,98.01,98.015,98.01,98.015,72.0,98.01,23
2025-11-10T13:15:00Z,98.01,98.01,98.01,98.01,491.0,98.01,97
2025-11-10T13:30:00Z,98.01,98.015,98.01,98.01,450.0,98.011,175
2025-11-10T13:45:00Z,98.01,98.015,98.01,98.01,2364.0,98.014,528
2025-11-10T14:00:00Z,98.01,98.015,98.01,98.015,1887.0,98.0115,696
2025-11-10T14:15:00Z,98.015,98.015,98.01,98.01,2009.0,98.0135,442
2025-11-10T14:30:00Z,98.01,98.02,98.01,98.015,1426.0,98.0145,548
2025-11-10T14:45:00Z,98.015,98.02,98.01,98.01,2258.0,98.0155,380
2025-11-10T15:00:00Z,98.015,98.015,98.01,98.01,781.0,98.015,88
2025-11-10T15:15:00Z,98.01,98.015,98.01,98.015,599.0,98.015,103
2025-11-10T15:30:00Z,98.015,98.015,98.01,98.01,634.0,98.013,128
2025-11-10T15:45:00Z,98.01,98.015,98.01,98.01,1231.0,98.0105,302
2025-11-10T16:00:00Z,98.01,98.015,98.01,98.015,1401.0,98.0115,537
2025-11-10T16:15:00Z,98.015,98.015,98.01,98.01,1145.0,98.0115,382
2025-11-10T16:30:00Z,98.01,98.015,98.005,98.01,2868.0,98.01,870
2025-11-10T16:45:00Z,98.01,98.015,98.005,98.01,1556.0,98.01,170
2025-11-10T17:00:00Z,98.005,98.01,98.005,98.005,872.0,98.01,124
2025-11-10T17:15:00Z,98.01,98.01,98.005,98.01,156.0,98.01,62
2025-11-10T17:30:00Z,98.01,98.01,98.005,98.01,156.0,98.0095,21
2025-11-10T17:45:00Z,98.01,98.01,98.005,98.01,66.0,98.007,62
2025-11-10T18:00:00Z,98.005,98.01,98.005,98.005,24.0,98.006,21
2025-11-10T18:15:00Z,98.005,98.005,98.005,98.005,102.0,98.005,40
2025-11-10T18:30:00Z,98.005,98.005,98.005,98.005,4.0,98.005,1
2025-11-10T18:45:00Z,98.005,98.005,98.005,98.005,0.0,98.005,0
2025-11-10T19:00:00Z,98.005,98.005,98.005,98.005,36.0,98.005,21
2025-11-10T19:15:00Z,98.005,98.005,98.005,98.005,0.0,98.005,0
2025-11-10T19:30:00Z,98.005,98.005,98.005,98.005,0.0,98.005,0
2025-11-10T19:45:00Z,98.005,98.005,98.005,98.005,1.0,98.005,1
2025-11-10T20:00:00Z,98.005,98.005,98.005,98.005,37.0,98.005,20
2025-11-10T20:15:00Z,98.005,98.005,98.005,98.005,2.0,98.005,2
2025-11-10T20:30:00Z,98.005,98.005,98.005,98.005,5.0,98.005,5
2025-11-10T20:45:00Z,98.005,98.01,98.005,98.005,95.0,98.0055,49
2025-11-11T01:00:00Z,98.005,98.005,98.005,98.005,828.0,98.005,36
2025-11-11T01:15:00Z,98.005,98.005,98.005,98.005,0.0,98.005,0
2025-11-11T01:30:00Z,98.005,98.005,98.005,98.005,0.0,98.005,0
2025-11-11T01:45:00Z,98.005,98.005,98.0,98.0,5.0,98.004,5
2025-11-11T02:00:00Z,98.0,98.0,98.0,98.0,0.0,98.0,0
2025-11-11T02:15:00Z,98.0,98.0,98.0,98.0,0.0,98.0,0
2025-11-11T02:30:00Z,98.0,98.0,98.0,98.0,0.0,98.0,0
2025-11-11T02:45:00Z,98.0,98.0,98.0,98.0,0.0,98.0,0
2025-11-11T03:00:00Z,98.0,98.0,98.0,98.0,0.0,98.0,0
2025-11-11T03:15:00Z,98.0,98.0,98.0,98.0,0.0,98.0,0
2025-11-11T03:30:00Z,98.0,98.0,98.0,98.0,0.0,98.0,0
2025-11-11T03:45:00Z,98.0,98.0,98.0,98.0,0.0,98.0,0
2025-11-11T04:00:00Z,98.0,98.0,98.0,98.0,0.0,98.0,0
2025-11-11T04:15:00Z,98.0,98.0,98.0,98.0,0.0,98.0,0
2025-11-11T04:30:00Z,98.0,98.0,98.0,98.0,0.0,98.0,0
2025-11-11T04:45:00Z,98.005,98.005,98.005,98.005,4.0,98.005,3
2025-11-11T05:00:00Z,98.005,98.005,98.005,98.005,0.0,98.005,0
2025-11-11T05:15:00Z,98.005,98.005,98.005,98.005,0.0,98.005,0
2025-11-11T05:30:00Z,98.005,98.005,98.005,98.005,0.0,98.005,0
2025-11-11T05:45:00Z,98.005,98.005,98.005,98.005,0.0,98.005,0
2025-11-11T06:00:00Z,98.005,98.005,98.005,98.005,0.0,98.005,0
2025-11-11T06:15:00Z,98.0,98.0,98.0,98.0,1.0,98.0,1
2025-11-11T06:30:00Z,98.005,98.005,98.005,98.005,228.0,98.005,15
2025-11-11T06:45:00Z,98.0,98.0,98.0,98.0,1.0,98.0,1
2025-11-11T07:00:00Z,98.005,98.005,98.0,98.005,2772.0,98.005,208
2025-11-11T07:15:00Z,98.01,98.015,98.01,98.015,2385.0,98.01,122
2025-11-11T07:30:00Z,98.015,98.015,98.005,98.01,1282.0,98.0105,187
2025-11-11T07:45:00Z,98.01,98.015,98.01,98.01,61.0,98.0105,20
2025-11-11T08:00:00Z,98.01,98.015,98.01,98.015,162.0,98.01,57
2025-11-11T08:15:00Z,98.01,98.01,98.005,98.005,1871.0,98.01,181
2025-11-11T08:30:00Z,98.01,98.015,98.01,98.01,207.0,98.01,59
2025-11-11T08:45:00Z,98.01,98.015,98.01,98.01,88.0,98.011,56
2025-11-11T09:00:00Z,98.01,98.015,98.01,98.01,54.0,98.0105,42
2025-11-11T09:15:00Z,98.01,98.01,98.01,98.01,32.0,98.01,26
2025-11-11T09:30:00Z,98.01,98.015,98.01,98.01,713.0,98.01,86
2025-11-11T09:45:00Z,98.01,98.015,98.01,98.015,632.0,98.01,111
2025-11-11T10:00:00Z,98.01,98.015,98.01,98.01,450.0,98.0105,195
2025-11-11T10:15:00Z,98.01,98.015,98.01,98.01,2100.0,98.01,490
2025-11-11T10:30:00Z,98.005,98.005,98.005,98.005,8.0,98.005,8
2025-11-11T10:45:00Z,98.01,98.01,98.01,98.01,3.0,98.01,3
2025-11-11T11:00:00Z,98.01,98.01,98.005,98.005,51.0,98.006,21
2025-11-11T11:15:00Z,98.005,98.01,98.005,98.005,8.0,98.0065,8
2025-11-11T11:30:00Z,98.005,98.01,98.005,98.01,123.0,98.0095,54
2025-11-11T11:45:00Z,98.01,98.01,98.005,98.005,182.0,98.007,84
2025-11-11T12:00:00Z,98.01,98.01,98.005,98.005,242.0,98.01,76
2025-11-11T12:15:00Z,98.01,98.01,98.01,98.01,5.0,98.01,2
2025-11-11T12:30:00Z,98.005,98.01,98.005,98.01,716.0,98.01,136
2025-11-11T12:45:00Z,98.01,98.01,98.005,98.01,1132.0,98.01,428
2025-11-11T13:00:00Z,98.01,98.01,98.005,98.01,1003.0,98.01,463
2025-11-11T13:15:00Z,98.01,98.02,98.005,98.02,3800.0,98.0125,750
2025-11-11T13:30:00Z,98.02,98.02,98.015,98.02,5027.0,98.0155,541
2025-11-11T13:45:00Z,98.02,98.02,98.015,98.02,948.0,98.02,460
2025-11-11T14:00:00Z,98.02,98.02,98.015,98.02,2156.0,98.018,783
2025-11-11T14:15:00Z,98.02,98.02,98.015,98.02,1218.0,98.0195,536
2025-11-11T14:30:00Z,98.02,98.02,98.01,98.015,2725.0,98.0155,446
2025-11-11T14:45:00Z,98.015,98.02,98.01,98.015,751.0,98.015,166
2025-11-11T15:00:00Z,98.015,98.015,98.005,98.015,2885.0,98.0115,510
2025-11-11T15:15:00Z,98.015,98.02,98.01,98.015,2297.0,98.015,318
2025-11-11T15:30:00Z,98.015,98.02,98.015,98.015,387.0,98.015,139
2025-11-11T15:45:00Z,98.015,98.02,98.015,98.015,261.0,98.015,70
2025-11-11T16:00:00Z,98.015,98.02,98.01,98.015,3059.0,98.015,414
2025-11-11T16:15:00Z,98.015,98.015,98.01,98.01,1189.0,98.015,188
2025-11-11T16:30:00Z,98.015,98.015,98.01,98.01,152.0,98.015,37
2025-11-11T16:45:00Z,98.01,98.015,98.01,98.015,68.0,98.012,57
2025-11-11T17:00:00Z,98.015,98.015,98.01,98.01,57.0,98.01,12
2025-11-11T17:15:00Z,98.015,98.015,98.01,98.015,795.0,98.0105,85
2025-11-11T17:30:00Z,98.01,98.01,98.01,98.01,179.0,98.01,38
2025-11-11T17:45:00Z,98.01,98.015,98.01,98.01,92.0,98.0145,33
2025-11-11T18:00:00Z,98.01,98.01,98.01,98.01,2.0,98.01,2
2025-11-11T18:15:00Z,98.01,98.01,98.01,98.01,0.0,98.01,0
2025-11-11T18:30:00Z,98.01,98.01,98.01,98.01,11.0,98.01,6
2025-11-11T18:45:00Z,98.01,98.01,98.01,98.01,57.0,98.01,36
2025-11-11T19:00:00Z,98.01,98.01,98.01,98.01,96.0,98.01,61
2025-11-11T19:15:00Z,98.01,98.01,98.01,98.01,42.0,98.01,32
2025-11-11T19:30:00Z,98.01,98.01,98.01,98.01,94.0,98.01,60
2025-11-11T19:45:00Z,98.01,98.01,98.01,98.01,10.0,98.01,7
2025-11-11T20:00:00Z,98.01,98.01,98.01,98.01,29.0,98.01,19
2025-11-11T20:15:00Z,98.01,98.015,98.01,98.015,53.0,98.0125,27
2025-11-11T20:30:00Z,98.01,98.01,98.01,98.01,61.0,98.01,42
2025-11-11T20:45:00Z,98.01,98.015,98.01,98.015,263.0,98.01,127
2025-11-12T01:00:00Z,98.01,98.01,98.01,98.01,32.0,98.01,2
2025-11-12T01:15:00Z,98.01,98.01,98.01,98.01,0.0,98.01,0
2025-11-12T01:30:00Z,98.005,98.005,98.005,98.005,2.0,98.005,2
2025-11-12T01:45:00Z,98.005,98.005,98.005,98.005,0.0,98.005,0
2025-11-12T02:00:00Z,98.01,98.01,98.01,98.01,39.0,98.01,5
2025-11-12T02:15:00Z,98.01,98.01,98.01,98.01,0.0,98.01,0
2025-11-12T02:30:00Z,98.01,98.01,98.01,98.01,0.0,98.01,0
2025-11-12T02:45:00Z,98.01,98.01,98.01,98.01,0.0,98.01,0
2025-11-12T03:00:00Z,98.01,98.01,98.01,98.01,0.0,98.01,0
2025-11-12T03:15:00Z,98.01,98.01,98.01,98.01,0.0,98.01,0
2025-11-12T03:30:00Z,98.01,98.01,98.01,98.01,0.0,98.01,0
2025-11-12T03:45:00Z,98.01,98.01,98.01,98.01,0.0,98.01,0
2025-11-12T04:00:00Z,98.01,98.01,98.01,98.01,65.0,98.01,5
2025-11-12T04:15:00Z,98.01,98.01,98.01,98.01,0.0,98.01,0
2025-11-12T04:30:00Z,98.01,98.01,98.01,98.01,0.0,98.01,0
2025-11-12T04:45:00Z,98.01,98.01,98.01,98.01,0.0,98.01,0
2025-11-12T05:00:00Z,98.01,98.01,98.01,98.01,0.0,98.01,0
2025-11-12T05:15:00Z,98.01,98.01,98.01,98.01,0.0,98.01,0
2025-11-12T05:30:00Z,98.01,98.01,98.01,98.01,0.0,98.01,0
2025-11-12T05:45:00Z,98.005,98.005,98.005,98.005,6.0,98.005,3
2025-11-12T06:00:00Z,98.005,98.005,98.005,98.005,0.0,98.005,0
2025-11-12T06:15:00Z,98.005,98.005,98.005,98.005,0.0,98.005,0
2025-11-12T06:30:00Z,98.005,98.005,98.005,98.005,0.0,98.005,0
2025-11-12T06:45:00Z,98.005,98.005,98.005,98.005,0.0,98.005,0
2025-11-12T07:00:00Z,98.01,98.01,98.005,98.005,16.0,98.0055,16
2025-11-12T07:15:00Z,98.005,98.01,98.005,98.005,146.0,98.005,98
2025-11-12T07:30:00Z,98.005,98.005,98.005,98.005,83.0,98.005,83
2025-11-12T07:45:00Z,98.005,98.01,98.005,98.005,548.0,98.005,189
2025-11-12T08:00:00Z,98.005,98.005,98.0,98.0,1124.0,98.004,213
2025-11-12T08:15:00Z,98.0,98.0,97.995,98.0,10088.0,98.0,880
2025-11-12T08:30:00Z,98.0,98.0,98.0,98.0,658.0,98.0,346
2025-11-12T08:45:00Z,98.0,98.0,97.995,98.0,3219.0,98.0,508
2025-11-12T09:00:00Z,98.0,98.0,98.0,98.0,276.0,98.0,120
2025-11-12T09:15:00Z,98.005,98.005,98.0,98.0,400.0,98.0,217
2025-11-12T09:30:00Z,98.0,98.005,98.0,98.0,273.0,98.002,195
2025-11-12T09:45:00Z,98.0,98.005,98.0,98.0,3285.0,98.0,992
2025-11-12T10:00:00Z,98.0,98.0,97.995,98.0,2921.0,98.0,376
2025-11-12T10:15:00Z,98.0,98.005,98.0,98.0,134.0,98.0015,64
2025-11-12T10:30:00Z,98.0,98.005,98.0,98.0,987.0,98.0025,177
2025-11-12T10:45:00Z,98.0,98.005,98.0,98.005,552.0,98.0045,82
2025-11-12T11:00:00Z,98.0,98.005,98.0,98.0,286.0,98.0,129
2025-11-12T11:15:00Z,98.0,98.005,98.0,98.0,361.0,98.003,149
2025-11-12T11:30:00Z,98.0,98.005,97.995,98.0,1733.0,98.0,366
2025-11-12T11:45:00Z,97.995,98.0,97.995,98.0,2882.0,97.9995,356
2025-11-12T12:00:00Z,97.995,98.0,97.995,98.0,1299.0,98.0,183
2025-11-12T12:15:00Z,98.0,98.0,97.995,98.0,582.0,98.0,114
2025-11-12T12:30:00Z,98.0,98.0,98.0,98.0,280.0,98.0,200
2025-11-12T12:45:00Z,98.0,98.005,98.0,98.0,466.0,98.002,258
2025-11-12T13:00:00Z,98.0,98.005,98.0,98.0,643.0,98.004,165
2025-11-12T13:15:00Z,98.0,98.005,98.0,98.0,2037.0,98.0045,300
2025-11-12T13:30:00Z,98.0,98.005,98.0,98.0,970.0,98.0,366
2025-11-12T13:45:00Z,98.0,98.005,98.0,98.0,300.0,98.0,212
2025-11-12T14:00:00Z,98.0,98.01,98.0,98.005,9417.0,98.005,487
2025-11-12T14:15:00Z,98.005,98.01,98.005,98.01,1220.0,98.0095,426
2025-11-12T14:30:00Z,98.01,98.015,98.005,98.005,5032.0,98.01,720
2025-11-12T14:45:00Z,98.005,98.01,98.005,98.005,765.0,98.009,179
2025-11-12T15:00:00Z,98.005,98.01,98.0,98.005,5110.0,98.005,551
2025-11-12T15:15:00Z,98.005,98.01,98.005,98.005,1696.0,98.005,589
2025-11-12T15:30:00Z,98.005,98.01,98.005,98.005,619.0,98.005,417
2025-11-12T15:45:00Z,98.005,98.01,98.005,98.005,564.0,98.0075,309
2025-11-12T16:00:00Z,98.005,98.01,98.005,98.005,1052.0,98.0065,544
2025-11-12T16:15:00Z,98.005,98.01,98.005,98.01,1205.0,98.005,260
2025-11-12T16:30:00Z,98.01,98.01,98.005,98.01,300.0,98.01,76
2025-11-12T16:45:00Z,98.01,98.015,98.005,98.01,4187.0,98.01,444
2025-11-12T17:00:00Z,98.01,98.01,98.005,98.01,663.0,98.0065,127
2025-11-12T17:15:00Z,98.005,98.01,98.005,98.01,44.0,98.0095,15
2025-11-12T17:30:00Z,98.01,98.01,98.005,98.005,75.0,98.0065,15
2025-11-12T17:45:00Z,98.005,98.005,98.005,98.005,126.0,98.005,33
2025-11-12T18:00:00Z,98.005,98.005,98.005,98.005,16.0,98.005,4
2025-11-12T18:15:00Z,98.005,98.005,98.005,98.005,9.0,98.005,4
2025-11-12T18:30:00Z,98.005,98.005,98.005,98.005,0.0,98.005,0
2025-11-12T18:45:00Z,98.005,98.005,98.005,98.005,0.0,98.005,0
2025-11-12T19:00:00Z,98.005,98.005,98.005,98.005,30.0,98.005,16
2025-11-12T19:15:00Z,98.005,98.005,98.005,98.005,0.0,98.005,0
2025-11-12T19:30:00Z,98.005,98.005,98.005,98.005,0.0,98.005,0
2025-11-12T19:45:00Z,98.005,98.005,98.005,98.005,41.0,98.005,14
2025-11-12T20:00:00Z,98.005,98.005,98.005,98.005,0.0,98.005,0
2025-11-12T20:15:00Z,98.005,98.005,98.005,98.005,119.0,98.005,27
2025-11-12T20:30:00Z,98.005,98.005,98.005,98.005,0.0,98.005,0
2025-11-12T20:45:00Z,98.005,98.005,98.005,98.005,37.0,98.005,24
2025-11-13T01:00:00Z,98.005,98.005,98.005,98.005,83.0,98.005,3
2025-11-13T01:15:00Z,98.005,98.005,98.005,98.005,110.0,98.005,9
2025-11-13T01:30:00Z,98.005,98.005,98.005,98.005,0.0,98.005,0
2025-11-13T01:45:00Z,98.0,98.0,98.0,98.0,9.0,98.0,7
2025-11-13T02:00:00Z,98.0,98.0,98.0,98.0,0.0,98.0,0
2025-11-13T02:15:00Z,98.0,98.0,98.0,98.0,0.0,98.0,0
2025-11-13T02:30:00Z,98.0,98.0,98.0,98.0,0.0,98.0,0
2025-11-13T02:45:00Z,98.0,98.0,98.0,98.0,0.0,98.0,0
2025-11-13T03:00:00Z,98.0,98.0,98.0,98.0,541.0,98.0,46
2025-11-13T03:15:00Z,98.0,98.0,98.0,98.0,0.0,98.0,0
2025-11-13T03:30:00Z,98.0,98.0,98.0,98.0,0.0,98.0,0
2025-11-13T03:45:00Z,98.0,98.0,98.0,98.0,0.0,98.0,0
2025-11-13T04:00:00Z,98.0,98.0,98.0,98.0,0.0,98.0,0
2025-11-13T04:15:00Z,98.0,98.0,98.0,98.0,339.0,98.0,10
2025-11-13T04:30:00Z,98.0,98.0,98.0,98.0,0.0,98.0,0
2025-11-13T04:45:00Z,98.0,98.0,98.0,98.0,0.0,98.0,0
2025-11-13T05:00:00Z,98.0,98.0,98.0,98.0,0.0,98.0,0
2025-11-13T05:15:00Z,98.0,98.0,98.0,98.0,0.0,98.0,0
2025-11-13T05:30:00Z,98.0,98.0,97.995,97.995,478.0,98.0,20
2025-11-13T05:45:00Z,97.995,97.995,97.995,97.995,0.0,97.995,0
2025-11-13T06:00:00Z,97.995,97.995,97.995,97.995,0.0,97.995,0
2025-11-13T06:15:00Z,97.995,97.995,97.995,97.995,64.0,97.995,17
2025-11-13T06:30:00Z,97.995,97.995,97.995,97.995,301.0,97.995,32
2025-11-13T06:45:00Z,98.0,98.0,97.995,98.0,2557.0,98.0,131
2025-11-13T07:00:00Z,98.0,98.0,97.995,97.995,648.0,98.0,49
2025-11-13T07:15:00Z,97.995,97.995,97.995,97.995,1.0,97.995,1
2025-11-13T07:30:00Z,98.0,98.0,97.995,97.995,840.0,97.995,119
2025-11-13T07:45:00Z,97.995,97.995,97.995,97.995,3497.0,97.995,244
2025-11-13T08:00:00Z,98.0,98.0,97.995,97.995,1490.0,98.0,136
2025-11-13T08:15:00Z,97.995,98.0,97.995,98.0,2537.0,98.0,341
2025-11-13T08:30:00Z,98.0,98.005,98.0,98.0,478.0,98.003,95
2025-11-13T08:45:00Z,98.0,98.005,97.995,98.005,454.0,98.0,97
2025-11-13T09:00:00Z,98.005,98.005,97.995,98.0,1924.0,98.0005,190
2025-11-13T09:15:00Z,98.0,98.005,98.0,98.005,1481.0,98.0,86
2025-11-13T09:30:00Z,98.005,98.005,98.005,98.005,38.0,98.005,7
2025-11-13T09:45:00Z,98.0,98.0,97.995,97.995,1785.0,98.0,143
2025-11-13T10:00:00Z,97.995,98.0,97.995,97.995,191.0,97.9955,36
2025-11-13T10:15:00Z,97.995,98.0,97.995,97.995,32.0,97.999,10
2025-11-13T10:30:00Z,98.0,98.0,97.995,97.995,578.0,97.995,153
2025-11-13T10:45:00Z,97.995,97.995,97.99,97.995,2428.0,97.995,162
2025-11-13T11:00:00Z,97.995,98.0,97.995,97.995,1289.0,97.995,100
2025-11-13T11:15:00Z,97.99,97.995,97.99,97.995,52.0,97.9945,24
2025-11-13T11:30:00Z,97.99,97.995,97.99,97.99,3631.0,97.99,333
2025-11-13T11:45:00Z,97.99,97.99,97.985,97.99,1542.0,97.99,70
2025-11-13T12:00:00Z,97.99,97.99,97.985,97.99,3559.0,97.99,177
2025-11-13T12:15:00Z,97.985,97.985,97.985,97.985,163.0,97.985,61
2025-11-13T12:30:00Z,97.985,97.99,97.985,97.985,1488.0,97.9855,197
2025-11-13T12:45:00Z,97.985,97.99,97.985,97.99,4329.0,97.99,460
2025-11-13T13:00:00Z,97.99,97.99,97.985,97.985,319.0,97.9895,49
2025-11-13T13:15:00Z,97.985,97.99,97.985,97.985,843.0,97.985,166
2025-11-13T13:30:00Z,97.985,97.99,97.98,97.98,1911.0,97.985,425
2025-11-13T13:45:00Z,97.98,97.985,97.975,97.98,6902.0,97.979,709
2025-11-13T14:00:00Z,97.98,97.98,97.975,97.975,2867.0,97.98,365
2025-11-13T14:15:00Z,97.98,97.98,97.975,97.975,616.0,97.9755,195
2025-11-13T14:30:00Z,97.975,97.985,97.975,97.985,3061.0,97.9815,377
2025-11-13T14:45:00Z,97.985,97.985,97.98,97.98,7194.0,97.983,2095
2025-11-13T15:00:00Z,97.98,97.98,97.975,97.975,5885.0,97.9785,2490
2025-11-13T15:15:00Z,97.975,97.98,97.975,97.98,5080.0,97.978,505
2025-11-13T15:30:00Z,97.98,97.98,97.975,97.975,3545.0,97.98,338
2025-11-13T15:45:00Z,97.975,97.985,97.975,97.98,3234.0,97.98,371
2025-11-13T16:00:00Z,97.98,97.985,97.975,97.98,3551.0,97.9795,417
2025-11-13T16:15:00Z,97.98,97.98,97.975,97.975,1570.0,97.975,444
2025-11-13T16:30:00Z,97.975,97.98,97.975,97.975,815.0,97.9765,375
2025-11-13T16:45:00Z,97.975,97.98,97.975,97.975,938.0,97.9755,427
2025-11-13T17:00:00Z,97.975,97.98,97.975,97.975,4193.0,97.975,298
2025-11-13T17:15:00Z,97.975,97.98,97.975,97.975,182.0,97.976,96
2025-11-13T17:30:00Z,97.975,97.975,97.975,97.975,1005.0,97.975,88
2025-11-13T17:45:00Z,97.975,97.975,97.975,97.975,720.0,97.975,41
2025-11-13T18:00:00Z,97.975,97.975,97.975,97.975,776.0,97.975,58
2025-11-13T18:15:00Z,97.975,97.975,97.975,97.975,135.0,97.975,7
2025-11-13T18:30:00Z,97.975,97.975,97.975,97.975,22.0,97.975,9
2025-11-13T18:45:00Z,97.975,97.975,97.975,97.975,141.0,97.975,34
2025-11-13T19:00:00Z,97.975,97.975,97.975,97.975,12.0,97.975,12
2025-11-13T19:15:00Z,97.975,97.975,97.975,97.975,5.0,97.975,5
2025-11-13T19:30:00Z,97.975,97.975,97.975,97.975,1.0,97.975,1
2025-11-13T19:45:00Z,97.975,97.975,97.975,97.975,1.0,97.975,1
2025-11-13T20:00:00Z,97.975,97.975,97.975,97.975,1437.0,97.975,86
2025-11-13T20:15:00Z,97.975,97.975,97.975,97.975,73.0,97.975,8
2025-11-13T20:30:00Z,97.975,97.975,97.975,97.975,8.0,97.975,5
2025-11-13T20:45:00Z,97.975,97.98,97.975,97.98,442.0,97.975,58
2025-11-14T01:00:00Z,97.975,97.975,97.975,97.975,131.0,97.975,6
2025-11-14T01:15:00Z,97.975,97.975,97.975,97.975,0.0,97.975,0
2025-11-14T01:30:00Z,97.975,97.975,97.975,97.975,0.0,97.975,0
2025-11-14T01:45:00Z,97.975,97.975,97.975,97.975,0.0,97.975,0
2025-11-14T02:00:00Z,97.975,97.975,97.975,97.975,0.0,97.975,0
2025-11-14T02:15:00Z,97.975,97.975,97.975,97.975,0.0,97.975,0
2025-11-14T02:30:00Z,97.975,97.975,97.975,97.975,0.0,97.975,0
2025-11-14T02:45:00Z,97.975,97.975,97.975,97.975,0.0,97.975,0
2025-11-14T03:00:00Z,97.975,97.975,97.975,97.975,0.0,97.975,0
2025-11-14T03:15:00Z,97.975,97.975,97.975,97.975,0.0,97.975,0
2025-11-14T03:30:00Z,97.975,97.975,97.975,97.975,94.0,97.975,15
2025-11-14T03:45:00Z,97.975,97.975,97.975,97.975,0.0,97.975,0
2025-11-14T04:00:00Z,97.975,97.975,97.975,97.975,3.0,97.975,3
2025-11-14T04:15:00Z,97.975,97.975,97.975,97.975,0.0,97.975,0
2025-11-14T04:30:00Z,97.975,97.975,97.975,97.975,0.0,97.975,0
2025-11-14T04:45:00Z,97.975,97.975,97.975,97.975,103.0,97.975,18
2025-11-14T05:00:00Z,97.975,97.975,97.975,97.975,12.0,97.975,6
2025-11-14T05:15:00Z,97.975,97.975,97.975,97.975,203.0,97.975,7
2025-11-14T05:30:00Z,97.975,97.975,97.975,97.975,246.0,97.975,18
2025-11-14T05:45:00Z,97.975,97.975,97.975,97.975,153.0,97.975,21
2025-11-14T06:00:00Z,97.975,97.975,97.975,97.975,1.0,97.975,1
2025-11-14T06:15:00Z,97.975,97.975,97.975,97.975,1.0,97.975,1
2025-11-14T06:30:00Z,97.975,97.975,97.975,97.975,877.0,97.975,36
2025-11-14T06:45:00Z,97.975,97.975,97.975,97.975,2.0,97.975,1
2025-11-14T07:00:00Z,97.97,97.975,97.97,97.97,698.0,97.9705,160
2025-11-14T07:15:00Z,97.97,97.975,97.97,97.975,18.0,97.9715,13
2025-11-14T07:30:00Z,97.97,97.97,97.965,97.97,2027.0,97.9695,250
2025-11-14T07:45:00Z,97.97,97.97,97.965,97.965,3934.0,97.97,288
2025-11-14T08:00:00Z,97.965,97.97,97.965,97.97,3091.0,97.97,261
2025-11-14T08:15:00Z,97.97,97.975,97.97,97.97,7836.0,97.974,329
2025-11-14T08:30:00Z,97.975,97.98,97.97,97.98,1837.0,97.974,319
2025-11-14T08:45:00Z,97.975,97.98,97.97,97.975,3037.0,97.973,244
2025-11-14T09:00:00Z,97.975,97.975,97.97,97.97,2721.0,97.9745,505
2025-11-14T09:15:00Z,97.97,97.975,97.97,97.97,307.0,97.972,144
2025-11-14T09:30:00Z,97.97,97.975,97.97,97.975,3429.0,97.975,423
2025-11-14T09:45:00Z,97.975,97.975,97.97,97.97,1796.0,97.975,334
2025-11-14T10:00:00Z,97.97,97.975,97.97,97.97,435.0,97.9725,124
2025-11-14T10:15:00Z,97.97,97.975,97.97,97.97,325.0,97.971,148
2025-11-14T10:30:00Z,97.97,97.975,97.97,97.97,86.0,97.971,60
2025-11-14T10:45:00Z,97.97,97.975,97.97,97.97,68.0,97.972,61
2025-11-14T11:00:00Z,97.97,97.975,97.97,97.97,1757.0,97.975,286
2025-11-14T11:15:00Z,97.97,97.975,97.97,97.97,3582.0,97.975,199
2025-11-14T11:30:00Z,97.97,97.97,97.97,97.97,48.0,97.97,48
2025-11-14T11:45:00Z,97.97,97.97,97.97,97.97,137.0,97.97,98
2025-11-14T12:00:00Z,97.97,97.98,97.97,97.98,1858.0,97.975,245
2025-11-14T12:15:00Z,97.98,97.98,97.98,97.98,2879.0,97.98,215
2025-11-14T12:30:00Z,97.98,97.985,97.975,97.985,5048.0,97.9815,429
2025-11-14T12:45:00Z,97.985,97.985,97.98,97.98,1519.0,97.9835,137
2025-11-14T13:00:00Z,97.98,97.985,97.975,97.985,1208.0,97.98,270
2025-11-14T13:15:00Z,97.98,97.99,97.98,97.985,2385.0,97.9845,291
2025-11-14T13:30:00Z,97.985,97.985,97.98,97.985,1650.0,97.985,212
2025-11-14T13:45:00Z,97.985,97.985,97.975,97.975,1990.0,97.98,195
2025-11-14T14:00:00Z,97.98,97.98,97.975,97.975,1158.0,97.976,465
2025-11-14T14:15:00Z,97.975,97.98,97.975,97.98,493.0,97.978,300
2025-11-14T14:30:00Z,97.975,97.98,97.975,97.975,2059.0,97.9795,250
2025-11-14T14:45:00Z,97.975,97.975,97.97,97.975,3574.0,97.975,236
2025-11-14T15:00:00Z,97.975,97.975,97.97,97.97,1339.0,97.9735,215
2025-11-14T15:15:00Z,97.975,97.975,97.965,97.965,2987.0,97.9705,586
2025-11-14T15:30:00Z,97.965,97.97,97.965,97.965,1230.0,97.9695,181
2025-11-14T15:45:00Z,97.965,97.97,97.965,97.965,589.0,97.9675,146
2025-11-14T16:00:00Z,97.965,97.97,97.96,97.96,5350.0,97.965,858
2025-11-14T16:15:00Z,97.96,97.965,97.96,97.96,1392.0,97.9645,222
2025-11-14T16:30:00Z,97.96,97.965,97.96,97.96,84.0,97.961,61
2025-11-14T16:45:00Z,97.965,97.965,97.96,97.96,5215.0,97.965,333
2025-11-14T17:00:00Z,97.96,97.965,97.96,97.96,796.0,97.9605,183
2025-11-14T17:15:00Z,97.96,97.96,97.96,97.96,843.0,97.96,170
2025-11-14T17:30:00Z,97.96,97.965,97.96,97.96,571.0,97.964,90
2025-11-14T17:45:00Z,97.96,97.965,97.96,97.96,315.0,97.9605,54
2025-11-14T18:00:00Z,97.96,97.965,97.96,97.96,117.0,97.9635,53
2025-11-14T18:15:00Z,97.96,97.965,97.96,97.96,19.0,97.9605,19
2025-11-14T18:30:00Z,97.96,97.96,97.96,97.96,15.0,97.96,15
2025-11-14T18:45:00Z,97.965,97.965,97.965,97.965,72.0,97.965,22
2025-11-14T19:00:00Z,97.965,97.965,97.965,97.965,0.0,97.965,0
2025-11-14T19:15:00Z,97.965,97.965,97.965,97.965,0.0,97.965,0
2025-11-14T19:30:00Z,97.965,97.965,97.965,97.965,1.0,97.965,1
2025-11-14T19:45:00Z,97.965,97.965,97.965,97.965,0.0,97.965,0
2025-11-14T20:00:00Z,97.965,97.965,97.965,97.965,0.0,97.965,0
2025-11-14T20:15:00Z,97.96,97.965,97.96,97.965,295.0,97.9605,56
2025-11-14T20:30:00Z,97.965,97.965,97.96,97.965,337.0,97.965,24
2025-11-14T20:45:00Z,97.965,97.965,97.96,97.96,1453.0,97.962,80
2025-11-17T01:15:00Z,97.96,97.965,97.96,97.965,115.0,97.9605,33
2025-11-17T01:30:00Z,97.965,97.965,97.96,97.96,34.0,97.9605,3
2025-11-17T01:45:00Z,97.96,97.96,97.96,97.96,0.0,97.96,0
2025-11-17T02:00:00Z,97.96,97.96,97.96,97.96,0.0,97.96,0
2025-11-17T02:15:00Z,97.96,97.96,97.96,97.96,0.0,97.96,0
2025-11-17T02:30:00Z,97.96,97.96,97.96,97.96,0.0,97.96,0
2025-11-17T02:45:00Z,97.96,97.96,97.96,97.96,0.0,97.96,0
2025-11-17T03:00:00Z,97.96,97.96,97.96,97.96,0.0,97.96,0
2025-11-17T03:15:00Z,97.96,97.96,97.96,97.96,0.0,97.96,0
2025-11-17T03:30:00Z,97.96,97.96,97.96,97.96,0.0,97.96,0
2025-11-17T03:45:00Z,97.96,97.96,97.96,97.96,0.0,97.96,0
2025-11-17T04:00:00Z,97.96,97.96,97.96,97.96,0.0,97.96,0
2025-11-17T04:15:00Z,97.96,97.96,97.96,97.96,100.0,97.96,13
2025-11-17T04:30:00Z,97.96,97.96,97.96,97.96,0.0,97.96,0
2025-11-17T04:45:00Z,97.96,97.96,97.96,97.96,1.0,97.96,1
2025-11-17T05:00:00Z,97.96,97.96,97.96,97.96,0.0,97.96,0
2025-11-17T05:15:00Z,97.96,97.96,97.96,97.96,1.0,97.96,1
2025-11-17T05:30:00Z,97.965,97.965,97.965,97.965,28.0,97.965,8
2025-11-17T05:45:00Z,97.965,97.965,97.965,97.965,21.0,97.965,1
2025-11-17T06:00:00Z,97.965,97.965,97.965,97.965,1.0,97.965,1
2025-11-17T06:15:00Z,97.96,97.96,97.96,97.96,1.0,97.96,1
2025-11-17T06:30:00Z,97.965,97.97,97.965,97.965,374.0,97.965,43
2025-11-17T06:45:00Z,97.965,97.97,97.965,97.965,103.0,97.9655,8
2025-11-17T07:00:00Z,97.97,97.97,97.965,97.97,840.0,97.965,79
2025-11-17T07:15:00Z,97.965,97.97,97.96,97.965,2269.0,97.965,256
2025-11-17T07:30:00Z,97.965,97.965,97.96,97.965,976.0,97.965,222
2025-11-17T07:45:00Z,97.965,97.965,97.96,97.965,436.0,97.965,102
2025-11-17T08:00:00Z,97.965,97.97,97.96,97.965,532.0,97.965,129
2025-11-17T08:15:00Z,97.965,97.97,97.965,97.965,165.0,97.9685,49
2025-11-17T08:30:00Z,97.965,97.97,97.965,97.97,2410.0,97.97,357
2025-11-17T08:45:00Z,97.97,97.97,97.97,97.97,709.0,97.97,111
2025-11-17T09:00:00Z,97.97,97.975,97.97,97.97,594.0,97.97,81
2025-11-17T09:15:00Z,97.97,97.975,97.97,97.97,645.0,97.97,132
2025-11-17T09:30:00Z,97.97,97.97,97.96,97.96,5524.0,97.967,393
2025-11-17T09:45:00Z,97.965,97.965,97.96,97.96,917.0,97.9645,133
2025-11-17T10:00:00Z,97.96,97.965,97.96,97.96,1350.0,97.965,202
2025-11-17T10:15:00Z,97.96,97.965,97.96,97.965,484.0,97.965,132
2025-11-17T10:30:00Z,97.965,97.965,97.96,97.96,97.0,97.964,38
2025-11-17T10:45:00Z,97.96,97.96,97.96,97.96,51.0,97.96,36
2025-11-17T11:00:00Z,97.96,97.965,97.96,97.96,1164.0,97.9615,397
2025-11-17T11:15:00Z,97.96,97.96,97.96,97.96,881.0,97.96,350
2025-11-17T11:30:00Z,97.96,97.96,97.955,97.96,3137.0,97.96,430
2025-11-17T11:45:00Z,97.96,97.96,97.955,97.96,1217.0,97.96,267
2025-11-17T12:00:00Z,97.96,97.96,97.96,97.96,366.0,97.96,100
2025-11-17T12:15:00Z,97.96,97.965,97.96,97.96,97.0,97.9605,74
2025-11-17T12:30:00Z,97.96,97.965,97.96,97.96,418.0,97.964,153
2025-11-17T12:45:00Z,97.96,97.965,97.955,97.955,1953.0,97.96,413
2025-11-17T13:00:00Z,97.955,97.96,97.955,97.955,1401.0,97.96,207
2025-11-17T13:15:00Z,97.955,97.96,97.955,97.955,614.0,97.96,88
2025-11-17T13:30:00Z,97.96,97.96,97.955,97.955,295.0,97.957,120
2025-11-17T13:45:00Z,97.955,97.96,97.955,97.955,694.0,97.96,150
2025-11-17T14:00:00Z,97.96,97.96,97.955,97.955,245.0,97.9595,125
2025-11-17T14:15:00Z,97.96,97.96,97.955,97.955,326.0,97.9555,127
2025-11-17T14:30:00Z,97.955,97.96,97.955,97.955,4411.0,97.955,470
2025-11-17T14:45:00Z,97.955,97.955,97.95,97.955,890.0,97.955,139
2025-11-17T15:00:00Z,97.955,97.955,97.95,97.955,1844.0,97.955,227
2025-11-17T15:15:00Z,97.955,97.96,97.95,97.955,2046.0,97.955,218
2025-11-17T15:30:00Z,97.955,97.96,97.95,97.95,1182.0,97.955,156
2025-11-17T15:45:00Z,97.95,97.955,97.95,97.95,968.0,97.9545,97
2025-11-17T16:00:00Z,97.95,97.955,97.95,97.955,1806.0,97.9545,469
2025-11-17T16:15:00Z,97.955,97.955,97.95,97.955,1480.0,97.955,170
2025-11-17T16:30:00Z,97.95,97.955,97.95,97.95,195.0,97.9505,58
2025-11-17T16:45:00Z,97.955,97.955,97.95,97.955,801.0,97.955,79
2025-11-17T17:00:00Z,97.95,97.955,97.95,97.95,1099.0,97.955,127
2025-11-17T17:15:00Z,97.95,97.955,97.95,97.95,364.0,97.954,52
2025-11-17T17:30:00Z,97.95,97.955,97.95,97.95,1502.0,97.9535,152
2025-11-17T17:45:00Z,97.955,97.955,97.95,97.95,282.0,97.9545,33
2025-11-17T18:00:00Z,97.95,97.955,97.95,97.95,181.0,97.9545,42
2025-11-17T18:15:00Z,97.95,97.95,97.95,97.95,0.0,97.95,0
2025-11-17T18:30:00Z,97.955,97.955,97.955,97.955,163.0,97.955,22
2025-11-17T18:45:00Z,97.955,97.955,97.955,97.955,1502.0,97.955,117
2025-11-17T19:00:00Z,97.955,97.955,97.955,97.955,727.0,97.955,37
2025-11-17T19:15:00Z,97.955,97.96,97.955,97.955,81.0,97.957,21
2025-11-17T19:30:00Z,97.955,97.96,97.955,97.955,419.0,97.96,52
2025-11-17T19:45:00Z,97.955,97.96,97.955,97.955,15.0,97.956,15
2025-11-17T20:00:00Z,97.955,97.955,97.955,97.955,10.0,97.955,10
2025-11-17T20:15:00Z,97.96,97.96,97.955,97.96,41.0,97.96,37
2025-11-17T20:30:00Z,97.955,97.96,97.955,97.96,3.0,97.9565,3
2025-11-17T20:45:00Z,97.955,97.96,97.955,97.96,770.0,97.96,67
2025-11-18T01:00:00Z,97.96,97.96,97.955,97.955,59.0,97.959,5
2025-11-18T01:15:00Z,97.955,97.955,97.955,97.955,124.0,97.955,11
2025-11-18T01:30:00Z,97.955,97.955,97.955,97.955,0.0,97.955,0
2025-11-18T01:45:00Z,97.955,97.955,97.955,97.955,0.0,97.955,0
2025-11-18T02:00:00Z,97.955,97.955,97.955,97.955,81.0,97.955,5
2025-11-18T02:15:00Z,97.955,97.955,97.955,97.955,0.0,97.955,0
2025-11-18T02:30:00Z,97.955,97.955,97.955,97.955,0.0,97.955,0
2025-11-18T02:45:00Z,97.96,97.96,97.96,97.96,12.0,97.96,11
2025-11-18T03:00:00Z,97.96,97.96,97.96,97.96,0.0,97.96,0
2025-11-18T03:15:00Z,97.96,97.96,97.96,97.96,47.0,97.96,10
2025-11-18T03:30:00Z,97.96,97.96,97.96,97.96,53.0,97.96,6
2025-11-18T03:45:00Z,97.96,97.96,97.96,97.96,127.0,97.96,4
2025-11-18T04:00:00Z,97.96,97.96,97.96,97.96,124.0,97.96,3
2025-11-18T04:15:00Z,97.965,97.965,97.965,97.965,241.0,97.965,65
2025-11-18T04:30:00Z,97.97,97.97,97.965,97.965,30.0,97.965,6
2025-11-18T04:45:00Z,97.965,97.965,97.965,97.965,804.0,97.965,9
2025-11-18T05:00:00Z,97.965,97.965,97.965,97.965,14.0,97.965,3
2025-11-18T05:15:00Z,97.965,97.965,97.965,97.965,56.0,97.965,7
2025-11-18T05:30:00Z,97.965,97.965,97.965,97.965,2.0,97.965,2
2025-11-18T05:45:00Z,97.965,97.965,97.965,97.965,0.0,97.965,0
2025-11-18T06:00:00Z,97.97,97.97,97.97,97.97,33.0,97.97,13
2025-11-18T06:15:00Z,97.965,97.97,97.965,97.97,1685.0,97.97,26
2025-11-18T06:30:00Z,97.97,97.975,97.97,97.975,814.0,97.9735,85
2025-11-18T06:45:00Z,97.975,97.975,97.975,97.975,536.0,97.975,42
2025-11-18T07:00:00Z,97.98,97.98,97.975,97.975,2501.0,97.975,162
2025-11-18T07:15:00Z,97.975,97.98,97.97,97.97,1497.0,97.974,167
2025-11-18T07:30:00Z,97.965,97.965,97.965,97.965,3.0,97.965,3
2025-11-18T07:45:00Z,97.965,97.97,97.965,97.97,1013.0,97.97,92
2025-11-18T08:00:00Z,97.97,97.975,97.97,97.97,1219.0,97.97,184
2025-11-18T08:15:00Z,97.97,97.97,97.965,97.97,1247.0,97.97,188
2025-11-18T08:30:00Z,97.97,97.975,97.965,97.97,2263.0,97.97,223
2025-11-18T08:45:00Z,97.97,97.975,97.965,97.97,703.0,97.97,96
2025-11-18T09:00:00Z,97.975,97.975,97.97,97.97,196.0,97.9745,56
2025-11-18T09:15:00Z,97.97,97.975,97.97,97.97,104.0,97.97,65
2025-11-18T09:30:00Z,97.97,97.98,97.97,97.975,780.0,97.975,96
2025-11-18T09:45:00Z,97.975,97.98,97.975,97.98,747.0,97.98,93
2025-11-18T10:00:00Z,97.98,97.98,97.975,97.98,7961.0,97.98,391
2025-11-18T10:15:00Z,97.98,97.98,97.98,97.98,1402.0,97.98,131
2025-11-18T10:30:00Z,97.98,97.98,97.975,97.975,1479.0,97.98,72
2025-11-18T10:45:00Z,97.975,97.98,97.975,97.975,76.0,97.978,42
2025-11-18T11:00:00Z,97.98,97.98,97.975,97.975,1035.0,97.98,102
2025-11-18T11:15:00Z,97.975,97.98,97.975,97.98,88.0,97.979,60
2025-11-18T11:30:00Z,97.98,97.98,97.975,97.98,155.0,97.98,92
2025-11-18T11:45:00Z,97.98,97.98,97.975,97.98,4237.0,97.98,319
2025-11-18T12:00:00Z,97.98,97.98,97.975,97.98,311.0,97.98,113
2025-11-18T12:15:00Z,97.98,97.98,97.975,97.98,570.0,97.98,109
2025-11-18T12:30:00Z,97.98,97.98,97.975,97.98,3901.0,97.98,369
2025-11-18T12:45:00Z,97.98,97.985,97.98,97.985,694.0,97.98,117
2025-11-18T13:00:00Z,97.985,97.985,97.98,97.98,4818.0,97.9805,376
2025-11-18T13:15:00Z,97.98,97.985,97.98,97.985,660.0,97.982,99
2025-11-18T13:30:00Z,97.985,97.99,97.98,97.985,2316.0,97.985,177
2025-11-18T13:45:00Z,97.985,97.985,97.98,97.985,157.0,97.982,59
2025-11-18T14:00:00Z,97.985,97.985,97.98,97.985,460.0,97.985,117
2025-11-18T14:15:00Z,97.985,97.985,97.98,97.985,876.0,97.9845,154
2025-11-18T14:30:00Z,97.985,97.985,97.98,97.98,506.0,97.9845,92
2025-11-18T14:45:00Z,97.985,97.99,97.98,97.985,6170.0,97.985,535
2025-11-18T15:00:00Z,97.985,97.99,97.98,97.985,4056.0,97.986,462
2025-11-18T15:15:00Z,97.985,97.985,97.98,97.985,486.0,97.985,52
2025-11-18T15:30:00Z,97.985,97.985,97.98,97.985,8216.0,97.985,470
2025-11-18T15:45:00Z,97.985,97.99,97.98,97.985,2680.0,97.9855,107
2025-11-18T16:00:00Z,97.985,97.985,97.975,97.975,6132.0,97.981,1433
2025-11-18T16:15:00Z,97.975,97.98,97.975,97.98,1444.0,97.979,233
2025-11-18T16:30:00Z,97.98,97.98,97.975,97.975,4112.0,97.975,285
2025-11-18T16:45:00Z,97.98,97.98,97.975,97.98,94.0,97.978,34
2025-11-18T17:00:00Z,97.98,97.98,97.975,97.98,583.0,97.9755,54
2025-11-18T17:15:00Z,97.98,97.98,97.97,97.975,1303.0,97.975,104
2025-11-18T17:30:00Z,97.975,97.975,97.975,97.975,396.0,97.975,15
2025-11-18T17:45:00Z,97.975,97.975,97.97,97.97,152.0,97.9745,76
2025-11-18T18:00:00Z,97.97,97.97,97.97,97.97,303.0,97.97,44
2025-11-18T18:15:00Z,97.975,97.975,97.97,97.975,259.0,97.973,59
2025-11-18T18:30:00Z,97.975,97.975,97.97,97.97,116.0,97.975,28
2025-11-18T18:45:00Z,97.975,97.975,97.975,97.975,105.0,97.975,31
2025-11-18T19:00:00Z,97.975,97.975,97.975,97.975,50.0,97.975,11
2025-11-18T19:15:00Z,97.975,97.975,97.975,97.975,44.0,97.975,15
2025-11-18T19:30:00Z,97.975,97.975,97.975,97.975,694.0,97.975,64
2025-11-18T19:45:00Z,97.975,97.975,97.975,97.975,0.0,97.975,0
2025-11-18T20:00:00Z,97.975,97.975,97.975,97.975,0.0,97.975,0
2025-11-18T20:15:00Z,97.975,97.975,97.975,97.975,0.0,97.975,0
2025-11-18T20:30:00Z,97.975,97.975,97.975,97.975,0.0,97.975,0
2025-11-18T20:45:00Z,97.98,97.98,97.98,97.98,11.0,97.98,7
2025-11-19T04:15:00Z,97.98,97.98,97.98,97.98,48.0,97.98,3
2025-11-19T04:30:00Z,97.98,97.98,97.98,97.98,55.0,97.98,1
2025-11-19T04:45:00Z,97.98,97.98,97.98,97.98,0.0,97.98,0
2025-11-19T05:00:00Z,97.98,97.98,97.98,97.98,0.0,97.98,0
2025-11-19T05:15:00Z,97.98,97.98,97.98,97.98,28.0,97.98,4
2025-11-19T05:30:00Z,97.98,97.98,97.98,97.98,0.0,97.98,0
2025-11-19T05:45:00Z,97.985,97.985,97.98,97.98,104.0,97.98,6
2025-11-19T06:00:00Z,97.98,97.98,97.98,97.98,0.0,97.98,0
2025-11-19T06:15:00Z,97.98,97.98,97.98,97.98,73.0,97.98,7
2025-11-19T06:30:00Z,97.98,97.98,97.98,97.98,0.0,97.98,0
2025-11-19T06:45:00Z,97.98,97.98,97.98,97.98,136.0,97.98,4
2025-11-19T07:00:00Z,97.985,97.985,97.98,97.985,1253.0,97.98,91
2025-11-19T07:15:00Z,97.98,97.98,97.98,97.98,144.0,97.98,36
2025-11-19T07:30:00Z,97.98,97.985,97.98,97.985,79.0,97.9825,40
2025-11-19T07:45:00Z,97.98,97.985,97.98,97.985,41.0,97.981,24
2025-11-19T08:00:00Z,97.985,97.985,97.985,97.985,877.0,97.985,81
2025-11-19T08:15:00Z,97.98,97.985,97.98,97.98,3044.0,97.98,238
2025-11-19T08:30:00Z,97.98,97.985,97.98,97.98,622.0,97.98,109
2025-11-19T08:45:00Z,97.98,97.985,97.98,97.98,113.0,97.9825,83
2025-11-19T09:00:00Z,97.98,97.985,97.98,97.98,2206.0,97.985,436
2025-11-19T09:15:00Z,97.98,97.985,97.98,97.985,532.0,97.9845,118
2025-11-19T09:30:00Z,97.98,97.985,97.98,97.985,3117.0,97.985,196
2025-11-19T09:45:00Z,97.985,97.99,97.985,97.985,623.0,97.9855,136
2025-11-19T10:00:00Z,97.99,97.99,97.985,97.985,1616.0,97.985,209
2025-11-19T10:15:00Z,97.985,97.99,97.985,97.99,424.0,97.9855,100
2025-11-19T10:30:00Z,97.99,97.99,97.985,97.985,2275.0,97.9855,188
2025-11-19T10:45:00Z,97.985,97.985,97.98,97.985,2029.0,97.985,92
2025-11-19T11:00:00Z,97.985,97.99,97.985,97.99,78.0,97.986,24
2025-11-19T11:15:00Z,97.99,97.99,97.985,97.99,376.0,97.9865,101
2025-11-19T11:30:00Z,97.99,97.99,97.985,97.99,226.0,97.9885,126
2025-11-19T11:45:00Z,97.99,97.995,97.985,97.995,7303.0,97.99,273
2025-11-19T12:00:00Z,97.995,97.995,97.99,97.99,137.0,97.992,83
2025-11-19T12:15:00Z,97.99,97.995,97.99,97.995,2043.0,97.99,161
2025-11-19T12:30:00Z,97.995,97.995,97.99,97.99,282.0,97.994,70
2025-11-19T12:45:00Z,97.99,97.995,97.99,97.99,4344.0,97.9945,430
2025-11-19T13:00:00Z,97.995,97.995,97.99,97.995,166.0,97.9945,44
2025-11-19T13:15:00Z,97.99,97.995,97.99,97.995,149.0,97.995,35
2025-11-19T13:30:00Z,97.995,97.995,97.99,97.995,3638.0,97.995,249
2025-11-19T13:45:00Z,98.0,98.0,97.995,97.995,275.0,97.996,65
2025-11-19T14:00:00Z,97.995,97.995,97.995,97.995,838.0,97.995,125
2025-11-19T14:15:00Z,97.995,98.0,97.995,98.0,333.0,97.998,83
2025-11-19T14:30:00Z,97.995,98.0,97.995,98.0,1554.0,98.0,130
2025-11-19T14:45:00Z,97.995,98.0,97.99,97.99,2043.0,97.995,71
2025-11-19T15:00:00Z,97.99,97.99,97.99,97.99,7735.0,97.99,597
2025-11-19T15:15:00Z,97.99,97.995,97.99,97.99,1729.0,97.99,117
2025-11-19T15:30:00Z,97.99,97.99,97.985,97.99,232.0,97.989,48
2025-11-19T15:45:00Z,97.99,97.99,97.985,97.99,1488.0,97.989,183
2025-11-19T16:00:00Z,97.99,97.99,97.985,97.985,1670.0,97.986,483
2025-11-19T16:15:00Z,97.99,97.99,97.98,97.99,4885.0,97.9855,527
2025-11-19T16:30:00Z,97.99,97.99,97.985,97.985,691.0,97.99,113
2025-11-19T16:45:00Z,97.99,97.99,97.985,97.985,337.0,97.9895,58
2025-11-19T17:00:00Z,97.985,97.985,97.985,97.985,2209.0,97.985,285
2025-11-19T17:15:00Z,97.985,97.985,97.98,97.985,3022.0,97.982,397
2025-11-19T17:30:00Z,97.985,97.985,97.985,97.985,782.0,97.985,43
2025-11-19T17:45:00Z,97.985,97.985,97.98,97.98,1034.0,97.983,329
2025-11-19T18:00:00Z,97.98,97.985,97.98,97.98,80.0,97.9805,47
2025-11-19T18:15:00Z,97.98,97.98,97.98,97.98,55.0,97.98,13
2025-11-19T18:30:00Z,97.98,97.98,97.98,97.98,0.0,97.98,0
2025-11-19T18:45:00Z,97.98,97.985,97.98,97.985,101.0,97.9815,26
2025-11-19T19:00:00Z,97.98,97.98,97.98,97.98,513.0,97.98,24
2025-11-19T19:15:00Z,97.985,97.985,97.985,97.985,62.0,97.985,17
2025-11-19T19:30:00Z,97.985,97.985,97.985,97.985,0.0,97.985,0
2025-11-19T19:45:00Z,97.98,97.98,97.98,97.98,5148.0,97.98,173
2025-11-19T20:00:00Z,97.975,97.98,97.975,97.98,283.0,97.98,28
2025-11-19T20:15:00Z,97.98,97.985,97.98,97.985,202.0,97.9805,19
2025-11-19T20:30:00Z,97.985,97.985,97.985,97.985,0.0,97.985,0
2025-11-19T20:45:00Z,97.98,97.98,97.98,97.98,556.0,97.98,34
2025-11-20T01:00:00Z,97.975,97.975,97.975,97.975,1.0,97.975,1
2025-11-20T01:15:00Z,97.975,97.975,97.975,97.975,0.0,97.975,0
2025-11-20T01:30:00Z,97.975,97.975,97.975,97.975,0.0,97.975,0
2025-11-20T01:45:00Z,97.975,97.975,97.975,97.975,50.0,97.975,20
2025-11-20T02:00:00Z,97.975,97.975,97.975,97.975,0.0,97.975,0
2025-11-20T02:15:00Z,97.975,97.975,97.975,97.975,0.0,97.975,0
2025-11-20T02:30:00Z,97.975,97.975,97.975,97.975,0.0,97.975,0
2025-11-20T02:45:00Z,97.975,97.975,97.975,97.975,24.0,97.975,7
2025-11-20T03:00:00Z,97.975,97.975,97.975,97.975,0.0,97.975,0
2025-11-20T03:15:00Z,97.975,97.975,97.975,97.975,0.0,97.975,0
2025-11-20T03:30:00Z,97.975,97.975,97.975,97.975,1.0,97.975,1
2025-11-20T03:45:00Z,97.975,97.975,97.975,97.975,0.0,97.975,0
2025-11-20T04:00:00Z,97.975,97.975,97.975,97.975,0.0,97.975,0
2025-11-20T04:15:00Z,97.975,97.975,97.975,97.975,0.0,97.975,0
2025-11-20T04:30:00Z,97.975,97.975,97.975,97.975,0.0,97.975,0
2025-11-20T04:45:00Z,97.98,97.98,97.98,97.98,300.0,97.98,69
2025-11-20T05:00:00Z,97.98,97.98,97.98,97.98,0.0,97.98,0
2025-11-20T05:15:00Z,97.975,97.975,97.975,97.975,8.0,97.975,4
2025-11-20T05:30:00Z,97.975,97.975,97.975,97.975,0.0,97.975,0
2025-11-20T05:45:00Z,97.975,97.975,97.975,97.975,0.0,97.975,0
2025-11-20T06:00:00Z,97.975,97.975,97.975,97.975,0.0,97.975,0
2025-11-20T06:15:00Z,97.975,97.975,97.975,97.975,77.0,97.975,12
2025-11-20T06:30:00Z,97.975,97.975,97.975,97.975,8.0,97.975,3
2025-11-20T06:45:00Z,97.975,97.975,97.975,97.975,39.0,97.975,22
2025-11-20T07:00:00Z,97.98,97.98,97.975,97.98,2865.0,97.98,241
2025-11-20T07:15:00Z,97.98,97.98,97.98,97.98,2053.0,97.98,127
2025-11-20T07:30:00Z,97.98,97.985,97.98,97.98,14.0,97.9805,12
2025-11-20T07:45:00Z,97.98,97.98,97.98,97.98,1350.0,97.98,132
2025-11-20T08:00:00Z,97.98,97.985,97.98,97.985,158.0,97.984,40
2025-11-20T08:15:00Z,97.98,97.985,97.98,97.98,256.0,97.98,71
2025-11-20T08:30:00Z,97.98,97.985,97.98,97.98,182.0,97.98,104
2025-11-20T08:45:00Z,97.98,97.98,97.975,97.98,6909.0,97.98,308
2025-11-20T09:00:00Z,97.975,97.98,97.975,97.98,1242.0,97.98,128
2025-11-20T09:15:00Z,97.98,97.98,97.975,97.98,37.0,97.979,16
2025-11-20T09:30:00Z,97.975,97.98,97.975,97.975,196.0,97.9765,64
2025-11-20T09:45:00Z,97.975,97.98,97.975,97.975,561.0,97.979,100
2025-11-20T10:00:00Z,97.98,97.98,97.975,97.98,4297.0,97.98,198
2025-11-20T10:15:00Z,97.98,97.98,97.98,97.98,9.0,97.98,8
2025-11-20T10:30:00Z,97.98,97.98,97.975,97.975,163.0,97.975,52
2025-11-20T10:45:00Z,97.98,97.98,97.975,97.975,88.0,97.9765,41
2025-11-20T11:00:00Z,97.975,97.98,97.975,97.975,272.0,97.9755,66
2025-11-20T11:15:00Z,97.975,97.98,97.975,97.975,1347.0,97.975,410
2025-11-20T11:30:00Z,97.98,97.98,97.97,97.975,2546.0,97.975,191
2025-11-20T11:45:00Z,97.975,97.975,97.97,97.975,216.0,97.9745,70
2025-11-20T12:00:00Z,97.97,97.975,97.97,97.975,2588.0,97.975,113
2025-11-20T12:15:00Z,97.975,97.975,97.97,97.975,4251.0,97.975,248
2025-11-20T12:30:00Z,97.975,97.975,97.975,97.975,957.0,97.975,263
2025-11-20T12:45:00Z,97.975,97.975,97.97,97.975,2073.0,97.974,459
2025-11-20T13:00:00Z,97.975,97.975,97.97,97.975,867.0,97.975,209
2025-11-20T13:15:00Z,97.975,97.98,97.975,97.975,5498.0,97.975,284
2025-11-20T13:30:00Z,97.975,97.985,97.97,97.985,8679.0,97.9835,503
2025-11-20T13:45:00Z,97.985,97.99,97.98,97.99,1900.0,97.984,368
2025-11-20T14:00:00Z,97.99,97.99,97.98,97.98,1868.0,97.985,324
2025-11-20T14:15:00Z,97.98,97.985,97.98,97.985,2414.0,97.9845,203
2025-11-20T14:30:00Z,97.99,97.99,97.99,97.99,1461.0,97.99,101
2025-11-20T14:45:00Z,97.99,97.99,97.99,97.99,1136.0,97.99,90
2025-11-20T15:00:00Z,97.99,97.99,97.985,97.99,559.0,97.99,108
2025-11-20T15:15:00Z,97.99,97.99,97.99,97.99,266.0,97.99,41
2025-11-20T15:30:00Z,97.99,97.99,97.98,97.985,4291.0,97.985,469
2025-11-20T15:45:00Z,97.985,97.985,97.98,97.985,848.0,97.985,66
2025-11-20T16:00:00Z,97.985,97.99,97.985,97.985,5131.0,97.99,380
2025-11-20T16:15:00Z,97.99,97.99,97.98,97.98,2902.0,97.9855,202
2025-11-20T16:30:00Z,97.98,97.985,97.98,97.985,1474.0,97.985,166
2025-11-20T16:45:00Z,97.985,97.99,97.985,97.99,2748.0,97.985,424
2025-11-20T17:00:00Z,97.99,97.99,97.99,97.99,645.0,97.99,83
2025-11-20T17:15:00Z,97.995,97.995,97.99,97.995,2022.0,97.995,149
2025-11-20T17:30:00Z,97.99,97.99,97.985,97.99,1406.0,97.99,137
2025-11-20T17:45:00Z,97.995,97.995,97.99,97.99,202.0,97.991,73
2025-11-20T18:00:00Z,97.99,97.99,97.985,97.985,150.0,97.986,36
2025-11-20T18:15:00Z,97.985,97.99,97.985,97.99,653.0,97.985,18
2025-11-20T18:30:00Z,97.99,97.995,97.985,97.99,912.0,97.99,56
2025-11-20T18:45:00Z,97.99,97.99,97.99,97.99,53.0,97.99,15
2025-11-20T19:00:00Z,97.995,97.995,97.99,97.99,51.0,97.9905,7
2025-11-20T19:15:00Z,97.985,97.985,97.985,97.985,7.0,97.985,3
2025-11-20T19:30:00Z,97.985,97.985,97.985,97.985,0.0,97.985,0
2025-11-20T19:45:00Z,97.985,97.985,97.985,97.985,9.0,97.985,5
2025-11-20T20:00:00Z,97.985,97.985,97.985,97.985,1.0,97.985,1
2025-11-20T20:15:00Z,97.99,97.99,97.99,97.99,3.0,97.99,3
2025-11-20T20:30:00Z,97.99,97.99,97.99,97.99,4.0,97.99,4
2025-11-20T20:45:00Z,97.985,97.99,97.985,97.99,240.0,97.9885,35
2025-11-21T01:00:00Z,97.99,97.99,97.99,97.99,35.0,97.99,10
2025-11-21T01:15:00Z,97.99,97.99,97.99,97.99,2.0,97.99,2
2025-11-21T01:30:00Z,97.99,97.99,97.99,97.99,50.0,97.99,6
2025-11-21T01:45:00Z,97.99,97.99,97.99,97.99,0.0,97.99,0
2025-11-21T02:00:00Z,97.99,97.99,97.99,97.99,12.0,97.99,1
2025-11-21T02:15:00Z,97.99,97.99,97.99,97.99,1.0,97.99,1
2025-11-21T02:30:00Z,97.99,97.99,97.99,97.99,0.0,97.99,0
2025-11-21T02:45:00Z,97.99,97.99,97.99,97.99,0.0,97.99,0
2025-11-21T03:00:00Z,97.99,97.99,97.99,97.99,0.0,97.99,0
2025-11-21T03:15:00Z,97.99,97.99,97.99,97.99,0.0,97.99,0
2025-11-21T03:30:00Z,97.99,97.99,97.99,97.99,0.0,97.99,0
2025-11-21T03:45:00Z,97.99,97.99,97.99,97.99,0.0,97.99,0
2025-11-21T04:00:00Z,97.99,97.99,97.99,97.99,22.0,97.99,1
2025-11-21T04:15:00Z,97.99,97.99,97.99,97.99,0.0,97.99,0
2025-11-21T04:30:00Z,97.99,97.99,97.99,97.99,0.0,97.99,0
2025-11-21T04:45:00Z,97.99,97.99,97.99,97.99,0.0,97.99,0
2025-11-21T05:00:00Z,97.99,97.99,97.99,97.99,0.0,97.99,0
2025-11-21T05:15:00Z,97.99,97.99,97.99,97.99,0.0,97.99,0
2025-11-21T05:30:00Z,97.99,97.99,97.99,97.99,0.0,97.99,0
2025-11-21T05:45:00Z,97.99,97.99,97.99,97.99,0.0,97.99,0
2025-11-21T06:00:00Z,97.99,97.99,97.99,97.99,26.0,97.99,5
2025-11-21T06:15:00Z,97.99,97.99,97.99,97.99,32.0,97.99,3
2025-11-21T06:30:00Z,97.99,97.99,97.99,97.99,12.0,97.99,4
2025-11-21T06:45:00Z,97.99,97.99,97.99,97.99,19.0,97.99,5
2025-11-21T07:00:00Z,97.995,97.995,97.99,97.995,606.0,97.995,246
2025-11-21T07:15:00Z,97.995,97.995,97.995,97.995,2119.0,97.995,119
2025-11-21T07:30:00Z,98.0,98.005,98.0,98.005,707.0,98.001,96
2025-11-21T07:45:00Z,98.005,98.005,98.005,98.005,3041.0,98.005,167
2025-11-21T08:00:00Z,98.005,98.005,98.0,98.0,809.0,98.005,61
2025-11-21T08:15:00Z,98.0,98.0,97.995,97.995,4786.0,98.0,288
2025-11-21T08:30:00Z,98.005,98.01,98.0,98.005,2601.0,98.005,335
2025-11-21T08:45:00Z,98.005,98.01,98.0,98.005,8820.0,98.005,300
2025-11-21T09:00:00Z,98.005,98.01,98.005,98.005,1369.0,98.005,97
2025-11-21T09:15:00Z,98.005,98.01,98.005,98.005,525.0,98.005,34
2025-11-21T09:30:00Z,98.01,98.01,98.005,98.01,4993.0,98.01,443
2025-11-21T09:45:00Z,98.015,98.015,98.015,98.015,7795.0,98.015,253
2025-11-21T10:00:00Z,98.02,98.03,98.015,98.025,10338.0,98.024,696
2025-11-21T10:15:00Z,98.025,98.025,98.025,98.025,4386.0,98.025,247
2025-11-21T10:30:00Z,98.025,98.025,98.02,98.02,6143.0,98.0215,633
2025-11-21T10:45:00Z,98.02,98.025,98.02,98.02,3125.0,98.02,196
2025-11-21T11:00:00Z,98.02,98.02,98.015,98.015,2769.0,98.015,238
2025-11-21T11:15:00Z,98.015,98.015,98.01,98.015,873.0,98.015,88
2025-11-21T11:30:00Z,98.015,98.02,98.01,98.015,2223.0,98.015,199
2025-11-21T11:45:00Z,98.015,98.015,98.015,98.015,2302.0,98.015,127
2025-11-21T12:00:00Z,98.015,98.015,98.01,98.015,1250.0,98.015,109
2025-11-21T12:15:00Z,98.015,98.02,98.015,98.015,875.0,98.015,78
2025-11-21T12:30:00Z,98.02,98.02,98.01,98.015,2602.0,98.018,296
2025-11-21T12:45:00Z,98.015,98.015,98.005,98.01,1996.0,98.0105,147
2025-11-21T13:00:00Z,98.01,98.015,98.01,98.015,200.0,98.0105,75
2025-11-21T13:15:00Z,98.015,98.015,98.01,98.01,584.0,98.0115,147
2025-11-21T13:30:00Z,98.01,98.015,98.01,98.015,948.0,98.015,137
2025-11-21T13:45:00Z,98.015,98.015,98.01,98.015,781.0,98.015,107
2025-11-21T14:00:00Z,98.015,98.015,98.01,98.01,1990.0,98.0125,133
2025-11-21T14:15:00Z,98.01,98.015,98.01,98.015,1216.0,98.015,92
2025-11-21T14:30:00Z,98.015,98.015,98.01,98.015,622.0,98.015,103
2025-11-21T14:45:00Z,98.015,98.02,98.015,98.015,2955.0,98.015,203
2025-11-21T15:00:00Z,98.01,98.015,98.01,98.015,1563.0,98.0145,196
2025-11-21T15:15:00Z,98.015,98.02,98.01,98.015,880.0,98.015,104
2025-11-21T15:30:00Z,98.02,98.02,98.01,98.01,449.0,98.0155,116
2025-11-21T15:45:00Z,98.015,98.015,98.01,98.015,195.0,98.015,32
2025-11-21T16:00:00Z,98.015,98.02,98.01,98.015,5208.0,98.016,472
2025-11-21T16:15:00Z,98.015,98.015,98.01,98.01,2850.0,98.0105,269
2025-11-21T16:30:00Z,98.01,98.01,98.005,98.01,678.0,98.0085,93
2025-11-21T16:45:00Z,98.01,98.01,98.005,98.005,2126.0,98.005,403
2025-11-21T17:00:00Z,98.005,98.005,98.0,98.0,411.0,98.0015,99
2025-11-21T17:15:00Z,98.0,98.005,98.0,98.005,38.0,98.001,36
2025-11-21T17:30:00Z,98.005,98.005,98.0,98.0,18.0,98.0005,18
2025-11-21T17:45:00Z,98.0,98.01,98.0,98.01,1112.0,98.005,245
2025-11-21T18:00:00Z,98.01,98.01,98.01,98.01,100.0,98.01,14
2025-11-21T18:15:00Z,98.01,98.01,98.01,98.01,37.0,98.01,6
2025-11-21T18:30:00Z,98.01,98.01,98.01,98.01,0.0,98.01,0
2025-11-21T18:45:00Z,98.005,98.005,98.005,98.005,392.0,98.005,46
2025-11-21T19:00:00Z,98.005,98.005,98.005,98.005,7.0,98.005,3
2025-11-21T19:15:00Z,98.005,98.005,98.005,98.005,0.0,98.005,0
2025-11-21T19:30:00Z,98.01,98.01,98.005,98.005,99.0,98.0055,34
2025-11-21T19:45:00Z,98.005,98.005,98.005,98.005,0.0,98.005,0
2025-11-21T20:00:00Z,98.005,98.005,98.005,98.005,88.0,98.005,26
2025-11-21T20:15:00Z,98.005,98.005,98.005,98.005,13.0,98.005,1
2025-11-21T20:30:00Z,98.01,98.01,98.01,98.01,1.0,98.01,1
2025-11-21T20:45:00Z,98.01,98.015,98.005,98.015,306.0,98.009,28
2025-11-24T01:00:00Z,98.0,98.01,98.0,98.01,2.0,98.005,2
2025-11-24T01:15:00Z,98.01,98.01,98.01,98.01,0.0,98.01,0
2025-11-24T01:30:00Z,98.01,98.01,98.01,98.01,0.0,98.01,0
2025-11-24T01:45:00Z,98.01,98.01,98.01,98.01,0.0,98.01,0
2025-11-24T02:00:00Z,98.01,98.01,98.01,98.01,2.0,98.01,2
2025-11-24T02:15:00Z,98.01,98.01,98.01,98.01,0.0,98.01,0
2025-11-24T02:30:00Z,98.01,98.01,98.01,98.01,0.0,98.01,0
2025-11-24T02:45:00Z,98.01,98.01,98.01,98.01,0.0,98.01,0
2025-11-24T03:00:00Z,98.01,98.01,98.01,98.01,0.0,98.01,0
2025-11-24T03:15:00Z,98.005,98.005,98.005,98.005,184.0,98.005,16
2025-11-24T03:30:00Z,98.005,98.005,98.005,98.005,0.0,98.005,0
2025-11-24T03:45:00Z,98.005,98.005,98.005,98.005,0.0,98.005,0
2025-11-24T04:00:00Z,98.005,98.005,98.005,98.005,0.0,98.005,0
2025-11-24T04:15:00Z,98.005,98.005,98.005,98.005,0.0,98.005,0
2025-11-24T04:30:00Z,98.005,98.005,98.005,98.005,0.0,98.005,0
2025-11-24T04:45:00Z,98.005,98.005,98.005,98.005,0.0,98.005,0
2025-11-24T05:00:00Z,98.005,98.005,98.005,98.005,0.0,98.005,0
2025-11-24T05:15:00Z,98.005,98.005,98.005,98.005,118.0,98.005,22
2025-11-24T05:30:00Z,98.005,98.005,98.005,98.005,9.0,98.005,3
2025-11-24T05:45:00Z,98.005,98.005,98.005,98.005,0.0,98.005,0
2025-11-24T06:00:00Z,98.005,98.005,98.005,98.005,0.0,98.005,0
2025-11-24T06:15:00Z,98.005,98.005,98.005,98.005,188.0,98.005,13
2025-11-24T06:30:00Z,98.005,98.005,98.005,98.005,0.0,98.005,0
2025-11-24T06:45:00Z,98.005,98.005,98.005,98.005,1.0,98.005,1
2025-11-24T07:00:00Z,98.005,98.015,98.0,98.01,2622.0,98.007,165
2025-11-24T07:15:00Z,98.005,98.01,98.005,98.005,578.0,98.0055,90
2025-11-24T07:30:00Z,98.005,98.005,98.0,98.005,104.0,98.005,39
2025-11-24T07:45:00Z,98.005,98.01,98.005,98.01,202.0,98.006,60
2025-11-24T08:00:00Z,98.01,98.015,98.01,98.01,999.0,98.01,177
2025-11-24T08:15:00Z,98.01,98.015,98.01,98.01,644.0,98.01,78
2025-11-24T08:30:00Z,98.01,98.015,98.01,98.015,323.0,98.01,65
2025-11-24T08:45:00Z,98.01,98.015,98.01,98.01,1224.0,98.01,190
2025-11-24T09:00:00Z,98.01,98.015,98.01,98.01,874.0,98.01,100
2025-11-24T09:15:00Z,98.01,98.015,98.01,98.01,87.0,98.0105,19
2025-11-24T09:30:00Z,98.015,98.015,98.01,98.015,53.0,98.011,39
2025-11-24T09:45:00Z,98.01,98.015,98.01,98.01,836.0,98.012,168
2025-11-24T10:00:00Z,98.01,98.01,98.005,98.01,98.0,98.0055,24
2025-11-24T10:15:00Z,98.005,98.01,98.005,98.01,31.0,98.0065,13
2025-11-24T10:30:00Z,98.01,98.01,98.0,98.0,1753.0,98.005,432
2025-11-24T10:45:00Z,98.005,98.005,98.0,98.005,143.0,98.005,42
2025-11-24T11:00:00Z,98.005,98.005,98.005,98.005,1285.0,98.005,84
2025-11-24T11:15:00Z,98.005,98.005,98.0,98.005,92.0,98.0005,24
2025-11-24T11:30:00Z,98.005,98.005,98.005,98.005,3.0,98.005,3
2025-11-24T11:45:00Z,98.0,98.005,97.995,98.0,7274.0,98.0,362
2025-11-24T12:00:00Z,98.0,98.005,97.995,98.0,1641.0,98.0,161
2025-11-24T12:15:00Z,98.0,98.005,98.0,98.0,218.0,98.0,25
2025-11-24T12:30:00Z,98.0,98.005,98.0,98.0,336.0,98.0,65
2025-11-24T12:45:00Z,98.0,98.0,97.995,97.995,483.0,98.0,29
2025-11-24T13:00:00Z,97.995,98.0,97.985,97.99,14784.0,97.9905,584
2025-11-24T13:15:00Z,97.995,97.995,97.99,97.99,956.0,97.99,179
2025-11-24T13:30:00Z,97.99,97.995,97.99,97.995,590.0,97.991,102
2025-11-24T13:45:00Z,97.99,98.0,97.99,98.0,2277.0,97.995,469
2025-11-24T14:00:00Z,98.0,98.0,97.995,98.0,1751.0,97.9995,434
2025-11-24T14:15:00Z,98.0,98.005,97.995,98.0,1908.0,98.0,300
2025-11-24T14:30:00Z,98.0,98.0,97.995,98.0,1452.0,98.0,237
2025-11-24T14:45:00Z,98.0,98.0,97.995,98.0,2094.0,98.0,372
2025-11-24T15:00:00Z,98.0,98.0,97.995,98.0,1971.0,98.0,356
2025-11-24T15:15:00Z,98.0,98.0,97.995,98.0,829.0,98.0,129
2025-11-24T15:30:00Z,98.0,98.0,98.0,98.0,2396.0,98.0,238
2025-11-24T15:45:00Z,98.0,98.005,97.995,98.005,371.0,98.0005,115
2025-11-24T16:00:00Z,98.005,98.005,98.0,98.005,1394.0,98.003,685
2025-11-24T16:15:00Z,98.005,98.005,98.0,98.005,926.0,98.005,439
2025-11-24T16:30:00Z,98.005,98.01,98.005,98.005,4775.0,98.005,364
2025-11-24T16:45:00Z,98.005,98.01,98.0,98.01,1463.0,98.005,244
2025-11-24T17:00:00Z,98.005,98.01,98.005,98.005,986.0,98.005,133
2025-11-24T17:15:00Z,98.005,98.01,98.005,98.005,331.0,98.005,36
2025-11-24T17:30:00Z,98.005,98.01,98.005,98.005,68.0,98.0075,30
2025-11-24T17:45:00Z,98.005,98.01,98.005,98.01,386.0,98.01,71
2025-11-24T18:00:00Z,98.005,98.01,98.005,98.005,333.0,98.0055,46
2025-11-24T18:15:00Z,98.005,98.01,98.005,98.005,605.0,98.005,51
2025-11-24T18:30:00Z,98.005,98.005,98.005,98.005,0.0,98.005,0
2025-11-24T18:45:00Z,98.005,98.005,98.005,98.005,0.0,98.005,0
2025-11-24T19:00:00Z,98.005,98.005,98.005,98.005,76.0,98.005,76
2025-11-24T19:15:00Z,98.005,98.005,98.005,98.005,7.0,98.005,1
2025-11-24T19:30:00Z,98.005,98.005,98.005,98.005,0.0,98.005,0
2025-11-24T19:45:00Z,98.005,98.005,98.005,98.005,0.0,98.005,0
2025-11-24T20:00:00Z,98.005,98.005,98.005,98.005,1.0,98.005,1
2025-11-24T20:15:00Z,98.005,98.005,98.005,98.005,12.0,98.005,7
2025-11-24T20:30:00Z,98.005,98.01,98.005,98.01,5.0,98.009,5
2025-11-24T20:45:00Z,98.01,98.01,98.005,98.005,309.0,98.0085,87
2025-11-25T01:00:00Z,98.005,98.005,98.005,98.005,368.0,98.005,26
2025-11-25T01:15:00Z,98.005,98.005,98.0,98.0,106.0,98.005,19
2025-11-25T01:30:00Z,98.0,98.0,98.0,98.0,0.0,98.0,0
2025-11-25T01:45:00Z,98.0,98.0,98.0,98.0,0.0,98.0,0
2025-11-25T02:00:00Z,98.0,98.0,98.0,98.0,1.0,98.0,1
2025-11-25T02:15:00Z,98.0,98.0,98.0,98.0,0.0,98.0,0
2025-11-25T02:30:00Z,98.0,98.0,98.0,98.0,0.0,98.0,0
2025-11-25T02:45:00Z,98.0,98.0,98.0,98.0,0.0,98.0,0
2025-11-25T03:00:00Z,98.0,98.0,98.0,98.0,0.0,98.0,0
2025-11-25T03:15:00Z,98.0,98.0,98.0,98.0,0.0,98.0,0
2025-11-25T03:30:00Z,98.0,98.0,98.0,98.0,116.0,98.0,21
2025-11-25T03:45:00Z,98.0,98.0,98.0,98.0,0.0,98.0,0
2025-11-25T04:00:00Z,98.0,98.0,98.0,98.0,0.0,98.0,0
2025-11-25T04:15:00Z,98.0,98.0,98.0,98.0,0.0,98.0,0
2025-11-25T04:30:00Z,98.0,98.0,98.0,98.0,0.0,98.0,0
2025-11-25T04:45:00Z,98.0,98.0,98.0,98.0,0.0,98.0,0
2025-11-25T05:00:00Z,98.0,98.0,98.0,98.0,0.0,98.0,0
2025-11-25T05:15:00Z,98.0,98.0,98.0,98.0,0.0,98.0,0
2025-11-25T05:30:00Z,98.0,98.0,98.0,98.0,0.0,98.0,0
2025-11-25T05:45:00Z,98.0,98.0,98.0,98.0,0.0,98.0,0
2025-11-25T06:00:00Z,98.0,98.0,98.0,98.0,0.0,98.0,0
2025-11-25T06:15:00Z,98.0,98.0,98.0,98.0,0.0,98.0,0
2025-11-25T06:30:00Z,98.0,98.0,98.0,98.0,0.0,98.0,0
2025-11-25T06:45:00Z,98.0,98.0,98.0,98.0,21.0,98.0,6
2025-11-25T07:00:00Z,98.005,98.005,98.0,98.0,462.0,98.0,59
2025-11-25T07:15:00Z,98.0,98.0,98.0,98.0,3203.0,98.0,68
2025-11-25T07:30:00Z,97.995,98.0,97.995,98.0,16.0,97.9955,10
2025-11-25T07:45:00Z,98.0,98.0,97.995,97.995,579.0,98.0,59
2025-11-25T08:00:00Z,97.995,98.0,97.995,98.0,48.0,97.9955,38
2025-11-25T08:15:00Z,97.995,98.0,97.995,98.0,1298.0,98.0,87
2025-11-25T08:30:00Z,98.0,98.0,98.0,98.0,555.0,98.0,82
2025-11-25T08:45:00Z,98.0,98.0,98.0,98.0,64.0,98.0,26
2025-11-25T09:00:00Z,98.0,98.005,98.0,98.0,179.0,98.0,43
2025-11-25T09:15:00Z,98.0,98.005,98.0,98.0,565.0,98.0,144
2025-11-25T09:30:00Z,98.0,98.005,98.0,98.005,3712.0,98.005,259
2025-11-25T09:45:00Z,98.005,98.005,98.0,98.005,848.0,98.003,73
2025-11-25T10:00:00Z,98.0,98.005,97.995,98.005,2223.0,98.0,247
2025-11-25T10:15:00Z,98.005,98.01,98.005,98.005,1607.0,98.005,103
2025-11-25T10:30:00Z,98.01,98.01,98.005,98.005,985.0,98.005,273
2025-11-25T10:45:00Z,98.005,98.01,98.005,98.005,150.0,98.0055,63
2025-11-25T11:00:00Z,98.005,98.01,98.005,98.01,164.0,98.0055,43
2025-11-25T11:15:00Z,98.005,98.01,98.005,98.005,48.0,98.0055,31
2025-11-25T11:30:00Z,98.005,98.01,98.005,98.01,154.0,98.0075,60
2025-11-25T11:45:00Z,98.01,98.01,98.005,98.01,87.0,98.01,59
2025-11-25T12:00:00Z,98.01,98.01,98.005,98.005,8022.0,98.006,401
2025-11-25T12:15:00Z,98.005,98.005,98.005,98.005,3.0,98.005,3
2025-11-25T12:30:00Z,98.0,98.005,97.995,98.0,2185.0,97.9995,321
2025-11-25T12:45:00Z,98.0,98.005,98.0,98.005,1017.0,98.003,94
2025-11-25T13:00:00Z,98.005,98.015,98.005,98.01,926.0,98.011,178
2025-11-25T13:15:00Z,98.01,98.015,98.005,98.01,1559.0,98.01,148
2025-11-25T13:30:00Z,98.01,98.01,98.0,98.005,1267.0,98.006,153
2025-11-25T13:45:00Z,98.005,98.01,98.005,98.005,2022.0,98.005,177
2025-11-25T14:00:00Z,98.005,98.01,98.005,98.01,119.0,98.005,32
2025-11-25T14:15:00Z,98.005,98.005,98.0,98.0,950.0,98.0045,186
2025-11-25T14:30:00Z,98.0,98.005,98.0,98.005,469.0,98.0045,85
2025-11-25T14:45:00Z,98.01,98.01,98.005,98.005,373.0,98.0055,166
2025-11-25T15:00:00Z,98.01,98.01,98.005,98.01,1164.0,98.0095,177
2025-11-25T15:15:00Z,98.01,98.01,98.005,98.005,989.0,98.005,232
2025-11-25T15:30:00Z,98.005,98.01,98.005,98.005,559.0,98.005,96
2025-11-25T15:45:00Z,98.01,98.01,98.005,98.01,187.0,98.0095,43
2025-11-25T16:00:00Z,98.01,98.01,98.005,98.01,363.0,98.007,182
2025-11-25T16:15:00Z,98.01,98.01,98.005,98.005,1453.0,98.005,279
2025-11-25T16:30:00Z,98.005,98.005,98.005,98.005,1127.0,98.005,134
2025-11-25T16:45:00Z,98.005,98.005,98.0,98.005,736.0,98.002,97
2025-11-25T17:00:00Z,98.005,98.01,98.005,98.01,862.0,98.005,43
2025-11-25T17:15:00Z,98.005,98.01,98.005,98.01,266.0,98.01,82
2025-11-25T17:30:00Z,98.005,98.01,98.005,98.01,63.0,98.01,30
2025-11-25T17:45:00Z,98.01,98.01,98.01,98.01,1204.0,98.01,35
2025-11-25T18:00:00Z,98.01,98.01,98.005,98.01,398.0,98.01,90
2025-11-25T18:15:00Z,98.01,98.01,98.01,98.01,111.0,98.01,13
2025-11-25T18:30:00Z,98.01,98.01,98.01,98.01,68.0,98.01,9
2025-11-25T18:45:00Z,98.01,98.01,98.01,98.01,19.0,98.01,19
2025-11-25T19:00:00Z,98.01,98.01,98.01,98.01,28.0,98.01,13
2025-11-25T19:15:00Z,98.01,98.01,98.01,98.01,138.0,98.01,15
2025-11-25T19:30:00Z,98.01,98.01,98.01,98.01,19.0,98.01,9
2025-11-25T19:45:00Z,98.01,98.01,98.01,98.01,47.0,98.01,6
2025-11-25T20:00:00Z,98.01,98.01,98.01,98.01,16.0,98.01,5
2025-11-25T20:15:00Z,98.01,98.01,98.005,98.01,270.0,98.01,20
2025-11-25T20:30:00Z,98.01,98.01,98.01,98.01,102.0,98.01,20
2025-11-25T20:45:00Z,98.01,98.015,98.01,98.01,356.0,98.0115,44
2025-11-26T01:00:00Z,98.005,98.005,98.005,98.005,1.0,98.005,1
2025-11-26T01:15:00Z,98.005,98.005,98.005,98.005,0.0,98.005,0
2025-11-26T01:30:00Z,98.005,98.005,98.005,98.005,0.0,98.005,0
2025-11-26T01:45:00Z,98.01,98.01,98.005,98.005,12.0,98.0075,2
2025-11-26T02:00:00Z,98.005,98.005,98.005,98.005,0.0,98.005,0
2025-11-26T02:15:00Z,98.005,98.005,98.005,98.005,6.0,98.005,2
2025-11-26T02:30:00Z,98.005,98.005,98.005,98.005,47.0,98.005,4
2025-11-26T02:45:00Z,98.005,98.005,98.005,98.005,0.0,98.005,0
2025-11-26T03:00:00Z,98.005,98.005,98.005,98.005,364.0,98.005,25
2025-11-26T03:15:00Z,98.005,98.005,98.005,98.005,0.0,98.005,0
2025-11-26T03:30:00Z,98.005,98.005,98.005,98.005,0.0,98.005,0
2025-11-26T03:45:00Z,98.005,98.005,98.005,98.005,0.0,98.005,0
2025-11-26T04:00:00Z,98.005,98.005,98.005,98.005,0.0,98.005,0
2025-11-26T04:15:00Z,98.005,98.005,98.005,98.005,0.0,98.005,0
2025-11-26T04:30:00Z,98.005,98.005,98.005,98.005,0.0,98.005,0
2025-11-26T04:45:00Z,98.005,98.005,98.005,98.005,0.0,98.005,0
2025-11-26T05:00:00Z,98.005,98.005,98.005,98.005,0.0,98.005,0
2025-11-26T05:15:00Z,98.005,98.005,98.005,98.005,0.0,98.005,0
2025-11-26T05:30:00Z,98.005,98.005,98.005,98.005,0.0,98.005,0
2025-11-26T05:45:00Z,98.005,98.005,98.005,98.005,0.0,98.005,0
2025-11-26T06:00:00Z,98.005,98.005,98.005,98.005,0.0,98.005,0
2025-11-26T06:15:00Z,98.005,98.005,98.005,98.005,0.0,98.005,0
2025-11-26T06:30:00Z,98.005,98.005,98.005,98.005,0.0,98.005,0
2025-11-26T06:45:00Z,98.005,98.005,98.005,98.005,0.0,98.005,0
2025-11-26T07:00:00Z,98.005,98.005,98.005,98.005,108.0,98.005,14
2025-11-26T07:15:00Z,98.005,98.005,98.005,98.005,13.0,98.005,11
2025-11-26T07:30:00Z,98.005,98.005,98.0,98.0,2759.0,98.0,179
2025-11-26T07:45:00Z,98.0,98.005,98.0,98.005,632.0,98.0,33
2025-11-26T08:00:00Z,98.0,98.005,98.0,98.005,103.0,98.003,62
2025-11-26T08:15:00Z,98.005,98.01,98.005,98.01,846.0,98.005,110
2025-11-26T08:30:00Z,98.01,98.015,98.005,98.01,305.0,98.0105,78
2025-11-26T08:45:00Z,98.01,98.015,98.01,98.01,203.0,98.01,110
2025-11-26T09:00:00Z,98.01,98.015,98.01,98.015,2197.0,98.01,188
2025-11-26T09:15:00Z,98.01,98.015,98.01,98.015,178.0,98.0145,61
2025-11-26T09:30:00Z,98.01,98.01,98.01,98.01,37.0,98.01,4
2025-11-26T09:45:00Z,98.015,98.015,98.01,98.01,65.0,98.0115,16
2025-11-26T10:00:00Z,98.015,98.015,98.01,98.015,201.0,98.0145,69
2025-11-26T10:15:00Z,98.015,98.015,98.01,98.015,120.0,98.015,45
2025-11-26T10:30:00Z,98.01,98.015,98.01,98.01,220.0,98.0135,39
2025-11-26T10:45:00Z,98.01,98.015,98.01,98.015,547.0,98.0105,65
2025-11-26T11:00:00Z,98.01,98.01,98.01,98.01,409.0,98.01,44
2025-11-26T11:15:00Z,98.015,98.015,98.01,98.01,109.0,98.01,45
2025-11-26T11:30:00Z,98.01,98.02,98.005,98.02,4759.0,98.0135,722
2025-11-26T11:45:00Z,98.015,98.02,98.01,98.01,1017.0,98.0135,294
2025-11-26T12:00:00Z,98.01,98.01,98.0,98.005,5349.0,98.006,489
2025-11-26T12:15:00Z,98.005,98.01,98.0,98.005,1974.0,98.005,271
2025-11-26T12:30:00Z,98.005,98.005,98.0,98.005,262.0,98.005,59
2025-11-26T12:45:00Z,98.0,98.01,98.0,98.01,1625.0,98.005,155
2025-11-26T13:00:00Z,98.01,98.01,98.005,98.01,85.0,98.01,62
2025-11-26T13:15:00Z,98.01,98.015,98.01,98.01,715.0,98.01,100
2025-11-26T13:30:00Z,98.005,98.01,98.005,98.005,1503.0,98.005,140
2025-11-26T13:45:00Z,98.005,98.005,98.005,98.005,562.0,98.005,43
2025-11-26T14:00:00Z,98.01,98.01,98.005,98.005,113.0,98.0095,50
2025-11-26T14:15:00Z,98.005,98.01,98.005,98.005,6261.0,98.005,133
2025-11-26T14:30:00Z,98.005,98.005,98.0,98.0,362.0,98.0,54
2025-11-26T14:45:00Z,98.005,98.005,98.0,98.0,980.0,98.005,122
2025-11-26T15:00:00Z,98.0,98.0,97.995,97.995,6251.0,97.997,247
2025-11-26T15:15:00Z,97.995,98.005,97.995,98.0,5517.0,98.0,210
2025-11-26T15:30:00Z,98.0,98.005,98.0,98.005,1220.0,98.0,128
2025-11-26T15:45:00Z,98.0,98.0,98.0,98.0,789.0,98.0,101
2025-11-26T16:00:00Z,98.0,98.005,98.0,98.005,673.0,98.001,237
2025-11-26T16:15:00Z,98.0,98.005,98.0,98.005,203.0,98.0045,61
2025-11-26T16:30:00Z,98.005,98.005,98.0,98.005,368.0,98.004,92
2025-11-26T16:45:00Z,98.005,98.005,98.005,98.005,872.0,98.005,91
2025-11-26T17:00:00Z,98.005,98.005,98.0,98.005,3939.0,98.005,370
2025-11-26T17:15:00Z,98.005,98.01,98.0,98.0,423.0,98.005,73
2025-11-26T17:30:00Z,98.005,98.005,98.005,98.005,193.0,98.005,41
2025-11-26T17:45:00Z,98.005,98.01,98.005,98.005,82.0,98.005,18
2025-11-26T18:00:00Z,98.005,98.01,98.005,98.005,44.0,98.005,11
2025-11-26T18:15:00Z,98.01,98.01,98.005,98.005,110.0,98.0055,13
2025-11-26T18:30:00Z,98.005,98.005,98.005,98.005,108.0,98.005,13
2025-11-26T18:45:00Z,98.005,98.005,98.005,98.005,0.0,98.005,0
2025-11-26T19:00:00Z,98.005,98.005,98.005,98.005,46.0,98.005,2
2025-11-26T19:15:00Z,98.005,98.005,98.005,98.005,5.0,98.005,5
2025-11-26T19:30:00Z,98.005,98.005,98.005,98.005,64.0,98.005,46
2025-11-26T19:45:00Z,98.005,98.005,98.005,98.005,8.0,98.005,7
2025-11-26T20:00:00Z,98.005,98.005,98.005,98.005,4.0,98.005,3
2025-11-26T20:15:00Z,98.005,98.005,98.005,98.005,12.0,98.005,4
2025-11-26T20:30:00Z,98.005,98.005,98.005,98.005,89.0,98.005,32
2025-11-26T20:45:00Z,98.005,98.01,98.005,98.01,26.0,98.0055,15
2025-11-27T01:00:00Z,98.005,98.005,98.005,98.005,26.0,98.005,13
2025-11-27T01:15:00Z,98.005,98.005,98.005,98.005,0.0,98.005,0
2025-11-27T01:30:00Z,98.005,98.005,98.005,98.005,0.0,98.005,0
2025-11-27T01:45:00Z,98.005,98.005,98.005,98.005,0.0,98.005,0
2025-11-27T02:00:00Z,98.005,98.005,98.005,98.005,0.0,98.005,0
2025-11-27T02:15:00Z,98.005,98.005,98.005,98.005,0.0,98.005,0
2025-11-27T02:30:00Z,98.005,98.005,98.005,98.005,0.0,98.005,0
2025-11-27T02:45:00Z,98.005,98.005,98.005,98.005,0.0,98.005,0
2025-11-27T03:00:00Z,98.005,98.005,98.005,98.005,0.0,98.005,0
2025-11-27T03:15:00Z,98.005,98.005,98.005,98.005,0.0,98.005,0
2025-11-27T03:30:00Z,98.005,98.005,98.005,98.005,0.0,98.005,0
2025-11-27T03:45:00Z,98.005,98.005,98.005,98.005,140.0,98.005,2
2025-11-27T04:00:00Z,98.005,98.005,98.005,98.005,0.0,98.005,0
2025-11-27T04:15:00Z,98.005,98.005,98.005,98.005,0.0,98.005,0
2025-11-27T04:30:00Z,98.005,98.005,98.005,98.005,0.0,98.005,0
2025-11-27T04:45:00Z,98.005,98.005,98.005,98.005,0.0,98.005,0
2025-11-27T05:00:00Z,98.005,98.005,98.005,98.005,0.0,98.005,0
2025-11-27T05:15:00Z,98.005,98.005,98.005,98.005,8.0,98.005,3
2025-11-27T05:30:00Z,98.005,98.005,98.005,98.005,0.0,98.005,0
2025-11-27T05:45:00Z,98.005,98.005,98.005,98.005,0.0,98.005,0
2025-11-27T06:00:00Z,98.005,98.005,98.005,98.005,0.0,98.005,0
2025-11-27T06:15:00Z,98.005,98.005,98.005,98.005,0.0,98.005,0
2025-11-27T06:30:00Z,98.005,98.005,98.005,98.005,1.0,98.005,1
2025-11-27T06:45:00Z,98.005,98.005,98.005,98.005,4.0,98.005,4
2025-11-27T07:00:00Z,98.005,98.005,98.0,98.005,95.0,98.005,30
2025-11-27T07:15:00Z,98.005,98.005,98.005,98.005,24.0,98.005,9
2025-11-27T07:30:00Z,98.005,98.005,98.0,98.005,41.0,98.005,15
2025-11-27T07:45:00Z,98.0,98.005,98.0,98.005,56.0,98.005,24
2025-11-27T08:00:00Z,98.005,98.005,98.0,98.005,2986.0,98.0,188
2025-11-27T08:15:00Z,98.0,98.005,97.995,98.0,543.0,98.0,72
2025-11-27T08:30:00Z,98.0,98.0,97.995,97.995,192.0,97.9965,79
2025-11-27T08:45:00Z,97.995,98.0,97.99,97.995,4647.0,97.995,318
2025-11-27T09:00:00Z,97.995,98.0,97.995,97.995,1083.0,97.995,206
2025-11-27T09:15:00Z,97.995,97.995,97.995,97.995,498.0,97.995,55
2025-11-27T09:30:00Z,97.995,98.0,97.995,97.995,378.0,97.995,21
2025-11-27T09:45:00Z,98.0,98.0,97.995,97.995,40.0,97.996,15
2025-11-27T10:00:00Z,97.995,98.0,97.995,97.995,8.0,97.9955,7
2025-11-27T10:15:00Z,98.0,98.0,98.0,98.0,517.0,98.0,90
2025-11-27T10:30:00Z,98.0,98.0,97.995,98.0,1205.0,98.0,203
2025-11-27T10:45:00Z,98.0,98.0,98.0,98.0,59.0,98.0,39
2025-11-27T11:00:00Z,98.0,98.0,97.995,98.0,528.0,98.0,83
2025-11-27T11:15:00Z,98.0,98.0,97.995,98.0,297.0,97.9995,96
2025-11-27T11:30:00Z,98.0,98.0,97.995,97.995,97.0,97.9995,59
2025-11-27T11:45:00Z,98.0,98.0,97.995,98.0,94.0,98.0,29
2025-11-27T12:00:00Z,97.995,98.0,97.995,97.995,116.0,97.9965,53
2025-11-27T12:15:00Z,97.995,98.0,97.995,97.995,1399.0,97.995,170
2025-11-27T12:30:00Z,97.995,97.995,97.995,97.995,1866.0,97.995,82
2025-11-27T12:45:00Z,97.995,97.995,97.995,97.995,423.0,97.995,46
2025-11-27T13:00:00Z,97.995,97.995,97.995,97.995,745.0,97.995,86
2025-11-27T13:15:00Z,97.995,97.995,97.995,97.995,167.0,97.995,13
2025-11-27T13:30:00Z,97.995,97.995,97.995,97.995,147.0,97.995,23
2025-11-27T13:45:00Z,97.995,98.0,97.995,98.0,623.0,97.995,66
2025-11-27T14:00:00Z,98.0,98.0,97.99,98.0,503.0,97.995,116
2025-11-27T14:15:00Z,98.0,98.0,97.995,98.0,185.0,97.995,25
2025-11-27T14:30:00Z,97.995,97.995,97.995,97.995,232.0,97.995,46
2025-11-27T14:45:00Z,97.995,98.0,97.995,97.995,25.0,97.995,15
2025-11-27T15:00:00Z,97.995,97.995,97.99,97.995,1065.0,97.9915,120
2025-11-27T15:15:00Z,97.99,97.995,97.99,97.995,1304.0,97.995,118
2025-11-27T15:30:00Z,97.995,97.995,97.99,97.99,384.0,97.995,63
2025-11-27T15:45:00Z,97.995,97.995,97.99,97.99,209.0,97.9915,100
2025-11-27T16:00:00Z,97.995,97.995,97.99,97.995,1949.0,97.995,457
2025-11-27T16:15:00Z,97.995,97.995,97.99,97.99,892.0,97.99,263
2025-11-27T16:30:00Z,97.995,97.995,97.99,97.995,191.0,97.995,57
2025-11-27T16:45:00Z,97.995,97.995,97.99,97.99,263.0,97.993,80
2025-11-27T17:00:00Z,97.99,97.995,97.99,97.995,803.0,97.995,47
2025-11-27T17:15:00Z,97.995,97.995,97.99,97.99,583.0,97.9935,75
2025-11-27T17:30:00Z,97.99,97.995,97.99,97.995,355.0,97.995,44
2025-11-27T17:45:00Z,97.995,97.995,97.99,97.995,515.0,97.9945,93
2025-11-27T18:00:00Z,97.99,97.995,97.99,97.99,209.0,97.99,72
2025-11-27T18:15:00Z,97.99,97.99,97.99,97.99,100.0,97.99,20
2025-11-27T18:30:00Z,97.99,97.99,97.99,97.99,0.0,97.99,0
2025-11-27T18:45:00Z,97.99,97.99,97.99,97.99,0.0,97.99,0
2025-11-27T19:00:00Z,97.99,97.99,97.99,97.99,2.0,97.99,1
2025-11-27T19:15:00Z,97.995,97.995,97.995,97.995,48.0,97.995,4
2025-11-27T19:30:00Z,97.995,97.995,97.995,97.995,1.0,97.995,1
2025-11-27T19:45:00Z,97.995,97.995,97.995,97.995,0.0,97.995,0
2025-11-27T20:00:00Z,97.995,97.995,97.995,97.995,0.0,97.995,0
2025-11-27T20:15:00Z,97.995,97.995,97.995,97.995,0.0,97.995,0
2025-11-27T20:30:00Z,97.995,97.995,97.995,97.995,0.0,97.995,0
2025-11-27T20:45:00Z,97.99,97.995,97.99,97.995,27.0,97.9935,15
2025-11-28T01:00:00Z,97.99,97.99,97.99,97.99,2.0,97.99,2
2025-11-28T01:15:00Z,97.99,97.99,97.99,97.99,351.0,97.99,82
2025-11-28T01:30:00Z,97.99,97.99,97.99,97.99,151.0,97.99,136
2025-11-28T01:45:00Z,97.99,97.99,97.99,97.99,65.0,97.99,65
2025-11-28T02:00:00Z,97.99,97.99,97.99,97.99,35.0,97.99,10
2025-11-28T02:15:00Z,97.99,97.99,97.99,97.99,9.0,97.99,2
2025-11-28T02:30:00Z,97.99,97.99,97.99,97.99,0.0,97.99,0
2025-11-28T02:45:00Z,97.99,97.99,97.99,97.99,0.0,97.99,0
2025-11-28T03:00:00Z,97.99,97.99,97.99,97.99,0.0,97.99,0
2025-11-28T03:15:00Z,97.99,97.99,97.99,97.99,0.0,97.99,0
2025-11-28T03:30:00Z,97.99,97.99,97.99,97.99,0.0,97.99,0
2025-11-28T03:45:00Z,97.99,97.99,97.99,97.99,0.0,97.99,0
2025-11-28T04:00:00Z,97.99,97.99,97.99,97.99,0.0,97.99,0
2025-11-28T04:15:00Z,97.99,97.99,97.99,97.99,0.0,97.99,0
2025-11-28T04:30:00Z,97.99,97.99,97.99,97.99,0.0,97.99,0
2025-11-28T04:45:00Z,97.99,97.99,97.99,97.99,0.0,97.99,0
2025-11-28T05:00:00Z,97.99,97.99,97.99,97.99,0.0,97.99,0
2025-11-28T05:15:00Z,97.99,97.99,97.99,97.99,0.0,97.99,0
2025-11-28T05:30:00Z,97.99,97.99,97.99,97.99,0.0,97.99,0
2025-11-28T05:45:00Z,97.99,97.99,97.99,97.99,0.0,97.99,0
2025-11-28T06:00:00Z,97.99,97.99,97.99,97.99,0.0,97.99,0
2025-11-28T06:15:00Z,97.99,97.99,97.99,97.99,0.0,97.99,0
2025-11-28T06:30:00Z,97.99,97.99,97.99,97.99,937.0,97.99,12
2025-11-28T06:45:00Z,97.99,97.99,97.99,97.99,2.0,97.99,2
2025-11-28T07:00:00Z,97.995,97.995,97.99,97.99,205.0,97.99,29
2025-11-28T07:15:00Z,97.99,97.99,97.99,97.99,93.0,97.99,21
2025-11-28T07:30:00Z,97.99,97.99,97.985,97.985,344.0,97.99,49
2025-11-28T07:45:00Z,97.99,97.995,97.99,97.995,1716.0,97.9945,170
2025-11-28T08:00:00Z,97.99,97.99,97.985,97.99,3943.0,97.99,194
2025-11-28T08:15:00Z,97.99,97.99,97.985,97.985,2791.0,97.985,103
2025-11-28T08:30:00Z,97.985,97.985,97.985,97.985,774.0,97.985,37
2025-11-28T08:45:00Z,97.98,97.985,97.975,97.98,5683.0,97.98,328
2025-11-28T09:00:00Z,97.98,97.985,97.98,97.98,4090.0,97.983,201
2025-11-28T09:15:00Z,97.98,97.985,97.98,97.985,1418.0,97.985,134
2025-11-28T09:30:00Z,97.985,97.985,97.985,97.985,542.0,97.985,54
2025-11-28T09:45:00Z,97.985,97.985,97.985,97.985,563.0,97.985,76
2025-11-28T10:00:00Z,97.985,97.985,97.98,97.98,101.0,97.985,24
2025-11-28T10:15:00Z,97.985,97.985,97.985,97.985,1069.0,97.985,96
2025-11-28T10:30:00Z,97.98,97.99,97.98,97.99,172.0,97.985,38
2025-11-28T10:45:00Z,97.99,97.99,97.99,97.99,579.0,97.99,77
2025-11-28T11:00:00Z,97.99,97.99,97.99,97.99,20.0,97.99,4
2025-11-28T11:15:00Z,97.99,97.99,97.99,97.99,66.0,97.99,38
2025-11-28T11:30:00Z,97.99,97.99,97.99,97.99,1119.0,97.99,110
2025-11-28T11:45:00Z,97.99,97.99,97.985,97.985,68.0,97.989,22
2025-11-28T12:00:00Z,97.985,97.99,97.985,97.985,159.0,97.985,80
2025-11-28T12:15:00Z,97.985,97.99,97.985,97.99,11.0,97.9875,10
2025-11-28T12:30:00Z,97.99,97.99,97.985,97.985,12.0,97.9865,12
2025-11-28T12:45:00Z,97.985,97.99,97.985,97.985,35.0,97.986,30
2025-11-28T13:00:00Z,97.985,97.99,97.98,97.985,2174.0,97.9855,209
2025-11-28T13:15:00Z,97.985,97.985,97.98,97.98,53.0,97.9845,25
2025-11-28T13:30:00Z,97.98,97.985,97.98,97.98,23.0,97.98,20
2025-11-28T13:45:00Z,97.98,97.985,97.98,97.985,918.0,97.985,131
2025-11-28T14:00:00Z,97.985,97.985,97.985,97.985,94.0,97.985,31
2025-11-28T14:15:00Z,97.985,97.985,97.98,97.98,1559.0,97.985,116
2025-11-28T14:30:00Z,97.98,97.985,97.98,97.98,43.0,97.9815,34
2025-11-28T14:45:00Z,97.98,97.985,97.98,97.98,661.0,97.98,95
2025-11-28T15:00:00Z,97.98,97.985,97.98,97.98,411.0,97.9805,69
2025-11-28T15:15:00Z,97.98,97.985,97.98,97.985,342.0,97.985,103
2025-11-28T15:30:00Z,97.98,97.985,97.98,97.985,1012.0,97.98,155
2025-11-28T15:45:00Z,97.98,97.985,97.98,97.98,68.0,97.98,66
2025-11-28T16:00:00Z,97.98,97.99,97.98,97.985,2925.0,97.9825,478
2025-11-28T16:15:00Z,97.985,97.985,97.98,97.985,2609.0,97.985,158
2025-11-28T16:30:00Z,97.985,97.99,97.985,97.985,927.0,97.985,88
2025-11-28T16:45:00Z,97.985,97.985,97.985,97.985,277.0,97.985,36
2025-11-28T17:00:00Z,97.985,97.985,97.985,97.985,144.0,97.985,94
2025-11-28T17:15:00Z,97.985,97.99,97.985,97.985,175.0,97.985,40
2025-11-28T17:30:00Z,97.985,97.99,97.985,97.985,2765.0,97.985,152
2025-11-28T17:45:00Z,97.985,97.99,97.985,97.985,330.0,97.985,76
2025-11-28T18:00:00Z,97.985,97.985,97.98,97.985,82.0,97.985,10
2025-11-28T18:15:00Z,97.985,97.985,97.985,97.985,377.0,97.985,26
2025-11-28T18:30:00Z,97.985,97.985,97.985,97.985,3.0,97.985,2
2025-11-28T18:45:00Z,97.985,97.985,97.985,97.985,9.0,97.985,7
2025-11-28T19:00:00Z,97.985,97.985,97.985,97.985,0.0,97.985,0
2025-11-28T19:15:00Z,97.985,97.985,97.985,97.985,71.0,97.985,5
2025-11-28T19:30:00Z,97.985,97.985,97.985,97.985,15.0,97.985,1
2025-11-28T19:45:00Z,97.98,97.985,97.98,97.985,69.0,97.985,2
2025-11-28T20:00:00Z,97.985,97.985,97.985,97.985,0.0,97.985,0
2025-11-28T20:15:00Z,97.985,97.985,97.985,97.985,0.0,97.985,0
2025-11-28T20:30:00Z,97.985,97.985,97.985,97.985,0.0,97.985,0
2025-11-28T20:45:00Z,97.985,97.985,97.98,97.985,198.0,97.985,51
2025-12-01T01:00:00Z,97.99,97.99,97.985,97.985,19.0,97.9855,9
2025-12-01T01:15:00Z,97.985,97.985,97.985,97.985,0.0,97.985,0
2025-12-01T01:30:00Z,97.985,97.985,97.985,97.985,0.0,97.985,0
2025-12-01T01:45:00Z,97.98,97.985,97.98,97.985,2.0,97.9825,2
2025-12-01T02:00:00Z,97.98,97.98,97.98,97.98,1.0,97.98,1
2025-12-01T02:15:00Z,97.98,97.98,97.98,97.98,2.0,97.98,2
2025-12-01T02:30:00Z,97.98,97.98,97.98,97.98,2.0,97.98,2
2025-12-01T02:45:00Z,97.985,97.985,97.985,97.985,1.0,97.985,1
2025-12-01T03:00:00Z,97.985,97.985,97.985,97.985,0.0,97.985,0
2025-12-01T03:15:00Z,97.985,97.985,97.98,97.98,35.0,97.9805,13
2025-12-01T03:30:00Z,97.98,97.98,97.98,97.98,1.0,97.98,1
2025-12-01T03:45:00Z,97.985,97.985,97.985,97.985,1.0,97.985,1
2025-12-01T04:00:00Z,97.985,97.985,97.985,97.985,0.0,97.985,0
2025-12-01T04:15:00Z,97.985,97.985,97.985,97.985,0.0,97.985,0
2025-12-01T04:30:00Z,97.98,97.98,97.98,97.98,287.0,97.98,20
2025-12-01T04:45:00Z,97.98,97.98,97.98,97.98,32.0,97.98,14
2025-12-01T05:00:00Z,97.98,97.98,97.98,97.98,1.0,97.98,1
2025-12-01T05:15:00Z,97.98,97.98,97.98,97.98,4.0,97.98,4
2025-12-01T05:30:00Z,97.98,97.98,97.98,97.98,1.0,97.98,1
2025-12-01T05:45:00Z,97.98,97.98,97.98,97.98,2.0,97.98,2
2025-12-01T06:00:00Z,97.98,97.98,97.98,97.98,11.0,97.98,3
2025-12-01T06:15:00Z,97.98,97.98,97.98,97.98,0.0,97.98,0
2025-12-01T06:30:00Z,97.98,97.98,97.98,97.98,1.0,97.98,1
2025-12-01T06:45:00Z,97.985,97.985,97.985,97.985,1.0,97.985,1
2025-12-01T07:00:00Z,97.985,97.985,97.975,97.98,314.0,97.98,125
2025-12-01T07:15:00Z,97.98,97.98,97.975,97.975,117.0,97.977,96
2025-12-01T07:30:00Z,97.975,97.98,97.97,97.975,2830.0,97.9755,251
2025-12-01T07:45:00Z,97.98,97.98,97.975,97.975,786.0,97.98,133
2025-12-01T08:00:00Z,97.975,97.975,97.97,97.97,8389.0,97.97,449
2025-12-01T08:15:00Z,97.97,97.97,97.97,97.97,8395.0,97.97,295
2025-12-01T08:30:00Z,97.97,97.975,97.965,97.975,1679.0,97.9705,359
2025-12-01T08:45:00Z,97.97,97.97,97.97,97.97,948.0,97.97,337
2025-12-01T09:00:00Z,97.97,97.97,97.965,97.965,6455.0,97.97,334
2025-12-01T09:15:00Z,97.965,97.97,97.965,97.97,678.0,97.97,82
2025-12-01T09:30:00Z,97.97,97.97,97.965,97.97,5365.0,97.97,558
2025-12-01T09:45:00Z,97.97,97.975,97.965,97.97,4092.0,97.97,266
2025-12-01T10:00:00Z,97.975,97.975,97.97,97.97,608.0,97.974,135
2025-12-01T10:15:00Z,97.97,97.975,97.97,97.97,340.0,97.974,118
2025-12-01T10:30:00Z,97.97,97.975,97.97,97.975,1326.0,97.9745,149
2025-12-01T10:45:00Z,97.97,97.975,97.97,97.97,351.0,97.973,108
2025-12-01T11:00:00Z,97.97,97.975,97.97,97.975,209.0,97.9745,76
2025-12-01T11:15:00Z,97.975,97.975,97.97,97.975,343.0,97.975,88
2025-12-01T11:30:00Z,97.975,97.975,97.97,97.97,206.0,97.9735,65
2025-12-01T11:45:00Z,97.97,97.975,97.965,97.97,2279.0,97.97,474
2025-12-01T12:00:00Z,97.965,97.975,97.965,97.97,1299.0,97.97,177
2025-12-01T12:15:00Z,97.97,97.975,97.965,97.97,1263.0,97.97,121
2025-12-01T12:30:00Z,97.965,97.97,97.965,97.965,2248.0,97.965,180
2025-12-01T12:45:00Z,97.965,97.975,97.965,97.97,2405.0,97.97,218
2025-12-01T13:00:00Z,97.97,97.975,97.97,97.97,2040.0,97.97,241
2025-12-01T13:15:00Z,97.97,97.97,97.965,97.965,493.0,97.97,116
2025-12-01T13:30:00Z,97.965,97.97,97.965,97.965,572.0,97.9695,74
2025-12-01T13:45:00Z,97.965,97.965,97.96,97.96,2098.0,97.965,373
2025-12-01T14:00:00Z,97.96,97.965,97.96,97.96,1632.0,97.9625,205
2025-12-01T14:15:00Z,97.965,97.965,97.96,97.96,348.0,97.96,189
2025-12-01T14:30:00Z,97.96,97.96,97.955,97.955,3644.0,97.9595,444
2025-12-01T14:45:00Z,97.96,97.96,97.955,97.96,253.0,97.9575,98
2025-12-01T15:00:00Z,97.96,97.96,97.955,97.96,5811.0,97.96,346
2025-12-01T15:15:00Z,97.96,97.96,97.955,97.96,1986.0,97.96,349
2025-12-01T15:30:00Z,97.96,97.96,97.955,97.955,2439.0,97.9595,220
2025-12-01T15:45:00Z,97.96,97.96,97.955,97.96,1455.0,97.955,221
2025-12-01T16:00:00Z,97.955,97.96,97.955,97.96,2113.0,97.9595,491
2025-12-01T16:15:00Z,97.955,97.96,97.955,97.955,740.0,97.9555,331
2025-12-01T16:30:00Z,97.955,97.96,97.955,97.955,6455.0,97.955,821
2025-12-01T16:45:00Z,97.955,97.96,97.955,97.955,597.0,97.955,65
2025-12-01T17:00:00Z,97.955,97.96,97.955,97.96,269.0,97.9585,79
2025-12-01T17:15:00Z,97.955,97.96,97.955,97.955,1521.0,97.9555,179
2025-12-01T17:30:00Z,97.955,97.96,97.955,97.955,102.0,97.9595,19
2025-12-01T17:45:00Z,97.955,97.96,97.955,97.96,450.0,97.958,144
2025-12-01T18:00:00Z,97.96,97.96,97.955,97.96,718.0,97.9575,83
2025-12-01T18:15:00Z,97.96,97.96,97.955,97.955,1370.0,97.96,99
2025-12-01T18:30:00Z,97.96,97.96,97.96,97.96,1.0,97.96,1
2025-12-01T18:45:00Z,97.955,97.955,97.955,97.955,17.0,97.955,12
2025-12-01T19:00:00Z,97.955,97.955,97.955,97.955,0.0,97.955,0
2025-12-01T19:15:00Z,97.955,97.955,97.955,97.955,0.0,97.955,0
2025-12-01T19:30:00Z,97.955,97.96,97.955,97.96,102.0,97.9575,37
2025-12-01T19:45:00Z,97.96,97.96,97.96,97.96,0.0,97.96,0
2025-12-01T20:00:00Z,97.955,97.96,97.955,97.96,199.0,97.955,27
2025-12-01T20:15:00Z,97.96,97.96,97.955,97.955,65.0,97.956,14
2025-12-01T20:30:00Z,97.955,97.955,97.955,97.955,0.0,97.955,0
2025-12-01T20:45:00Z,97.955,97.96,97.955,97.96,2036.0,97.955,129
2025-12-02T01:00:00Z,97.96,97.96,97.96,97.96,333.0,97.96,14
2025-12-02T01:15:00Z,97.96,97.96,97.96,97.96,0.0,97.96,0
2025-12-02T01:30:00Z,97.96,97.96,97.96,97.96,0.0,97.96,0
2025-12-02T01:45:00Z,97.96,97.96,97.96,97.96,0.0,97.96,0
2025-12-02T02:00:00Z,97.96,97.96,97.96,97.96,0.0,97.96,0
2025-12-02T02:15:00Z,97.96,97.96,97.96,97.96,0.0,97.96,0
2025-12-02T02:30:00Z,97.96,97.96,97.96,97.96,0.0,97.96,0
2025-12-02T02:45:00Z,97.96,97.96,97.96,97.96,0.0,97.96,0
2025-12-02T03:00:00Z,97.96,97.96,97.96,97.96,0.0,97.96,0
2025-12-02T03:15:00Z,97.96,97.96,97.96,97.96,0.0,97.96,0
2025-12-02T03:30:00Z,97.955,97.955,97.955,97.955,6.0,97.955,1
2025-12-02T03:45:00Z,97.955,97.955,97.955,97.955,0.0,97.955,0
2025-12-02T04:00:00Z,97.96,97.96,97.96,97.96,200.0,97.96,14
2025-12-02T04:15:00Z,97.96,97.96,97.96,97.96,0.0,97.96,0
2025-12-02T04:30:00Z,97.96,97.96,97.96,97.96,0.0,97.96,0
2025-12-02T04:45:00Z,97.96,97.96,97.96,97.96,0.0,97.96,0
2025-12-02T05:00:00Z,97.96,97.96,97.96,97.96,0.0,97.96,0
2025-12-02T05:15:00Z,97.96,97.96,97.96,97.96,0.0,97.96,0
2025-12-02T05:30:00Z,97.96,97.96,97.96,97.96,0.0,97.96,0
2025-12-02T05:45:00Z,97.96,97.96,97.96,97.96,13.0,97.96,2
2025-12-02T06:00:00Z,97.96,97.96,97.96,97.96,0.0,97.96,0
2025-12-02T06:15:00Z,97.955,97.96,97.955,97.96,90.0,97.96,52
2025-12-02T06:30:00Z,97.96,97.96,97.96,97.96,1299.0,97.96,16
2025-12-02T06:45:00Z,97.96,97.96,97.96,97.96,212.0,97.96,9
2025-12-02T07:00:00Z,97.96,97.96,97.955,97.955,134.0,97.9595,11
2025-12-02T07:15:00Z,97.955,97.96,97.955,97.955,83.0,97.9595,34
2025-12-02T07:30:00Z,97.955,97.96,97.955,97.955,16.0,97.956,13
2025-12-02T07:45:00Z,97.955,97.96,97.955,97.955,688.0,97.9595,231
2025-12-02T08:00:00Z,97.955,97.955,97.955,97.955,437.0,97.955,142
2025-12-02T08:15:00Z,97.955,97.955,97.95,97.955,6932.0,97.955,571
2025-12-02T08:30:00Z,97.955,97.955,97.955,97.955,1309.0,97.955,252
2025-12-02T08:45:00Z,97.955,97.955,97.955,97.955,1534.0,97.955,784
2025-12-02T09:00:00Z,97.955,97.955,97.955,97.955,1235.0,97.955,386
2025-12-02T09:15:00Z,97.955,97.96,97.955,97.955,445.0,97.9575,190
2025-12-02T09:30:00Z,97.955,97.96,97.955,97.955,496.0,97.955,134
2025-12-02T09:45:00Z,97.955,97.96,97.955,97.96,828.0,97.9595,150
2025-12-02T10:00:00Z,97.955,97.96,97.955,97.955,2105.0,97.96,245
2025-12-02T10:15:00Z,97.955,97.96,97.955,97.955,3408.0,97.96,398
2025-12-02T10:30:00Z,97.955,97.96,97.955,97.955,1883.0,97.9595,275
2025-12-02T10:45:00Z,97.96,97.96,97.955,97.96,1025.0,97.9585,193
2025-12-02T11:00:00Z,97.955,97.96,97.955,97.955,938.0,97.9595,197
2025-12-02T11:15:00Z,97.955,97.96,97.955,97.955,230.0,97.9565,149
2025-12-02T11:30:00Z,97.955,97.96,97.955,97.955,279.0,97.9555,123
2025-12-02T11:45:00Z,97.96,97.96,97.955,97.955,7372.0,97.9555,717
2025-12-02T12:00:00Z,97.955,97.96,97.955,97.955,6288.0,97.955,728
2025-12-02T12:15:00Z,97.955,97.955,97.955,97.955,819.0,97.955,164
2025-12-02T12:30:00Z,97.955,97.955,97.955,97.955,332.0,97.955,155
2025-12-02T12:45:00Z,97.955,97.955,97.955,97.955,511.0,97.955,110
2025-12-02T13:00:00Z,97.955,97.955,97.955,97.955,1937.0,97.955,178
2025-12-02T13:15:00Z,97.955,97.96,97.955,97.955,697.0,97.955,269
2025-12-02T13:30:00Z,97.955,97.96,97.955,97.955,124.0,97.955,82
2025-12-02T13:45:00Z,97.955,97.965,97.955,97.96,1455.0,97.96,211
2025-12-02T14:00:00Z,97.96,97.965,97.96,97.96,110.0,97.961,77
2025-12-02T14:15:00Z,97.96,97.965,97.96,97.96,123.0,97.962,69
2025-12-02T14:30:00Z,97.96,97.965,97.96,97.96,193.0,97.9605,82
2025-12-02T14:45:00Z,97.96,97.965,97.96,97.96,5772.0,97.965,260
2025-12-02T15:00:00Z,97.965,97.965,97.96,97.96,663.0,97.965,139
2025-12-02T15:15:00Z,97.965,97.97,97.96,97.965,1216.0,97.965,152
2025-12-02T15:30:00Z,97.965,97.975,97.965,97.975,7617.0,97.97,321
2025-12-02T15:45:00Z,97.97,97.975,97.97,97.97,339.0,97.9725,111
2025-12-02T16:00:00Z,97.97,97.975,97.97,97.97,3221.0,97.971,1379
2025-12-02T16:15:00Z,97.97,97.975,97.97,97.975,350.0,97.9735,201
2025-12-02T16:30:00Z,97.975,97.975,97.97,97.975,3394.0,97.975,357
2025-12-02T16:45:00Z,97.975,97.975,97.97,97.975,329.0,97.9715,105
2025-12-02T17:00:00Z,97.97,97.975,97.97,97.97,116.0,97.9705,55
2025-12-02T17:15:00Z,97.97,97.975,97.97,97.97,2038.0,97.97,201
2025-12-02T17:30:00Z,97.97,97.975,97.97,97.97,106.0,97.9735,87
2025-12-02T17:45:00Z,97.97,97.97,97.97,97.97,53.0,97.97,29
2025-12-02T18:00:00Z,97.975,97.975,97.97,97.97,13.0,97.971,9
2025-12-02T18:15:00Z,97.97,97.97,97.97,97.97,0.0,97.97,0
2025-12-02T18:30:00Z,97.97,97.97,97.97,97.97,7.0,97.97,3
2025-12-02T18:45:00Z,97.975,97.975,97.975,97.975,245.0,97.975,38
2025-12-02T19:00:00Z,97.97,97.97,97.97,97.97,3.0,97.97,3
2025-12-02T19:15:00Z,97.97,97.97,97.97,97.97,0.0,97.97,0
2025-12-02T19:30:00Z,97.97,97.975,97.97,97.97,499.0,97.974,70
2025-12-02T19:45:00Z,97.975,97.98,97.975,97.975,4421.0,97.975,107
2025-12-02T20:00:00Z,97.975,97.975,97.975,97.975,0.0,97.975,0
2025-12-02T20:15:00Z,97.975,97.975,97.975,97.975,6.0,97.975,3
2025-12-02T20:30:00Z,97.975,97.975,97.975,97.975,5.0,97.975,5
2025-12-02T20:45:00Z,97.975,97.98,97.975,97.975,94.0,97.975,14
2025-12-03T01:00:00Z,97.975,97.975,97.975,97.975,28.0,97.975,5
2025-12-03T01:15:00Z,97.975,97.975,97.975,97.975,0.0,97.975,0
2025-12-03T01:30:00Z,97.975,97.975,97.975,97.975,0.0,97.975,0
2025-12-03T01:45:00Z,97.975,97.975,97.975,97.975,0.0,97.975,0
2025-12-03T02:00:00Z,97.975,97.975,97.975,97.975,1.0,97.975,1
2025-12-03T02:15:00Z,97.975,97.975,97.975,97.975,0.0,97.975,0
2025-12-03T02:30:00Z,97.975,97.975,97.975,97.975,0.0,97.975,0
2025-12-03T02:45:00Z,97.975,97.975,97.975,97.975,0.0,97.975,0
2025-12-03T03:00:00Z,97.975,97.975,97.975,97.975,0.0,97.975,0
2025-12-03T03:15:00Z,97.975,97.975,97.975,97.975,0.0,97.975,0
2025-12-03T03:30:00Z,97.975,97.975,97.975,97.975,0.0,97.975,0
2025-12-03T03:45:00Z,97.975,97.975,97.975,97.975,0.0,97.975,0
2025-12-03T04:00:00Z,97.975,97.975,97.975,97.975,15.0,97.975,4
2025-12-03T04:15:00Z,97.975,97.975,97.975,97.975,0.0,97.975,0
2025-12-03T04:30:00Z,97.975,97.975,97.975,97.975,0.0,97.975,0
2025-12-03T04:45:00Z,97.975,97.975,97.975,97.975,4.0,97.975,1
2025-12-03T05:00:00Z,97.975,97.975,97.975,97.975,0.0,97.975,0
2025-12-03T05:15:00Z,97.975,97.975,97.975,97.975,9.0,97.975,2
2025-12-03T05:30:00Z,97.975,97.975,97.975,97.975,0.0,97.975,0
2025-12-03T05:45:00Z,97.975,97.975,97.975,97.975,23.0,97.975,4
2025-12-03T06:00:00Z,97.975,97.975,97.975,97.975,1.0,97.975,1
2025-12-03T06:15:00Z,97.975,97.975,97.975,97.975,0.0,97.975,0
2025-12-03T06:30:00Z,97.975,97.975,97.975,97.975,19.0,97.975,3
2025-12-03T06:45:00Z,97.975,97.975,97.975,97.975,1.0,97.975,1
2025-12-03T07:00:00Z,97.975,97.98,97.97,97.975,1446.0,97.975,104
2025-12-03T07:15:00Z,97.97,97.975,97.97,97.97,668.0,97.97,162
2025-12-03T07:30:00Z,97.97,97.975,97.97,97.97,198.0,97.9715,66
2025-12-03T07:45:00Z,97.975,97.98,97.97,97.975,505.0,97.975,102
2025-12-03T08:00:00Z,97.975,97.975,97.97,97.97,176.0,97.975,60
2025-12-03T08:15:00Z,97.97,97.98,97.97,97.975,6940.0,97.9795,401
2025-12-03T08:30:00Z,97.98,97.98,97.975,97.975,176.0,97.9765,137
2025-12-03T08:45:00Z,97.975,97.98,97.975,97.975,1041.0,97.98,179
2025-12-03T09:00:00Z,97.975,97.98,97.975,97.975,53.0,97.976,39
2025-12-03T09:15:00Z,97.975,97.98,97.975,97.975,426.0,97.978,184
2025-12-03T09:30:00Z,97.98,97.98,97.975,97.975,175.0,97.978,99
2025-12-03T09:45:00Z,97.975,97.98,97.97,97.975,1754.0,97.975,210
2025-12-03T10:00:00Z,97.975,97.975,97.97,97.97,812.0,97.974,185
2025-12-03T10:15:00Z,97.97,97.975,97.97,97.97,2871.0,97.973,359
2025-12-03T10:30:00Z,97.975,97.975,97.97,97.97,545.0,97.9745,76
2025-12-03T10:45:00Z,97.975,97.975,97.97,97.97,136.0,97.972,64
2025-12-03T11:00:00Z,97.97,97.975,97.97,97.97,163.0,97.9745,40
2025-12-03T11:15:00Z,97.975,97.975,97.97,97.97,471.0,97.975,63
2025-12-03T11:30:00Z,97.975,97.975,97.97,97.975,547.0,97.974,106
2025-12-03T11:45:00Z,97.975,97.975,97.97,97.975,1389.0,97.975,105
2025-12-03T12:00:00Z,97.975,97.975,97.975,97.975,85.0,97.975,52
2025-12-03T12:15:00Z,97.975,97.975,97.975,97.975,284.0,97.975,49
2025-12-03T12:30:00Z,97.975,97.98,97.975,97.975,1447.0,97.975,186
2025-12-03T12:45:00Z,97.975,97.98,97.975,97.975,68.0,97.975,47
2025-12-03T13:00:00Z,97.975,97.985,97.975,97.98,4735.0,97.98,232
2025-12-03T13:15:00Z,97.985,97.985,97.98,97.985,4708.0,97.985,236
2025-12-03T13:30:00Z,97.98,97.985,97.98,97.98,2180.0,97.985,153
2025-12-03T13:45:00Z,97.98,97.985,97.98,97.98,501.0,97.98,104
2025-12-03T14:00:00Z,97.98,97.985,97.98,97.98,1572.0,97.985,126
2025-12-03T14:15:00Z,97.98,97.985,97.975,97.98,1862.0,97.98,129
2025-12-03T14:30:00Z,97.975,97.98,97.975,97.98,1194.0,97.98,90
2025-12-03T14:45:00Z,97.985,97.985,97.98,97.98,379.0,97.981,166
2025-12-03T15:00:00Z,97.98,97.98,97.975,97.98,791.0,97.9795,107
2025-12-03T15:15:00Z,97.98,97.98,97.975,97.975,1612.0,97.977,192
2025-12-03T15:30:00Z,97.975,97.975,97.97,97.975,2541.0,97.975,336
2025-12-03T15:45:00Z,97.975,97.975,97.97,97.975,3044.0,97.975,83
2025-12-03T16:00:00Z,97.975,97.975,97.97,97.975,825.0,97.975,133
2025-12-03T16:15:00Z,97.975,97.975,97.97,97.975,2035.0,97.975,91
2025-12-03T16:30:00Z,97.975,97.975,97.97,97.975,769.0,97.975,91
2025-12-03T16:45:00Z,97.975,97.98,97.975,97.975,1636.0,97.977,185
2025-12-03T17:00:00Z,97.975,97.975,97.975,97.975,297.0,97.975,43
2025-12-03T17:15:00Z,97.975,97.98,97.975,97.975,727.0,97.975,69
2025-12-03T17:30:00Z,97.975,97.98,97.975,97.975,151.0,97.975,42
2025-12-03T17:45:00Z,97.97,97.975,97.97,97.975,164.0,97.975,77
2025-12-03T18:00:00Z,97.975,97.975,97.975,97.975,44.0,97.975,2
2025-12-03T18:15:00Z,97.97,97.97,97.97,97.97,761.0,97.97,72
2025-12-03T18:30:00Z,97.97,97.975,97.97,97.975,130.0,97.97,28
2025-12-03T18:45:00Z,97.97,97.975,97.97,97.975,33.0,97.9745,12
2025-12-03T19:00:00Z,97.975,97.975,97.975,97.975,27.0,97.975,9
2025-12-03T19:15:00Z,97.975,97.975,97.975,97.975,0.0,97.975,0
2025-12-03T19:30:00Z,97.97,97.97,97.97,97.97,1.0,97.97,1
2025-12-03T19:45:00Z,97.97,97.97,97.97,97.97,0.0,97.97,0
2025-12-03T20:00:00Z,97.97,97.97,97.97,97.97,0.0,97.97,0
2025-12-03T20:15:00Z,97.975,97.975,97.97,97.975,187.0,97.975,34
2025-12-03T20:30:00Z,97.975,97.975,97.975,97.975,0.0,97.975,0
2025-12-03T20:45:00Z,97.975,97.975,97.97,97.97,237.0,97.975,32
2025-12-04T01:00:00Z,97.97,97.97,97.97,97.97,1.0,97.97,1
2025-12-04T01:15:00Z,97.97,97.97,97.97,97.97,0.0,97.97,0
2025-12-04T01:30:00Z,97.97,97.97,97.97,97.97,1.0,97.97,1
2025-12-04T01:45:00Z,97.97,97.97,97.97,97.97,0.0,97.97,0
2025-12-04T02:00:00Z,97.97,97.97,97.97,97.97,0.0,97.97,0
2025-12-04T02:15:00Z,97.97,97.97,97.97,97.97,0.0,97.97,0
2025-12-04T02:30:00Z,97.97,97.97,97.97,97.97,0.0,97.97,0
2025-12-04T02:45:00Z,97.97,97.97,97.97,97.97,375.0,97.97,14
2025-12-04T03:00:00Z,97.97,97.97,97.97,97.97,13.0,97.97,3
2025-12-04T03:15:00Z,97.97,97.97,97.97,97.97,200.0,97.97,5
2025-12-04T03:30:00Z,97.97,97.97,97.97,97.97,0.0,97.97,0
2025-12-04T03:45:00Z,97.97,97.97,97.97,97.97,0.0,97.97,0
2025-12-04T04:00:00Z,97.97,97.97,97.97,97.97,5.0,97.97,1
2025-12-04T04:15:00Z,97.97,97.97,97.97,97.97,0.0,97.97,0
2025-12-04T04:30:00Z,97.97,97.97,97.97,97.97,52.0,97.97,6
2025-12-04T04:45:00Z,97.97,97.97,97.97,97.97,0.0,97.97,0
2025-12-04T05:00:00Z,97.965,97.965,97.965,97.965,3.0,97.965,1
2025-12-04T05:15:00Z,97.965,97.965,97.965,97.965,0.0,97.965,0
2025-12-04T05:30:00Z,97.965,97.965,97.965,97.965,3.0,97.965,3
2025-12-04T05:45:00Z,97.965,97.965,97.965,97.965,400.0,97.965,18
2025-12-04T06:00:00Z,97.965,97.965,97.965,97.965,65.0,97.965,7
2025-12-04T06:15:00Z,97.965,97.965,97.965,97.965,459.0,97.965,20
2025-12-04T06:30:00Z,97.965,97.965,97.965,97.965,0.0,97.965,0
2025-12-04T06:45:00Z,97.965,97.965,97.965,97.965,0.0,97.965,0
2025-12-04T07:00:00Z,97.97,97.97,97.965,97.965,5.0,97.968,3
2025-12-04T07:15:00Z,97.965,97.97,97.965,97.97,117.0,97.9695,37
2025-12-04T07:30:00Z,97.965,97.97,97.965,97.965,32.0,97.9695,8
2025-12-04T07:45:00Z,97.97,97.97,97.965,97.965,51.0,97.9695,24
2025-12-04T08:00:00Z,97.965,97.97,97.965,97.965,2864.0,97.965,292
2025-12-04T08:15:00Z,97.965,97.965,97.965,97.965,999.0,97.965,71
2025-12-04T08:30:00Z,97.965,97.965,97.96,97.96,203.0,97.9645,54
2025-12-04T08:45:00Z,97.965,97.965,97.96,97.965,3377.0,97.965,219
2025-12-04T09:00:00Z,97.965,97.965,97.96,97.965,1299.0,97.965,132
2025-12-04T09:15:00Z,97.965,97.965,97.965,97.965,1130.0,97.965,117
2025-12-04T09:30:00Z,97.965,97.965,97.965,97.965,285.0,97.965,59
2025-12-04T09:45:00Z,97.965,97.97,97.965,97.965,89.0,97.965,32
2025-12-04T10:00:00Z,97.965,97.97,97.96,97.965,2678.0,97.965,189
2025-12-04T10:15:00Z,97.965,97.965,97.965,97.965,518.0,97.965,65
2025-12-04T10:30:00Z,97.965,97.965,97.965,97.965,2460.0,97.965,79
2025-12-04T10:45:00Z,97.965,97.97,97.965,97.965,1571.0,97.965,74
2025-12-04T11:00:00Z,97.965,97.965,97.965,97.965,201.0,97.965,34
2025-12-04T11:15:00Z,97.965,97.965,97.965,97.965,2726.0,97.965,184
2025-12-04T11:30:00Z,97.96,97.965,97.96,97.965,79.0,97.965,25
2025-12-04T11:45:00Z,97.965,97.965,97.965,97.965,1649.0,97.965,157
2025-12-04T12:00:00Z,97.965,97.965,97.965,97.965,365.0,97.965,85
2025-12-04T12:15:00Z,97.965,97.965,97.96,97.96,119.0,97.965,40
2025-12-04T12:30:00Z,97.965,97.965,97.96,97.96,483.0,97.961,55
2025-12-04T12:45:00Z,97.96,97.96,97.96,97.96,4138.0,97.96,562
2025-12-04T13:00:00Z,97.955,97.96,97.955,97.96,1269.0,97.96,156
2025-12-04T13:15:00Z,97.96,97.96,97.955,97.96,1495.0,97.9595,196
2025-12-04T13:30:00Z,97.96,97.96,97.955,97.96,1550.0,97.96,140
2025-12-04T13:45:00Z,97.96,97.965,97.96,97.96,518.0,97.9635,91
2025-12-04T14:00:00Z,97.965,97.965,97.96,97.96,888.0,97.962,108
2025-12-04T14:15:00Z,97.965,97.965,97.96,97.96,494.0,97.9645,46
2025-12-04T14:30:00Z,97.965,97.965,97.96,97.96,2543.0,97.96,167
2025-12-04T14:45:00Z,97.96,97.965,97.96,97.965,118.0,97.96,40
2025-12-04T15:00:00Z,97.96,97.965,97.96,97.96,1294.0,97.9605,104
2025-12-04T15:15:00Z,97.96,97.96,97.96,97.96,595.0,97.96,105
2025-12-04T15:30:00Z,97.96,97.965,97.96,97.96,249.0,97.963,100
2025-12-04T15:45:00Z,97.96,97.965,97.96,97.96,1485.0,97.96,164
2025-12-04T16:00:00Z,97.96,97.965,97.96,97.96,3301.0,97.96,333
2025-12-04T16:15:00Z,97.96,97.96,97.96,97.96,512.0,97.96,83
2025-12-04T16:30:00Z,97.96,97.965,97.96,97.96,4005.0,97.96,225
2025-12-04T16:45:00Z,97.96,97.96,97.955,97.955,413.0,97.96,86
2025-12-04T17:00:00Z,97.96,97.96,97.955,97.955,769.0,97.959,186
2025-12-04T17:15:00Z,97.955,97.965,97.955,97.96,4810.0,97.96,268
2025-12-04T17:30:00Z,97.96,97.965,97.96,97.96,1283.0,97.96,131
2025-12-04T17:45:00Z,97.96,97.96,97.96,97.96,287.0,97.96,64
2025-12-04T18:00:00Z,97.96,97.965,97.96,97.96,144.0,97.96,32
2025-12-04T18:15:00Z,97.96,97.96,97.96,97.96,10.0,97.96,5
2025-12-04T18:30:00Z,97.96,97.96,97.96,97.96,59.0,97.96,12
2025-12-04T18:45:00Z,97.96,97.96,97.96,97.96,16.0,97.96,12
2025-12-04T19:00:00Z,97.96,97.96,97.96,97.96,38.0,97.96,24
2025-12-04T19:15:00Z,97.96,97.96,97.96,97.96,96.0,97.96,15
2025-12-04T19:30:00Z,97.96,97.96,97.96,97.96,150.0,97.96,23
2025-12-04T19:45:00Z,97.96,97.96,97.96,97.96,126.0,97.96,23
2025-12-04T20:00:00Z,97.96,97.96,97.96,97.96,20.0,97.96,10
2025-12-04T20:15:00Z,97.96,97.96,97.96,97.96,48.0,97.96,19
2025-12-04T20:30:00Z,97.96,97.96,97.96,97.96,130.0,97.96,24
2025-12-04T20:45:00Z,97.965,97.965,97.96,97.96,435.0,97.9625,89
2025-12-05T01:00:00Z,97.965,97.965,97.965,97.965,345.0,97.965,35
2025-12-05T01:15:00Z,97.965,97.965,97.965,97.965,0.0,97.965,0
2025-12-05T01:30:00Z,97.965,97.965,97.965,97.965,1.0,97.965,1
2025-12-05T01:45:00Z,97.965,97.965,97.965,97.965,71.0,97.965,14
2025-12-05T02:00:00Z,97.965,97.965,97.965,97.965,0.0,97.965,0
2025-12-05T02:15:00Z,97.965,97.965,97.965,97.965,0.0,97.965,0
2025-12-05T02:30:00Z,97.965,97.965,97.965,97.965,0.0,97.965,0
2025-12-05T02:45:00Z,97.965,97.965,97.965,97.965,0.0,97.965,0
2025-12-05T03:00:00Z,97.965,97.965,97.965,97.965,0.0,97.965,0
2025-12-05T03:15:00Z,97.965,97.965,97.965,97.965,0.0,97.965,0
2025-12-05T03:30:00Z,97.965,97.965,97.965,97.965,0.0,97.965,0
2025-12-05T03:45:00Z,97.965,97.965,97.965,97.965,0.0,97.965,0
2025-12-05T04:00:00Z,97.965,97.965,97.965,97.965,0.0,97.965,0
2025-12-05T04:15:00Z,97.965,97.965,97.965,97.965,0.0,97.965,0
2025-12-05T04:30:00Z,97.965,97.965,97.965,97.965,0.0,97.965,0
2025-12-05T04:45:00Z,97.965,97.965,97.965,97.965,0.0,97.965,0
2025-12-05T05:00:00Z,97.965,97.965,97.965,97.965,0.0,97.965,0
2025-12-05T05:15:00Z,97.965,97.965,97.965,97.965,9.0,97.965,3
2025-12-05T05:30:00Z,97.96,97.96,97.96,97.96,1.0,97.96,1
2025-12-05T05:45:00Z,97.96,97.96,97.96,97.96,1.0,97.96,1
2025-12-05T06:00:00Z,97.96,97.96,97.96,97.96,0.0,97.96,0
2025-12-05T06:15:00Z,97.965,97.965,97.965,97.965,1.0,97.965,1
2025-12-05T06:30:00Z,97.965,97.965,97.965,97.965,0.0,97.965,0
2025-12-05T06:45:00Z,97.96,97.965,97.96,97.965,3.0,97.9635,3
2025-12-05T07:00:00Z,97.965,97.965,97.96,97.96,67.0,97.961,33
2025-12-05T07:15:00Z,97.96,97.965,97.96,97.96,19.0,97.961,14
2025-12-05T07:30:00Z,97.96,97.965,97.96,97.96,1031.0,97.96,111
2025-12-05T07:45:00Z,97.96,97.965,97.955,97.96,3563.0,97.96,326
2025-12-05T08:00:00Z,97.955,97.96,97.955,97.96,624.0,97.956,164
2025-12-05T08:15:00Z,97.96,97.96,97.955,97.955,74.0,97.9595,68
2025-12-05T08:30:00Z,97.955,97.96,97.955,97.96,260.0,97.9585,136
2025-12-05T08:45:00Z,97.955,97.96,97.955,97.955,270.0,97.956,216
2025-12-05T09:00:00Z,97.955,97.96,97.955,97.955,340.0,97.9575,134
2025-12-05T09:15:00Z,97.955,97.965,97.955,97.96,3981.0,97.96,253
2025-12-05T09:30:00Z,97.955,97.96,97.955,97.96,45.0,97.96,29
2025-12-05T09:45:00Z,97.96,97.96,97.955,97.96,228.0,97.96,40
2025-12-05T10:00:00Z,97.96,97.96,97.955,97.96,490.0,97.955,197
2025-12-05T10:15:00Z,97.955,97.96,97.955,97.96,133.0,97.9595,46
2025-12-05T10:30:00Z,97.96,97.96,97.955,97.96,46.0,97.96,31
2025-12-05T10:45:00Z,97.96,97.96,97.955,97.96,210.0,97.9595,53
2025-12-05T11:00:00Z,97.96,97.96,97.955,97.955,663.0,97.955,93
2025-12-05T11:15:00Z,97.955,97.96,97.955,97.96,11.0,97.9575,11
2025-12-05T11:30:00Z,97.955,97.96,97.955,97.955,40.0,97.9555,10
2025-12-05T11:45:00Z,97.955,97.96,97.955,97.955,126.0,97.955,32
2025-12-05T12:00:00Z,97.955,97.96,97.955,97.96,290.0,97.9565,152
2025-12-05T12:15:00Z,97.96,97.96,97.955,97.955,1356.0,97.955,222
2025-12-05T12:30:00Z,97.955,97.96,97.955,97.96,76.0,97.9555,39
2025-12-05T12:45:00Z,97.96,97.96,97.955,97.955,25.0,97.9565,15
2025-12-05T13:00:00Z,97.955,97.96,97.955,97.955,328.0,97.9555,50
2025-12-05T13:15:00Z,97.955,97.96,97.955,97.96,21.0,97.9555,17
2025-12-05T13:30:00Z,97.955,97.96,97.955,97.955,176.0,97.9555,43
2025-12-05T13:45:00Z,97.96,97.96,97.955,97.955,139.0,97.955,73
2025-12-05T14:00:00Z,97.955,97.96,97.955,97.955,1335.0,97.955,123
2025-12-05T14:15:00Z,97.955,97.96,97.955,97.96,3971.0,97.955,307
2025-12-05T14:30:00Z,97.96,97.96,97.935,97.94,30821.0,97.9445,1221
2025-12-05T14:45:00Z,97.94,97.945,97.935,97.94,7203.0,97.94,341
2025-12-05T15:00:00Z,97.94,97.945,97.93,97.93,9039.0,97.935,1002
2025-12-05T15:15:00Z,97.93,97.94,97.93,97.935,1933.0,97.9355,515
2025-12-05T15:30:00Z,97.935,97.94,97.93,97.935,2694.0,97.935,262
2025-12-05T15:45:00Z,97.935,97.935,97.93,97.935,1649.0,97.933,212
2025-12-05T16:00:00Z,97.93,97.935,97.93,97.93,3367.0,97.9305,813
2025-12-05T16:15:00Z,97.935,97.935,97.925,97.925,1739.0,97.928,228
2025-12-05T16:30:00Z,97.93,97.93,97.925,97.925,2448.0,97.927,396
2025-12-05T16:45:00Z,97.93,97.93,97.925,97.93,3496.0,97.93,289
2025-12-05T17:00:00Z,97.93,97.93,97.925,97.93,1330.0,97.9275,110
2025-12-05T17:15:00Z,97.93,97.93,97.925,97.925,7308.0,97.928,157
2025-12-05T17:30:00Z,97.925,97.925,97.92,97.92,5666.0,97.9205,198
2025-12-05T17:45:00Z,97.92,97.92,97.92,97.92,1949.0,97.92,109
2025-12-05T18:00:00Z,97.92,97.92,97.92,97.92,13.0,97.92,4
2025-12-05T18:15:00Z,97.92,97.92,97.92,97.92,76.0,97.92,18
2025-12-05T18:30:00Z,97.92,97.925,97.92,97.925,3393.0,97.923,174
2025-12-05T18:45:00Z,97.925,97.925,97.925,97.925,28.0,97.925,27
2025-12-05T19:00:00Z,97.925,97.925,97.925,97.925,327.0,97.925,95
2025-12-05T19:15:00Z,97.925,97.925,97.925,97.925,390.0,97.925,80
2025-12-05T19:30:00Z,97.925,97.925,97.925,97.925,36.0,97.925,35
2025-12-05T19:45:00Z,97.925,97.925,97.925,97.925,16.0,97.925,16
2025-12-05T20:00:00Z,97.925,97.925,97.925,97.925,0.0,97.925,0
2025-12-05T20:15:00Z,97.925,97.925,97.925,97.925,5.0,97.925,2
2025-12-05T20:30:00Z,97.925,97.925,97.92,97.92,41.0,97.925,8
2025-12-05T20:45:00Z,97.925,97.925,97.92,97.92,890.0,97.924,127
2025-12-08T01:00:00Z,97.925,97.925,97.92,97.925,285.0,97.925,32
2025-12-08T01:15:00Z,97.925,97.925,97.92,97.92,226.0,97.9205,66
2025-12-08T01:30:00Z,97.92,97.925,97.92,97.92,95.0,97.9215,45
2025-12-08T01:45:00Z,97.925,97.925,97.92,97.925,49.0,97.9225,43
2025-12-08T02:00:00Z,97.925,97.925,97.92,97.925,32.0,97.924,32
2025-12-08T02:15:00Z,97.92,97.925,97.92,97.925,30.0,97.924,30
2025-12-08T02:30:00Z,97.925,97.925,97.92,97.925,54.0,97.924,42
2025-12-08T02:45:00Z,97.925,97.925,97.92,97.925,30.0,97.924,30
2025-12-08T03:00:00Z,97.925,97.925,97.92,97.925,408.0,97.925,63
2025-12-08T03:15:00Z,97.925,97.925,97.92,97.925,30.0,97.924,26
2025-12-08T03:30:00Z,97.925,97.925,97.92,97.925,30.0,97.924,23
2025-12-08T03:45:00Z,97.925,97.925,97.92,97.925,37.0,97.9235,35
2025-12-08T04:00:00Z,97.925,97.925,97.92,97.925,26.0,97.925,26
2025-12-08T04:15:00Z,97.925,97.925,97.925,97.925,25.0,97.925,25
2025-12-08T04:30:00Z,97.925,97.925,97.925,97.925,25.0,97.925,25
2025-12-08T04:45:00Z,97.925,97.925,97.92,97.925,37.0,97.9235,36
2025-12-08T05:00:00Z,97.925,97.925,97.92,97.925,43.0,97.923,42
2025-12-08T05:15:00Z,97.925,97.925,97.92,97.925,26.0,97.9235,26
2025-12-08T05:30:00Z,97.925,97.925,97.92,97.92,705.0,97.92,58
2025-12-08T05:45:00Z,97.92,97.92,97.92,97.92,26.0,97.92,23
2025-12-08T06:00:00Z,97.915,97.915,97.9,97.9,13899.0,97.904,540
2025-12-08T06:15:00Z,97.9,97.9,97.9,97.9,1402.0,97.9,90
2025-12-08T06:30:00Z,97.9,97.9,97.895,97.9,1518.0,97.9,38
2025-12-08T06:45:00Z,97.9,97.905,97.9,97.905,5725.0,97.905,176
2025-12-08T07:00:00Z,97.905,97.905,97.9,97.905,3251.0,97.9035,201
2025-12-08T07:15:00Z,97.9,97.905,97.895,97.9,2660.0,97.9,92
2025-12-08T07:30:00Z,97.905,97.905,97.9,97.905,7230.0,97.901,214
2025-12-08T07:45:00Z,97.905,97.91,97.9,97.905,1695.0,97.9055,211
2025-12-08T08:00:00Z,97.905,97.91,97.905,97.905,1047.0,97.9065,189
2025-12-08T08:15:00Z,97.905,97.91,97.9,97.9,1211.0,97.9055,159
2025-12-08T08:30:00Z,97.9,97.9,97.895,97.9,11375.0,97.9,743
2025-12-08T08:45:00Z,97.895,97.9,97.89,97.89,1776.0,97.8985,163
2025-12-08T09:00:00Z,97.89,97.895,97.89,97.895,4804.0,97.895,386
2025-12-08T09:15:00Z,97.895,97.9,97.895,97.895,343.0,97.897,110
2025-12-08T09:30:00Z,97.895,97.9,97.895,97.895,1077.0,97.898,194
2025-12-08T09:45:00Z,97.895,97.9,97.895,97.895,6389.0,97.895,419
2025-12-08T10:00:00Z,97.895,97.9,97.89,97.89,2154.0,97.895,346
2025-12-08T10:15:00Z,97.895,97.895,97.89,97.89,4128.0,97.893,293
2025-12-08T10:30:00Z,97.89,97.895,97.89,97.89,2942.0,97.89,197
2025-12-08T10:45:00Z,97.89,97.895,97.89,97.89,2331.0,97.89,159
2025-12-08T11:00:00Z,97.89,97.89,97.88,97.885,11643.0,97.888,789
2025-12-08T11:15:00Z,97.885,97.89,97.885,97.89,132.0,97.886,48
2025-12-08T11:30:00Z,97.885,97.89,97.88,97.885,2746.0,97.885,191
2025-12-08T11:45:00Z,97.88,97.885,97.88,97.88,2251.0,97.88,84
2025-12-08T12:00:00Z,97.88,97.88,97.88,97.88,4249.0,97.88,217
2025-12-08T12:15:00Z,97.88,97.88,97.88,97.88,2151.0,97.88,124
2025-12-08T12:30:00Z,97.88,97.88,97.88,97.88,6369.0,97.88,335
2025-12-08T12:45:00Z,97.88,97.885,97.88,97.885,12175.0,97.8825,586
2025-12-08T13:00:00Z,97.885,97.89,97.88,97.89,19283.0,97.887,994
2025-12-08T13:15:00Z,97.89,97.89,97.88,97.88,1676.0,97.885,364
2025-12-08T13:30:00Z,97.88,97.885,97.87,97.87,5106.0,97.878,520
2025-12-08T13:45:00Z,97.875,97.875,97.87,97.87,6212.0,97.8745,430
2025-12-08T14:00:00Z,97.87,97.875,97.87,97.87,3189.0,97.872,942
2025-12-08T14:15:00Z,97.87,97.875,97.87,97.87,1962.0,97.8705,470
2025-12-08T14:30:00Z,97.87,97.87,97.865,97.87,21954.0,97.87,744
2025-12-08T14:45:00Z,97.865,97.865,97.855,97.855,4411.0,97.8625,628
2025-12-08T15:00:00Z,97.855,97.855,97.84,97.85,13699.0,97.849,1016
2025-12-08T15:15:00Z,97.845,97.85,97.845,97.845,7726.0,97.8465,848
2025-12-08T15:30:00Z,97.845,97.845,97.83,97.83,7814.0,97.8415,748
2025-12-08T15:45:00Z,97.835,97.84,97.835,97.84,4635.0,97.8365,618
2025-12-08T16:00:00Z,97.84,97.845,97.83,97.835,7896.0,97.837,1212
2025-12-08T16:15:00Z,97.835,97.845,97.835,97.84,5531.0,97.8405,754
2025-12-08T16:30:00Z,97.845,97.85,97.845,97.845,5128.0,97.848,408
2025-12-08T16:45:00Z,97.845,97.85,97.845,97.85,7929.0,97.85,203
2025-12-08T17:00:00Z,97.85,97.855,97.845,97.845,1593.0,97.8495,234
2025-12-08T17:15:00Z,97.845,97.85,97.845,97.845,2126.0,97.8495,225
2025-12-08T17:30:00Z,97.845,97.85,97.845,97.845,5055.0,97.845,294
2025-12-08T17:45:00Z,97.845,97.845,97.845,97.845,1360.0,97.845,36
2025-12-08T18:00:00Z,97.845,97.845,97.845,97.845,124.0,97.845,15
2025-12-08T18:15:00Z,97.845,97.845,97.845,97.845,910.0,97.845,65
2025-12-08T18:30:00Z,97.845,97.85,97.845,97.85,912.0,97.85,24
2025-12-08T18:45:00Z,97.845,97.845,97.845,97.845,296.0,97.845,67
2025-12-08T19:00:00Z,97.845,97.845,97.845,97.845,1270.0,97.845,139
2025-12-08T19:15:00Z,97.845,97.85,97.845,97.845,878.0,97.845,109
2025-12-08T19:30:00Z,97.845,97.85,97.845,97.845,544.0,97.845,108
2025-12-08T19:45:00Z,97.845,97.85,97.845,97.85,323.0,97.845,90
2025-12-08T20:00:00Z,97.85,97.85,97.845,97.845,307.0,97.8455,74
2025-12-08T20:15:00Z,97.845,97.85,97.845,97.845,187.0,97.845,55
2025-12-08T20:30:00Z,97.845,97.845,97.845,97.845,430.0,97.845,73
2025-12-08T20:45:00Z,97.845,97.85,97.845,97.845,613.0,97.8455,116
2025-12-09T01:00:00Z,97.85,97.85,97.845,97.845,381.0,97.845,75
2025-12-09T01:15:00Z,97.845,97.845,97.845,97.845,0.0,97.845,0
2025-12-09T01:30:00Z,97.845,97.845,97.845,97.845,104.0,97.845,11
2025-12-09T01:45:00Z,97.845,97.845,97.845,97.845,0.0,97.845,0
2025-12-09T02:00:00Z,97.845,97.845,97.84,97.84,64.0,97.845,11
2025-12-09T02:15:00Z,97.84,97.84,97.84,97.84,106.0,97.84,9
2025-12-09T02:30:00Z,97.84,97.84,97.84,97.84,2.0,97.84,2
2025-12-09T02:45:00Z,97.84,97.84,97.84,97.84,2.0,97.84,2
2025-12-09T03:00:00Z,97.84,97.84,97.84,97.84,0.0,97.84,0
2025-12-09T03:15:00Z,97.845,97.845,97.84,97.84,217.0,97.8445,32
2025-12-09T03:30:00Z,97.84,97.84,97.835,97.835,22.0,97.8395,4
2025-12-09T03:45:00Z,97.835,97.835,97.835,97.835,0.0,97.835,0
2025-12-09T04:00:00Z,97.835,97.835,97.835,97.835,0.0,97.835,0
2025-12-09T04:15:00Z,97.835,97.835,97.835,97.835,2.0,97.835,2
2025-12-09T04:30:00Z,97.835,97.835,97.835,97.835,1.0,97.835,1
2025-12-09T04:45:00Z,97.835,97.835,97.835,97.835,1.0,97.835,1
2025-12-09T05:00:00Z,97.835,97.835,97.83,97.835,145.0,97.835,22
2025-12-09T05:15:00Z,97.835,97.835,97.83,97.83,103.0,97.835,14
2025-12-09T05:30:00Z,97.835,97.835,97.83,97.83,35.0,97.831,16
2025-12-09T05:45:00Z,97.83,97.83,97.83,97.83,9.0,97.83,7
2025-12-09T06:00:00Z,97.83,97.83,97.83,97.83,1.0,97.83,1
2025-12-09T06:15:00Z,97.83,97.83,97.83,97.83,64.0,97.83,10
2025-12-09T06:30:00Z,97.83,97.83,97.83,97.83,2.0,97.83,2
2025-12-09T06:45:00Z,97.83,97.83,97.83,97.83,3.0,97.83,3
2025-12-09T07:00:00Z,97.835,97.84,97.83,97.84,1626.0,97.8345,284
2025-12-09T07:15:00Z,97.84,97.84,97.835,97.84,143.0,97.8385,106
2025-12-09T07:30:00Z,97.84,97.84,97.835,97.84,1054.0,97.836,274
2025-12-09T07:45:00Z,97.84,97.845,97.83,97.835,4575.0,97.8365,330
2025-12-09T08:00:00Z,97.83,97.84,97.83,97.835,3265.0,97.835,253
2025-12-09T08:15:00Z,97.835,97.835,97.815,97.82,5183.0,97.826,425
2025-12-09T08:30:00Z,97.82,97.825,97.815,97.82,2756.0,97.8205,484
2025-12-09T08:45:00Z,97.82,97.825,97.82,97.82,2863.0,97.823,388
2025-12-09T09:00:00Z,97.825,97.83,97.825,97.83,4760.0,97.8255,465
2025-12-09T09:15:00Z,97.835,97.85,97.83,97.84,4494.0,97.8435,568
2025-12-09T09:30:00Z,97.84,97.85,97.835,97.85,33525.0,97.8435,819
2025-12-09T09:45:00Z,97.855,97.86,97.85,97.855,5026.0,97.8545,273
2025-12-09T10:00:00Z,97.855,97.855,97.85,97.85,1214.0,97.851,189
2025-12-09T10:15:00Z,97.85,97.86,97.85,97.855,9286.0,97.8505,372
2025-12-09T10:30:00Z,97.855,97.86,97.855,97.855,3538.0,97.856,303
2025-12-09T10:45:00Z,97.855,97.86,97.855,97.86,2034.0,97.857,166
2025-12-09T11:00:00Z,97.86,97.86,97.86,97.86,2864.0,97.86,195
2025-12-09T11:15:00Z,97.86,97.865,97.86,97.865,2115.0,97.8645,147
2025-12-09T11:30:00Z,97.87,97.87,97.86,97.86,1857.0,97.8665,235
2025-12-09T11:45:00Z,97.86,97.86,97.855,97.855,2152.0,97.86,248
2025-12-09T12:00:00Z,97.855,97.86,97.85,97.855,1137.0,97.8545,201
2025-12-09T12:15:00Z,97.85,97.855,97.85,97.855,1528.0,97.854,308
2025-12-09T12:30:00Z,97.855,97.86,97.85,97.855,1834.0,97.855,192
2025-12-09T12:45:00Z,97.855,97.855,97.85,97.855,1336.0,97.855,154
2025-12-09T13:00:00Z,97.855,97.855,97.85,97.855,1948.0,97.855,148
2025-12-09T13:15:00Z,97.85,97.855,97.85,97.855,1538.0,97.855,274
2025-12-09T13:30:00Z,97.855,97.865,97.85,97.86,2154.0,97.859,366
2025-12-09T13:45:00Z,97.865,97.865,97.86,97.86,800.0,97.8645,294
2025-12-09T14:00:00Z,97.86,97.865,97.855,97.855,1552.0,97.86,133
2025-12-09T14:15:00Z,97.855,97.865,97.855,97.86,814.0,97.86,88
2025-12-09T14:30:00Z,97.86,97.865,97.86,97.86,374.0,97.86,48
2025-12-09T14:45:00Z,97.86,97.865,97.86,97.86,1295.0,97.864,207
2025-12-09T15:00:00Z,97.86,97.86,97.85,97.855,5783.0,97.856,468
2025-12-09T15:15:00Z,97.855,97.86,97.85,97.855,1806.0,97.855,169
2025-12-09T15:30:00Z,97.855,97.855,97.85,97.85,1224.0,97.851,269
2025-12-09T15:45:00Z,97.85,97.855,97.85,97.855,1647.0,97.855,244
2025-12-09T16:00:00Z,97.85,97.86,97.85,97.85,3942.0,97.854,1465
2025-12-09T16:15:00Z,97.85,97.855,97.85,97.855,1191.0,97.855,165
2025-12-09T16:30:00Z,97.855,97.855,97.85,97.855,260.0,97.852,89
2025-12-09T16:45:00Z,97.85,97.855,97.85,97.855,1573.0,97.855,220
2025-12-09T17:00:00Z,97.855,97.855,97.85,97.855,1352.0,97.854,163
2025-12-09T17:15:00Z,97.85,97.855,97.845,97.845,1459.0,97.85,108
2025-12-09T17:30:00Z,97.85,97.85,97.845,97.85,570.0,97.847,35
2025-12-09T17:45:00Z,97.845,97.85,97.845,97.845,324.0,97.8485,56
2025-12-09T18:00:00Z,97.845,97.85,97.845,97.85,141.0,97.849,22
2025-12-09T18:15:00Z,97.85,97.85,97.845,97.845,202.0,97.85,37
2025-12-09T18:30:00Z,97.845,97.845,97.845,97.845,977.0,97.845,35
2025-12-09T18:45:00Z,97.845,97.845,97.845,97.845,0.0,97.845,0
2025-12-09T19:00:00Z,97.845,97.845,97.845,97.845,0.0,97.845,0
2025-12-09T19:15:00Z,97.845,97.845,97.845,97.845,6.0,97.845,4
2025-12-09T19:30:00Z,97.845,97.845,97.845,97.845,0.0,97.845,0
2025-12-09T19:45:00Z,97.845,97.845,97.845,97.845,0.0,97.845,0
2025-12-09T20:00:00Z,97.84,97.84,97.84,97.84,6.0,97.84,2
2025-12-09T20:15:00Z,97.84,97.84,97.84,97.84,33.0,97.84,6
2025-12-09T20:30:00Z,97.845,97.845,97.84,97.845,387.0,97.845,71
2025-12-09T20:45:00Z,97.845,97.845,97.84,97.84,423.0,97.84,48
2025-12-10T01:00:00Z,97.845,97.845,97.84,97.84,4.0,97.844,2
2025-12-10T01:15:00Z,97.84,97.84,97.84,97.84,0.0,97.84,0
2025-12-10T01:30:00Z,97.84,97.84,97.84,97.84,0.0,97.84,0
2025-12-10T01:45:00Z,97.84,97.84,97.84,97.84,0.0,97.84,0
2025-12-10T02:00:00Z,97.84,97.84,97.84,97.84,0.0,97.84,0
2025-12-10T02:15:00Z,97.845,97.845,97.845,97.845,1.0,97.845,1
2025-12-10T02:30:00Z,97.845,97.845,97.845,97.845,0.0,97.845,0
2025-12-10T02:45:00Z,97.845,97.845,97.845,97.845,0.0,97.845,0
2025-12-10T03:00:00Z,97.845,97.845,97.845,97.845,0.0,97.845,0
2025-12-10T03:15:00Z,97.845,97.845,97.845,97.845,0.0,97.845,0
2025-12-10T03:30:00Z,97.845,97.845,97.845,97.845,0.0,97.845,0
2025-12-10T03:45:00Z,97.84,97.84,97.84,97.84,1.0,97.84,1
2025-12-10T04:00:00Z,97.84,97.84,97.84,97.84,1.0,97.84,1
2025-12-10T04:15:00Z,97.84,97.84,97.84,97.84,0.0,97.84,0
2025-12-10T04:30:00Z,97.84,97.84,97.84,97.84,0.0,97.84,0
2025-12-10T04:45:00Z,97.84,97.84,97.84,97.84,0.0,97.84,0
2025-12-10T05:00:00Z,97.845,97.845,97.845,97.845,18.0,97.845,6
2025-12-10T05:15:00Z,97.845,97.845,97.845,97.845,0.0,97.845,0
2025-12-10T05:30:00Z,97.845,97.845,97.845,97.845,0.0,97.845,0
2025-12-10T05:45:00Z,97.845,97.845,97.845,97.845,0.0,97.845,0
2025-12-10T06:00:00Z,97.845,97.845,97.845,97.845,0.0,97.845,0
2025-12-10T06:15:00Z,97.845,97.845,97.845,97.845,0.0,97.845,0
2025-12-10T06:30:00Z,97.845,97.845,97.84,97.84,298.0,97.845,31
2025-12-10T06:45:00Z,97.845,97.85,97.84,97.84,337.0,97.845,26
2025-12-10T07:00:00Z,97.85,97.85,97.84,97.84,345.0,97.845,52
2025-12-10T07:15:00Z,97.845,97.85,97.84,97.84,727.0,97.8435,119
2025-12-10T07:30:00Z,97.84,97.84,97.835,97.835,1027.0,97.84,62
2025-12-10T07:45:00Z,97.84,97.84,97.825,97.825,1036.0,97.83,240
2025-12-10T08:00:00Z,97.83,97.835,97.82,97.825,3675.0,97.8275,429
2025-12-10T08:15:00Z,97.83,97.83,97.815,97.815,5037.0,97.819,529
2025-12-10T08:30:00Z,97.82,97.82,97.795,97.795,14735.0,97.8055,1163
2025-12-10T08:45:00Z,97.795,97.8,97.795,97.795,10868.0,97.7975,738
2025-12-10T09:00:00Z,97.795,97.8,97.79,97.79,5951.0,97.7945,474
2025-12-10T09:15:00Z,97.79,97.805,97.79,97.795,16653.0,97.7965,1741
2025-12-10T09:30:00Z,97.795,97.8,97.79,97.795,8728.0,97.794,723
2025-12-10T09:45:00Z,97.795,97.805,97.795,97.8,4848.0,97.8025,330
2025-12-10T10:00:00Z,97.805,97.805,97.8,97.805,5751.0,97.805,371
2025-12-10T10:15:00Z,97.805,97.805,97.8,97.8,3505.0,97.8045,200
2025-12-10T10:30:00Z,97.805,97.815,97.8,97.81,5185.0,97.8075,334
2025-12-10T10:45:00Z,97.81,97.815,97.805,97.805,6639.0,97.8065,368
2025-12-10T11:00:00Z,97.805,97.81,97.805,97.805,1492.0,97.805,108
2025-12-10T11:15:00Z,97.805,97.82,97.805,97.815,3809.0,97.811,445
2025-12-10T11:30:00Z,97.815,97.82,97.815,97.82,1040.0,97.82,217
2025-12-10T11:45:00Z,97.82,97.825,97.82,97.82,14701.0,97.8215,2434
2025-12-10T12:00:00Z,97.82,97.82,97.815,97.82,1386.0,97.82,178
2025-12-10T12:15:00Z,97.82,97.82,97.815,97.815,1793.0,97.8155,274
2025-12-10T12:30:00Z,97.815,97.815,97.815,97.815,4135.0,97.815,208
2025-12-10T12:45:00Z,97.815,97.815,97.815,97.815,1913.0,97.815,126
2025-12-10T13:00:00Z,97.815,97.82,97.815,97.815,1600.0,97.8155,160
2025-12-10T13:15:00Z,97.815,97.82,97.815,97.815,499.0,97.8155,167
2025-12-10T13:30:00Z,97.815,97.825,97.815,97.82,3412.0,97.821,258
2025-12-10T13:45:00Z,97.82,97.825,97.82,97.82,329.0,97.8205,87
2025-12-10T14:00:00Z,97.82,97.82,97.815,97.82,3212.0,97.82,245
2025-12-10T14:15:00Z,97.82,97.825,97.82,97.82,144.0,97.822,44
2025-12-10T14:30:00Z,97.82,97.825,97.82,97.82,4606.0,97.825,254
2025-12-10T14:45:00Z,97.82,97.835,97.82,97.825,6802.0,97.827,379
2025-12-10T15:00:00Z,97.825,97.825,97.82,97.82,6576.0,97.825,338
2025-12-10T15:15:00Z,97.825,97.825,97.82,97.82,1879.0,97.8235,576
2025-12-10T15:30:00Z,97.825,97.83,97.82,97.825,4619.0,97.825,316
2025-12-10T15:45:00Z,97.825,97.83,97.82,97.825,1936.0,97.825,108
2025-12-10T16:00:00Z,97.825,97.83,97.82,97.82,3974.0,97.8235,2021
2025-12-10T16:15:00Z,97.825,97.825,97.82,97.825,1599.0,97.825,165
2025-12-10T16:30:00Z,97.825,97.825,97.825,97.825,2113.0,97.825,257
2025-12-10T16:45:00Z,97.825,97.83,97.825,97.825,1890.0,97.825,174
2025-12-10T17:00:00Z,97.825,97.825,97.825,97.825,1542.0,97.825,172
2025-12-10T17:15:00Z,97.825,97.83,97.82,97.82,1063.0,97.8235,115
2025-12-10T17:30:00Z,97.82,97.825,97.82,97.82,314.0,97.821,68
2025-12-10T17:45:00Z,97.82,97.82,97.82,97.82,961.0,97.82,81
2025-12-10T18:00:00Z,97.82,97.825,97.82,97.82,345.0,97.8205,40
2025-12-10T18:15:00Z,97.82,97.82,97.82,97.82,405.0,97.82,13
2025-12-10T18:30:00Z,97.82,97.82,97.815,97.82,3713.0,97.82,154
2025-12-10T18:45:00Z,97.815,97.82,97.81,97.81,1922.0,97.815,80
2025-12-10T19:00:00Z,97.82,97.83,97.82,97.825,2587.0,97.823,231
2025-12-10T19:15:00Z,97.825,97.83,97.82,97.82,447.0,97.824,42
2025-12-10T19:30:00Z,97.82,97.83,97.815,97.815,2188.0,97.82,161
2025-12-10T19:45:00Z,97.82,97.83,97.815,97.83,1191.0,97.8215,92
2025-12-10T20:00:00Z,97.83,97.84,97.83,97.84,509.0,97.831,101
2025-12-10T20:15:00Z,97.84,97.85,97.84,97.845,7264.0,97.841,644
2025-12-10T20:30:00Z,97.845,97.85,97.84,97.85,4086.0,97.8485,811
2025-12-10T20:45:00Z,97.85,97.86,97.845,97.86,8294.0,97.8525,1275
2025-12-11T01:00:00Z,97.855,97.86,97.855,97.86,160.0,97.855,17
2025-12-11T01:15:00Z,97.855,97.86,97.855,97.855,42.0,97.858,14
2025-12-11T01:30:00Z,97.855,97.855,97.855,97.855,220.0,97.855,24
2025-12-11T01:45:00Z,97.855,97.855,97.855,97.855,556.0,97.855,17
2025-12-11T02:00:00Z,97.855,97.855,97.855,97.855,395.0,97.855,24
2025-12-11T02:15:00Z,97.86,97.86,97.86,97.86,1.0,97.86,1
2025-12-11T02:30:00Z,97.86,97.86,97.86,97.86,2.0,97.86,2
2025-12-11T02:45:00Z,97.86,97.86,97.855,97.855,199.0,97.86,22
2025-12-11T03:00:00Z,97.855,97.855,97.855,97.855,0.0,97.855,0
2025-12-11T03:15:00Z,97.855,97.855,97.855,97.855,1.0,97.855,1
2025-12-11T03:30:00Z,97.86,97.865,97.86,97.86,875.0,97.8645,120
2025-12-11T03:45:00Z,97.865,97.865,97.86,97.865,207.0,97.865,29
2025-12-11T04:00:00Z,97.865,97.865,97.865,97.865,0.0,97.865,0
2025-12-11T04:15:00Z,97.865,97.865,97.865,97.865,0.0,97.865,0
2025-12-11T04:30:00Z,97.86,97.86,97.86,97.86,177.0,97.86,16
2025-12-11T04:45:00Z,97.86,97.86,97.86,97.86,21.0,97.86,14
2025-12-11T05:00:00Z,97.86,97.86,97.86,97.86,119.0,97.86,9
2025-12-11T05:15:00Z,97.86,97.86,97.86,97.86,1.0,97.86,1
2025-12-11T05:30:00Z,97.86,97.86,97.86,97.86,0.0,97.86,0
2025-12-11T05:45:00Z,97.86,97.86,97.86,97.86,2.0,97.86,2
2025-12-11T06:00:00Z,97.855,97.855,97.855,97.855,6.0,97.855,6
2025-12-11T06:15:00Z,97.855,97.855,97.855,97.855,0.0,97.855,0
2025-12-11T06:30:00Z,97.855,97.855,97.855,97.855,203.0,97.855,36
2025-12-11T06:45:00Z,97.855,97.86,97.855,97.855,763.0,97.8585,80
2025-12-11T07:00:00Z,97.86,97.86,97.845,97.845,1946.0,97.851,234
2025-12-11T07:15:00Z,97.845,97.85,97.845,97.85,977.0,97.85,93
2025-12-11T07:30:00Z,97.85,97.85,97.845,97.845,1086.0,97.848,147
2025-12-11T07:45:00Z,97.845,97.845,97.84,97.845,333.0,97.842,97
2025-12-11T08:00:00Z,97.84,97.845,97.835,97.84,1565.0,97.8405,237
2025-12-11T08:15:00Z,97.84,97.845,97.84,97.84,631.0,97.844,84
2025-12-11T08:30:00Z,97.84,97.84,97.84,97.84,644.0,97.84,151
2025-12-11T08:45:00Z,97.84,97.845,97.84,97.84,674.0,97.8445,142
2025-12-11T09:00:00Z,97.845,97.845,97.835,97.84,2453.0,97.84,227
2025-12-11T09:15:00Z,97.84,97.845,97.835,97.84,1049.0,97.84,161
2025-12-11T09:30:00Z,97.84,97.845,97.84,97.84,80.0,97.842,54
2025-12-11T09:45:00Z,97.84,97.845,97.84,97.84,134.0,97.8405,63
2025-12-11T10:00:00Z,97.84,97.845,97.835,97.84,7551.0,97.84,423
2025-12-11T10:15:00Z,97.84,97.845,97.84,97.845,3453.0,97.84,185
2025-12-11T10:30:00Z,97.84,97.84,97.84,97.84,100.0,97.84,35
2025-12-11T10:45:00Z,97.84,97.845,97.84,97.845,1400.0,97.8445,269
2025-12-11T11:00:00Z,97.845,97.85,97.845,97.845,180.0,97.8465,37
2025-12-11T11:15:00Z,97.845,97.85,97.845,97.845,554.0,97.8485,85
2025-12-11T11:30:00Z,97.845,97.85,97.845,97.845,14.0,97.8455,11
2025-12-11T11:45:00Z,97.85,97.85,97.84,97.84,1383.0,97.8445,198
2025-12-11T12:00:00Z,97.84,97.845,97.84,97.84,192.0,97.84,124
2025-12-11T12:15:00Z,97.84,97.845,97.84,97.845,2166.0,97.845,265
2025-12-11T12:30:00Z,97.845,97.85,97.84,97.845,1287.0,97.846,144
2025-12-11T12:45:00Z,97.85,97.85,97.845,97.845,2035.0,97.847,198
2025-12-11T13:00:00Z,97.845,97.845,97.84,97.845,11315.0,97.8445,1520
2025-12-11T13:15:00Z,97.84,97.845,97.84,97.845,2036.0,97.845,167
2025-12-11T13:30:00Z,97.845,97.85,97.845,97.845,1240.0,97.845,138
2025-12-11T13:45:00Z,97.845,97.85,97.84,97.845,1271.0,97.8465,101
2025-12-11T14:00:00Z,97.845,97.855,97.845,97.855,3643.0,97.8505,322
2025-12-11T14:15:00Z,97.855,97.855,97.85,97.855,3555.0,97.855,255
2025-12-11T14:30:00Z,97.85,97.855,97.85,97.85,1623.0,97.855,164
2025-12-11T14:45:00Z,97.85,97.855,97.85,97.85,132.0,97.854,41
2025-12-11T15:00:00Z,97.85,97.85,97.84,97.845,10366.0,97.846,390
2025-12-11T15:15:00Z,97.845,97.85,97.84,97.845,2094.0,97.845,224
2025-12-11T15:30:00Z,97.845,97.85,97.84,97.845,2352.0,97.845,368
2025-12-11T15:45:00Z,97.84,97.85,97.84,97.84,1577.0,97.845,174
2025-12-11T16:00:00Z,97.845,97.845,97.84,97.845,856.0,97.843,486
2025-12-11T16:15:00Z,97.84,97.845,97.84,97.845,2919.0,97.845,352
2025-12-11T16:30:00Z,97.845,97.845,97.84,97.845,895.0,97.845,92
2025-12-11T16:45:00Z,97.84,97.845,97.84,97.845,1649.0,97.845,160
2025-12-11T17:00:00Z,97.845,97.85,97.845,97.845,35.0,97.8495,18
2025-12-11T17:15:00Z,97.85,97.85,97.845,97.85,454.0,97.8495,118
2025-12-11T17:30:00Z,97.845,97.85,97.845,97.85,34.0,97.8465,19
2025-12-11T17:45:00Z,97.85,97.85,97.845,97.845,1135.0,97.85,104
2025-12-11T18:00:00Z,97.85,97.85,97.845,97.845,776.0,97.85,76
2025-12-11T18:15:00Z,97.845,97.845,97.845,97.845,8.0,97.845,5
2025-12-11T18:30:00Z,97.85,97.85,97.845,97.845,144.0,97.8495,43
2025-12-11T18:45:00Z,97.85,97.85,97.845,97.85,100.0,97.8495,29
2025-12-11T19:00:00Z,97.845,97.845,97.845,97.845,503.0,97.845,41
2025-12-11T19:15:00Z,97.845,97.845,97.84,97.84,80.0,97.845,21
2025-12-11T19:30:00Z,97.84,97.84,97.84,97.84,3.0,97.84,3
2025-12-11T19:45:00Z,97.84,97.84,97.84,97.84,0.0,97.84,0
2025-12-11T20:00:00Z,97.84,97.84,97.84,97.84,2.0,97.84,2
2025-12-11T20:15:00Z,97.84,97.84,97.84,97.84,2.0,97.84,2
2025-12-11T20:30:00Z,97.84,97.84,97.84,97.84,0.0,97.84,0
2025-12-11T20:45:00Z,97.84,97.845,97.84,97.84,114.0,97.841,34
2025-12-12T01:00:00Z,97.84,97.84,97.84,97.84,310.0,97.84,34
2025-12-12T01:15:00Z,97.84,97.84,97.84,97.84,771.0,97.84,30
2025-12-12T01:30:00Z,97.84,97.84,97.84,97.84,0.0,97.84,0
2025-12-12T01:45:00Z,97.84,97.84,97.84,97.84,0.0,97.84,0
2025-12-12T02:00:00Z,97.84,97.84,97.84,97.84,0.0,97.84,0
2025-12-12T02:15:00Z,97.84,97.84,97.84,97.84,0.0,97.84,0
2025-12-12T02:30:00Z,97.84,97.84,97.84,97.84,0.0,97.84,0
2025-12-12T02:45:00Z,97.84,97.84,97.84,97.84,0.0,97.84,0
2025-12-12T03:00:00Z,97.84,97.84,97.84,97.84,0.0,97.84,0
2025-12-12T03:15:00Z,97.84,97.84,97.84,97.84,0.0,97.84,0
2025-12-12T03:30:00Z,97.84,97.84,97.84,97.84,0.0,97.84,0
2025-12-12T03:45:00Z,97.84,97.84,97.84,97.84,0.0,97.84,0
2025-12-12T04:00:00Z,97.84,97.84,97.84,97.84,0.0,97.84,0
2025-12-12T04:15:00Z,97.84,97.84,97.84,97.84,1.0,97.84,1
2025-12-12T04:30:00Z,97.84,97.84,97.84,97.84,0.0,97.84,0
2025-12-12T04:45:00Z,97.84,97.84,97.84,97.84,18.0,97.84,4
2025-12-12T05:00:00Z,97.84,97.84,97.84,97.84,145.0,97.84,22
2025-12-12T05:15:00Z,97.84,97.84,97.84,97.84,111.0,97.84,33
2025-12-12T05:30:00Z,97.84,97.84,97.84,97.84,0.0,97.84,0
2025-12-12T05:45:00Z,97.84,97.84,97.84,97.84,0.0,97.84,0
2025-12-12T06:00:00Z,97.84,97.84,97.84,97.84,0.0,97.84,0
2025-12-12T06:15:00Z,97.84,97.84,97.84,97.84,0.0,97.84,0
2025-12-12T06:30:00Z,97.84,97.84,97.84,97.84,0.0,97.84,0
2025-12-12T06:45:00Z,97.845,97.845,97.84,97.84,2.0,97.8425,2
2025-12-12T07:00:00Z,97.845,97.845,97.84,97.845,2898.0,97.845,117
2025-12-12T07:15:00Z,97.845,97.845,97.84,97.845,1256.0,97.845,28
2025-12-12T07:30:00Z,97.845,97.845,97.84,97.845,1075.0,97.845,213
2025-12-12T07:45:00Z,97.84,97.845,97.84,97.84,15.0,97.8435,10
2025-12-12T08:00:00Z,97.84,97.845,97.835,97.84,2268.0,97.84,222
2025-12-12T08:15:00Z,97.84,97.845,97.835,97.84,940.0,97.84,187
2025-12-12T08:30:00Z,97.84,97.845,97.84,97.84,173.0,97.8415,113
2025-12-12T08:45:00Z,97.84,97.845,97.835,97.835,1092.0,97.84,274
2025-12-12T09:00:00Z,97.835,97.84,97.835,97.84,784.0,97.84,149
2025-12-12T09:15:00Z,97.84,97.84,97.835,97.84,793.0,97.84,74
2025-12-12T09:30:00Z,97.84,97.84,97.835,97.84,1107.0,97.84,109
2025-12-12T09:45:00Z,97.84,97.84,97.84,97.84,1121.0,97.84,70
2025-12-12T10:00:00Z,97.84,97.845,97.84,97.84,548.0,97.84,85
2025-12-12T10:15:00Z,97.84,97.84,97.84,97.84,85.0,97.84,23
2025-12-12T10:30:00Z,97.84,97.845,97.84,97.84,209.0,97.8425,69
2025-12-12T10:45:00Z,97.84,97.845,97.84,97.845,296.0,97.842,92
2025-12-12T11:00:00Z,97.84,97.845,97.84,97.84,279.0,97.845,52
2025-12-12T11:15:00Z,97.84,97.845,97.84,97.845,57.0,97.843,21
2025-12-12T11:30:00Z,97.84,97.845,97.84,97.845,49.0,97.8415,23
2025-12-12T11:45:00Z,97.84,97.845,97.84,97.84,21.0,97.841,21
2025-12-12T12:00:00Z,97.845,97.845,97.835,97.84,1312.0,97.84,282
2025-12-12T12:15:00Z,97.835,97.84,97.835,97.835,74.0,97.8395,18
2025-12-12T12:30:00Z,97.835,97.84,97.835,97.835,1876.0,97.835,106
2025-12-12T12:45:00Z,97.835,97.835,97.83,97.835,1124.0,97.835,92
2025-12-12T13:00:00Z,97.835,97.835,97.83,97.83,78.0,97.83,58
2025-12-12T13:15:00Z,97.83,97.84,97.83,97.835,1287.0,97.835,81
2025-12-12T13:30:00Z,97.835,97.84,97.835,97.84,452.0,97.84,119
2025-12-12T13:45:00Z,97.835,97.84,97.835,97.835,354.0,97.8365,89
2025-12-12T14:00:00Z,97.84,97.84,97.835,97.84,2185.0,97.84,389
2025-12-12T14:15:00Z,97.84,97.845,97.835,97.84,1132.0,97.8405,236
2025-12-12T14:30:00Z,97.84,97.845,97.84,97.84,892.0,97.8425,225
2025-12-12T14:45:00Z,97.84,97.845,97.84,97.845,348.0,97.8445,148
2025-12-12T15:00:00Z,97.84,97.845,97.84,97.845,3838.0,97.845,383
2025-12-12T15:15:00Z,97.845,97.85,97.84,97.85,6615.0,97.8445,429
2025-12-12T15:30:00Z,97.845,97.85,97.84,97.845,5374.0,97.845,426
2025-12-12T15:45:00Z,97.845,97.85,97.84,97.85,4244.0,97.849,249
2025-12-12T16:00:00Z,97.85,97.855,97.845,97.85,6727.0,97.8525,624
2025-12-12T16:15:00Z,97.85,97.855,97.85,97.85,2527.0,97.8505,202
2025-12-12T16:30:00Z,97.85,97.855,97.845,97.85,2341.0,97.85,178
2025-12-12T16:45:00Z,97.85,97.855,97.85,97.855,2524.0,97.855,169
2025-12-12T17:00:00Z,97.855,97.855,97.85,97.855,1368.0,97.8545,74
2025-12-12T17:15:00Z,97.855,97.86,97.85,97.86,933.0,97.8545,106
2025-12-12T17:30:00Z,97.855,97.855,97.855,97.855,518.0,97.855,47
2025-12-12T17:45:00Z,97.855,97.855,97.855,97.855,436.0,97.855,123
2025-12-12T18:00:00Z,97.855,97.855,97.855,97.855,33.0,97.855,12
2025-12-12T18:15:00Z,97.85,97.855,97.85,97.855,592.0,97.855,39
2025-12-12T18:30:00Z,97.855,97.86,97.855,97.855,160.0,97.857,29
2025-12-12T18:45:00Z,97.855,97.855,97.855,97.855,3.0,97.855,1
2025-12-12T19:00:00Z,97.86,97.86,97.86,97.86,1.0,97.86,1
2025-12-12T19:15:00Z,97.86,97.86,97.86,97.86,0.0,97.86,0
2025-12-12T19:30:00Z,97.855,97.855,97.855,97.855,87.0,97.855,24
2025-12-12T19:45:00Z,97.86,97.86,97.855,97.855,41.0,97.86,11
2025-12-12T20:00:00Z,97.855,97.855,97.855,97.855,24.0,97.855,8
2025-12-12T20:15:00Z,97.855,97.855,97.855,97.855,32.0,97.855,4
2025-12-12T20:30:00Z,97.855,97.855,97.855,97.855,32.0,97.855,20
2025-12-12T20:45:00Z,97.855,97.86,97.855,97.855,724.0,97.855,140
2025-12-15T01:00:00Z,97.86,97.86,97.855,97.855,25.0,97.8565,7
2025-12-15T01:15:00Z,97.855,97.855,97.855,97.855,0.0,97.855,0
2025-12-15T01:30:00Z,97.855,97.855,97.855,97.855,0.0,97.855,0
2025-12-15T01:45:00Z,97.855,97.855,97.855,97.855,1.0,97.855,1
2025-12-15T02:00:00Z,97.855,97.855,97.855,97.855,0.0,97.855,0
2025-12-15T02:15:00Z,97.855,97.855,97.855,97.855,0.0,97.855,0
2025-12-15T02:30:00Z,97.855,97.855,97.855,97.855,170.0,97.855,7
2025-12-15T02:45:00Z,97.855,97.855,97.855,97.855,6.0,97.855,2
2025-12-15T03:00:00Z,97.855,97.855,97.855,97.855,0.0,97.855,0
2025-12-15T03:15:00Z,97.855,97.855,97.855,97.855,0.0,97.855,0
2025-12-15T03:30:00Z,97.855,97.855,97.855,97.855,0.0,97.855,0
2025-12-15T03:45:00Z,97.855,97.855,97.855,97.855,8.0,97.855,3
2025-12-15T04:00:00Z,97.855,97.855,97.855,97.855,0.0,97.855,0
2025-12-15T04:15:00Z,97.855,97.855,97.855,97.855,466.0,97.855,10
2025-12-15T04:30:00Z,97.855,97.855,97.855,97.855,22.0,97.855,6
2025-12-15T04:45:00Z,97.855,97.855,97.855,97.855,0.0,97.855,0
2025-12-15T05:00:00Z,97.855,97.855,97.855,97.855,0.0,97.855,0
2025-12-15T05:15:00Z,97.855,97.855,97.855,97.855,0.0,97.855,0
2025-12-15T05:30:00Z,97.855,97.855,97.855,97.855,135.0,97.855,9
2025-12-15T05:45:00Z,97.855,97.855,97.855,97.855,1.0,97.855,1
2025-12-15T06:00:00Z,97.855,97.855,97.855,97.855,0.0,97.855,0
2025-12-15T06:15:00Z,97.855,97.855,97.855,97.855,0.0,97.855,0
2025-12-15T06:30:00Z,97.86,97.86,97.86,97.86,27.0,97.86,17
2025-12-15T06:45:00Z,97.86,97.86,97.855,97.86,2734.0,97.855,60
2025-12-15T07:00:00Z,97.86,97.86,97.855,97.855,5197.0,97.86,169
2025-12-15T07:15:00Z,97.86,97.86,97.855,97.855,58.0,97.8595,19
2025-12-15T07:30:00Z,97.855,97.855,97.855,97.855,1155.0,97.855,97
2025-12-15T07:45:00Z,97.85,97.855,97.85,97.855,3056.0,97.855,316
2025-12-15T08:00:00Z,97.855,97.855,97.85,97.855,634.0,97.855,66
2025-12-15T08:15:00Z,97.855,97.86,97.855,97.855,23.0,97.855,16
2025-12-15T08:30:00Z,97.855,97.86,97.855,97.855,202.0,97.855,105
2025-12-15T08:45:00Z,97.855,97.86,97.855,97.855,436.0,97.8585,149
2025-12-15T09:00:00Z,97.855,97.86,97.855,97.855,98.0,97.8575,77
2025-12-15T09:15:00Z,97.855,97.86,97.855,97.86,215.0,97.8595,66
2025-12-15T09:30:00Z,97.86,97.86,97.855,97.86,701.0,97.86,158
2025-12-15T09:45:00Z,97.855,97.865,97.855,97.86,3119.0,97.86,346
2025-12-15T10:00:00Z,97.86,97.865,97.86,97.86,1841.0,97.86,174
2025-12-15T10:15:00Z,97.86,97.865,97.855,97.86,1665.0,97.86,101
2025-12-15T10:30:00Z,97.86,97.86,97.855,97.86,1480.0,97.86,105
2025-12-15T10:45:00Z,97.865,97.865,97.865,97.865,669.0,97.865,112
2025-12-15T11:00:00Z,97.865,97.865,97.86,97.865,103.0,97.865,50
2025-12-15T11:15:00Z,97.865,97.865,97.86,97.865,1228.0,97.865,172
2025-12-15T11:30:00Z,97.865,97.87,97.865,97.865,2578.0,97.865,123
2025-12-15T11:45:00Z,97.87,97.87,97.865,97.87,156.0,97.87,56
2025-12-15T12:00:00Z,97.87,97.87,97.865,97.865,1896.0,97.8655,258
2025-12-15T12:15:00Z,97.865,97.87,97.865,97.865,30.0,97.865,29
2025-12-15T12:30:00Z,97.865,97.87,97.865,97.865,679.0,97.865,87
2025-12-15T12:45:00Z,97.865,97.865,97.86,97.865,1156.0,97.865,145
2025-12-15T13:00:00Z,97.86,97.865,97.86,97.865,1175.0,97.865,220
2025-12-15T13:15:00Z,97.86,97.865,97.86,97.865,208.0,97.865,75
2025-12-15T13:30:00Z,97.865,97.865,97.865,97.865,613.0,97.865,74
2025-12-15T13:45:00Z,97.865,97.87,97.865,97.865,481.0,97.865,87
2025-12-15T14:00:00Z,97.865,97.865,97.86,97.86,2024.0,97.865,168
2025-12-15T14:15:00Z,97.865,97.865,97.86,97.865,1739.0,97.865,304
2025-12-15T14:30:00Z,97.87,97.87,97.865,97.87,84.0,97.8685,46
2025-12-15T14:45:00Z,97.865,97.87,97.865,97.865,506.0,97.866,261
2025-12-15T15:00:00Z,97.865,97.87,97.86,97.865,1969.0,97.8655,304
2025-12-15T15:15:00Z,97.865,97.87,97.86,97.865,1682.0,97.865,116
2025-12-15T15:30:00Z,97.865,97.87,97.86,97.865,1154.0,97.865,103
2025-12-15T15:45:00Z,97.865,97.865,97.86,97.865,1305.0,97.8635,109
2025-12-15T16:00:00Z,97.865,97.865,97.86,97.865,776.0,97.862,548
2025-12-15T16:15:00Z,97.86,97.865,97.86,97.86,1846.0,97.862,240
2025-12-15T16:30:00Z,97.86,97.86,97.855,97.855,404.0,97.8575,110
2025-12-15T16:45:00Z,97.855,97.86,97.855,97.86,1397.0,97.8595,149
2025-12-15T17:00:00Z,97.86,97.865,97.86,97.86,1423.0,97.86,210
2025-12-15T17:15:00Z,97.86,97.86,97.86,97.86,1158.0,97.86,78
2025-12-15T17:30:00Z,97.86,97.86,97.855,97.86,817.0,97.86,65
2025-12-15T17:45:00Z,97.86,97.86,97.86,97.86,374.0,97.86,14
2025-12-15T18:00:00Z,97.86,97.86,97.86,97.86,164.0,97.86,19
2025-12-15T18:15:00Z,97.86,97.86,97.86,97.86,389.0,97.86,19
2025-12-15T18:30:00Z,97.86,97.865,97.86,97.865,34.0,97.86,8
2025-12-15T18:45:00Z,97.86,97.86,97.86,97.86,12.0,97.86,6
2025-12-15T19:00:00Z,97.86,97.86,97.86,97.86,123.0,97.86,22
2025-12-15T19:15:00Z,97.86,97.86,97.86,97.86,2.0,97.86,2
2025-12-15T19:30:00Z,97.86,97.86,97.86,97.86,0.0,97.86,0
2025-12-15T19:45:00Z,97.86,97.86,97.86,97.86,1.0,97.86,1
2025-12-15T20:00:00Z,97.865,97.865,97.865,97.865,3.0,97.865,3
2025-12-15T20:15:00Z,97.865,97.865,97.865,97.865,0.0,97.865,0
2025-12-15T20:30:00Z,97.865,97.865,97.865,97.865,0.0,97.865,0
2025-12-15T20:45:00Z,97.86,97.86,97.86,97.86,18.0,97.86,9
2025-12-16T01:00:00Z,97.86,97.86,97.86,97.86,2.0,97.86,2
2025-12-16T01:15:00Z,97.86,97.86,97.86,97.86,1.0,97.86,1
2025-12-16T01:30:00Z,97.86,97.86,97.86,97.86,0.0,97.86,0
2025-12-16T01:45:00Z,97.86,97.86,97.86,97.86,0.0,97.86,0
2025-12-16T02:00:00Z,97.86,97.86,97.86,97.86,0.0,97.86,0
2025-12-16T02:15:00Z,97.86,97.86,97.86,97.86,0.0,97.86,0
2025-12-16T02:30:00Z,97.86,97.86,97.86,97.86,0.0,97.86,0
2025-12-16T02:45:00Z,97.86,97.86,97.86,97.86,1.0,97.86,1
2025-12-16T03:00:00Z,97.86,97.86,97.86,97.86,0.0,97.86,0
2025-12-16T03:15:00Z,97.86,97.86,97.86,97.86,0.0,97.86,0
2025-12-16T03:30:00Z,97.86,97.86,97.86,97.86,0.0,97.86,0
2025-12-16T03:45:00Z,97.865,97.865,97.865,97.865,1.0,97.865,1
2025-12-16T04:00:00Z,97.865,97.865,97.865,97.865,0.0,97.865,0
2025-12-16T04:15:00Z,97.865,97.865,97.865,97.865,0.0,97.865,0
2025-12-16T04:30:00Z,97.865,97.865,97.865,97.865,0.0,97.865,0
2025-12-16T04:45:00Z,97.865,97.865,97.865,97.865,0.0,97.865,0
2025-12-16T05:00:00Z,97.865,97.865,97.865,97.865,18.0,97.865,12
2025-12-16T05:15:00Z,97.865,97.865,97.86,97.86,71.0,97.865,29
2025-12-16T05:30:00Z,97.865,97.865,97.865,97.865,10.0,97.865,5
2025-12-16T05:45:00Z,97.865,97.865,97.865,97.865,0.0,97.865,0
2025-12-16T06:00:00Z,97.865,97.865,97.865,97.865,129.0,97.865,15
2025-12-16T06:15:00Z,97.865,97.865,97.865,97.865,103.0,97.865,12
2025-12-16T06:30:00Z,97.865,97.865,97.865,97.865,0.0,97.865,0
2025-12-16T06:45:00Z,97.865,97.865,97.86,97.86,1105.0,97.865,17
2025-12-16T07:00:00Z,97.865,97.865,97.86,97.865,296.0,97.865,41
2025-12-16T07:15:00Z,97.865,97.865,97.86,97.865,871.0,97.86,145
2025-12-16T07:30:00Z,97.86,97.865,97.86,97.86,186.0,97.86,47
2025-12-16T07:45:00Z,97.865,97.865,97.86,97.86,151.0,97.863,67
2025-12-16T08:00:00Z,97.86,97.865,97.855,97.86,672.0,97.86,119
2025-12-16T08:15:00Z,97.86,97.86,97.855,97.855,1391.0,97.86,454
2025-12-16T08:30:00Z,97.86,97.87,97.855,97.87,7392.0,97.8655,455
2025-12-16T08:45:00Z,97.87,97.87,97.865,97.865,1659.0,97.8655,173
2025-12-16T09:00:00Z,97.87,97.87,97.865,97.865,4947.0,97.87,298
2025-12-16T09:15:00Z,97.87,97.87,97.865,97.865,468.0,97.87,53
2025-12-16T09:30:00Z,97.87,97.87,97.865,97.87,279.0,97.87,56
2025-12-16T09:45:00Z,97.87,97.87,97.865,97.865,1357.0,97.87,118
2025-12-16T10:00:00Z,97.87,97.87,97.86,97.86,13998.0,97.865,483
2025-12-16T10:15:00Z,97.86,97.865,97.86,97.865,1446.0,97.865,154
2025-12-16T10:30:00Z,97.865,97.865,97.865,97.865,867.0,97.865,101
2025-12-16T10:45:00Z,97.865,97.87,97.865,97.865,705.0,97.865,35
2025-12-16T11:00:00Z,97.865,97.87,97.865,97.87,249.0,97.868,135
2025-12-16T11:15:00Z,97.865,97.87,97.865,97.87,6906.0,97.87,240
2025-12-16T11:30:00Z,97.87,97.87,97.865,97.865,642.0,97.87,101
2025-12-16T11:45:00Z,97.865,97.87,97.86,97.865,4986.0,97.865,128
2025-12-16T12:00:00Z,97.865,97.865,97.86,97.86,79.0,97.863,17
2025-12-16T12:15:00Z,97.86,97.865,97.86,97.865,1552.0,97.865,351
2025-12-16T12:30:00Z,97.86,97.865,97.86,97.865,2314.0,97.865,195
2025-12-16T12:45:00Z,97.865,97.87,97.865,97.87,918.0,97.865,91
2025-12-16T13:00:00Z,97.87,97.87,97.865,97.87,1811.0,97.87,169
2025-12-16T13:15:00Z,97.87,97.87,97.86,97.86,1013.0,97.8645,99
2025-12-16T13:30:00Z,97.87,97.875,97.86,97.865,6783.0,97.868,591
2025-12-16T13:45:00Z,97.865,97.865,97.86,97.865,4039.0,97.865,211
2025-12-16T14:00:00Z,97.865,97.87,97.865,97.865,1510.0,97.8655,141
2025-12-16T14:15:00Z,97.86,97.865,97.86,97.865,895.0,97.8615,200
2025-12-16T14:30:00Z,97.865,97.87,97.865,97.87,637.0,97.865,80
2025-12-16T14:45:00Z,97.87,97.87,97.865,97.87,437.0,97.8665,56
2025-12-16T15:00:00Z,97.87,97.875,97.865,97.87,2411.0,97.87,350
2025-12-16T15:15:00Z,97.875,97.875,97.87,97.875,4527.0,97.875,505
2025-12-16T15:30:00Z,97.875,97.875,97.87,97.875,267.0,97.8725,110
2025-12-16T15:45:00Z,97.87,97.875,97.87,97.87,2305.0,97.87,229
2025-12-16T16:00:00Z,97.87,97.875,97.87,97.875,2665.0,97.8705,466
2025-12-16T16:15:00Z,97.87,97.875,97.87,97.875,532.0,97.874,181
2025-12-16T16:30:00Z,97.875,97.88,97.87,97.875,2717.0,97.876,369
2025-12-16T16:45:00Z,97.875,97.88,97.875,97.875,754.0,97.876,150
2025-12-16T17:00:00Z,97.88,97.88,97.875,97.875,836.0,97.8785,315
2025-12-16T17:15:00Z,97.875,97.88,97.875,97.88,111.0,97.8795,41
2025-12-16T17:30:00Z,97.88,97.88,97.88,97.88,152.0,97.88,81
2025-12-16T17:45:00Z,97.88,97.88,97.875,97.875,34.0,97.8795,11
2025-12-16T18:00:00Z,97.875,97.88,97.875,97.875,36.0,97.8765,31
2025-12-16T18:15:00Z,97.88,97.88,97.875,97.875,33.0,97.8775,30
2025-12-16T18:30:00Z,97.875,97.88,97.875,97.875,278.0,97.875,17
2025-12-16T18:45:00Z,97.875,97.875,97.875,97.875,69.0,97.875,9
2025-12-16T19:00:00Z,97.88,97.88,97.88,97.88,18.0,97.88,4
2025-12-16T19:15:00Z,97.88,97.88,97.88,97.88,56.0,97.88,23
2025-12-16T19:30:00Z,97.88,97.88,97.88,97.88,6.0,97.88,5
2025-12-16T19:45:00Z,97.88,97.88,97.88,97.88,3.0,97.88,3
2025-12-16T20:00:00Z,97.88,97.88,97.875,97.88,87.0,97.88,33
2025-12-16T20:15:00Z,97.88,97.88,97.88,97.88,6.0,97.88,3
2025-12-16T20:30:00Z,97.88,97.88,97.88,97.88,0.0,97.88,0
2025-12-16T20:45:00Z,97.875,97.88,97.875,97.88,437.0,97.8755,66
2025-12-17T01:00:00Z,97.875,97.88,97.875,97.88,18.0,97.8795,9
2025-12-17T01:15:00Z,97.88,97.88,97.88,97.88,0.0,97.88,0
2025-12-17T01:30:00Z,97.88,97.88,97.88,97.88,0.0,97.88,0
2025-12-17T01:45:00Z,97.88,97.88,97.88,97.88,0.0,97.88,0
2025-12-17T02:00:00Z,97.88,97.88,97.88,97.88,0.0,97.88,0
2025-12-17T02:15:00Z,97.88,97.88,97.88,97.88,3.0,97.88,2
2025-12-17T02:30:00Z,97.88,97.88,97.88,97.88,0.0,97.88,0
2025-12-17T02:45:00Z,97.88,97.88,97.875,97.875,503.0,97.875,20
2025-12-17T03:00:00Z,97.875,97.88,97.875,97.88,771.0,97.875,10
2025-12-17T03:15:00Z,97.88,97.88,97.88,97.88,0.0,97.88,0
2025-12-17T03:30:00Z,97.88,97.88,97.88,97.88,0.0,97.88,0
2025-12-17T03:45:00Z,97.88,97.88,97.88,97.88,0.0,97.88,0
2025-12-17T04:00:00Z,97.88,97.88,97.88,97.88,0.0,97.88,0
2025-12-17T04:15:00Z,97.88,97.88,97.88,97.88,0.0,97.88,0
2025-12-17T04:30:00Z,97.88,97.88,97.88,97.88,0.0,97.88,0
2025-12-17T04:45:00Z,97.88,97.88,97.88,97.88,0.0,97.88,0
2025-12-17T05:00:00Z,97.88,97.88,97.88,97.88,0.0,97.88,0
2025-12-17T05:15:00Z,97.88,97.88,97.88,97.88,0.0,97.88,0
2025-12-17T05:30:00Z,97.88,97.88,97.88,97.88,0.0,97.88,0
2025-12-17T05:45:00Z,97.88,97.88,97.88,97.88,0.0,97.88,0
2025-12-17T06:00:00Z,97.88,97.88,97.88,97.88,0.0,97.88,0
2025-12-17T06:15:00Z,97.88,97.88,97.88,97.88,0.0,97.88,0
2025-12-17T06:30:00Z,97.88,97.88,97.88,97.88,0.0,97.88,0
2025-12-17T06:45:00Z,97.875,97.88,97.875,97.88,54.0,97.875,8
2025-12-17T07:00:00Z,97.88,97.895,97.88,97.89,3999.0,97.8865,343
2025-12-17T07:15:00Z,97.89,97.895,97.89,97.89,1576.0,97.89,89
2025-12-17T07:30:00Z,97.89,97.895,97.885,97.89,1079.0,97.89,70
2025-12-17T07:45:00Z,97.89,97.89,97.885,97.89,38.0,97.8855,16
2025-12-17T08:00:00Z,97.89,97.89,97.885,97.89,114.0,97.8895,41
2025-12-17T08:15:00Z,97.89,97.89,97.88,97.88,3042.0,97.885,386
2025-12-17T08:30:00Z,97.88,97.885,97.88,97.88,82.0,97.881,77
2025-12-17T08:45:00Z,97.88,97.885,97.88,97.88,226.0,97.884,106
2025-12-17T09:00:00Z,97.88,97.885,97.88,97.88,342.0,97.88,97
2025-12-17T09:15:00Z,97.88,97.885,97.88,97.88,265.0,97.8835,144
2025-12-17T09:30:00Z,97.88,97.885,97.88,97.88,525.0,97.8805,225
2025-12-17T09:45:00Z,97.88,97.885,97.88,97.88,667.0,97.885,171
2025-12-17T10:00:00Z,97.885,97.885,97.88,97.885,1586.0,97.885,105
2025-12-17T10:15:00Z,97.885,97.89,97.88,97.885,2155.0,97.885,113
2025-12-17T10:30:00Z,97.88,97.89,97.88,97.885,1308.0,97.885,79
2025-12-17T10:45:00Z,97.885,97.89,97.885,97.885,1104.0,97.885,87
2025-12-17T11:00:00Z,97.885,97.89,97.88,97.885,2122.0,97.885,152
2025-12-17T11:15:00Z,97.885,97.885,97.88,97.885,402.0,97.885,107
2025-12-17T11:30:00Z,97.885,97.885,97.88,97.88,34.0,97.881,25
2025-12-17T11:45:00Z,97.88,97.885,97.88,97.88,786.0,97.8825,198
2025-12-17T12:00:00Z,97.885,97.885,97.88,97.88,1388.0,97.8845,133
2025-12-17T12:15:00Z,97.885,97.885,97.88,97.88,95.0,97.8825,48
2025-12-17T12:30:00Z,97.88,97.885,97.88,97.88,2200.0,97.88,161
2025-12-17T12:45:00Z,97.88,97.885,97.875,97.88,3967.0,97.88,199
2025-12-17T13:00:00Z,97.88,97.88,97.875,97.88,547.0,97.88,176
2025-12-17T13:15:00Z,97.88,97.885,97.875,97.88,1206.0,97.882,205
2025-12-17T13:30:00Z,97.88,97.88,97.875,97.875,1050.0,97.8795,92
2025-12-17T13:45:00Z,97.875,97.88,97.875,97.875,165.0,97.877,110
2025-12-17T14:00:00Z,97.88,97.88,97.875,97.875,367.0,97.8755,163
2025-12-17T14:15:00Z,97.875,97.88,97.875,97.875,2409.0,97.875,342
2025-12-17T14:30:00Z,97.875,97.88,97.875,97.88,156.0,97.8795,82
2025-12-17T14:45:00Z,97.875,97.88,97.875,97.88,333.0,97.8795,82
2025-12-17T15:00:00Z,97.875,97.88,97.875,97.88,173.0,97.877,96
2025-12-17T15:15:00Z,97.88,97.88,97.875,97.88,420.0,97.879,117
2025-12-17T15:30:00Z,97.88,97.88,97.875,97.88,783.0,97.8775,181
2025-12-17T15:45:00Z,97.88,97.88,97.875,97.875,145.0,97.876,87
2025-12-17T16:00:00Z,97.88,97.88,97.87,97.87,3825.0,97.874,748
2025-12-17T16:15:00Z,97.875,97.875,97.87,97.87,690.0,97.8705,615
2025-12-17T16:30:00Z,97.87,97.875,97.87,97.87,126.0,97.8715,52
2025-12-17T16:45:00Z,97.87,97.875,97.87,97.87,447.0,97.875,167
2025-12-17T17:00:00Z,97.87,97.875,97.87,97.875,1251.0,97.875,179
2025-12-17T17:15:00Z,97.875,97.875,97.87,97.87,63.0,97.875,23
2025-12-17T17:30:00Z,97.875,97.88,97.875,97.875,889.0,97.875,80
2025-12-17T17:45:00Z,97.875,97.88,97.875,97.88,20.0,97.8755,9
2025-12-17T18:00:00Z,97.88,97.88,97.875,97.88,78.0,97.88,78
2025-12-17T18:15:00Z,97.88,97.88,97.875,97.875,1757.0,97.875,112
2025-12-17T18:30:00Z,97.875,97.875,97.875,97.875,46.0,97.875,10
2025-12-17T18:45:00Z,97.875,97.875,97.875,97.875,1.0,97.875,1
2025-12-17T19:00:00Z,97.875,97.875,97.875,97.875,3.0,97.875,3
2025-12-17T19:15:00Z,97.875,97.875,97.875,97.875,0.0,97.875,0
2025-12-17T19:30:00Z,97.875,97.88,97.875,97.875,265.0,97.875,94
2025-12-17T19:45:00Z,97.875,97.875,97.875,97.875,175.0,97.875,99
2025-12-17T20:00:00Z,97.875,97.875,97.875,97.875,1.0,97.875,1
2025-12-17T20:15:00Z,97.875,97.875,97.875,97.875,54.0,97.875,24
2025-12-17T20:30:00Z,97.875,97.88,97.87,97.875,222.0,97.875,20
2025-12-17T20:45:00Z,97.875,97.88,97.875,97.88,221.0,97.875,18
2025-12-18T01:00:00Z,97.875,97.88,97.875,97.88,94.0,97.875,58
2025-12-18T01:15:00Z,97.88,97.88,97.88,97.88,0.0,97.88,0
2025-12-18T01:30:00Z,97.88,97.88,97.88,97.88,0.0,97.88,0
2025-12-18T01:45:00Z,97.88,97.88,97.88,97.88,0.0,97.88,0
2025-12-18T02:00:00Z,97.88,97.88,97.88,97.88,0.0,97.88,0
2025-12-18T02:15:00Z,97.88,97.88,97.88,97.88,0.0,97.88,0
2025-12-18T02:30:00Z,97.88,97.88,97.88,97.88,0.0,97.88,0
2025-12-18T02:45:00Z,97.88,97.88,97.88,97.88,0.0,97.88,0
2025-12-18T03:00:00Z,97.88,97.88,97.88,97.88,0.0,97.88,0
2025-12-18T03:15:00Z,97.88,97.88,97.88,97.88,3.0,97.88,3
2025-12-18T03:30:00Z,97.88,97.88,97.88,97.88,0.0,97.88,0
2025-12-18T03:45:00Z,97.88,97.88,97.88,97.88,0.0,97.88,0
2025-12-18T04:00:00Z,97.88,97.88,97.88,97.88,0.0,97.88,0
2025-12-18T04:15:00Z,97.88,97.88,97.88,97.88,0.0,97.88,0
2025-12-18T04:30:00Z,97.88,97.88,97.88,97.88,5.0,97.88,4
2025-12-18T04:45:00Z,97.88,97.88,97.88,97.88,56.0,97.88,4
2025-12-18T05:00:00Z,97.88,97.88,97.88,97.88,274.0,97.88,40
2025-12-18T05:15:00Z,97.88,97.88,97.88,97.88,0.0,97.88,0
2025-12-18T05:30:00Z,97.88,97.88,97.88,97.88,34.0,97.88,7
2025-12-18T05:45:00Z,97.88,97.88,97.88,97.88,0.0,97.88,0
2025-12-18T06:00:00Z,97.88,97.88,97.88,97.88,0.0,97.88,0
2025-12-18T06:15:00Z,97.88,97.88,97.88,97.88,0.0,97.88,0
2025-12-18T06:30:00Z,97.88,97.88,97.88,97.88,0.0,97.88,0
2025-12-18T06:45:00Z,97.88,97.88,97.88,97.88,2.0,97.88,2
2025-12-18T07:00:00Z,97.88,97.89,97.88,97.885,2833.0,97.8825,280
2025-12-18T07:15:00Z,97.885,97.885,97.885,97.885,162.0,97.885,21
2025-12-18T07:30:00Z,97.885,97.89,97.88,97.885,1359.0,97.885,96
2025-12-18T07:45:00Z,97.885,97.885,97.885,97.885,341.0,97.885,41
2025-12-18T08:00:00Z,97.885,97.885,97.885,97.885,1.0,97.885,1
2025-12-18T08:15:00Z,97.885,97.885,97.88,97.885,36.0,97.8845,34
2025-12-18T08:30:00Z,97.885,97.89,97.88,97.89,1673.0,97.8855,205
2025-12-18T08:45:00Z,97.89,97.89,97.885,97.885,538.0,97.8855,226
2025-12-18T09:00:00Z,97.885,97.89,97.88,97.885,2085.0,97.8855,305
2025-12-18T09:15:00Z,97.885,97.89,97.885,97.885,271.0,97.8855,102
2025-12-18T09:30:00Z,97.885,97.89,97.885,97.885,249.0,97.8875,116
2025-12-18T09:45:00Z,97.89,97.89,97.885,97.89,79.0,97.8885,48
2025-12-18T10:00:00Z,97.89,97.89,97.885,97.89,451.0,97.89,120
2025-12-18T10:15:00Z,97.885,97.89,97.885,97.89,131.0,97.889,90
2025-12-18T10:30:00Z,97.89,97.89,97.885,97.89,1726.0,97.89,406
2025-12-18T10:45:00Z,97.89,97.895,97.89,97.895,3711.0,97.89,335
2025-12-18T11:00:00Z,97.895,97.895,97.89,97.895,288.0,97.8935,78
2025-12-18T11:15:00Z,97.895,97.895,97.89,97.89,8195.0,97.89,364
2025-12-18T11:30:00Z,97.89,97.89,97.885,97.89,5785.0,97.89,342
2025-12-18T11:45:00Z,97.89,97.895,97.89,97.89,3414.0,97.89,216
2025-12-18T12:00:00Z,97.89,97.89,97.885,97.89,2698.0,97.885,414
2025-12-18T12:15:00Z,97.89,97.89,97.885,97.885,659.0,97.885,89
2025-12-18T12:30:00Z,97.885,97.885,97.88,97.88,622.0,97.8805,328
2025-12-18T12:45:00Z,97.885,97.885,97.88,97.885,2426.0,97.885,228
2025-12-18T13:00:00Z,97.885,97.89,97.88,97.88,1394.0,97.881,210
2025-12-18T13:15:00Z,97.88,97.89,97.85,97.86,25079.0,97.863,1439
2025-12-18T13:30:00Z,97.865,97.875,97.855,97.86,12635.0,97.8635,627
2025-12-18T13:45:00Z,97.855,97.86,97.835,97.84,9676.0,97.847,492
2025-12-18T14:00:00Z,97.84,97.875,97.84,97.87,29835.0,97.8595,2106
2025-12-18T14:15:00Z,97.875,97.88,97.87,97.87,9129.0,97.8735,470
2025-12-18T14:30:00Z,97.87,97.885,97.87,97.88,5510.0,97.878,565
2025-12-18T14:45:00Z,97.88,97.885,97.875,97.88,2354.0,97.8795,332
2025-12-18T15:00:00Z,97.875,97.88,97.875,97.88,3326.0,97.878,510
2025-12-18T15:15:00Z,97.88,97.88,97.875,97.875,2593.0,97.877,477
2025-12-18T15:30:00Z,97.875,97.875,97.86,97.87,22672.0,97.8675,815
2025-12-18T15:45:00Z,97.865,97.87,97.865,97.87,7536.0,97.869,1199
2025-12-18T16:00:00Z,97.87,97.87,97.865,97.865,898.0,97.869,582
2025-12-18T16:15:00Z,97.865,97.87,97.865,97.87,39.0,97.869,35
2025-12-18T16:30:00Z,97.87,97.87,97.865,97.87,7350.0,97.87,174
2025-12-18T16:45:00Z,97.87,97.87,97.865,97.87,390.0,97.8655,114
2025-12-18T17:00:00Z,97.87,97.875,97.87,97.87,1780.0,97.87,112
2025-12-18T17:15:00Z,97.87,97.87,97.865,97.87,1057.0,97.87,146
2025-12-18T17:30:00Z,97.87,97.87,97.87,97.87,1891.0,97.87,100
2025-12-18T17:45:00Z,97.87,97.87,97.87,97.87,22.0,97.87,17
2025-12-18T18:00:00Z,97.87,97.87,97.87,97.87,66.0,97.87,15
2025-12-18T18:15:00Z,97.87,97.87,97.865,97.865,11.0,97.8665,6
2025-12-18T18:30:00Z,97.865,97.865,97.865,97.865,0.0,97.865,0
2025-12-18T18:45:00Z,97.87,97.87,97.865,97.87,215.0,97.87,43
2025-12-18T19:00:00Z,97.87,97.87,97.87,97.87,94.0,97.87,15
2025-12-18T19:15:00Z,97.87,97.87,97.87,97.87,327.0,97.87,61
2025-12-18T19:30:00Z,97.87,97.875,97.865,97.87,158.0,97.87,63
2025-12-18T19:45:00Z,97.87,97.87,97.87,97.87,136.0,97.87,17
2025-12-18T20:00:00Z,97.87,97.87,97.87,97.87,0.0,97.87,0
2025-12-18T20:15:00Z,97.87,97.87,97.87,97.87,107.0,97.87,11
2025-12-18T20:30:00Z,97.87,97.87,97.87,97.87,1.0,97.87,1
2025-12-18T20:45:00Z,97.87,97.875,97.865,97.865,120.0,97.87,11
2025-12-19T01:00:00Z,97.865,97.875,97.865,97.87,530.0,97.868,59
2025-12-19T01:15:00Z,97.87,97.87,97.87,97.87,0.0,97.87,0
2025-12-19T01:30:00Z,97.87,97.87,97.87,97.87,1.0,97.87,1
2025-12-19T01:45:00Z,97.87,97.87,97.87,97.87,1.0,97.87,1
2025-12-19T02:00:00Z,97.87,97.87,97.87,97.87,1.0,97.87,1
2025-12-19T02:15:00Z,97.87,97.87,97.87,97.87,0.0,97.87,0
2025-12-19T02:30:00Z,97.87,97.87,97.87,97.87,1.0,97.87,1
2025-12-19T02:45:00Z,97.87,97.87,97.87,97.87,0.0,97.87,0
2025-12-19T03:00:00Z,97.87,97.87,97.865,97.865,27.0,97.865,4
2025-12-19T03:15:00Z,97.87,97.87,97.865,97.87,6.0,97.8665,5
2025-12-19T03:30:00Z,97.87,97.87,97.87,97.87,0.0,97.87,0
2025-12-19T03:45:00Z,97.87,97.87,97.865,97.865,170.0,97.865,37
2025-12-19T04:00:00Z,97.865,97.87,97.865,97.865,1112.0,97.865,183
2025-12-19T04:15:00Z,97.865,97.865,97.865,97.865,86.0,97.865,29
2025-12-19T04:30:00Z,97.865,97.87,97.865,97.865,175.0,97.865,47
2025-12-19T04:45:00Z,97.865,97.865,97.86,97.865,832.0,97.865,101
2025-12-19T05:00:00Z,97.865,97.87,97.865,97.865,23.0,97.8655,19
2025-12-19T05:15:00Z,97.865,97.87,97.865,97.865,47.0,97.8655,24
2025-12-19T05:30:00Z,97.865,97.87,97.865,97.865,32.0,97.866,21
2025-12-19T05:45:00Z,97.865,97.87,97.865,97.865,35.0,97.866,29
2025-12-19T06:00:00Z,97.865,97.87,97.865,97.865,31.0,97.865,18
2025-12-19T06:15:00Z,97.865,97.865,97.865,97.865,572.0,97.865,53
2025-12-19T06:30:00Z,97.865,97.865,97.86,97.865,168.0,97.865,77
2025-12-19T06:45:00Z,97.865,97.87,97.86,97.865,671.0,97.865,67
2025-12-19T07:00:00Z,97.865,97.87,97.865,97.87,1990.0,97.8665,163
2025-12-19T07:15:00Z,97.87,97.875,97.87,97.875,263.0,97.87,33
2025-12-19T07:30:00Z,97.875,97.875,97.865,97.865,890.0,97.872,98
2025-12-19T07:45:00Z,97.87,97.875,97.865,97.875,3044.0,97.8685,135
2025-12-19T08:00:00Z,97.875,97.875,97.865,97.875,2080.0,97.87,66
2025-12-19T08:15:00Z,97.875,97.875,97.865,97.87,604.0,97.87,96
2025-12-19T08:30:00Z,97.87,97.875,97.865,97.87,1322.0,97.87,83
2025-12-19T08:45:00Z,97.875,97.875,97.865,97.87,749.0,97.87,136
2025-12-19T09:00:00Z,97.865,97.875,97.865,97.875,159.0,97.87,57
2025-12-19T09:15:00Z,97.87,97.875,97.87,97.875,1703.0,97.87,67
2025-12-19T09:30:00Z,97.875,97.875,97.87,97.87,323.0,97.87,44
2025-12-19T09:45:00Z,97.875,97.875,97.87,97.87,1686.0,97.87,230
2025-12-19T10:00:00Z,97.87,97.87,97.865,97.865,3406.0,97.8655,276
2025-12-19T10:15:00Z,97.865,97.87,97.865,97.865,1050.0,97.865,323
2025-12-19T10:30:00Z,97.87,97.87,97.865,97.87,540.0,97.868,191
2025-12-19T10:45:00Z,97.87,97.87,97.865,97.865,5507.0,97.865,397
2025-12-19T11:00:00Z,97.865,97.865,97.86,97.865,1242.0,97.8645,195
2025-12-19T11:15:00Z,97.86,97.865,97.86,97.86,59.0,97.8605,38
2025-12-19T11:30:00Z,97.86,97.865,97.86,97.865,28.0,97.8615,16
2025-12-19T11:45:00Z,97.865,97.865,97.86,97.86,1025.0,97.86,245
2025-12-19T12:00:00Z,97.86,97.865,97.86,97.86,1305.0,97.86,363
2025-12-19T12:15:00Z,97.86,97.865,97.86,97.86,469.0,97.86,194
2025-12-19T12:30:00Z,97.86,97.865,97.86,97.86,519.0,97.86,165
2025-12-19T12:45:00Z,97.86,97.865,97.86,97.865,275.0,97.8605,109
2025-12-19T13:00:00Z,97.865,97.865,97.86,97.86,139.0,97.8605,58
2025-12-19T13:15:00Z,97.86,97.865,97.855,97.865,2785.0,97.86,256
2025-12-19T13:30:00Z,97.86,97.865,97.855,97.86,3216.0,97.8555,217
2025-12-19T13:45:00Z,97.855,97.86,97.85,97.855,665.0,97.855,79
2025-12-19T14:00:00Z,97.85,97.855,97.85,97.855,1811.0,97.85,110
2025-12-19T14:15:00Z,97.85,97.855,97.85,97.855,637.0,97.85,86
2025-12-19T14:30:00Z,97.85,97.855,97.845,97.85,2481.0,97.85,221
2025-12-19T14:45:00Z,97.85,97.85,97.845,97.85,1792.0,97.85,154
2025-12-19T15:00:00Z,97.85,97.86,97.845,97.855,12733.0,97.854,443
2025-12-19T15:15:00Z,97.855,97.86,97.855,97.855,921.0,97.855,359
2025-12-19T15:30:00Z,97.855,97.86,97.855,97.86,149.0,97.856,68
2025-12-19T15:45:00Z,97.86,97.86,97.855,97.86,2250.0,97.855,216
2025-12-19T16:00:00Z,97.855,97.86,97.85,97.855,2455.0,97.855,406
2025-12-19T16:15:00Z,97.855,97.86,97.855,97.855,2496.0,97.855,256
2025-12-19T16:30:00Z,97.855,97.855,97.85,97.85,2991.0,97.8535,445
2025-12-19T16:45:00Z,97.855,97.855,97.85,97.855,525.0,97.8545,55
2025-12-19T17:00:00Z,97.85,97.855,97.85,97.855,634.0,97.85,73
2025-12-19T17:15:00Z,97.855,97.855,97.85,97.855,815.0,97.8535,298
2025-12-19T17:30:00Z,97.855,97.855,97.85,97.85,158.0,97.8505,96
2025-12-19T17:45:00Z,97.855,97.855,97.85,97.855,64.0,97.851,35
2025-12-19T18:00:00Z,97.85,97.85,97.85,97.85,336.0,97.85,74
2025-12-19T18:15:00Z,97.85,97.85,97.85,97.85,100.0,97.85,52
2025-12-19T18:30:00Z,97.85,97.85,97.85,97.85,1.0,97.85,1
2025-12-19T18:45:00Z,97.85,97.85,97.845,97.845,2036.0,97.8495,140
2025-12-19T19:00:00Z,97.85,97.85,97.85,97.85,2.0,97.85,2
2025-12-19T19:15:00Z,97.85,97.85,97.845,97.845,246.0,97.845,70
2025-12-19T19:30:00Z,97.845,97.85,97.845,97.85,130.0,97.846,28
2025-12-19T19:45:00Z,97.85,97.85,97.85,97.85,3.0,97.85,1
2025-12-19T20:00:00Z,97.85,97.85,97.85,97.85,0.0,97.85,0
2025-12-19T20:15:00Z,97.845,97.85,97.845,97.845,19.0,97.8455,11
2025-12-19T20:30:00Z,97.85,97.85,97.845,97.845,71.0,97.85,7
2025-12-19T20:45:00Z,97.85,97.85,97.845,97.85,1172.0,97.8475,147
2025-12-22T01:00:00Z,97.85,97.85,97.835,97.84,1041.0,97.841,77
2025-12-22T01:15:00Z,97.84,97.84,97.84,97.84,218.0,97.84,10
2025-12-22T01:30:00Z,97.84,97.84,97.84,97.84,21.0,97.84,4
2025-12-22T01:45:00Z,97.84,97.84,97.84,97.84,28.0,97.84,3
2025-12-22T02:00:00Z,97.84,97.84,97.84,97.84,41.0,97.84,10
2025-12-22T02:15:00Z,97.84,97.845,97.84,97.845,296.0,97.8445,45
2025-12-22T02:30:00Z,97.84,97.845,97.84,97.845,1037.0,97.845,68
2025-12-22T02:45:00Z,97.84,97.84,97.84,97.84,33.0,97.84,6
2025-12-22T03:00:00Z,97.84,97.84,97.84,97.84,22.0,97.84,3
2025-12-22T03:15:00Z,97.84,97.84,97.84,97.84,20.0,97.84,4
2025-12-22T03:30:00Z,97.84,97.84,97.84,97.84,8.0,97.84,3
2025-12-22T03:45:00Z,97.84,97.84,97.84,97.84,3.0,97.84,2
2025-12-22T04:00:00Z,97.84,97.84,97.84,97.84,2.0,97.84,2
2025-12-22T04:15:00Z,97.84,97.84,97.84,97.84,1.0,97.84,1
2025-12-22T04:30:00Z,97.84,97.84,97.84,97.84,1.0,97.84,1
2025-12-22T04:45:00Z,97.84,97.84,97.84,97.84,1.0,97.84,1
2025-12-22T05:00:00Z,97.84,97.84,97.84,97.84,0.0,97.84,0
2025-12-22T05:15:00Z,97.84,97.84,97.84,97.84,0.0,97.84,0
2025-12-22T05:30:00Z,97.84,97.84,97.84,97.84,0.0,97.84,0
2025-12-22T05:45:00Z,97.84,97.84,97.84,97.84,0.0,97.84,0
2025-12-22T06:00:00Z,97.84,97.84,97.84,97.84,102.0,97.84,11
2025-12-22T06:15:00Z,97.84,97.84,97.84,97.84,1007.0,97.84,15
2025-12-22T06:30:00Z,97.84,97.84,97.84,97.84,9.0,97.84,3
2025-12-22T06:45:00Z,97.84,97.84,97.84,97.84,9.0,97.84,5
2025-12-22T07:00:00Z,97.84,97.845,97.84,97.845,1442.0,97.845,104
2025-12-22T07:15:00Z,97.845,97.85,97.845,97.845,43.0,97.845,12
2025-12-22T07:30:00Z,97.85,97.85,97.845,97.845,606.0,97.8495,121
2025-12-22T07:45:00Z,97.845,97.85,97.845,97.85,1287.0,97.85,221
2025-12-22T08:00:00Z,97.85,97.86,97.845,97.85,2562.0,97.852,554
2025-12-22T08:15:00Z,97.85,97.86,97.85,97.855,1595.0,97.855,141
2025-12-22T08:30:00Z,97.855,97.855,97.85,97.85,258.0,97.8545,87
2025-12-22T08:45:00Z,97.85,97.855,97.85,97.855,207.0,97.8525,96
2025-12-22T09:00:00Z,97.855,97.855,97.85,97.855,47.0,97.855,26
2025-12-22T09:15:00Z,97.855,97.855,97.85,97.855,110.0,97.8545,58
2025-12-22T09:30:00Z,97.85,97.855,97.85,97.855,2148.0,97.855,217
2025-12-22T09:45:00Z,97.855,97.855,97.85,97.85,67.0,97.8545,33
2025-12-22T10:00:00Z,97.855,97.855,97.85,97.85,979.0,97.853,98
2025-12-22T10:15:00Z,97.85,97.855,97.85,97.855,5.0,97.854,5
2025-12-22T10:30:00Z,97.85,97.85,97.85,97.85,127.0,97.85,64
2025-12-22T10:45:00Z,97.85,97.85,97.845,97.845,1385.0,97.85,218
2025-12-22T11:00:00Z,97.85,97.85,97.845,97.85,565.0,97.85,72
2025-12-22T11:15:00Z,97.85,97.855,97.85,97.85,23.0,97.8515,21
2025-12-22T11:30:00Z,97.85,97.85,97.85,97.85,731.0,97.85,101
2025-12-22T11:45:00Z,97.85,97.85,97.85,97.85,499.0,97.85,58
2025-12-22T12:00:00Z,97.85,97.85,97.85,97.85,1467.0,97.85,91
2025-12-22T12:15:00Z,97.85,97.855,97.85,97.85,275.0,97.85,48
2025-12-22T12:30:00Z,97.85,97.855,97.85,97.85,190.0,97.85,22
2025-12-22T12:45:00Z,97.85,97.855,97.85,97.85,429.0,97.85,94
2025-12-22T13:00:00Z,97.85,97.855,97.845,97.845,784.0,97.85,205
2025-12-22T13:15:00Z,97.85,97.85,97.845,97.85,867.0,97.85,139
2025-12-22T13:30:00Z,97.85,97.855,97.85,97.85,1138.0,97.85,65
2025-12-22T13:45:00Z,97.85,97.85,97.85,97.85,72.0,97.85,15
2025-12-22T14:00:00Z,97.855,97.855,97.845,97.85,793.0,97.85,76
2025-12-22T14:15:00Z,97.85,97.855,97.85,97.85,1588.0,97.85,91
2025-12-22T14:30:00Z,97.85,97.85,97.845,97.85,856.0,97.85,66
2025-12-22T14:45:00Z,97.85,97.85,97.85,97.85,752.0,97.85,61
2025-12-22T15:00:00Z,97.85,97.85,97.845,97.85,1198.0,97.85,173
2025-12-22T15:15:00Z,97.85,97.85,97.845,97.85,108.0,97.847,84
2025-12-22T15:30:00Z,97.85,97.85,97.845,97.845,233.0,97.848,135
2025-12-22T15:45:00Z,97.85,97.85,97.845,97.85,155.0,97.8495,91
2025-12-22T16:00:00Z,97.845,97.85,97.845,97.845,641.0,97.8455,438
2025-12-22T16:15:00Z,97.85,97.85,97.845,97.845,460.0,97.85,292
2025-12-22T16:30:00Z,97.845,97.855,97.845,97.855,6363.0,97.853,775
2025-12-22T16:45:00Z,97.855,97.86,97.855,97.86,18269.0,97.856,623
2025-12-22T17:00:00Z,97.86,97.86,97.86,97.86,13349.0,97.86,486
2025-12-22T17:15:00Z,97.86,97.86,97.86,97.86,3100.0,97.86,147
2025-12-22T17:30:00Z,97.86,97.86,97.86,97.86,297.0,97.86,35
2025-12-22T17:45:00Z,97.86,97.86,97.86,97.86,1808.0,97.86,39
2025-12-22T18:00:00Z,97.86,97.86,97.86,97.86,170.0,97.86,19
2025-12-22T18:15:00Z,97.86,97.86,97.86,97.86,1156.0,97.86,95
2025-12-22T18:30:00Z,97.86,97.865,97.86,97.86,1022.0,97.86,27
2025-12-22T18:45:00Z,97.86,97.865,97.86,97.86,11.0,97.8605,5
2025-12-22T19:00:00Z,97.86,97.86,97.86,97.86,5453.0,97.86,285
2025-12-22T19:15:00Z,97.86,97.865,97.86,97.86,2503.0,97.86,88
2025-12-22T19:30:00Z,97.86,97.86,97.86,97.86,92.0,97.86,23
2025-12-22T19:45:00Z,97.86,97.86,97.855,97.855,163.0,97.86,21
2025-12-22T20:00:00Z,97.86,97.86,97.86,97.86,117.0,97.86,10
2025-12-22T20:15:00Z,97.86,97.86,97.86,97.86,38.0,97.86,4
2025-12-22T20:30:00Z,97.86,97.86,97.86,97.86,38.0,97.86,7
2025-12-22T20:45:00Z,97.86,97.86,97.855,97.855,194.0,97.856,40
2025-12-23T01:00:00Z,97.86,97.86,97.86,97.86,73.0,97.86,2
2025-12-23T01:15:00Z,97.86,97.86,97.86,97.86,50.0,97.86,3
2025-12-23T01:30:00Z,97.86,97.86,97.86,97.86,0.0,97.86,0
2025-12-23T01:45:00Z,97.86,97.86,97.86,97.86,0.0,97.86,0
2025-12-23T02:00:00Z,97.86,97.86,97.86,97.86,0.0,97.86,0
2025-12-23T02:15:00Z,97.865,97.865,97.865,97.865,52.0,97.865,11
2025-12-23T02:30:00Z,97.865,97.865,97.865,97.865,0.0,97.865,0
2025-12-23T02:45:00Z,97.865,97.865,97.865,97.865,0.0,97.865,0
2025-12-23T03:00:00Z,97.865,97.865,97.865,97.865,165.0,97.865,14
2025-12-23T03:15:00Z,97.865,97.865,97.865,97.865,0.0,97.865,0
2025-12-23T03:30:00Z,97.865,97.865,97.865,97.865,0.0,97.865,0
2025-12-23T03:45:00Z,97.865,97.865,97.865,97.865,50.0,97.865,3
2025-12-23T04:00:00Z,97.865,97.865,97.865,97.865,0.0,97.865,0
2025-12-23T04:15:00Z,97.865,97.865,97.865,97.865,0.0,97.865,0
2025-12-23T04:30:00Z,97.865,97.865,97.865,97.865,0.0,97.865,0
2025-12-23T04:45:00Z,97.865,97.865,97.865,97.865,0.0,97.865,0
2025-12-23T05:00:00Z,97.865,97.865,97.865,97.865,68.0,97.865,6
2025-12-23T05:15:00Z,97.865,97.865,97.865,97.865,0.0,97.865,0
2025-12-23T05:30:00Z,97.865,97.865,97.865,97.865,0.0,97.865,0
2025-12-23T05:45:00Z,97.865,97.865,97.865,97.865,0.0,97.865,0
2025-12-23T06:00:00Z,97.865,97.865,97.865,97.865,0.0,97.865,0
2025-12-23T06:15:00Z,97.865,97.865,97.865,97.865,0.0,97.865,0
2025-12-23T06:30:00Z,97.865,97.865,97.865,97.865,0.0,97.865,0
2025-12-23T06:45:00Z,97.865,97.865,97.865,97.865,0.0,97.865,0
2025-12-23T07:00:00Z,97.865,97.87,97.865,97.865,706.0,97.8685,69
2025-12-23T07:15:00Z,97.865,97.865,97.865,97.865,337.0,97.865,15
2025-12-23T07:30:00Z,97.865,97.865,97.865,97.865,111.0,97.865,28
2025-12-23T07:45:00Z,97.865,97.87,97.865,97.865,2396.0,97.865,75
2025-12-23T08:00:00Z,97.865,97.87,97.865,97.87,1454.0,97.865,97
2025-12-23T08:15:00Z,97.865,97.87,97.865,97.87,190.0,97.8695,41
2025-12-23T08:30:00Z,97.87,97.87,97.865,97.865,954.0,97.8655,208
2025-12-23T08:45:00Z,97.865,97.865,97.865,97.865,758.0,97.865,136
2025-12-23T09:00:00Z,97.865,97.865,97.86,97.86,341.0,97.865,113
2025-12-23T09:15:00Z,97.86,97.865,97.86,97.86,122.0,97.8645,51
2025-12-23T09:30:00Z,97.86,97.865,97.86,97.865,205.0,97.862,81
2025-12-23T09:45:00Z,97.865,97.865,97.86,97.865,2155.0,97.865,343
2025-12-23T10:00:00Z,97.865,97.87,97.865,97.865,263.0,97.8655,55
2025-12-23T10:15:00Z,97.865,97.87,97.865,97.865,70.0,97.865,27
2025-12-23T10:30:00Z,97.865,97.865,97.865,97.865,58.0,97.865,25
2025-12-23T10:45:00Z,97.865,97.87,97.865,97.865,456.0,97.865,105
2025-12-23T11:00:00Z,97.865,97.865,97.865,97.865,1681.0,97.865,144
2025-12-23T11:15:00Z,97.865,97.87,97.865,97.865,40.0,97.867,34
2025-12-23T11:30:00Z,97.865,97.87,97.865,97.865,205.0,97.865,45
2025-12-23T11:45:00Z,97.865,97.87,97.865,97.865,235.0,97.8655,58
2025-12-23T12:00:00Z,97.87,97.87,97.865,97.865,1983.0,97.865,135
2025-12-23T12:15:00Z,97.865,97.865,97.86,97.86,1194.0,97.865,130
2025-12-23T12:30:00Z,97.86,97.865,97.86,97.865,588.0,97.865,80
2025-12-23T12:45:00Z,97.865,97.865,97.865,97.865,1623.0,97.865,149
2025-12-23T13:00:00Z,97.865,97.865,97.86,97.865,1518.0,97.865,114
2025-12-23T13:15:00Z,97.865,97.865,97.86,97.865,1437.0,97.865,158
2025-12-23T13:30:00Z,97.865,97.865,97.86,97.86,589.0,97.865,34
2025-12-23T13:45:00Z,97.86,97.86,97.855,97.855,2673.0,97.859,291
2025-12-23T14:00:00Z,97.86,97.86,97.855,97.855,3206.0,97.8555,206
2025-12-23T14:15:00Z,97.855,97.86,97.855,97.855,1195.0,97.855,290
2025-12-23T14:30:00Z,97.855,97.855,97.855,97.855,3767.0,97.855,246
2025-12-23T14:45:00Z,97.855,97.855,97.855,97.855,2072.0,97.855,107
2025-12-23T15:00:00Z,97.855,97.86,97.855,97.86,925.0,97.855,68
2025-12-23T15:15:00Z,97.855,97.86,97.855,97.855,107.0,97.856,50
2025-12-23T15:30:00Z,97.855,97.86,97.855,97.855,6565.0,97.86,438
2025-12-23T15:45:00Z,97.86,97.865,97.86,97.865,1944.0,97.8645,138
2025-12-23T16:00:00Z,97.865,97.865,97.86,97.865,429.0,97.8625,165
2025-12-23T16:15:00Z,97.865,97.865,97.865,97.865,2408.0,97.865,151
2025-12-23T16:30:00Z,97.865,97.87,97.86,97.87,1379.0,97.865,33
2025-12-23T16:45:00Z,97.865,97.87,97.865,97.865,472.0,97.867,95
2025-12-23T17:00:00Z,97.865,97.865,97.865,97.865,183.0,97.865,35
2025-12-23T17:15:00Z,97.865,97.87,97.865,97.865,95.0,97.865,13
2025-12-23T17:30:00Z,97.865,97.865,97.865,97.865,122.0,97.865,23
2025-12-23T17:45:00Z,97.865,97.865,97.865,97.865,66.0,97.865,31
2025-12-23T18:00:00Z,97.865,97.865,97.865,97.865,25.0,97.865,6
2025-12-23T18:15:00Z,97.865,97.87,97.865,97.87,592.0,97.87,103
2025-12-23T18:30:00Z,97.865,97.865,97.865,97.865,24.0,97.865,12
2025-12-23T18:45:00Z,97.865,97.865,97.865,97.865,0.0,97.865,0
2025-12-23T19:00:00Z,97.865,97.865,97.865,97.865,32.0,97.865,10
2025-12-23T19:15:00Z,97.865,97.865,97.865,97.865,0.0,97.865,0
2025-12-23T19:30:00Z,97.87,97.87,97.865,97.865,77.0,97.866,13
2025-12-23T19:45:00Z,97.865,97.865,97.865,97.865,1.0,97.865,1
2025-12-23T20:00:00Z,97.865,97.865,97.865,97.865,0.0,97.865,0
2025-12-23T20:15:00Z,97.865,97.87,97.865,97.87,76.0,97.865,16
2025-12-23T20:30:00Z,97.865,97.87,97.865,97.865,217.0,97.865,35
2025-12-23T20:45:00Z,97.865,97.87,97.865,97.865,383.0,97.8675,80
2025-12-24T01:00:00Z,97.86,97.87,97.86,97.87,51.0,97.865,5
2025-12-24T01:15:00Z,97.87,97.87,97.87,97.87,0.0,97.87,0
2025-12-24T01:30:00Z,97.87,97.87,97.87,97.87,0.0,97.87,0
2025-12-24T01:45:00Z,97.87,97.87,97.87,97.87,0.0,97.87,0
2025-12-24T02:00:00Z,97.87,97.87,97.87,97.87,0.0,97.87,0
2025-12-24T02:15:00Z,97.87,97.87,97.87,97.87,0.0,97.87,0
2025-12-24T02:30:00Z,97.87,97.87,97.87,97.87,0.0,97.87,0
2025-12-24T02:45:00Z,97.87,97.87,97.87,97.87,0.0,97.87,0
2025-12-24T03:00:00Z,97.87,97.87,97.87,97.87,0.0,97.87,0
2025-12-24T03:15:00Z,97.87,97.87,97.87,97.87,0.0,97.87,0
2025-12-24T03:30:00Z,97.87,97.87,97.87,97.87,0.0,97.87,0
2025-12-24T03:45:00Z,97.87,97.87,97.87,97.87,0.0,97.87,0
2025-12-24T04:00:00Z,97.87,97.87,97.87,97.87,0.0,97.87,0
2025-12-24T04:15:00Z,97.87,97.87,97.87,97.87,0.0,97.87,0
2025-12-24T04:30:00Z,97.87,97.87,97.87,97.87,0.0,97.87,0
2025-12-24T04:45:00Z,97.87,97.87,97.87,97.87,0.0,97.87,0
2025-12-24T05:00:00Z,97.87,97.87,97.87,97.87,0.0,97.87,0
2025-12-24T05:15:00Z,97.87,97.87,97.87,97.87,0.0,97.87,0
2025-12-24T05:30:00Z,97.87,97.87,97.87,97.87,0.0,97.87,0
2025-12-24T05:45:00Z,97.87,97.87,97.87,97.87,0.0,97.87,0
2025-12-24T06:00:00Z,97.87,97.87,97.87,97.87,0.0,97.87,0
2025-12-24T06:15:00Z,97.865,97.865,97.865,97.865,4.0,97.865,4
2025-12-24T06:30:00Z,97.865,97.865,97.865,97.865,2.0,97.865,1
2025-12-24T06:45:00Z,97.865,97.865,97.865,97.865,0.0,97.865,0
2025-12-24T07:00:00Z,97.865,97.865,97.865,97.865,865.0,97.865,37
2025-12-24T07:15:00Z,97.865,97.87,97.865,97.87,4.0,97.8665,3
2025-12-24T07:30:00Z,97.87,97.87,97.87,97.87,131.0,97.87,106
2025-12-24T07:45:00Z,97.87,97.87,97.865,97.87,251.0,97.8695,80
2025-12-24T08:00:00Z,97.87,97.87,97.865,97.865,1476.0,97.869,127
2025-12-24T08:15:00Z,97.865,97.865,97.86,97.865,18.0,97.8645,9
2025-12-24T08:30:00Z,97.86,97.865,97.86,97.86,157.0,97.86,82
2025-12-24T08:45:00Z,97.86,97.865,97.86,97.86,182.0,97.864,97
2025-12-24T09:00:00Z,97.86,97.865,97.86,97.86,1146.0,97.8625,136
2025-12-24T09:15:00Z,97.865,97.865,97.86,97.86,28.0,97.8625,24
2025-12-24T09:30:00Z,97.86,97.865,97.86,97.86,16.0,97.8605,12
2025-12-24T09:45:00Z,97.86,97.865,97.86,97.86,14.0,97.8605,14
2025-12-24T10:00:00Z,97.86,97.865,97.855,97.86,384.0,97.86,65
2025-12-24T10:15:00Z,97.86,97.86,97.86,97.86,60.0,97.86,5
2025-12-24T10:30:00Z,97.86,97.86,97.86,97.86,921.0,97.86,92
2025-12-24T10:45:00Z,97.86,97.865,97.86,97.86,129.0,97.86,12
2025-12-24T11:00:00Z,97.865,97.865,97.86,97.865,467.0,97.865,41
2025-12-24T11:15:00Z,97.865,97.865,97.86,97.865,38.0,97.8645,8
2025-12-24T11:30:00Z,97.865,97.87,97.865,97.87,2.0,97.8675,2
2025-12-24T11:45:00Z,97.865,97.87,97.865,97.87,11.0,97.8675,10
2025-12-24T12:00:00Z,97.87,97.87,97.865,97.865,754.0,97.8675,203
2025-12-29T01:00:00Z,97.87,97.87,97.865,97.865,183.0,97.865,11
2025-12-29T01:15:00Z,97.86,97.86,97.86,97.86,3.0,97.86,3
2025-12-29T01:30:00Z,97.86,97.86,97.86,97.86,1.0,97.86,1
2025-12-29T01:45:00Z,97.86,97.86,97.86,97.86,0.0,97.86,0
2025-12-29T02:00:00Z,97.86,97.86,97.86,97.86,0.0,97.86,0
2025-12-29T02:15:00Z,97.86,97.86,97.86,97.86,0.0,97.86,0
2025-12-29T02:30:00Z,97.86,97.86,97.86,97.86,0.0,97.86,0
2025-12-29T02:45:00Z,97.86,97.86,97.86,97.86,0.0,97.86,0
2025-12-29T03:00:00Z,97.86,97.86,97.86,97.86,0.0,97.86,0
2025-12-29T03:15:00Z,97.86,97.86,97.86,97.86,75.0,97.86,3
2025-12-29T03:30:00Z,97.86,97.86,97.86,97.86,633.0,97.86,19
2025-12-29T03:45:00Z,97.86,97.86,97.86,97.86,0.0,97.86,0
2025-12-29T04:00:00Z,97.86,97.86,97.86,97.86,71.0,97.86,2
2025-12-29T04:15:00Z,97.86,97.86,97.855,97.855,261.0,97.86,4
2025-12-29T04:30:00Z,97.855,97.855,97.855,97.855,0.0,97.855,0
2025-12-29T04:45:00Z,97.855,97.855,97.855,97.855,0.0,97.855,0
2025-12-29T05:00:00Z,97.855,97.855,97.855,97.855,0.0,97.855,0
2025-12-29T05:15:00Z,97.855,97.855,97.855,97.855,0.0,97.855,0
2025-12-29T05:30:00Z,97.86,97.86,97.86,97.86,446.0,97.86,8
2025-12-29T05:45:00Z,97.86,97.86,97.86,97.86,0.0,97.86,0
2025-12-29T06:00:00Z,97.86,97.86,97.86,97.86,0.0,97.86,0
2025-12-29T06:15:00Z,97.86,97.86,97.86,97.86,5.0,97.86,4
2025-12-29T06:30:00Z,97.86,97.86,97.86,97.86,0.0,97.86,0
2025-12-29T06:45:00Z,97.86,97.86,97.86,97.86,60.0,97.86,5
2025-12-29T07:00:00Z,97.865,97.87,97.86,97.87,2296.0,97.869,107
2025-12-29T07:15:00Z,97.87,97.875,97.87,97.875,24.0,97.8725,15
2025-12-29T07:30:00Z,97.875,97.875,97.87,97.875,85.0,97.875,12
2025-12-29T07:45:00Z,97.875,97.875,97.87,97.87,458.0,97.875,62
2025-12-29T08:00:00Z,97.875,97.875,97.87,97.875,132.0,97.874,45
2025-12-29T08:15:00Z,97.87,97.875,97.87,97.87,684.0,97.8735,143
2025-12-29T08:30:00Z,97.87,97.875,97.87,97.875,156.0,97.8725,55
2025-12-29T08:45:00Z,97.875,97.875,97.87,97.875,754.0,97.875,115
2025-12-29T09:00:00Z,97.875,97.875,97.87,97.875,867.0,97.873,193
2025-12-29T09:15:00Z,97.875,97.875,97.87,97.87,152.0,97.8745,67
2025-12-29T09:30:00Z,97.875,97.875,97.87,97.87,149.0,97.8745,80
2025-12-29T09:45:00Z,97.875,97.875,97.87,97.875,392.0,97.871,156
2025-12-29T10:00:00Z,97.875,97.875,97.87,97.875,580.0,97.8715,147
2025-12-29T10:15:00Z,97.875,97.875,97.87,97.875,1460.0,97.8745,160
2025-12-29T10:30:00Z,97.875,97.88,97.875,97.88,2456.0,97.8765,229
2025-12-29T10:45:00Z,97.88,97.88,97.875,97.875,2083.0,97.875,181
2025-12-29T11:00:00Z,97.875,97.88,97.875,97.88,1029.0,97.8755,89
2025-12-29T11:15:00Z,97.875,97.88,97.875,97.88,126.0,97.876,23
2025-12-29T11:30:00Z,97.88,97.88,97.875,97.875,563.0,97.8755,195
2025-12-29T11:45:00Z,97.875,97.88,97.875,97.875,226.0,97.8755,113
2025-12-29T12:00:00Z,97.875,97.88,97.875,97.88,213.0,97.8785,106
2025-12-29T12:15:00Z,97.88,97.88,97.875,97.88,112.0,97.88,73
2025-12-29T12:30:00Z,97.875,97.88,97.875,97.88,168.0,97.877,79
2025-12-29T12:45:00Z,97.88,97.885,97.875,97.885,1724.0,97.88,205
2025-12-29T13:00:00Z,97.885,97.89,97.88,97.89,1664.0,97.885,142
2025-12-29T13:15:00Z,97.885,97.885,97.88,97.885,999.0,97.884,162
2025-12-29T13:30:00Z,97.885,97.885,97.885,97.885,290.0,97.885,144
2025-12-29T13:45:00Z,97.885,97.89,97.885,97.885,1954.0,97.886,243
2025-12-29T14:00:00Z,97.89,97.895,97.885,97.885,2631.0,97.8895,166
2025-12-29T14:15:00Z,97.89,97.895,97.89,97.895,743.0,97.89,59
2025-12-29T14:30:00Z,97.895,97.895,97.895,97.895,3543.0,97.895,265
2025-12-29T14:45:00Z,97.895,97.895,97.89,97.895,117.0,97.893,84
2025-12-29T15:00:00Z,97.895,97.895,97.89,97.89,1689.0,97.8905,331
2025-12-29T15:15:00Z,97.895,97.895,97.89,97.895,569.0,97.8905,159
2025-12-29T15:30:00Z,97.895,97.895,97.89,97.895,1041.0,97.894,231
2025-12-29T15:45:00Z,97.895,97.895,97.895,97.895,5322.0,97.895,289
2025-12-29T16:00:00Z,97.895,97.895,97.89,97.895,1725.0,97.8945,512
2025-12-29T16:15:00Z,97.895,97.895,97.89,97.895,194.0,97.895,117
2025-12-29T16:30:00Z,97.895,97.895,97.895,97.895,1095.0,97.895,128
2025-12-29T16:45:00Z,97.895,97.895,97.89,97.895,59.0,97.894,50
2025-12-29T17:00:00Z,97.89,97.895,97.89,97.895,764.0,97.895,81
2025-12-29T17:15:00Z,97.895,97.895,97.89,97.895,1213.0,97.895,140
2025-12-29T17:30:00Z,97.895,97.895,97.895,97.895,468.0,97.895,35
2025-12-29T17:45:00Z,97.895,97.895,97.895,97.895,2.0,97.895,2
2025-12-29T18:00:00Z,97.895,97.895,97.895,97.895,172.0,97.895,32
2025-12-29T18:15:00Z,97.895,97.895,97.895,97.895,49.0,97.895,10
2025-12-29T18:30:00Z,97.895,97.895,97.895,97.895,2169.0,97.895,43
2025-12-29T18:45:00Z,97.895,97.895,97.895,97.895,1.0,97.895,1
2025-12-29T19:00:00Z,97.895,97.895,97.895,97.895,130.0,97.895,15
2025-12-29T19:15:00Z,97.895,97.895,97.895,97.895,559.0,97.895,17
2025-12-29T19:30:00Z,97.895,97.895,97.895,97.895,51.0,97.895,8
2025-12-29T19:45:00Z,97.895,97.895,97.895,97.895,285.0,97.895,14
2025-12-29T20:00:00Z,97.895,97.895,97.895,97.895,1436.0,97.895,14
2025-12-29T20:15:00Z,97.895,97.895,97.895,97.895,291.0,97.895,16
2025-12-29T20:30:00Z,97.895,97.9,97.895,97.9,7.0,97.8965,3
2025-12-29T20:45:00Z,97.895,97.9,97.895,97.895,148.0,97.895,32
2025-12-30T01:00:00Z,97.895,97.895,97.89,97.89,15.0,97.891,13
2025-12-30T01:15:00Z,97.89,97.89,97.89,97.89,5.0,97.89,2
2025-12-30T01:30:00Z,97.89,97.89,97.89,97.89,7.0,97.89,2
2025-12-30T01:45:00Z,97.89,97.89,97.89,97.89,3.0,97.89,2
2025-12-30T02:00:00Z,97.89,97.89,97.89,97.89,2.0,97.89,1
2025-12-30T02:15:00Z,97.89,97.89,97.89,97.89,3.0,97.89,1
2025-12-30T02:30:00Z,97.89,97.89,97.89,97.89,0.0,97.89,0
2025-12-30T02:45:00Z,97.89,97.89,97.89,97.89,6.0,97.89,2
2025-12-30T03:00:00Z,97.89,97.89,97.89,97.89,0.0,97.89,0
2025-12-30T03:15:00Z,97.89,97.89,97.89,97.89,6.0,97.89,2
2025-12-30T03:30:00Z,97.895,97.895,97.89,97.89,28.0,97.893,5
2025-12-30T03:45:00Z,97.89,97.89,97.89,97.89,22.0,97.89,8
2025-12-30T04:00:00Z,97.89,97.89,97.89,97.89,6.0,97.89,3
2025-12-30T04:15:00Z,97.89,97.89,97.89,97.89,2.0,97.89,1
2025-12-30T04:30:00Z,97.89,97.89,97.89,97.89,4.0,97.89,3
2025-12-30T04:45:00Z,97.89,97.89,97.89,97.89,3.0,97.89,1
2025-12-30T05:00:00Z,97.89,97.89,97.89,97.89,4.0,97.89,2
2025-12-30T05:15:00Z,97.89,97.89,97.89,97.89,2.0,97.89,1
2025-12-30T05:30:00Z,97.89,97.89,97.89,97.89,6.0,97.89,2
2025-12-30T05:45:00Z,97.89,97.895,97.89,97.895,12.0,97.8905,3
2025-12-30T06:00:00Z,97.89,97.89,97.89,97.89,38.0,97.89,11
2025-12-30T06:15:00Z,97.89,97.89,97.89,97.89,12.0,97.89,11
2025-12-30T06:30:00Z,97.89,97.89,97.89,97.89,19.0,97.89,14
2025-12-30T06:45:00Z,97.89,97.895,97.89,97.89,45.0,97.89,22
2025-12-30T07:00:00Z,97.895,97.895,97.89,97.89,86.0,97.8905,51
2025-12-30T07:15:00Z,97.89,97.895,97.89,97.89,338.0,97.891,89
2025-12-30T07:30:00Z,97.89,97.89,97.89,97.89,47.0,97.89,39
2025-12-30T07:45:00Z,97.89,97.895,97.89,97.89,330.0,97.89,84
2025-12-30T08:00:00Z,97.89,97.895,97.885,97.89,2337.0,97.89,232
2025-12-30T08:15:00Z,97.89,97.895,97.885,97.89,634.0,97.89,58
2025-12-30T08:30:00Z,97.89,97.895,97.885,97.895,415.0,97.8925,64
2025-12-30T08:45:00Z,97.895,97.895,97.89,97.895,1211.0,97.895,109
2025-12-30T09:00:00Z,97.895,97.9,97.895,97.895,275.0,97.897,143
2025-12-30T09:15:00Z,97.895,97.9,97.895,97.895,910.0,97.896,115
2025-12-30T09:30:00Z,97.895,97.9,97.895,97.895,2169.0,97.895,200
2025-12-30T09:45:00Z,97.89,97.895,97.89,97.89,124.0,97.89,80
2025-12-30T10:00:00Z,97.895,97.895,97.89,97.89,53.0,97.8915,34
2025-12-30T10:15:00Z,97.895,97.895,97.89,97.895,2422.0,97.89,114
2025-12-30T10:30:00Z,97.895,97.895,97.885,97.885,3492.0,97.89,107
2025-12-30T10:45:00Z,97.89,97.89,97.89,97.89,971.0,97.89,136
2025-12-30T11:00:00Z,97.89,97.895,97.89,97.89,92.0,97.89,24
2025-12-30T11:15:00Z,97.89,97.895,97.89,97.89,21.0,97.891,12
2025-12-30T11:30:00Z,97.89,97.895,97.89,97.895,45.0,97.8905,17
2025-12-30T11:45:00Z,97.895,97.895,97.89,97.895,368.0,97.89,98
2025-12-30T12:00:00Z,97.89,97.895,97.89,97.895,72.0,97.8905,39
2025-12-30T12:15:00Z,97.89,97.895,97.89,97.89,2214.0,97.89,97
2025-12-30T12:30:00Z,97.89,97.895,97.89,97.89,447.0,97.89,67
2025-12-30T12:45:00Z,97.89,97.895,97.89,97.89,939.0,97.89,57
2025-12-30T13:00:00Z,97.89,97.895,97.89,97.895,403.0,97.89,68
2025-12-30T13:15:00Z,97.89,97.895,97.885,97.89,1869.0,97.89,178
2025-12-30T13:30:00Z,97.89,97.895,97.89,97.89,788.0,97.89,103
2025-12-30T13:45:00Z,97.89,97.895,97.89,97.895,83.0,97.89,25
2025-12-30T14:00:00Z,97.895,97.895,97.89,97.895,186.0,97.89,52
2025-12-30T14:15:00Z,97.895,97.895,97.89,97.89,209.0,97.89,27
2025-12-30T14:30:00Z,97.895,97.895,97.895,97.895,134.0,97.895,8
2025-12-30T14:45:00Z,97.895,97.895,97.89,97.895,9.0,97.893,9
2025-12-30T15:00:00Z,97.89,97.895,97.89,97.895,81.0,97.8945,72
2025-12-30T15:15:00Z,97.895,97.895,97.89,97.89,86.0,97.8945,83
2025-12-30T15:30:00Z,97.895,97.895,97.89,97.895,393.0,97.8905,104
2025-12-30T15:45:00Z,97.89,97.895,97.89,97.895,109.0,97.8905,51
2025-12-30T16:00:00Z,97.895,97.895,97.89,97.895,1341.0,97.895,812
2025-12-30T16:15:00Z,97.895,97.895,97.89,97.895,330.0,97.895,150
2025-12-30T16:30:00Z,97.895,97.895,97.89,97.895,729.0,97.895,158
2025-12-30T16:45:00Z,97.895,97.895,97.895,97.895,124.0,97.895,42
2025-12-30T17:00:00Z,97.895,97.895,97.89,97.895,364.0,97.895,44
2025-12-30T17:15:00Z,97.895,97.895,97.89,97.895,75.0,97.893,36
2025-12-30T17:30:00Z,97.89,97.895,97.89,97.89,1541.0,97.89,140
2025-12-30T17:45:00Z,97.895,97.895,97.895,97.895,198.0,97.895,47
2025-12-30T18:00:00Z,97.89,97.895,97.89,97.895,65.0,97.8935,19
2025-12-30T18:15:00Z,97.895,97.895,97.89,97.89,35.0,97.895,18
2025-12-30T18:30:00Z,97.89,97.89,97.89,97.89,0.0,97.89,0
2025-12-30T18:45:00Z,97.89,97.895,97.89,97.895,89.0,97.89,38
2025-12-30T19:00:00Z,97.895,97.895,97.895,97.895,0.0,97.895,0
2025-12-30T19:15:00Z,97.895,97.895,97.895,97.895,0.0,97.895,0
2025-12-30T19:30:00Z,97.895,97.895,97.895,97.895,161.0,97.895,27
2025-12-30T19:45:00Z,97.895,97.895,97.895,97.895,0.0,97.895,0
2025-12-30T20:00:00Z,97.895,97.895,97.895,97.895,0.0,97.895,0
2025-12-30T20:15:00Z,97.895,97.895,97.895,97.895,0.0,97.895,0
2025-12-30T20:30:00Z,97.895,97.895,97.895,97.895,10.0,97.895,6
2025-12-30T20:45:00Z,97.895,97.895,97.895,97.895,107.0,97.895,25
2025-12-31T01:00:00Z,97.895,97.895,97.895,97.895,93.0,97.895,12
2025-12-31T01:15:00Z,97.895,97.895,97.895,97.895,0.0,97.895,0
2025-12-31T01:30:00Z,97.895,97.895,97.895,97.895,0.0,97.895,0
2025-12-31T01:45:00Z,97.895,97.895,97.895,97.895,1.0,97.895,1
2025-12-31T02:00:00Z,97.895,97.895,97.895,97.895,0.0,97.895,0
2025-12-31T02:15:00Z,97.895,97.895,97.895,97.895,0.0,97.895,0
2025-12-31T02:30:00Z,97.895,97.895,97.895,97.895,0.0,97.895,0
2025-12-31T02:45:00Z,97.895,97.895,97.895,97.895,0.0,97.895,0
2025-12-31T03:00:00Z,97.895,97.895,97.895,97.895,0.0,97.895,0
2025-12-31T03:15:00Z,97.895,97.895,97.895,97.895,0.0,97.895,0
2025-12-31T03:30:00Z,97.895,97.895,97.895,97.895,0.0,97.895,0
2025-12-31T03:45:00Z,97.895,97.895,97.895,97.895,0.0,97.895,0
2025-12-31T04:00:00Z,97.895,97.895,97.895,97.895,0.0,97.895,0
2025-12-31T04:15:00Z,97.895,97.895,97.895,97.895,0.0,97.895,0
2025-12-31T04:30:00Z,97.895,97.895,97.895,97.895,0.0,97.895,0
2025-12-31T04:45:00Z,97.895,97.895,97.895,97.895,0.0,97.895,0
2025-12-31T05:00:00Z,97.895,97.895,97.895,97.895,0.0,97.895,0
2025-12-31T05:15:00Z,97.895,97.895,97.895,97.895,0.0,97.895,0
2025-12-31T05:30:00Z,97.895,97.895,97.895,97.895,0.0,97.895,0
2025-12-31T05:45:00Z,97.895,97.895,97.895,97.895,0.0,97.895,0
2025-12-31T06:00:00Z,97.895,97.895,97.895,97.895,0.0,97.895,0
2025-12-31T06:15:00Z,97.895,97.895,97.895,97.895,0.0,97.895,0
2025-12-31T06:30:00Z,97.895,97.895,97.895,97.895,0.0,97.895,0
2025-12-31T06:45:00Z,97.895,97.895,97.895,97.895,0.0,97.895,0
2025-12-31T07:00:00Z,97.895,97.895,97.89,97.895,35.0,97.8945,13
2025-12-31T07:15:00Z,97.895,97.895,97.895,97.895,30.0,97.895,14
2025-12-31T07:30:00Z,97.895,97.9,97.895,97.895,4002.0,97.895,217
2025-12-31T07:45:00Z,97.895,97.895,97.89,97.895,135.0,97.894,48
2025-12-31T08:00:00Z,97.895,97.895,97.89,97.895,1932.0,97.895,739
2025-12-31T08:15:00Z,97.895,97.895,97.89,97.895,199.0,97.895,70
2025-12-31T08:30:00Z,97.895,97.895,97.89,97.89,3294.0,97.895,183
2025-12-31T08:45:00Z,97.89,97.895,97.89,97.89,125.0,97.893,54
2025-12-31T09:00:00Z,97.895,97.895,97.89,97.895,153.0,97.8905,26
2025-12-31T09:15:00Z,97.895,97.895,97.89,97.89,15.0,97.8915,9
2025-12-31T09:30:00Z,97.89,97.895,97.89,97.89,746.0,97.89,52
2025-12-31T09:45:00Z,97.895,97.895,97.89,97.89,1402.0,97.89,66
2025-12-31T10:00:00Z,97.895,97.895,97.89,97.895,127.0,97.894,36
2025-12-31T10:15:00Z,97.895,97.895,97.89,97.89,6229.0,97.89,330
2025-12-31T10:30:00Z,97.89,97.895,97.89,97.89,1332.0,97.89,134
2025-12-31T10:45:00Z,97.89,97.895,97.89,97.89,2176.0,97.89,364
2025-12-31T11:00:00Z,97.89,97.895,97.885,97.895,1249.0,97.89,105
2025-12-31T11:15:00Z,97.89,97.89,97.89,97.89,175.0,97.89,54
2025-12-31T11:30:00Z,97.89,97.895,97.89,97.895,203.0,97.89,42
2025-12-31T11:45:00Z,97.89,97.895,97.89,97.895,19.0,97.8905,18
2025-12-31T12:00:00Z,97.89,97.895,97.89,97.89,1001.0,97.891,307
2026-01-02T01:00:00Z,97.89,97.89,97.885,97.89,1436.0,97.89,295
2026-01-02T01:15:00Z,97.89,97.89,97.89,97.89,277.0,97.89,76
2026-01-02T01:30:00Z,97.89,97.89,97.89,97.89,8.0,97.89,8
2026-01-02T01:45:00Z,97.89,97.89,97.89,97.89,213.0,97.89,17
2026-01-02T02:00:00Z,97.89,97.89,97.89,97.89,8.0,97.89,8
2026-01-02T02:15:00Z,97.89,97.89,97.89,97.89,3.0,97.89,3
2026-01-02T02:30:00Z,97.89,97.89,97.89,97.89,1.0,97.89,1
2026-01-02T02:45:00Z,97.89,97.89,97.89,97.89,80.0,97.89,14
2026-01-02T03:00:00Z,97.89,97.89,97.89,97.89,12.0,97.89,4
2026-01-02T03:15:00Z,97.89,97.895,97.89,97.89,318.0,97.89,121
2026-01-02T03:30:00Z,97.89,97.89,97.885,97.885,67.0,97.89,9
2026-01-02T03:45:00Z,97.885,97.885,97.885,97.885,0.0,97.885,0
2026-01-02T04:00:00Z,97.885,97.885,97.885,97.885,1.0,97.885,1
2026-01-02T04:15:00Z,97.885,97.885,97.88,97.88,150.0,97.885,17
2026-01-02T04:30:00Z,97.88,97.88,97.88,97.88,4.0,97.88,4
2026-01-02T04:45:00Z,97.885,97.885,97.88,97.885,5.0,97.882,5
2026-01-02T05:00:00Z,97.88,97.88,97.88,97.88,4.0,97.88,4
2026-01-02T05:15:00Z,97.88,97.88,97.88,97.88,5.0,97.88,5
2026-01-02T05:30:00Z,97.88,97.88,97.88,97.88,473.0,97.88,46
2026-01-02T05:45:00Z,97.88,97.88,97.88,97.88,5.0,97.88,2
2026-01-02T06:00:00Z,97.88,97.88,97.88,97.88,4.0,97.88,4
2026-01-02T06:15:00Z,97.88,97.88,97.88,97.88,107.0,97.88,21
2026-01-02T06:30:00Z,97.88,97.88,97.88,97.88,5.0,97.88,5
2026-01-02T06:45:00Z,97.88,97.88,97.88,97.88,78.0,97.88,30
2026-01-02T07:00:00Z,97.88,97.88,97.87,97.875,1936.0,97.876,242
2026-01-02T07:15:00Z,97.88,97.88,97.875,97.88,399.0,97.8785,89
2026-01-02T07:30:00Z,97.885,97.885,97.875,97.88,1262.0,97.8805,137
2026-01-02T07:45:00Z,97.88,97.88,97.875,97.88,644.0,97.88,64
2026-01-02T08:00:00Z,97.88,97.885,97.875,97.875,1714.0,97.88,107
2026-01-02T08:15:00Z,97.88,97.89,97.88,97.89,1018.0,97.883,64
2026-01-02T08:30:00Z,97.885,97.885,97.88,97.885,1821.0,97.885,74
2026-01-02T08:45:00Z,97.885,97.89,97.885,97.885,616.0,97.885,75
2026-01-02T09:00:00Z,97.885,97.895,97.885,97.89,2783.0,97.89,191
2026-01-02T09:15:00Z,97.895,97.895,97.89,97.89,2721.0,97.89,118
2026-01-02T09:30:00Z,97.89,97.895,97.89,97.895,771.0,97.8945,84
2026-01-02T09:45:00Z,97.895,97.895,97.89,97.895,5213.0,97.895,458
2026-01-02T10:00:00Z,97.895,97.895,97.895,97.895,5125.0,97.895,403
2026-01-02T10:15:00Z,97.895,97.9,97.895,97.895,6610.0,97.895,266
2026-01-02T10:30:00Z,97.895,97.895,97.895,97.895,1105.0,97.895,50
2026-01-02T10:45:00Z,97.895,97.895,97.89,97.895,1161.0,97.895,64
2026-01-02T11:00:00Z,97.89,97.895,97.89,97.89,302.0,97.891,63
2026-01-02T11:15:00Z,97.89,97.89,97.89,97.89,22.0,97.89,16
2026-01-02T11:30:00Z,97.89,97.895,97.89,97.89,281.0,97.8945,109
2026-01-02T11:45:00Z,97.895,97.895,97.89,97.89,214.0,97.89,45
2026-01-02T12:00:00Z,97.895,97.895,97.895,97.895,1.0,97.895,1
2026-01-02T12:15:00Z,97.89,97.895,97.89,97.895,96.0,97.89,13
2026-01-02T12:30:00Z,97.895,97.895,97.89,97.89,50.0,97.89,21
2026-01-02T12:45:00Z,97.89,97.895,97.89,97.89,365.0,97.89,96
2026-01-02T13:00:00Z,97.895,97.895,97.89,97.89,10.0,97.8905,4
2026-01-02T13:15:00Z,97.89,97.89,97.89,97.89,2457.0,97.89,215
2026-01-02T13:30:00Z,97.89,97.89,97.885,97.89,9057.0,97.89,726
2026-01-02T13:45:00Z,97.89,97.89,97.89,97.89,1727.0,97.89,317
2026-01-02T14:00:00Z,97.89,97.89,97.89,97.89,780.0,97.89,60
2026-01-02T14:15:00Z,97.89,97.89,97.89,97.89,509.0,97.89,25
2026-01-02T14:30:00Z,97.89,97.89,97.89,97.89,3515.0,97.89,105
2026-01-02T14:45:00Z,97.885,97.89,97.885,97.89,406.0,97.89,26
2026-01-02T15:00:00Z,97.885,97.89,97.885,97.89,262.0,97.8885,80
2026-01-02T15:15:00Z,97.89,97.89,97.885,97.89,1409.0,97.8895,150
2026-01-02T15:30:00Z,97.89,97.89,97.885,97.885,350.0,97.8875,85
2026-01-02T15:45:00Z,97.885,97.89,97.885,97.885,146.0,97.885,42
2026-01-02T16:00:00Z,97.89,97.89,97.88,97.88,6825.0,97.885,867
2026-01-02T16:15:00Z,97.885,97.885,97.885,97.885,723.0,97.885,133
2026-01-02T16:30:00Z,97.885,97.89,97.885,97.885,355.0,97.885,53
2026-01-02T16:45:00Z,97.885,97.89,97.885,97.885,53.0,97.885,16
2026-01-02T17:00:00Z,97.885,97.885,97.885,97.885,42.0,97.885,13
2026-01-02T17:15:00Z,97.885,97.885,97.885,97.885,0.0,97.885,0
2026-01-02T17:30:00Z,97.885,97.885,97.88,97.88,1536.0,97.8835,186
2026-01-02T17:45:00Z,97.885,97.885,97.88,97.88,153.0,97.884,28
2026-01-02T18:00:00Z,97.885,97.885,97.885,97.885,44.0,97.885,4
2026-01-02T18:15:00Z,97.885,97.885,97.885,97.885,0.0,97.885,0
2026-01-02T18:30:00Z,97.885,97.885,97.885,97.885,30.0,97.885,9
2026-01-02T18:45:00Z,97.885,97.885,97.885,97.885,136.0,97.885,21
2026-01-02T19:00:00Z,97.885,97.885,97.885,97.885,0.0,97.885,0
2026-01-02T19:15:00Z,97.885,97.885,97.885,97.885,0.0,97.885,0
2026-01-02T19:30:00Z,97.885,97.885,97.88,97.88,118.0,97.881,32
2026-01-02T19:45:00Z,97.885,97.885,97.885,97.885,5.0,97.885,3
2026-01-02T20:00:00Z,97.885,97.885,97.885,97.885,1.0,97.885,1
2026-01-02T20:15:00Z,97.885,97.885,97.885,97.885,8.0,97.885,3
2026-01-02T20:30:00Z,97.885,97.885,97.88,97.88,638.0,97.8845,61
2026-01-02T20:45:00Z,97.88,97.885,97.88,97.88,230.0,97.8845,60
2026-01-05T01:00:00Z,97.88,97.885,97.88,97.885,406.0,97.885,40
2026-01-05T01:15:00Z,97.885,97.885,97.885,97.885,0.0,97.885,0
2026-01-05T01:30:00Z,97.885,97.885,97.885,97.885,0.0,97.885,0
2026-01-05T01:45:00Z,97.885,97.885,97.885,97.885,398.0,97.885,31
2026-01-05T02:00:00Z,97.88,97.88,97.88,97.88,15.0,97.88,7
2026-01-05T02:15:00Z,97.88,97.88,97.88,97.88,0.0,97.88,0
2026-01-05T02:30:00Z,97.88,97.88,97.88,97.88,0.0,97.88,0
2026-01-05T02:45:00Z,97.88,97.88,97.88,97.88,3.0,97.88,3
2026-01-05T03:00:00Z,97.88,97.88,97.88,97.88,0.0,97.88,0
2026-01-05T03:15:00Z,97.88,97.88,97.88,97.88,0.0,97.88,0
2026-01-05T03:30:00Z,97.88,97.88,97.88,97.88,0.0,97.88,0
2026-01-05T03:45:00Z,97.88,97.88,97.88,97.88,0.0,97.88,0
2026-01-05T04:00:00Z,97.88,97.88,97.88,97.88,0.0,97.88,0
2026-01-05T04:15:00Z,97.88,97.88,97.88,97.88,2.0,97.88,2
2026-01-05T04:30:00Z,97.88,97.88,97.88,97.88,0.0,97.88,0
2026-01-05T04:45:00Z,97.88,97.88,97.88,97.88,0.0,97.88,0
2026-01-05T05:00:00Z,97.885,97.885,97.885,97.885,83.0,97.885,22
2026-01-05T05:15:00Z,97.885,97.885,97.885,97.885,0.0,97.885,0
2026-01-05T05:30:00Z,97.885,97.885,97.885,97.885,1.0,97.885,1
2026-01-05T05:45:00Z,97.885,97.885,97.885,97.885,237.0,97.885,8
2026-01-05T06:00:00Z,97.885,97.885,97.885,97.885,0.0,97.885,0
2026-01-05T06:15:00Z,97.885,97.885,97.885,97.885,0.0,97.885,0
2026-01-05T06:30:00Z,97.89,97.89,97.89,97.89,33.0,97.89,12
2026-01-05T06:45:00Z,97.89,97.89,97.89,97.89,0.0,97.89,0
2026-01-05T07:00:00Z,97.89,97.89,97.885,97.885,992.0,97.885,95
2026-01-05T07:15:00Z,97.88,97.88,97.88,97.88,6.0,97.88,6
2026-01-05T07:30:00Z,97.88,97.885,97.88,97.88,1180.0,97.88,45
2026-01-05T07:45:00Z,97.88,97.88,97.875,97.875,395.0,97.8785,53
2026-01-05T08:00:00Z,97.88,97.88,97.875,97.88,2219.0,97.88,246
2026-01-05T08:15:00Z,97.88,97.885,97.88,97.885,1140.0,97.885,74
2026-01-05T08:30:00Z,97.885,97.885,97.88,97.885,370.0,97.8845,101
2026-01-05T08:45:00Z,97.885,97.89,97.88,97.885,2109.0,97.885,140
2026-01-05T09:00:00Z,97.885,97.885,97.88,97.88,978.0,97.881,115
2026-01-05T09:15:00Z,97.88,97.88,97.875,97.88,2131.0,97.88,135
2026-01-05T09:30:00Z,97.88,97.88,97.88,97.88,790.0,97.88,81
2026-01-05T09:45:00Z,97.88,97.88,97.875,97.88,567.0,97.8795,100
2026-01-05T10:00:00Z,97.88,97.88,97.875,97.88,1367.0,97.876,484
2026-01-05T10:15:00Z,97.88,97.885,97.88,97.885,1123.0,97.88,140
2026-01-05T10:30:00Z,97.88,97.885,97.88,97.88,37.0,97.882,27
2026-01-05T10:45:00Z,97.885,97.89,97.88,97.885,1678.0,97.885,184
2026-01-05T11:00:00Z,97.89,97.89,97.885,97.885,444.0,97.885,62
2026-01-05T11:15:00Z,97.89,97.89,97.885,97.89,457.0,97.89,107
2026-01-05T11:30:00Z,97.89,97.89,97.89,97.89,964.0,97.89,157
2026-01-05T11:45:00Z,97.89,97.89,97.885,97.89,19.0,97.8895,19
2026-01-05T12:00:00Z,97.89,97.89,97.885,97.89,306.0,97.89,55
2026-01-05T12:15:00Z,97.89,97.89,97.885,97.885,81.0,97.887,66
2026-01-05T12:30:00Z,97.89,97.89,97.885,97.885,361.0,97.89,84
2026-01-05T12:45:00Z,97.89,97.89,97.885,97.89,40.0,97.8895,40
2026-01-05T13:00:00Z,97.89,97.89,97.885,97.885,1285.0,97.885,144
2026-01-05T13:15:00Z,97.885,97.89,97.88,97.885,3263.0,97.8845,232
2026-01-05T13:30:00Z,97.885,97.885,97.88,97.885,43.0,97.885,42
2026-01-05T13:45:00Z,97.885,97.885,97.88,97.88,616.0,97.8845,101
2026-01-05T14:00:00Z,97.885,97.89,97.88,97.89,1333.0,97.885,204
2026-01-05T14:15:00Z,97.89,97.89,97.885,97.89,534.0,97.885,121
2026-01-05T14:30:00Z,97.885,97.89,97.885,97.885,710.0,97.885,238
2026-01-05T14:45:00Z,97.885,97.89,97.88,97.88,1482.0,97.885,139
2026-01-05T15:00:00Z,97.885,97.885,97.88,97.885,1128.0,97.884,217
2026-01-05T15:15:00Z,97.885,97.885,97.88,97.885,511.0,97.8835,261
2026-01-05T15:30:00Z,97.885,97.89,97.88,97.89,2439.0,97.885,292
2026-01-05T15:45:00Z,97.885,97.89,97.885,97.885,789.0,97.885,184
2026-01-05T16:00:00Z,97.885,97.89,97.885,97.89,4735.0,97.8895,889
2026-01-05T16:15:00Z,97.89,97.89,97.885,97.89,1445.0,97.8895,143
2026-01-05T16:30:00Z,97.89,97.89,97.885,97.89,1097.0,97.89,195
2026-01-05T16:45:00Z,97.89,97.89,97.885,97.89,3027.0,97.89,151
2026-01-05T17:00:00Z,97.89,97.89,97.89,97.89,260.0,97.89,73
2026-01-05T17:15:00Z,97.89,97.89,97.885,97.89,275.0,97.89,101
2026-01-05T17:30:00Z,97.89,97.89,97.885,97.89,246.0,97.89,34
2026-01-05T17:45:00Z,97.885,97.885,97.885,97.885,614.0,97.885,105
2026-01-05T18:00:00Z,97.885,97.885,97.885,97.885,0.0,97.885,0
2026-01-05T18:15:00Z,97.89,97.89,97.885,97.885,28.0,97.889,10
2026-01-05T18:30:00Z,97.885,97.885,97.885,97.885,0.0,97.885,0
2026-01-05T18:45:00Z,97.885,97.885,97.885,97.885,0.0,97.885,0
2026-01-05T19:00:00Z,97.885,97.885,97.885,97.885,0.0,97.885,0
2026-01-05T19:15:00Z,97.885,97.885,97.885,97.885,7.0,97.885,6
2026-01-05T19:30:00Z,97.885,97.885,97.885,97.885,3.0,97.885,3
2026-01-05T19:45:00Z,97.885,97.885,97.885,97.885,2.0,97.885,2
2026-01-05T20:00:00Z,97.885,97.885,97.885,97.885,3.0,97.885,3
2026-01-05T20:15:00Z,97.885,97.885,97.885,97.885,37.0,97.885,5
2026-01-05T20:30:00Z,97.89,97.89,97.89,97.89,149.0,97.89,18
2026-01-05T20:45:00Z,97.89,97.89,97.885,97.885,121.0,97.8855,72
2026-01-06T01:00:00Z,97.885,97.89,97.885,97.89,24.0,97.8895,7
2026-01-06T01:15:00Z,97.89,97.89,97.89,97.89,0.0,97.89,0
2026-01-06T01:30:00Z,97.89,97.89,97.89,97.89,0.0,97.89,0
2026-01-06T01:45:00Z,97.89,97.89,97.89,97.89,0.0,97.89,0
2026-01-06T02:00:00Z,97.89,97.89,97.89,97.89,0.0,97.89,0
2026-01-06T02:15:00Z,97.89,97.89,97.89,97.89,0.0,97.89,0
2026-01-06T02:30:00Z,97.89,97.89,97.89,97.89,0.0,97.89,0
2026-01-06T02:45:00Z,97.89,97.89,97.89,97.89,0.0,97.89,0
2026-01-06T03:00:00Z,97.89,97.89,97.89,97.89,0.0,97.89,0
2026-01-06T03:15:00Z,97.89,97.89,97.89,97.89,0.0,97.89,0
2026-01-06T03:30:00Z,97.885,97.885,97.885,97.885,23.0,97.885,12
2026-01-06T03:45:00Z,97.885,97.885,97.885,97.885,0.0,97.885,0
2026-01-06T04:00:00Z,97.885,97.885,97.885,97.885,0.0,97.885,0
2026-01-06T04:15:00Z,97.885,97.885,97.885,97.885,0.0,97.885,0
2026-01-06T04:30:00Z,97.885,97.885,97.885,97.885,417.0,97.885,117
2026-01-06T04:45:00Z,97.885,97.885,97.88,97.885,185.0,97.8835,54
2026-01-06T05:00:00Z,97.885,97.885,97.885,97.885,0.0,97.885,0
2026-01-06T05:15:00Z,97.885,97.885,97.885,97.885,1.0,97.885,1
2026-01-06T05:30:00Z,97.885,97.885,97.885,97.885,0.0,97.885,0
2026-01-06T05:45:00Z,97.885,97.885,97.88,97.88,10.0,97.883,4
2026-01-06T06:00:00Z,97.88,97.88,97.88,97.88,0.0,97.88,0
2026-01-06T06:15:00Z,97.885,97.885,97.885,97.885,5.0,97.885,3
2026-01-06T06:30:00Z,97.885,97.885,97.88,97.88,30.0,97.882,14
2026-01-06T06:45:00Z,97.885,97.885,97.88,97.88,169.0,97.8825,47
2026-01-06T07:00:00Z,97.885,97.885,97.875,97.88,4469.0,97.8795,457
2026-01-06T07:15:00Z,97.88,97.885,97.88,97.88,705.0,97.8835,130
2026-01-06T07:30:00Z,97.885,97.89,97.88,97.885,1794.0,97.884,272
2026-01-06T07:45:00Z,97.89,97.89,97.88,97.885,1550.0,97.885,115
2026-01-06T08:00:00Z,97.885,97.89,97.885,97.89,1385.0,97.89,204
2026-01-06T08:15:00Z,97.89,97.89,97.89,97.89,12.0,97.89,11
2026-01-06T08:30:00Z,97.89,97.89,97.885,97.89,1923.0,97.89,163
2026-01-06T08:45:00Z,97.89,97.895,97.885,97.895,3027.0,97.8905,320
2026-01-06T09:00:00Z,97.895,97.91,97.895,97.91,31806.0,97.9005,1247
2026-01-06T09:15:00Z,97.91,97.91,97.905,97.905,11221.0,97.909,569
2026-01-06T09:30:00Z,97.905,97.91,97.905,97.91,4897.0,97.91,148
2026-01-06T09:45:00Z,97.91,97.91,97.91,97.91,6862.0,97.91,286
2026-01-06T10:00:00Z,97.915,97.915,97.91,97.915,1884.0,97.912,190
2026-01-06T10:15:00Z,97.915,97.915,97.91,97.915,197.0,97.911,31
2026-01-06T10:30:00Z,97.91,97.915,97.91,97.915,5750.0,97.915,196
2026-01-06T10:45:00Z,97.91,97.915,97.91,97.91,1126.0,97.9105,156
2026-01-06T11:00:00Z,97.91,97.915,97.91,97.91,518.0,97.91,119
2026-01-06T11:15:00Z,97.91,97.915,97.91,97.91,3155.0,97.91,287
2026-01-06T11:30:00Z,97.91,97.915,97.91,97.915,4591.0,97.915,350
2026-01-06T11:45:00Z,97.915,97.915,97.91,97.915,3040.0,97.915,119
2026-01-06T12:00:00Z,97.915,97.92,97.915,97.915,257.0,97.9155,53
2026-01-06T12:15:00Z,97.915,97.92,97.915,97.915,3229.0,97.915,178
2026-01-06T12:30:00Z,97.915,97.915,97.91,97.915,738.0,97.915,71
2026-01-06T12:45:00Z,97.915,97.915,97.91,97.915,280.0,97.9115,101
2026-01-06T13:00:00Z,97.915,97.935,97.915,97.935,18822.0,97.9255,810
2026-01-06T13:15:00Z,97.93,97.93,97.925,97.925,7626.0,97.9285,318
2026-01-06T13:30:00Z,97.93,97.93,97.925,97.93,4472.0,97.93,280
2026-01-06T13:45:00Z,97.93,97.93,97.925,97.93,2210.0,97.93,312
2026-01-06T14:00:00Z,97.935,97.935,97.925,97.93,5317.0,97.93,253
2026-01-06T14:15:00Z,97.93,97.93,97.925,97.925,2083.0,97.927,231
2026-01-06T14:30:00Z,97.925,97.93,97.925,97.93,789.0,97.9295,125
2026-01-06T14:45:00Z,97.93,97.935,97.925,97.93,2012.0,97.93,226
2026-01-06T15:00:00Z,97.93,97.93,97.93,97.93,401.0,97.93,135
2026-01-06T15:15:00Z,97.93,97.935,97.925,97.93,3559.0,97.93,589
2026-01-06T15:30:00Z,97.93,97.93,97.925,97.925,5301.0,97.925,227
2026-01-06T15:45:00Z,97.925,97.93,97.925,97.925,298.0,97.9265,96
2026-01-06T16:00:00Z,97.925,97.93,97.92,97.93,4568.0,97.925,754
2026-01-06T16:15:00Z,97.93,97.93,97.925,97.925,2068.0,97.925,144
2026-01-06T16:30:00Z,97.925,97.93,97.925,97.93,1178.0,97.925,87
2026-01-06T16:45:00Z,97.925,97.925,97.925,97.925,162.0,97.925,12
2026-01-06T17:00:00Z,97.925,97.925,97.925,97.925,46.0,97.925,9
2026-01-06T17:15:00Z,97.925,97.93,97.925,97.925,30.0,97.9255,28
2026-01-06T17:30:00Z,97.925,97.925,97.925,97.925,943.0,97.925,50
2026-01-06T17:45:00Z,97.925,97.93,97.925,97.925,129.0,97.926,25
2026-01-06T18:00:00Z,97.93,97.93,97.925,97.925,80.0,97.9295,33
2026-01-06T18:15:00Z,97.925,97.93,97.925,97.93,28.0,97.9275,16
2026-01-06T18:30:00Z,97.93,97.93,97.925,97.925,129.0,97.9255,19
2026-01-06T18:45:00Z,97.925,97.925,97.925,97.925,0.0,97.925,0
2026-01-06T19:00:00Z,97.925,97.93,97.925,97.93,458.0,97.928,143
2026-01-06T19:15:00Z,97.93,97.93,97.93,97.93,0.0,97.93,0
2026-01-06T19:30:00Z,97.93,97.93,97.93,97.93,75.0,97.93,27
2026-01-06T19:45:00Z,97.93,97.93,97.93,97.93,0.0,97.93,0
2026-01-06T20:00:00Z,97.93,97.93,97.93,97.93,52.0,97.93,28
2026-01-06T20:15:00Z,97.93,97.93,97.93,97.93,130.0,97.93,23
2026-01-06T20:30:00Z,97.93,97.93,97.93,97.93,216.0,97.93,76
2026-01-06T20:45:00Z,97.93,97.935,97.93,97.93,1290.0,97.93,245
2026-01-07T01:00:00Z,97.93,97.93,97.93,97.93,6.0,97.93,4
2026-01-07T01:15:00Z,97.93,97.93,97.93,97.93,0.0,97.93,0
2026-01-07T01:30:00Z,97.93,97.93,97.93,97.93,0.0,97.93,0
2026-01-07T01:45:00Z,97.93,97.93,97.93,97.93,200.0,97.93,4
2026-01-07T02:00:00Z,97.93,97.93,97.93,97.93,174.0,97.93,3
2026-01-07T02:15:00Z,97.93,97.93,97.93,97.93,0.0,97.93,0
2026-01-07T02:30:00Z,97.93,97.93,97.93,97.93,400.0,97.93,6
2026-01-07T02:45:00Z,97.93,97.93,97.93,97.93,0.0,97.93,0
2026-01-07T03:00:00Z,97.93,97.93,97.93,97.93,0.0,97.93,0
2026-01-07T03:15:00Z,97.93,97.93,97.93,97.93,39.0,97.93,3
2026-01-07T03:30:00Z,97.93,97.93,97.93,97.93,0.0,97.93,0
2026-01-07T03:45:00Z,97.93,97.93,97.93,97.93,0.0,97.93,0
2026-01-07T04:00:00Z,97.93,97.93,97.93,97.93,0.0,97.93,0
2026-01-07T04:15:00Z,97.93,97.93,97.93,97.93,0.0,97.93,0
2026-01-07T04:30:00Z,97.93,97.93,97.93,97.93,38.0,97.93,3
2026-01-07T04:45:00Z,97.93,97.93,97.93,97.93,0.0,97.93,0
2026-01-07T05:00:00Z,97.93,97.93,97.93,97.93,0.0,97.93,0
2026-01-07T05:15:00Z,97.93,97.93,97.93,97.93,0.0,97.93,0
2026-01-07T05:30:00Z,97.93,97.93,97.93,97.93,0.0,97.93,0
2026-01-07T05:45:00Z,97.93,97.935,97.93,97.935,84.0,97.93,5
2026-01-07T06:00:00Z,97.935,97.935,97.935,97.935,0.0,97.935,0
2026-01-07T06:15:00Z,97.935,97.935,97.935,97.935,450.0,97.935,17
2026-01-07T06:30:00Z,97.935,97.935,97.935,97.935,108.0,97.935,48
2026-01-07T06:45:00Z,97.935,97.935,97.935,97.935,1.0,97.935,1
2026-01-07T07:00:00Z,97.935,97.94,97.93,97.935,2576.0,97.935,178
2026-01-07T07:15:00Z,97.94,97.94,97.93,97.935,1249.0,97.935,77
2026-01-07T07:30:00Z,97.935,97.94,97.935,97.94,2887.0,97.9395,264
2026-01-07T07:45:00Z,97.94,97.945,97.94,97.94,6957.0,97.94,191
2026-01-07T08:00:00Z,97.945,97.945,97.94,97.945,9536.0,97.945,367
2026-01-07T08:15:00Z,97.945,97.945,97.94,97.945,1501.0,97.9445,87
2026-01-07T08:30:00Z,97.945,97.95,97.94,97.95,8818.0,97.9435,402
2026-01-07T08:45:00Z,97.95,97.955,97.945,97.95,10105.0,97.95,305
2026-01-07T09:00:00Z,97.95,97.955,97.945,97.955,5148.0,97.952,208
2026-01-07T09:15:00Z,97.95,97.955,97.945,97.955,5540.0,97.95,330
2026-01-07T09:30:00Z,97.955,97.955,97.945,97.95,5516.0,97.95,398
2026-01-07T09:45:00Z,97.95,97.955,97.945,97.95,5233.0,97.95,248
2026-01-07T10:00:00Z,97.95,97.95,97.94,97.945,12228.0,97.9455,619
2026-01-07T10:15:00Z,97.95,97.95,97.945,97.945,321.0,97.949,71
2026-01-07T10:30:00Z,97.945,97.95,97.945,97.95,2847.0,97.945,206
2026-01-07T10:45:00Z,97.95,97.95,97.945,97.95,1597.0,97.945,171
2026-01-07T11:00:00Z,97.945,97.95,97.945,97.95,367.0,97.9475,75
2026-01-07T11:15:00Z,97.95,97.95,97.945,97.945,4217.0,97.945,312
2026-01-07T11:30:00Z,97.945,97.95,97.945,97.95,268.0,97.945,43
2026-01-07T11:45:00Z,97.945,97.95,97.94,97.95,2591.0,97.9455,172
2026-01-07T12:00:00Z,97.95,97.95,97.945,97.945,187.0,97.9475,76
2026-01-07T12:15:00Z,97.945,97.95,97.94,97.945,3378.0,97.945,121
2026-01-07T12:30:00Z,97.945,97.945,97.94,97.945,2721.0,97.945,114
2026-01-07T12:45:00Z,97.945,97.95,97.945,97.945,2541.0,97.945,83
2026-01-07T13:00:00Z,97.945,97.95,97.945,97.95,1600.0,97.946,261
2026-01-07T13:15:00Z,97.95,97.95,97.945,97.95,2666.0,97.95,160
2026-01-07T13:30:00Z,97.95,97.95,97.945,97.95,4500.0,97.95,264
2026-01-07T13:45:00Z,97.95,97.95,97.945,97.95,716.0,97.95,82
2026-01-07T14:00:00Z,97.945,97.945,97.945,97.945,3289.0,97.945,147
2026-01-07T14:15:00Z,97.945,97.95,97.945,97.95,1852.0,97.946,148
2026-01-07T14:30:00Z,97.95,97.95,97.945,97.95,3205.0,97.95,286
2026-01-07T14:45:00Z,97.945,97.95,97.945,97.945,1608.0,97.945,217
2026-01-07T15:00:00Z,97.945,97.945,97.94,97.945,2522.0,97.945,263
2026-01-07T15:15:00Z,97.945,97.95,97.94,97.945,8760.0,97.947,1072
2026-01-07T15:30:00Z,97.945,97.95,97.945,97.95,2144.0,97.9455,206
2026-01-07T15:45:00Z,97.95,97.95,97.945,97.95,813.0,97.947,192
2026-01-07T16:00:00Z,97.95,97.95,97.945,97.945,1818.0,97.949,1656
2026-01-07T16:15:00Z,97.95,97.95,97.945,97.95,720.0,97.949,490
2026-01-07T16:30:00Z,97.95,97.95,97.945,97.95,488.0,97.945,76
2026-01-07T16:45:00Z,97.95,97.95,97.945,97.945,2460.0,97.945,246
2026-01-07T17:00:00Z,97.95,97.95,97.945,97.95,586.0,97.95,86
2026-01-07T17:15:00Z,97.95,97.95,97.945,97.945,388.0,97.9495,76
2026-01-07T17:30:00Z,97.945,97.95,97.945,97.95,101.0,97.9475,27
2026-01-07T17:45:00Z,97.95,97.95,97.945,97.945,557.0,97.945,39
2026-01-07T18:00:00Z,97.945,97.95,97.945,97.945,663.0,97.945,47
2026-01-07T18:15:00Z,97.945,97.945,97.945,97.945,133.0,97.945,18
2026-01-07T18:30:00Z,97.945,97.945,97.945,97.945,0.0,97.945,0
2026-01-07T18:45:00Z,97.945,97.945,97.945,97.945,0.0,97.945,0
2026-01-07T19:00:00Z,97.945,97.945,97.945,97.945,1523.0,97.945,199
2026-01-07T19:15:00Z,97.95,97.95,97.945,97.945,704.0,97.945,41
2026-01-07T19:30:00Z,97.945,97.945,97.945,97.945,68.0,97.945,9
2026-01-07T19:45:00Z,97.945,97.945,97.945,97.945,27.0,97.945,13
2026-01-07T20:00:00Z,97.945,97.945,97.945,97.945,0.0,97.945,0
2026-01-07T20:15:00Z,97.945,97.945,97.945,97.945,1.0,97.945,1
2026-01-07T20:30:00Z,97.945,97.945,97.945,97.945,0.0,97.945,0
2026-01-07T20:45:00Z,97.945,97.95,97.945,97.945,13.0,97.9455,6
2026-01-08T01:00:00Z,97.945,97.945,97.945,97.945,2.0,97.945,2
2026-01-08T01:15:00Z,97.945,97.945,97.945,97.945,0.0,97.945,0
2026-01-08T01:30:00Z,97.945,97.945,97.945,97.945,0.0,97.945,0
2026-01-08T01:45:00Z,97.945,97.945,97.945,97.945,0.0,97.945,0
2026-01-08T02:00:00Z,97.945,97.945,97.945,97.945,0.0,97.945,0
2026-01-08T02:15:00Z,97.945,97.945,97.945,97.945,60.0,97.945,3
2026-01-08T02:30:00Z,97.945,97.945,97.945,97.945,0.0,97.945,0
2026-01-08T02:45:00Z,97.945,97.945,97.945,97.945,0.0,97.945,0
2026-01-08T03:00:00Z,97.945,97.945,97.945,97.945,0.0,97.945,0
2026-01-08T03:15:00Z,97.945,97.945,97.945,97.945,0.0,97.945,0
2026-01-08T03:30:00Z,97.945,97.945,97.945,97.945,0.0,97.945,0
2026-01-08T03:45:00Z,97.945,97.945,97.945,97.945,0.0,97.945,0
2026-01-08T04:00:00Z,97.945,97.945,97.945,97.945,0.0,97.945,0
2026-01-08T04:15:00Z,97.945,97.945,97.945,97.945,0.0,97.945,0
2026-01-08T04:30:00Z,97.945,97.945,97.945,97.945,0.0,97.945,0
2026-01-08T04:45:00Z,97.945,97.945,97.945,97.945,0.0,97.945,0
2026-01-08T05:00:00Z,97.945,97.945,97.945,97.945,0.0,97.945,0
2026-01-08T05:15:00Z,97.945,97.945,97.945,97.945,0.0,97.945,0
2026-01-08T05:30:00Z,97.945,97.945,97.945,97.945,0.0,97.945,0
2026-01-08T05:45:00Z,97.945,97.945,97.945,97.945,0.0,97.945,0
2026-01-08T06:00:00Z,97.945,97.945,97.945,97.945,0.0,97.945,0
2026-01-08T06:15:00Z,97.945,97.945,97.945,97.945,0.0,97.945,0
2026-01-08T06:30:00Z,97.945,97.945,97.945,97.945,1.0,97.945,1
2026-01-08T06:45:00Z,97.95,97.95,97.95,97.95,753.0,97.95,27
2026-01-08T07:00:00Z,97.95,97.955,97.95,97.95,1326.0,97.95,226
2026-01-08T07:15:00Z,97.95,97.955,97.95,97.95,109.0,97.95,33
2026-01-08T07:30:00Z,97.955,97.955,97.95,97.95,286.0,97.95,44
2026-01-08T07:45:00Z,97.95,97.95,97.945,97.945,1337.0,97.945,74
2026-01-08T08:00:00Z,97.945,97.945,97.94,97.94,409.0,97.945,73
2026-01-08T08:15:00Z,97.945,97.945,97.94,97.94,140.0,97.944,52
2026-01-08T08:30:00Z,97.94,97.945,97.94,97.94,4170.0,97.94,218
2026-01-08T08:45:00Z,97.935,97.94,97.935,97.94,336.0,97.94,54
2026-01-08T09:00:00Z,97.94,97.94,97.935,97.935,235.0,97.937,63
2026-01-08T09:15:00Z,97.94,97.94,97.935,97.935,528.0,97.9395,141
2026-01-08T09:30:00Z,97.94,97.945,97.935,97.945,4713.0,97.94,285
2026-01-08T09:45:00Z,97.94,97.945,97.935,97.935,15969.0,97.936,431
2026-01-08T10:00:00Z,97.935,97.935,97.93,97.93,3561.0,97.934,162
2026-01-08T10:15:00Z,97.935,97.935,97.93,97.935,781.0,97.93,182
2026-01-08T10:30:00Z,97.935,97.935,97.93,97.935,726.0,97.93,47
2026-01-08T10:45:00Z,97.935,97.935,97.93,97.935,165.0,97.9345,47
2026-01-08T11:00:00Z,97.935,97.935,97.93,97.93,31.0,97.9335,24
2026-01-08T11:15:00Z,97.935,97.935,97.93,97.93,1613.0,97.93,177
2026-01-08T11:30:00Z,97.935,97.935,97.93,97.93,1556.0,97.93,111
2026-01-08T11:45:00Z,97.935,97.935,97.93,97.93,1193.0,97.93,323
2026-01-08T12:00:00Z,97.93,97.93,97.925,97.93,7968.0,97.93,420
2026-01-08T12:15:00Z,97.93,97.935,97.93,97.935,1912.0,97.93,195
2026-01-08T12:30:00Z,97.935,97.935,97.93,97.93,36.0,97.93,18
2026-01-08T12:45:00Z,97.93,97.935,97.93,97.93,3511.0,97.9305,335
2026-01-08T13:00:00Z,97.93,97.935,97.93,97.935,5999.0,97.935,445
2026-01-08T13:15:00Z,97.935,97.935,97.93,97.935,1858.0,97.9345,236
2026-01-08T13:30:00Z,97.935,97.935,97.93,97.935,1548.0,97.935,92
2026-01-08T13:45:00Z,97.93,97.935,97.93,97.93,178.0,97.9305,44
2026-01-08T14:00:00Z,97.93,97.935,97.93,97.935,96.0,97.931,48
2026-01-08T14:15:00Z,97.935,97.935,97.93,97.935,81.0,97.9305,38
2026-01-08T14:30:00Z,97.935,97.935,97.93,97.935,58.0,97.931,23
2026-01-08T14:45:00Z,97.935,97.935,97.93,97.935,3772.0,97.935,305
2026-01-08T15:00:00Z,97.935,97.94,97.93,97.935,2003.0,97.935,187
2026-01-08T15:15:00Z,97.935,97.935,97.93,97.935,1278.0,97.9315,561
2026-01-08T15:30:00Z,97.93,97.935,97.93,97.935,693.0,97.933,190
2026-01-08T15:45:00Z,97.93,97.935,97.93,97.935,461.0,97.935,110
2026-01-08T16:00:00Z,97.935,97.94,97.93,97.94,2632.0,97.9355,1217
2026-01-08T16:15:00Z,97.94,97.94,97.935,97.94,595.0,97.94,283
2026-01-08T16:30:00Z,97.94,97.94,97.935,97.935,67.0,97.9375,65
2026-01-08T16:45:00Z,97.935,97.94,97.935,97.935,104.0,97.9395,46
2026-01-08T17:00:00Z,97.935,97.94,97.935,97.935,843.0,97.935,397
2026-01-08T17:15:00Z,97.935,97.94,97.935,97.94,298.0,97.939,88
2026-01-08T17:30:00Z,97.94,97.94,97.935,97.94,50.0,97.9395,16
2026-01-08T17:45:00Z,97.935,97.94,97.935,97.94,188.0,97.935,60
2026-01-08T18:00:00Z,97.94,97.94,97.94,97.94,1303.0,97.94,68
2026-01-08T18:15:00Z,97.935,97.94,97.935,97.935,76.0,97.935,22
2026-01-08T18:30:00Z,97.94,97.94,97.94,97.94,5.0,97.94,5
2026-01-08T18:45:00Z,97.94,97.94,97.94,97.94,1.0,97.94,1
2026-01-08T19:00:00Z,97.94,97.94,97.94,97.94,40.0,97.94,8
2026-01-08T19:15:00Z,97.935,97.935,97.935,97.935,6.0,97.935,3
2026-01-08T19:30:00Z,97.94,97.94,97.935,97.94,51.0,97.9375,22
2026-01-08T19:45:00Z,97.94,97.94,97.935,97.935,10.0,97.9355,8
2026-01-08T20:00:00Z,97.935,97.94,97.935,97.94,8.0,97.937,8
2026-01-08T20:15:00Z,97.935,97.94,97.935,97.94,37.0,97.9375,4
2026-01-08T20:30:00Z,97.94,97.94,97.94,97.94,2.0,97.94,2
2026-01-08T20:45:00Z,97.935,97.94,97.935,97.935,136.0,97.9365,45
2026-01-09T01:00:00Z,97.94,97.94,97.94,97.94,3.0,97.94,3
2026-01-09T01:15:00Z,97.94,97.94,97.94,97.94,1.0,97.94,1
2026-01-09T01:30:00Z,97.935,97.935,97.935,97.935,3.0,97.935,3
2026-01-09T01:45:00Z,97.94,97.94,97.94,97.94,1.0,97.94,1
2026-01-09T02:00:00Z,97.94,97.94,97.94,97.94,0.0,97.94,0
2026-01-09T02:15:00Z,97.94,97.94,97.94,97.94,0.0,97.94,0
2026-01-09T02:30:00Z,97.94,97.94,97.94,97.94,0.0,97.94,0
2026-01-09T02:45:00Z,97.94,97.94,97.94,97.94,0.0,97.94,0
2026-01-09T03:00:00Z,97.94,97.94,97.94,97.94,0.0,97.94,0
2026-01-09T03:15:00Z,97.935,97.935,97.935,97.935,1.0,97.935,1
2026-01-09T03:30:00Z,97.935,97.935,97.935,97.935,0.0,97.935,0
2026-01-09T03:45:00Z,97.935,97.935,97.935,97.935,0.0,97.935,0
2026-01-09T04:00:00Z,97.935,97.935,97.935,97.935,0.0,97.935,0
2026-01-09T04:15:00Z,97.935,97.935,97.935,97.935,0.0,97.935,0
2026-01-09T04:30:00Z,97.935,97.935,97.935,97.935,0.0,97.935,0
2026-01-09T04:45:00Z,97.935,97.935,97.935,97.935,0.0,97.935,0
2026-01-09T05:00:00Z,97.935,97.935,97.935,97.935,0.0,97.935,0
2026-01-09T05:15:00Z,97.935,97.935,97.935,97.935,0.0,97.935,0
2026-01-09T05:30:00Z,97.935,97.935,97.935,97.935,0.0,97.935,0
2026-01-09T05:45:00Z,97.935,97.935,97.935,97.935,0.0,97.935,0
2026-01-09T06:00:00Z,97.935,97.935,97.93,97.93,278.0,97.935,32
2026-01-09T06:15:00Z,97.935,97.935,97.935,97.935,1.0,97.935,1
2026-01-09T06:30:00Z,97.935,97.935,97.935,97.935,0.0,97.935,0
2026-01-09T06:45:00Z,97.935,97.935,97.935,97.935,2.0,97.935,2
2026-01-09T07:00:00Z,97.935,97.94,97.93,97.935,1784.0,97.935,170
2026-01-09T07:15:00Z,97.935,97.935,97.93,97.93,1288.0,97.9305,91
2026-01-09T07:30:00Z,97.93,97.935,97.93,97.935,465.0,97.93,32
2026-01-09T07:45:00Z,97.935,97.935,97.93,97.935,94.0,97.9315,35
2026-01-09T08:00:00Z,97.93,97.935,97.93,97.935,69.0,97.9305,28
2026-01-09T08:15:00Z,97.93,97.935,97.93,97.935,96.0,97.932,54
2026-01-09T08:30:00Z,97.935,97.935,97.93,97.935,97.0,97.9335,58
2026-01-09T08:45:00Z,97.935,97.935,97.93,97.935,1393.0,97.933,431
2026-01-09T09:00:00Z,97.935,97.94,97.935,97.94,3606.0,97.9375,618
2026-01-09T09:15:00Z,97.94,97.94,97.94,97.94,402.0,97.94,96
2026-01-09T09:30:00Z,97.94,97.945,97.935,97.94,1538.0,97.94,330
2026-01-09T09:45:00Z,97.94,97.94,97.935,97.935,182.0,97.9365,60
2026-01-09T10:00:00Z,97.935,97.94,97.935,97.935,4606.0,97.935,328
2026-01-09T10:15:00Z,97.935,97.935,97.93,97.935,1396.0,97.935,114
2026-01-09T10:30:00Z,97.935,97.935,97.93,97.93,61.0,97.932,29
2026-01-09T10:45:00Z,97.935,97.935,97.93,97.935,155.0,97.933,58
2026-01-09T11:00:00Z,97.935,97.935,97.93,97.935,637.0,97.932,174
2026-01-09T11:15:00Z,97.935,97.935,97.93,97.935,586.0,97.935,164
2026-01-09T11:30:00Z,97.935,97.935,97.935,97.935,69.0,97.935,42
2026-01-09T11:45:00Z,97.935,97.935,97.93,97.93,1133.0,97.9335,210
2026-01-09T12:00:00Z,97.935,97.935,97.93,97.93,1215.0,97.9305,131
2026-01-09T12:15:00Z,97.93,97.935,97.93,97.935,4759.0,97.93,142
2026-01-09T12:30:00Z,97.93,97.935,97.93,97.93,1287.0,97.935,163
2026-01-09T12:45:00Z,97.93,97.935,97.93,97.935,192.0,97.9335,91
2026-01-09T13:00:00Z,97.935,97.94,97.93,97.935,1679.0,97.9345,298
2026-01-09T13:15:00Z,97.94,97.94,97.93,97.93,2032.0,97.9345,342
2026-01-09T13:30:00Z,97.925,97.935,97.92,97.935,4100.0,97.9285,425
2026-01-09T13:45:00Z,97.935,97.935,97.93,97.935,628.0,97.933,146
2026-01-09T14:00:00Z,97.935,97.935,97.93,97.935,468.0,97.934,130
2026-01-09T14:15:00Z,97.93,97.93,97.925,97.925,2391.0,97.9295,326
2026-01-09T14:30:00Z,97.925,97.93,97.92,97.925,5429.0,97.925,337
2026-01-09T14:45:00Z,97.925,97.93,97.92,97.925,2708.0,97.925,128
2026-01-09T15:00:00Z,97.93,97.935,97.925,97.93,1471.0,97.93,194
2026-01-09T15:15:00Z,97.93,97.93,97.925,97.93,377.0,97.9285,105
2026-01-09T15:30:00Z,97.93,97.93,97.925,97.93,1089.0,97.93,272
2026-01-09T15:45:00Z,97.93,97.935,97.925,97.93,1780.0,97.93,129
2026-01-09T16:00:00Z,97.93,97.93,97.925,97.925,4559.0,97.9295,630
2026-01-09T16:15:00Z,97.93,97.93,97.925,97.93,398.0,97.9265,186
2026-01-09T16:30:00Z,97.925,97.93,97.925,97.925,1050.0,97.925,105
2026-01-09T16:45:00Z,97.925,97.93,97.925,97.925,4487.0,97.925,232
2026-01-09T17:00:00Z,97.925,97.925,97.92,97.92,108.0,97.9205,74
2026-01-09T17:15:00Z,97.92,97.925,97.92,97.92,729.0,97.92,253
2026-01-09T17:30:00Z,97.92,97.92,97.915,97.915,2592.0,97.919,305
2026-01-09T17:45:00Z,97.915,97.915,97.915,97.915,6405.0,97.915,149
2026-01-09T18:00:00Z,97.91,97.915,97.91,97.915,460.0,97.9125,38
2026-01-09T18:15:00Z,97.91,97.915,97.91,97.915,681.0,97.9145,112
2026-01-09T18:30:00Z,97.91,97.91,97.91,97.91,11.0,97.91,11
2026-01-09T18:45:00Z,97.915,97.915,97.91,97.91,6.0,97.9135,4
2026-01-09T19:00:00Z,97.91,97.91,97.91,97.91,0.0,97.91,0
2026-01-09T19:15:00Z,97.91,97.91,97.91,97.91,2.0,97.91,1
2026-01-09T19:30:00Z,97.915,97.915,97.91,97.915,40.0,97.9145,16
2026-01-09T19:45:00Z,97.915,97.915,97.91,97.91,56.0,97.9145,13
2026-01-09T20:00:00Z,97.91,97.91,97.91,97.91,4.0,97.91,1
2026-01-09T20:15:00Z,97.915,97.915,97.91,97.91,19.0,97.914,6
2026-01-09T20:30:00Z,97.91,97.915,97.91,97.915,17.0,97.914,15
2026-01-09T20:45:00Z,97.915,97.915,97.91,97.915,1013.0,97.915,109
2026-01-12T01:00:00Z,97.92,97.92,97.92,97.92,32.0,97.92,13
2026-01-12T01:15:00Z,97.92,97.92,97.915,97.92,597.0,97.92,56
2026-01-12T01:30:00Z,97.92,97.92,97.92,97.92,2.0,97.92,2
2026-01-12T01:45:00Z,97.92,97.92,97.92,97.92,8.0,97.92,4
2026-01-12T02:00:00Z,97.92,97.92,97.92,97.92,2.0,97.92,2
2026-01-12T02:15:00Z,97.92,97.92,97.92,97.92,0.0,97.92,0
2026-01-12T02:30:00Z,97.92,97.92,97.92,97.92,0.0,97.92,0
2026-01-12T02:45:00Z,97.92,97.92,97.92,97.92,1.0,97.92,1
2026-01-12T03:00:00Z,97.92,97.92,97.92,97.92,0.0,97.92,0
2026-01-12T03:15:00Z,97.92,97.92,97.92,97.92,0.0,97.92,0
2026-01-12T03:30:00Z,97.92,97.92,97.92,97.92,0.0,97.92,0
2026-01-12T03:45:00Z,97.92,97.92,97.92,97.92,0.0,97.92,0
2026-01-12T04:00:00Z,97.92,97.92,97.92,97.92,0.0,97.92,0
2026-01-12T04:15:00Z,97.92,97.92,97.92,97.92,0.0,97.92,0
2026-01-12T04:30:00Z,97.92,97.92,97.92,97.92,0.0,97.92,0
2026-01-12T04:45:00Z,97.92,97.92,97.92,97.92,1.0,97.92,1
2026-01-12T05:00:00Z,97.92,97.92,97.92,97.92,0.0,97.92,0
2026-01-12T05:15:00Z,97.92,97.92,97.92,97.92,0.0,97.92,0
2026-01-12T05:30:00Z,97.92,97.92,97.92,97.92,0.0,97.92,0
2026-01-12T05:45:00Z,97.92,97.92,97.92,97.92,1.0,97.92,1
2026-01-12T06:00:00Z,97.92,97.92,97.92,97.92,0.0,97.92,0
2026-01-12T06:15:00Z,97.92,97.92,97.92,97.92,0.0,97.92,0
2026-01-12T06:30:00Z,97.92,97.92,97.92,97.92,0.0,97.92,0
2026-01-12T06:45:00Z,97.92,97.92,97.92,97.92,18.0,97.92,4
2026-01-12T07:00:00Z,97.92,97.92,97.915,97.915,275.0,97.92,47
2026-01-12T07:15:00Z,97.92,97.92,97.915,97.92,640.0,97.92,74
2026-01-12T07:30:00Z,97.92,97.925,97.915,97.92,1596.0,97.9225,130
2026-01-12T07:45:00Z,97.925,97.925,97.92,97.92,294.0,97.923,54
2026-01-12T08:00:00Z,97.925,97.93,97.92,97.925,916.0,97.9255,152
2026-01-12T08:15:00Z,97.925,97.93,97.92,97.925,545.0,97.925,158
2026-01-12T08:30:00Z,97.925,97.935,97.925,97.93,2977.0,97.93,228
2026-01-12T08:45:00Z,97.93,97.93,97.93,97.93,1045.0,97.93,98
2026-01-12T09:00:00Z,97.93,97.935,97.93,97.93,3092.0,97.93,329
2026-01-12T09:15:00Z,97.93,97.935,97.93,97.93,1120.0,97.93,167
2026-01-12T09:30:00Z,97.93,97.93,97.93,97.93,630.0,97.93,182
2026-01-12T09:45:00Z,97.93,97.935,97.93,97.93,2033.0,97.93,185
2026-01-12T10:00:00Z,97.935,97.935,97.93,97.93,1010.0,97.931,133
2026-01-12T10:15:00Z,97.93,97.935,97.93,97.935,17.0,97.933,14
2026-01-12T10:30:00Z,97.935,97.935,97.93,97.935,121.0,97.9305,27
2026-01-12T10:45:00Z,97.93,97.935,97.93,97.935,233.0,97.932,85
2026-01-12T11:00:00Z,97.935,97.935,97.93,97.93,2057.0,97.93,183
2026-01-12T11:15:00Z,97.93,97.93,97.925,97.93,239.0,97.929,59
2026-01-12T11:30:00Z,97.93,97.93,97.925,97.925,639.0,97.926,96
2026-01-12T11:45:00Z,97.93,97.93,97.925,97.93,646.0,97.926,105
2026-01-12T12:00:00Z,97.93,97.93,97.925,97.93,589.0,97.929,223
2026-01-12T12:15:00Z,97.93,97.93,97.925,97.93,352.0,97.93,168
2026-01-12T12:30:00Z,97.93,97.93,97.925,97.925,2717.0,97.9255,176
2026-01-12T12:45:00Z,97.925,97.925,97.925,97.925,1079.0,97.925,155
2026-01-12T13:00:00Z,97.93,97.93,97.925,97.93,139.0,97.93,75
2026-01-12T13:15:00Z,97.93,97.93,97.925,97.93,3333.0,97.93,371
2026-01-12T13:30:00Z,97.93,97.935,97.93,97.93,5614.0,97.93,265
2026-01-12T13:45:00Z,97.935,97.935,97.93,97.935,318.0,97.9345,130
2026-01-12T14:00:00Z,97.935,97.935,97.93,97.935,543.0,97.9315,152
2026-01-12T14:15:00Z,97.935,97.935,97.93,97.93,457.0,97.932,131
2026-01-12T14:30:00Z,97.93,97.935,97.93,97.935,954.0,97.933,229
2026-01-12T14:45:00Z,97.93,97.935,97.93,97.935,2432.0,97.935,237
2026-01-12T15:00:00Z,97.935,97.935,97.93,97.935,335.0,97.9345,128
2026-01-12T15:15:00Z,97.935,97.935,97.93,97.935,290.0,97.935,130
2026-01-12T15:30:00Z,97.935,97.935,97.93,97.935,543.0,97.933,167
2026-01-12T15:45:00Z,97.935,97.935,97.93,97.935,194.0,97.935,89
2026-01-12T16:00:00Z,97.935,97.935,97.93,97.935,1291.0,97.934,531
2026-01-12T16:15:00Z,97.935,97.935,97.93,97.93,727.0,97.9325,325
2026-01-12T16:30:00Z,97.935,97.935,97.935,97.935,1258.0,97.935,319
2026-01-12T16:45:00Z,97.935,97.935,97.93,97.93,1628.0,97.935,152
2026-01-12T17:00:00Z,97.935,97.935,97.93,97.935,1493.0,97.935,406
2026-01-12T17:15:00Z,97.935,97.935,97.935,97.935,236.0,97.935,51
2026-01-12T17:30:00Z,97.935,97.935,97.935,97.935,455.0,97.935,66
2026-01-12T17:45:00Z,97.935,97.935,97.935,97.935,667.0,97.935,102
2026-01-12T18:00:00Z,97.935,97.935,97.935,97.935,647.0,97.935,56
2026-01-12T18:15:00Z,97.935,97.935,97.935,97.935,6.0,97.935,4
2026-01-12T18:30:00Z,97.935,97.935,97.935,97.935,1492.0,97.935,82
2026-01-12T18:45:00Z,97.935,97.935,97.935,97.935,361.0,97.935,41
2026-01-12T19:00:00Z,97.935,97.935,97.935,97.935,35.0,97.935,27
2026-01-12T19:15:00Z,97.935,97.935,97.935,97.935,5.0,97.935,2
2026-01-12T19:30:00Z,97.935,97.935,97.935,97.935,552.0,97.935,34
2026-01-12T19:45:00Z,97.935,97.935,97.935,97.935,1.0,97.935,1
2026-01-12T20:00:00Z,97.935,97.935,97.935,97.935,5.0,97.935,3
2026-01-12T20:15:00Z,97.935,97.935,97.935,97.935,14.0,97.935,10
2026-01-12T20:30:00Z,97.935,97.935,97.935,97.935,1.0,97.935,1
2026-01-12T20:45:00Z,97.935,97.935,97.935,97.935,55.0,97.935,39
2026-01-13T01:00:00Z,97.935,97.935,97.935,97.935,14.0,97.935,7
2026-01-13T01:15:00Z,97.935,97.935,97.935,97.935,51.0,97.935,3
2026-01-13T01:30:00Z,97.935,97.935,97.935,97.935,0.0,97.935,0
2026-01-13T01:45:00Z,97.935,97.935,97.935,97.935,0.0,97.935,0
2026-01-13T02:00:00Z,97.935,97.935,97.935,97.935,0.0,97.935,0
2026-01-13T02:15:00Z,97.935,97.94,97.935,97.94,38.0,97.935,6
2026-01-13T02:30:00Z,97.94,97.94,97.94,97.94,0.0,97.94,0
2026-01-13T02:45:00Z,97.94,97.94,97.94,97.94,0.0,97.94,0
2026-01-13T03:00:00Z,97.94,97.94,97.94,97.94,0.0,97.94,0
2026-01-13T03:15:00Z,97.94,97.94,97.94,97.94,0.0,97.94,0
2026-01-13T03:30:00Z,97.94,97.94,97.94,97.94,0.0,97.94,0
2026-01-13T03:45:00Z,97.94,97.94,97.94,97.94,0.0,97.94,0
2026-01-13T04:00:00Z,97.94,97.94,97.94,97.94,0.0,97.94,0
2026-01-13T04:15:00Z,97.94,97.94,97.94,97.94,0.0,97.94,0
2026-01-13T04:30:00Z,97.94,97.94,97.94,97.94,0.0,97.94,0
2026-01-13T04:45:00Z,97.94,97.94,97.94,97.94,0.0,97.94,0
2026-01-13T05:00:00Z,97.935,97.935,97.935,97.935,1.0,97.935,1
2026-01-13T05:15:00Z,97.935,97.935,97.935,97.935,321.0,97.935,6
2026-01-13T05:30:00Z,97.935,97.935,97.935,97.935,72.0,97.935,9
2026-01-13T05:45:00Z,97.935,97.935,97.935,97.935,0.0,97.935,0
2026-01-13T06:00:00Z,97.935,97.935,97.935,97.935,0.0,97.935,0
2026-01-13T06:15:00Z,97.935,97.935,97.935,97.935,0.0,97.935,0
2026-01-13T06:30:00Z,97.935,97.935,97.935,97.935,0.0,97.935,0
2026-01-13T06:45:00Z,97.93,97.93,97.93,97.93,500.0,97.93,17
2026-01-13T07:00:00Z,97.93,97.935,97.93,97.935,122.0,97.9305,34
2026-01-13T07:15:00Z,97.93,97.93,97.925,97.93,2948.0,97.93,82
2026-01-13T07:30:00Z,97.93,97.93,97.925,97.93,24.0,97.9295,12
2026-01-13T07:45:00Z,97.925,97.93,97.925,97.925,137.0,97.9295,34
2026-01-13T08:00:00Z,97.93,97.93,97.925,97.925,6.0,97.929,6
2026-01-13T08:15:00Z,97.93,97.93,97.925,97.93,2270.0,97.925,201
2026-01-13T08:30:00Z,97.93,97.93,97.925,97.925,113.0,97.925,42
2026-01-13T08:45:00Z,97.925,97.93,97.925,97.925,127.0,97.925,63
2026-01-13T09:00:00Z,97.925,97.925,97.92,97.925,1478.0,97.9245,169
2026-01-13T09:15:00Z,97.92,97.925,97.92,97.92,1190.0,97.92,210
2026-01-13T09:30:00Z,97.92,97.92,97.92,97.92,1984.0,97.92,601
2026-01-13T09:45:00Z,97.92,97.925,97.92,97.92,5047.0,97.92,214
2026-01-13T10:00:00Z,97.92,97.925,97.915,97.92,3975.0,97.92,254
2026-01-13T10:15:00Z,97.92,97.925,97.92,97.925,178.0,97.9205,17
2026-01-13T10:30:00Z,97.92,97.92,97.92,97.92,4720.0,97.92,354
2026-01-13T10:45:00Z,97.92,97.925,97.92,97.925,73.0,97.923,36
2026-01-13T11:00:00Z,97.925,97.925,97.92,97.925,199.0,97.922,63
2026-01-13T11:15:00Z,97.925,97.925,97.92,97.92,717.0,97.92,131
2026-01-13T11:30:00Z,97.92,97.925,97.92,97.925,2529.0,97.92,185
2026-01-13T11:45:00Z,97.925,97.925,97.925,97.925,32.0,97.925,21
2026-01-13T12:00:00Z,97.925,97.925,97.92,97.925,532.0,97.925,108
2026-01-13T12:15:00Z,97.925,97.925,97.925,97.925,637.0,97.925,114
2026-01-13T12:30:00Z,97.925,97.925,97.925,97.925,1458.0,97.925,211
2026-01-13T12:45:00Z,97.925,97.93,97.925,97.93,976.0,97.925,101
2026-01-13T13:00:00Z,97.93,97.93,97.925,97.93,264.0,97.93,91
2026-01-13T13:15:00Z,97.93,97.93,97.92,97.92,1551.0,97.925,246
2026-01-13T13:30:00Z,97.925,97.935,97.92,97.93,3061.0,97.929,308
2026-01-13T13:45:00Z,97.93,97.93,97.925,97.925,1147.0,97.928,142
2026-01-13T14:00:00Z,97.925,97.93,97.925,97.93,323.0,97.9265,75
2026-01-13T14:15:00Z,97.925,97.93,97.925,97.93,1622.0,97.9295,166
2026-01-13T14:30:00Z,97.93,97.93,97.925,97.925,3530.0,97.925,262
2026-01-13T14:45:00Z,97.925,97.93,97.925,97.93,2267.0,97.93,225
2026-01-13T15:00:00Z,97.93,97.935,97.93,97.935,5014.0,97.93,206
2026-01-13T15:15:00Z,97.93,97.94,97.93,97.94,1471.0,97.935,333
2026-01-13T15:30:00Z,97.94,97.94,97.935,97.94,2106.0,97.935,194
2026-01-13T15:45:00Z,97.94,97.94,97.935,97.94,186.0,97.94,44
2026-01-13T16:00:00Z,97.935,97.94,97.935,97.94,1632.0,97.9375,534
2026-01-13T16:15:00Z,97.94,97.94,97.93,97.935,3042.0,97.935,409
2026-01-13T16:30:00Z,97.935,97.94,97.935,97.94,1348.0,97.935,136
2026-01-13T16:45:00Z,97.935,97.94,97.935,97.94,404.0,97.939,57
2026-01-13T17:00:00Z,97.935,97.94,97.935,97.935,120.0,97.9355,37
2026-01-13T17:15:00Z,97.935,97.94,97.935,97.94,263.0,97.935,58
2026-01-13T17:30:00Z,97.935,97.935,97.935,97.935,55.0,97.935,33
2026-01-13T17:45:00Z,97.935,97.94,97.935,97.935,266.0,97.937,75
2026-01-13T18:00:00Z,97.94,97.94,97.94,97.94,19.0,97.94,4
2026-01-13T18:15:00Z,97.935,97.94,97.935,97.935,144.0,97.935,51
2026-01-13T18:30:00Z,97.935,97.935,97.935,97.935,10.0,97.935,9
2026-01-13T18:45:00Z,97.94,97.94,97.94,97.94,1.0,97.94,1
2026-01-13T19:00:00Z,97.94,97.94,97.94,97.94,0.0,97.94,0
2026-01-13T19:15:00Z,97.935,97.935,97.935,97.935,34.0,97.935,13
2026-01-13T19:30:00Z,97.935,97.94,97.935,97.94,26.0,97.94,8
2026-01-13T19:45:00Z,97.94,97.94,97.94,97.94,0.0,97.94,0
2026-01-13T20:00:00Z,97.94,97.94,97.935,97.935,8.0,97.937,2
2026-01-13T20:15:00Z,97.94,97.94,97.94,97.94,1.0,97.94,1
2026-01-13T20:30:00Z,97.935,97.935,97.935,97.935,6.0,97.935,2
2026-01-13T20:45:00Z,97.94,97.94,97.935,97.935,164.0,97.9355,52
2026-01-14T01:00:00Z,97.935,97.935,97.935,97.935,93.0,97.935,11
2026-01-14T01:15:00Z,97.935,97.935,97.935,97.935,0.0,97.935,0
2026-01-14T01:30:00Z,97.935,97.935,97.935,97.935,0.0,97.935,0
2026-01-14T01:45:00Z,97.935,97.935,97.935,97.935,0.0,97.935,0
2026-01-14T02:00:00Z,97.935,97.935,97.935,97.935,0.0,97.935,0
2026-01-14T02:15:00Z,97.935,97.935,97.935,97.935,33.0,97.935,6
2026-01-14T02:30:00Z,97.935,97.935,97.935,97.935,5.0,97.935,3
2026-01-14T02:45:00Z,97.935,97.94,97.935,97.94,52.0,97.935,10
2026-01-14T03:00:00Z,97.94,97.94,97.94,97.94,0.0,97.94,0
2026-01-14T03:15:00Z,97.94,97.94,97.94,97.94,0.0,97.94,0
2026-01-14T03:30:00Z,97.94,97.94,97.94,97.94,0.0,97.94,0
2026-01-14T03:45:00Z,97.94,97.94,97.94,97.94,0.0,97.94,0
2026-01-14T04:00:00Z,97.94,97.94,97.94,97.94,0.0,97.94,0
2026-01-14T04:15:00Z,97.94,97.94,97.94,97.94,0.0,97.94,0
2026-01-14T04:30:00Z,97.94,97.94,97.94,97.94,0.0,97.94,0
2026-01-14T04:45:00Z,97.94,97.94,97.94,97.94,0.0,97.94,0
2026-01-14T05:00:00Z,97.94,97.94,97.94,97.94,0.0,97.94,0
2026-01-14T05:15:00Z,97.94,97.94,97.94,97.94,0.0,97.94,0
2026-01-14T05:30:00Z,97.94,97.94,97.94,97.94,0.0,97.94,0
2026-01-14T05:45:00Z,97.94,97.94,97.94,97.94,0.0,97.94,0
2026-01-14T06:00:00Z,97.94,97.94,97.94,97.94,0.0,97.94,0
2026-01-14T06:15:00Z,97.94,97.94,97.94,97.94,0.0,97.94,0
2026-01-14T06:30:00Z,97.94,97.94,97.94,97.94,0.0,97.94,0
2026-01-14T06:45:00Z,97.94,97.94,97.94,97.94,113.0,97.94,13
2026-01-14T07:00:00Z,97.94,97.94,97.935,97.935,82.0,97.9385,35
2026-01-14T07:15:00Z,97.935,97.94,97.935,97.935,123.0,97.9385,44
2026-01-14T07:30:00Z,97.935,97.94,97.935,97.94,97.0,97.935,90
2026-01-14T07:45:00Z,97.935,97.94,97.935,97.935,443.0,97.935,67
2026-01-14T08:00:00Z,97.94,97.94,97.93,97.93,2618.0,97.935,160
2026-01-14T08:15:00Z,97.93,97.935,97.93,97.93,1362.0,97.9345,167
2026-01-14T08:30:00Z,97.93,97.935,97.93,97.93,150.0,97.9315,86
2026-01-14T08:45:00Z,97.935,97.935,97.93,97.93,157.0,97.932,110
2026-01-14T09:00:00Z,97.93,97.935,97.93,97.935,3567.0,97.935,437
2026-01-14T09:15:00Z,97.935,97.94,97.93,97.94,3183.0,97.935,323
2026-01-14T09:30:00Z,97.935,97.94,97.935,97.935,356.0,97.935,114
2026-01-14T09:45:00Z,97.935,97.94,97.935,97.935,630.0,97.935,257
2026-01-14T10:00:00Z,97.935,97.94,97.935,97.935,822.0,97.935,195
2026-01-14T10:15:00Z,97.935,97.94,97.935,97.935,784.0,97.935,135
2026-01-14T10:30:00Z,97.935,97.94,97.935,97.94,1911.0,97.936,298
2026-01-14T10:45:00Z,97.94,97.94,97.935,97.94,4659.0,97.9395,407
2026-01-14T11:00:00Z,97.94,97.94,97.935,97.935,223.0,97.9355,104
2026-01-14T11:15:00Z,97.94,97.94,97.935,97.94,266.0,97.935,83
2026-01-14T11:30:00Z,97.935,97.94,97.935,97.94,1210.0,97.94,588
2026-01-14T11:45:00Z,97.94,97.94,97.935,97.935,135.0,97.939,67
2026-01-14T12:00:00Z,97.94,97.94,97.935,97.94,1453.0,97.94,360
2026-01-14T12:15:00Z,97.94,97.94,97.94,97.94,360.0,97.94,67
2026-01-14T12:30:00Z,97.94,97.94,97.935,97.94,475.0,97.9395,97
2026-01-14T12:45:00Z,97.94,97.94,97.935,97.935,127.0,97.939,78
2026-01-14T13:00:00Z,97.94,97.94,97.935,97.94,4240.0,97.94,161
2026-01-14T13:15:00Z,97.94,97.94,97.935,97.935,444.0,97.9375,213
2026-01-14T13:30:00Z,97.935,97.94,97.935,97.94,1039.0,97.94,95
2026-01-14T13:45:00Z,97.94,97.94,97.935,97.94,2093.0,97.939,254
2026-01-14T14:00:00Z,97.935,97.94,97.935,97.94,434.0,97.9375,129
2026-01-14T14:15:00Z,97.94,97.945,97.94,97.94,4011.0,97.94,283
2026-01-14T14:30:00Z,97.945,97.945,97.94,97.945,10704.0,97.9415,367
2026-01-14T14:45:00Z,97.945,97.95,97.945,97.945,4235.0,97.945,227
2026-01-14T15:00:00Z,97.945,97.95,97.94,97.945,2348.0,97.945,260
2026-01-14T15:15:00Z,97.945,97.945,97.94,97.945,1098.0,97.945,192
2026-01-14T15:30:00Z,97.945,97.95,97.945,97.95,860.0,97.945,175
2026-01-14T15:45:00Z,97.945,97.95,97.945,97.95,374.0,97.949,132
2026-01-14T16:00:00Z,97.945,97.95,97.945,97.95,450.0,97.9475,294
2026-01-14T16:15:00Z,97.95,97.95,97.945,97.945,2099.0,97.95,289
2026-01-14T16:30:00Z,97.945,97.95,97.945,97.95,2547.0,97.95,328
2026-01-14T16:45:00Z,97.95,97.955,97.95,97.95,1023.0,97.95,97
2026-01-14T17:00:00Z,97.95,97.95,97.945,97.95,2634.0,97.95,207
2026-01-14T17:15:00Z,97.95,97.95,97.945,97.945,17.0,97.948,15
2026-01-14T17:30:00Z,97.945,97.945,97.945,97.945,134.0,97.945,58
2026-01-14T17:45:00Z,97.945,97.95,97.945,97.945,765.0,97.946,158
2026-01-14T18:00:00Z,97.95,97.95,97.945,97.945,2481.0,97.945,184
2026-01-14T18:15:00Z,97.95,97.95,97.945,97.945,40.0,97.945,9
2026-01-14T18:30:00Z,97.945,97.945,97.945,97.945,0.0,97.945,0
2026-01-14T18:45:00Z,97.945,97.945,97.945,97.945,52.0,97.945,5
2026-01-14T19:00:00Z,97.945,97.945,97.945,97.945,100.0,97.945,16
2026-01-14T19:15:00Z,97.945,97.945,97.945,97.945,0.0,97.945,0
2026-01-14T19:30:00Z,97.945,97.945,97.945,97.945,19.0,97.945,4
2026-01-14T19:45:00Z,97.945,97.945,97.945,97.945,0.0,97.945,0
2026-01-14T20:00:00Z,97.945,97.945,97.945,97.945,1183.0,97.945,115
2026-01-14T20:15:00Z,97.945,97.945,97.945,97.945,75.0,97.945,8
2026-01-14T20:30:00Z,97.945,97.945,97.94,97.94,46.0,97.9445,17
2026-01-14T20:45:00Z,97.94,97.945,97.94,97.94,125.0,97.9445,10
2026-01-15T01:00:00Z,97.945,97.945,97.945,97.945,50.0,97.945,7
2026-01-15T01:15:00Z,97.945,97.945,97.945,97.945,0.0,97.945,0
2026-01-15T01:30:00Z,97.945,97.945,97.945,97.945,1.0,97.945,1
2026-01-15T01:45:00Z,97.945,97.945,97.945,97.945,0.0,97.945,0
2026-01-15T02:00:00Z,97.945,97.945,97.945,97.945,0.0,97.945,0
2026-01-15T02:15:00Z,97.945,97.945,97.945,97.945,0.0,97.945,0
2026-01-15T02:30:00Z,97.94,97.94,97.94,97.94,237.0,97.94,35
2026-01-15T02:45:00Z,97.94,97.94,97.94,97.94,16.0,97.94,5
2026-01-15T03:00:00Z,97.94,97.94,97.94,97.94,1.0,97.94,1
2026-01-15T03:15:00Z,97.94,97.94,97.94,97.94,0.0,97.94,0
2026-01-15T03:30:00Z,97.94,97.94,97.94,97.94,0.0,97.94,0
2026-01-15T03:45:00Z,97.94,97.94,97.94,97.94,0.0,97.94,0
2026-01-15T04:00:00Z,97.94,97.94,97.94,97.94,368.0,97.94,24
2026-01-15T04:15:00Z,97.94,97.94,97.94,97.94,0.0,97.94,0
2026-01-15T04:30:00Z,97.94,97.94,97.94,97.94,0.0,97.94,0
2026-01-15T04:45:00Z,97.94,97.94,97.94,97.94,1.0,97.94,1
2026-01-15T05:00:00Z,97.94,97.94,97.94,97.94,0.0,97.94,0
2026-01-15T05:15:00Z,97.94,97.94,97.94,97.94,0.0,97.94,0
2026-01-15T05:30:00Z,97.94,97.94,97.94,97.94,0.0,97.94,0
2026-01-15T05:45:00Z,97.94,97.94,97.94,97.94,0.0,97.94,0
2026-01-15T06:00:00Z,97.94,97.94,97.94,97.94,0.0,97.94,0
2026-01-15T06:15:00Z,97.94,97.94,97.94,97.94,0.0,97.94,0
2026-01-15T06:30:00Z,97.94,97.94,97.94,97.94,0.0,97.94,0
2026-01-15T06:45:00Z,97.94,97.94,97.94,97.94,0.0,97.94,0
2026-01-15T07:00:00Z,97.94,97.94,97.94,97.94,194.0,97.94,38
2026-01-15T07:15:00Z,97.94,97.945,97.94,97.94,1993.0,97.94,249
2026-01-15T07:30:00Z,97.94,97.94,97.935,97.94,994.0,97.94,101
2026-01-15T07:45:00Z,97.94,97.94,97.935,97.935,468.0,97.94,59
2026-01-15T08:00:00Z,97.94,97.94,97.935,97.935,167.0,97.9385,62
2026-01-15T08:15:00Z,97.935,97.94,97.93,97.935,2481.0,97.935,295
2026-01-15T08:30:00Z,97.935,97.94,97.935,97.935,114.0,97.935,78
2026-01-15T08:45:00Z,97.935,97.94,97.935,97.935,111.0,97.936,95
2026-01-15T09:00:00Z,97.935,97.94,97.935,97.935,508.0,97.935,140
2026-01-15T09:15:00Z,97.94,97.94,97.935,97.94,163.0,97.9375,90
2026-01-15T09:30:00Z,97.935,97.94,97.935,97.94,1629.0,97.9395,198
2026-01-15T09:45:00Z,97.94,97.94,97.935,97.94,1032.0,97.9395,361
2026-01-15T10:00:00Z,97.94,97.945,97.94,97.94,901.0,97.94,163
2026-01-15T10:15:00Z,97.94,97.94,97.935,97.935,1180.0,97.94,150
2026-01-15T10:30:00Z,97.935,97.945,97.935,97.94,966.0,97.94,142
2026-01-15T10:45:00Z,97.94,97.945,97.94,97.94,149.0,97.9405,56
2026-01-15T11:00:00Z,97.94,97.945,97.94,97.945,2835.0,97.945,175
2026-01-15T11:15:00Z,97.94,97.945,97.94,97.94,163.0,97.9405,64
2026-01-15T11:30:00Z,97.94,97.945,97.94,97.94,5187.0,97.94,302
2026-01-15T11:45:00Z,97.94,97.945,97.935,97.935,415.0,97.9365,85
2026-01-15T12:00:00Z,97.935,97.94,97.935,97.94,106.0,97.937,83
2026-01-15T12:15:00Z,97.935,97.94,97.935,97.935,206.0,97.936,152
2026-01-15T12:30:00Z,97.94,97.94,97.93,97.935,4614.0,97.9355,665
2026-01-15T12:45:00Z,97.935,97.94,97.935,97.935,4682.0,97.935,352
2026-01-15T13:00:00Z,97.935,97.935,97.93,97.935,540.0,97.9345,82
2026-01-15T13:15:00Z,97.93,97.94,97.93,97.935,540.0,97.9345,118
2026-01-15T13:30:00Z,97.935,97.935,97.925,97.93,4318.0,97.927,241
2026-01-15T13:45:00Z,97.93,97.93,97.925,97.93,1465.0,97.926,152
2026-01-15T14:00:00Z,97.93,97.93,97.925,97.93,90.0,97.9295,52
2026-01-15T14:15:00Z,97.925,97.935,97.925,97.935,3013.0,97.9315,369
2026-01-15T14:30:00Z,97.935,97.935,97.93,97.93,4081.0,97.934,552
2026-01-15T14:45:00Z,97.93,97.935,97.93,97.93,686.0,97.9305,138
2026-01-15T15:00:00Z,97.93,97.93,97.925,97.93,1766.0,97.93,309
2026-01-15T15:15:00Z,97.93,97.93,97.925,97.93,1482.0,97.93,485
2026-01-15T15:30:00Z,97.93,97.93,97.925,97.93,3652.0,97.93,576
2026-01-15T15:45:00Z,97.93,97.93,97.925,97.925,203.0,97.927,68
2026-01-15T16:00:00Z,97.93,97.93,97.925,97.93,1814.0,97.927,515
2026-01-15T16:15:00Z,97.925,97.93,97.925,97.925,839.0,97.926,267
2026-01-15T16:30:00Z,97.925,97.93,97.92,97.925,3499.0,97.9245,352
2026-01-15T16:45:00Z,97.92,97.925,97.92,97.92,801.0,97.921,235
2026-01-15T17:00:00Z,97.92,97.925,97.92,97.92,240.0,97.9205,98
2026-01-15T17:15:00Z,97.925,97.925,97.92,97.925,757.0,97.9245,152
2026-01-15T17:30:00Z,97.925,97.93,97.925,97.925,1006.0,97.9255,160
2026-01-15T17:45:00Z,97.925,97.925,97.92,97.925,833.0,97.925,216
2026-01-15T18:00:00Z,97.925,97.925,97.925,97.925,203.0,97.925,41
2026-01-15T18:15:00Z,97.925,97.925,97.925,97.925,7.0,97.925,1
2026-01-15T18:30:00Z,97.925,97.925,97.925,97.925,0.0,97.925,0
2026-01-15T18:45:00Z,97.925,97.925,97.925,97.925,4.0,97.925,1
2026-01-15T19:00:00Z,97.92,97.92,97.92,97.92,1.0,97.92,1
2026-01-15T19:15:00Z,97.925,97.925,97.925,97.925,14.0,97.925,2
2026-01-15T19:30:00Z,97.925,97.925,97.92,97.92,167.0,97.9205,31
2026-01-15T19:45:00Z,97.92,97.92,97.92,97.92,1.0,97.92,1
2026-01-15T20:00:00Z,97.92,97.92,97.92,97.92,5.0,97.92,2
2026-01-15T20:15:00Z,97.92,97.92,97.92,97.92,1069.0,97.92,104
2026-01-15T20:30:00Z,97.915,97.92,97.915,97.92,116.0,97.92,24
2026-01-15T20:45:00Z,97.92,97.92,97.92,97.92,589.0,97.92,54
2026-01-16T01:15:00Z,97.925,97.925,97.925,97.925,1.0,97.925,1
2026-01-16T01:30:00Z,97.925,97.925,97.925,97.925,0.0,97.925,0
2026-01-16T01:45:00Z,97.925,97.925,97.925,97.925,0.0,97.925,0
2026-01-16T02:00:00Z,97.925,97.925,97.925,97.925,0.0,97.925,0
2026-01-16T02:15:00Z,97.925,97.925,97.925,97.925,5.0,97.925,4
2026-01-16T02:30:00Z,97.925,97.925,97.925,97.925,0.0,97.925,0
2026-01-16T02:45:00Z,97.925,97.925,97.925,97.925,1.0,97.925,1
2026-01-16T03:00:00Z,97.925,97.925,97.925,97.925,0.0,97.925,0
2026-01-16T03:15:00Z,97.925,97.925,97.925,97.925,0.0,97.925,0
2026-01-16T03:30:00Z,97.925,97.925,97.925,97.925,0.0,97.925,0
2026-01-16T03:45:00Z,97.925,97.925,97.925,97.925,0.0,97.925,0
2026-01-16T04:00:00Z,97.92,97.925,97.92,97.925,13.0,97.9205,7
2026-01-16T04:15:00Z,97.925,97.925,97.925,97.925,0.0,97.925,0
2026-01-16T04:30:00Z,97.925,97.925,97.925,97.925,0.0,97.925,0
2026-01-16T04:45:00Z,97.925,97.925,97.925,97.925,0.0,97.925,0
2026-01-16T05:00:00Z,97.925,97.925,97.925,97.925,0.0,97.925,0
2026-01-16T05:15:00Z,97.925,97.925,97.925,97.925,0.0,97.925,0
2026-01-16T05:30:00Z,97.925,97.925,97.92,97.925,60.0,97.925,49
2026-01-16T05:45:00Z,97.925,97.925,97.925,97.925,0.0,97.925,0
2026-01-16T06:00:00Z,97.925,97.925,97.925,97.925,0.0,97.925,0
2026-01-16T06:15:00Z,97.92,97.92,97.92,97.92,22.0,97.92,13
2026-01-16T06:30:00Z,97.925,97.925,97.925,97.925,18.0,97.925,13
2026-01-16T06:45:00Z,97.925,97.925,97.925,97.925,11.0,97.925,11
2026-01-16T07:00:00Z,97.925,97.925,97.92,97.92,14.0,97.9245,5
2026-01-16T07:15:00Z,97.925,97.925,97.92,97.925,41.0,97.9245,20
2026-01-16T07:30:00Z,97.925,97.925,97.925,97.925,23.0,97.925,17
2026-01-16T07:45:00Z,97.925,97.925,97.92,97.925,872.0,97.9245,52
2026-01-16T08:00:00Z,97.925,97.925,97.92,97.92,568.0,97.92,105
2026-01-16T08:15:00Z,97.92,97.925,97.92,97.92,722.0,97.92,128
2026-01-16T08:30:00Z,97.92,97.925,97.92,97.925,178.0,97.9205,130
2026-01-16T08:45:00Z,97.925,97.925,97.915,97.92,2357.0,97.92,269
2026-01-16T09:00:00Z,97.915,97.92,97.915,97.92,182.0,97.9165,56
2026-01-16T09:15:00Z,97.915,97.92,97.915,97.92,49.0,97.9155,22
2026-01-16T09:30:00Z,97.92,97.92,97.915,97.92,49.0,97.919,8
2026-01-16T09:45:00Z,97.92,97.92,97.915,97.915,369.0,97.917,112
2026-01-16T10:00:00Z,97.915,97.92,97.915,97.92,64.0,97.915,28
2026-01-16T10:15:00Z,97.92,97.92,97.915,97.92,224.0,97.9175,56
2026-01-16T10:30:00Z,97.92,97.92,97.92,97.92,105.0,97.92,35
2026-01-16T10:45:00Z,97.92,97.92,97.915,97.92,654.0,97.92,102
2026-01-16T11:00:00Z,97.92,97.92,97.92,97.92,99.0,97.92,17
2026-01-16T11:15:00Z,97.92,97.92,97.915,97.92,205.0,97.9185,68
2026-01-16T11:30:00Z,97.92,97.92,97.92,97.92,248.0,97.92,71
2026-01-16T11:45:00Z,97.92,97.92,97.915,97.915,3305.0,97.916,285
2026-01-16T12:00:00Z,97.915,97.915,97.91,97.915,723.0,97.9145,141
2026-01-16T12:15:00Z,97.915,97.915,97.91,97.91,861.0,97.91,161
2026-01-16T12:30:00Z,97.915,97.915,97.91,97.915,211.0,97.9105,89
2026-01-16T12:45:00Z,97.91,97.91,97.905,97.91,12412.0,97.91,462
2026-01-16T13:00:00Z,97.91,97.91,97.905,97.91,3416.0,97.91,114
2026-01-16T13:15:00Z,97.91,97.91,97.905,97.91,93.0,97.9095,35
2026-01-16T13:30:00Z,97.91,97.91,97.905,97.905,3013.0,97.91,106
2026-01-16T13:45:00Z,97.905,97.91,97.905,97.91,713.0,97.905,94
2026-01-16T14:00:00Z,97.91,97.91,97.905,97.91,368.0,97.9075,105
2026-01-16T14:15:00Z,97.91,97.915,97.905,97.915,3514.0,97.9115,230
2026-01-16T14:30:00Z,97.915,97.915,97.91,97.915,1480.0,97.911,115
2026-01-16T14:45:00Z,97.915,97.915,97.91,97.915,230.0,97.9105,98
2026-01-16T15:00:00Z,97.91,97.915,97.91,97.915,372.0,97.913,133
2026-01-16T15:15:00Z,97.915,97.915,97.91,97.915,112.0,97.914,86
2026-01-16T15:30:00Z,97.91,97.915,97.905,97.905,9620.0,97.908,656
2026-01-16T15:45:00Z,97.905,97.91,97.905,97.91,1467.0,97.9055,150
2026-01-16T16:00:00Z,97.905,97.91,97.905,97.91,1192.0,97.908,421
2026-01-16T16:15:00Z,97.905,97.915,97.905,97.915,2557.0,97.9095,245
2026-01-16T16:30:00Z,97.915,97.915,97.91,97.915,61.0,97.911,23
2026-01-16T16:45:00Z,97.91,97.915,97.91,97.915,419.0,97.914,73
2026-01-16T17:00:00Z,97.915,97.915,97.915,97.915,214.0,97.915,83
2026-01-16T17:15:00Z,97.915,97.915,97.91,97.915,577.0,97.9125,116
2026-01-16T17:30:00Z,97.915,97.915,97.915,97.915,37.0,97.915,6
2026-01-16T17:45:00Z,97.91,97.915,97.91,97.915,74.0,97.9125,25
2026-01-16T18:00:00Z,97.915,97.915,97.91,97.915,4.0,97.914,4
2026-01-16T18:15:00Z,97.91,97.915,97.91,97.915,1108.0,97.91,57
2026-01-16T18:30:00Z,97.915,97.915,97.915,97.915,2.0,97.915,2
2026-01-16T18:45:00Z,97.91,97.91,97.91,97.91,23.0,97.91,11
2026-01-16T19:00:00Z,97.91,97.91,97.91,97.91,664.0,97.91,66
2026-01-16T19:15:00Z,97.91,97.91,97.91,97.91,499.0,97.91,65
2026-01-16T19:30:00Z,97.91,97.915,97.91,97.91,595.0,97.911,69
2026-01-16T19:45:00Z,97.91,97.91,97.91,97.91,45.0,97.91,17
2026-01-16T20:00:00Z,97.91,97.915,97.91,97.915,410.0,97.911,65
2026-01-16T20:15:00Z,97.91,97.91,97.91,97.91,133.0,97.91,31
2026-01-16T20:30:00Z,97.91,97.91,97.91,97.91,0.0,97.91,0
2026-01-16T20:45:00Z,97.91,97.915,97.91,97.91,85.0,97.912,18
2026-01-19T01:00:00Z,97.925,97.945,97.915,97.945,3863.0,97.929,453
2026-01-19T01:15:00Z,97.945,97.955,97.945,97.95,7191.0,97.9525,260
2026-01-19T01:30:00Z,97.955,97.955,97.955,97.955,10.0,97.955,1
2026-01-19T01:45:00Z,97.955,97.955,97.95,97.955,1125.0,97.955,49
2026-01-19T02:00:00Z,97.95,97.95,97.945,97.945,430.0,97.9495,26
2026-01-19T02:15:00Z,97.95,97.95,97.95,97.95,777.0,97.95,29
2026-01-19T02:30:00Z,97.95,97.95,97.95,97.95,0.0,97.95,0
2026-01-19T02:45:00Z,97.95,97.95,97.95,97.95,62.0,97.95,8
2026-01-19T03:00:00Z,97.95,97.95,97.95,97.95,0.0,97.95,0
2026-01-19T03:15:00Z,97.95,97.95,97.95,97.95,0.0,97.95,0
2026-01-19T03:30:00Z,97.95,97.95,97.95,97.95,0.0,97.95,0
2026-01-19T03:45:00Z,97.95,97.95,97.95,97.95,0.0,97.95,0
2026-01-19T04:00:00Z,97.95,97.95,97.945,97.945,793.0,97.95,18
2026-01-19T04:15:00Z,97.945,97.945,97.945,97.945,134.0,97.945,15
2026-01-19T04:30:00Z,97.95,97.95,97.945,97.945,260.0,97.9475,21
2026-01-19T04:45:00Z,97.945,97.945,97.945,97.945,65.0,97.945,6
2026-01-19T05:00:00Z,97.945,97.945,97.945,97.945,5.0,97.945,3
2026-01-19T05:15:00Z,97.945,97.945,97.945,97.945,70.0,97.945,12
2026-01-19T05:30:00Z,97.945,97.945,97.945,97.945,1084.0,97.945,55
2026-01-19T05:45:00Z,97.945,97.95,97.945,97.95,659.0,97.9465,27
2026-01-19T06:00:00Z,97.95,97.95,97.945,97.945,167.0,97.945,155
2026-01-19T06:15:00Z,97.945,97.945,97.94,97.94,612.0,97.9445,45
2026-01-19T06:30:00Z,97.94,97.945,97.94,97.945,1424.0,97.943,52
2026-01-19T06:45:00Z,97.945,97.95,97.945,97.95,174.0,97.9495,34
2026-01-19T07:00:00Z,97.945,97.95,97.945,97.945,2574.0,97.95,231
2026-01-19T07:15:00Z,97.945,97.945,97.935,97.945,1050.0,97.943,130
2026-01-19T07:30:00Z,97.945,97.95,97.94,97.94,4263.0,97.9435,231
2026-01-19T07:45:00Z,97.945,97.945,97.94,97.94,1941.0,97.94,115
2026-01-19T08:00:00Z,97.945,97.95,97.945,97.945,4531.0,97.9475,274
2026-01-19T08:15:00Z,97.945,97.945,97.94,97.94,3198.0,97.9445,240
2026-01-19T08:30:00Z,97.94,97.945,97.94,97.94,4340.0,97.94,380
2026-01-19T08:45:00Z,97.94,97.94,97.935,97.94,4557.0,97.936,385
2026-01-19T09:00:00Z,97.94,97.94,97.94,97.94,550.0,97.94,111
2026-01-19T09:15:00Z,97.945,97.95,97.945,97.95,2208.0,97.945,474
2026-01-19T09:30:00Z,97.945,97.95,97.945,97.95,2151.0,97.9455,105
2026-01-19T09:45:00Z,97.945,97.95,97.945,97.945,1736.0,97.945,242
2026-01-19T10:00:00Z,97.95,97.95,97.945,97.945,1464.0,97.9455,185
2026-01-19T10:15:00Z,97.945,97.945,97.94,97.94,844.0,97.945,52
2026-01-19T10:30:00Z,97.945,97.945,97.94,97.945,1753.0,97.945,304
2026-01-19T10:45:00Z,97.945,97.945,97.94,97.945,855.0,97.945,111
2026-01-19T11:00:00Z,97.945,97.945,97.945,97.945,200.0,97.945,70
2026-01-19T11:15:00Z,97.945,97.945,97.94,97.945,552.0,97.944,136
2026-01-19T11:30:00Z,97.945,97.945,97.945,97.945,827.0,97.945,183
2026-01-19T11:45:00Z,97.94,97.945,97.94,97.94,4262.0,97.94,454
2026-01-19T12:00:00Z,97.94,97.945,97.94,97.945,156.0,97.9445,56
2026-01-19T12:15:00Z,97.945,97.945,97.94,97.945,2466.0,97.945,318
2026-01-19T12:30:00Z,97.945,97.945,97.94,97.945,261.0,97.945,141
2026-01-19T12:45:00Z,97.945,97.945,97.945,97.945,5608.0,97.945,501
2026-01-19T13:00:00Z,97.945,97.945,97.94,97.945,2851.0,97.9415,527
2026-01-19T13:15:00Z,97.945,97.945,97.94,97.94,898.0,97.9425,164
2026-01-19T13:30:00Z,97.94,97.94,97.94,97.94,2479.0,97.94,206
2026-01-19T13:45:00Z,97.94,97.945,97.94,97.94,4268.0,97.94,389
2026-01-19T14:00:00Z,97.94,97.94,97.94,97.94,1924.0,97.94,147
2026-01-19T14:15:00Z,97.94,97.945,97.94,97.94,2347.0,97.94,382
2026-01-19T14:30:00Z,97.94,97.945,97.94,97.945,1645.0,97.9425,996
2026-01-19T14:45:00Z,97.94,97.945,97.94,97.945,332.0,97.9445,107
2026-01-19T15:00:00Z,97.945,97.945,97.94,97.94,5812.0,97.945,207
2026-01-19T15:15:00Z,97.94,97.945,97.94,97.945,943.0,97.945,121
2026-01-19T15:30:00Z,97.945,97.945,97.94,97.94,149.0,97.9445,69
2026-01-19T15:45:00Z,97.94,97.945,97.94,97.945,378.0,97.945,101
2026-01-19T16:00:00Z,97.945,97.945,97.94,97.945,495.0,97.945,140
2026-01-19T16:15:00Z,97.945,97.945,97.94,97.94,892.0,97.942,141
2026-01-19T16:30:00Z,97.94,97.945,97.94,97.945,982.0,97.9415,142
2026-01-19T16:45:00Z,97.945,97.945,97.94,97.945,598.0,97.9445,109
2026-01-19T17:00:00Z,97.945,97.945,97.945,97.945,377.0,97.945,67
2026-01-19T17:15:00Z,97.945,97.945,97.94,97.945,341.0,97.945,90
2026-01-19T17:30:00Z,97.94,97.945,97.94,97.94,684.0,97.942,146
2026-01-19T17:45:00Z,97.94,97.945,97.94,97.94,7947.0,97.94,227
2026-01-19T18:00:00Z,97.94,97.94,97.94,97.94,2061.0,97.94,57
2026-01-19T18:15:00Z,97.94,97.94,97.94,97.94,70.0,97.94,3
2026-01-19T18:30:00Z,97.94,97.94,97.94,97.94,231.0,97.94,11
2026-01-19T18:45:00Z,97.94,97.94,97.94,97.94,0.0,97.94,0
2026-01-19T19:00:00Z,97.94,97.94,97.94,97.94,3.0,97.94,2
2026-01-19T19:15:00Z,97.94,97.94,97.94,97.94,0.0,97.94,0
2026-01-19T19:30:00Z,97.94,97.94,97.94,97.94,53.0,97.94,8
2026-01-19T19:45:00Z,97.94,97.94,97.94,97.94,23.0,97.94,3
2026-01-19T20:00:00Z,97.94,97.94,97.94,97.94,44.0,97.94,3
2026-01-19T20:15:00Z,97.94,97.94,97.94,97.94,3.0,97.94,3
2026-01-19T20:30:00Z,97.94,97.94,97.94,97.94,25.0,97.94,3
2026-01-19T20:45:00Z,97.94,97.94,97.94,97.94,60.0,97.94,8
2026-01-20T01:00:00Z,97.94,97.945,97.94,97.94,263.0,97.9405,20
2026-01-20T01:15:00Z,97.94,97.94,97.94,97.94,292.0,97.94,9
2026-01-20T01:30:00Z,97.94,97.94,97.94,97.94,64.0,97.94,10
2026-01-20T01:45:00Z,97.94,97.94,97.94,97.94,203.0,97.94,9
2026-01-20T02:00:00Z,97.94,97.94,97.94,97.94,0.0,97.94,0
2026-01-20T02:15:00Z,97.94,97.94,97.94,97.94,20.0,97.94,2
2026-01-20T02:30:00Z,97.94,97.94,97.94,97.94,0.0,97.94,0
2026-01-20T02:45:00Z,97.94,97.94,97.94,97.94,0.0,97.94,0
2026-01-20T03:00:00Z,97.94,97.94,97.94,97.94,13.0,97.94,8
2026-01-20T03:15:00Z,97.94,97.94,97.94,97.94,0.0,97.94,0
2026-01-20T03:30:00Z,97.94,97.94,97.935,97.935,350.0,97.94,14
2026-01-20T03:45:00Z,97.935,97.935,97.935,97.935,0.0,97.935,0
2026-01-20T04:00:00Z,97.935,97.935,97.935,97.935,0.0,97.935,0
2026-01-20T04:15:00Z,97.935,97.935,97.935,97.935,2.0,97.935,2
2026-01-20T04:30:00Z,97.935,97.935,97.935,97.935,95.0,97.935,29
2026-01-20T04:45:00Z,97.935,97.935,97.935,97.935,1.0,97.935,1
2026-01-20T05:00:00Z,97.935,97.935,97.935,97.935,0.0,97.935,0
2026-01-20T05:15:00Z,97.935,97.935,97.935,97.935,14.0,97.935,10
2026-01-20T05:30:00Z,97.935,97.935,97.935,97.935,17.0,97.935,5
2026-01-20T05:45:00Z,97.935,97.935,97.935,97.935,0.0,97.935,0
2026-01-20T06:00:00Z,97.935,97.935,97.935,97.935,42.0,97.935,14
2026-01-20T06:15:00Z,97.935,97.935,97.935,97.935,627.0,97.935,25
2026-01-20T06:30:00Z,97.935,97.94,97.935,97.94,438.0,97.94,4
2026-01-20T06:45:00Z,97.94,97.94,97.94,97.94,12.0,97.94,9
2026-01-20T07:00:00Z,97.94,97.945,97.935,97.945,1083.0,97.94,129
2026-01-20T07:15:00Z,97.945,97.945,97.945,97.945,4947.0,97.945,200
2026-01-20T07:30:00Z,97.945,97.945,97.94,97.945,154.0,97.945,11
2026-01-20T07:45:00Z,97.945,97.945,97.94,97.945,2167.0,97.945,173
2026-01-20T08:00:00Z,97.94,97.945,97.94,97.945,1644.0,97.9445,126
2026-01-20T08:15:00Z,97.945,97.945,97.94,97.945,749.0,97.9405,119
2026-01-20T08:30:00Z,97.945,97.95,97.945,97.95,1039.0,97.945,221
2026-01-20T08:45:00Z,97.945,97.955,97.945,97.955,7084.0,97.95,729
2026-01-20T09:00:00Z,97.955,97.955,97.945,97.945,1458.0,97.9475,197
2026-01-20T09:15:00Z,97.945,97.95,97.945,97.95,4376.0,97.9495,468
2026-01-20T09:30:00Z,97.955,97.955,97.95,97.95,338.0,97.95,53
2026-01-20T09:45:00Z,97.95,97.95,97.945,97.95,2592.0,97.95,151
2026-01-20T10:00:00Z,97.95,97.95,97.945,97.95,95.0,97.9465,35
2026-01-20T10:15:00Z,97.95,97.95,97.945,97.945,267.0,97.9495,76
2026-01-20T10:30:00Z,97.95,97.95,97.945,97.945,40.0,97.945,11
2026-01-20T10:45:00Z,97.945,97.95,97.945,97.945,458.0,97.95,49
2026-01-20T11:00:00Z,97.945,97.95,97.945,97.945,23.0,97.9475,19
2026-01-20T11:15:00Z,97.945,97.95,97.94,97.945,11114.0,97.945,306
2026-01-20T11:30:00Z,97.945,97.945,97.94,97.94,359.0,97.941,39
2026-01-20T11:45:00Z,97.945,97.945,97.94,97.945,470.0,97.942,166
2026-01-20T12:00:00Z,97.945,97.945,97.94,97.94,3858.0,97.9405,442
2026-01-20T12:15:00Z,97.94,97.945,97.94,97.945,1306.0,97.941,119
2026-01-20T12:30:00Z,97.945,97.945,97.945,97.945,126.0,97.945,107
2026-01-20T12:45:00Z,97.945,97.95,97.94,97.945,3532.0,97.945,193
2026-01-20T13:00:00Z,97.945,97.95,97.945,97.95,3039.0,97.946,287
2026-01-20T13:15:00Z,97.95,97.95,97.95,97.95,1365.0,97.95,156
2026-01-20T13:30:00Z,97.95,97.95,97.945,97.945,10353.0,97.95,788
2026-01-20T13:45:00Z,97.95,97.95,97.945,97.95,881.0,97.949,196
2026-01-20T14:00:00Z,97.95,97.955,97.95,97.955,3983.0,97.9525,342
2026-01-20T14:15:00Z,97.955,97.955,97.95,97.955,1214.0,97.955,161
2026-01-20T14:30:00Z,97.95,97.955,97.95,97.95,2256.0,97.9505,201
2026-01-20T14:45:00Z,97.955,97.955,97.95,97.955,857.0,97.951,140
2026-01-20T15:00:00Z,97.95,97.955,97.95,97.955,512.0,97.953,148
2026-01-20T15:15:00Z,97.95,97.955,97.95,97.95,5366.0,97.955,532
2026-01-20T15:30:00Z,97.95,97.96,97.95,97.955,5545.0,97.955,322
2026-01-20T15:45:00Z,97.955,97.965,97.955,97.965,3800.0,97.96,145
2026-01-20T16:00:00Z,97.96,97.96,97.955,97.96,8316.0,97.96,714
2026-01-20T16:15:00Z,97.96,97.96,97.955,97.96,4266.0,97.96,350
2026-01-20T16:30:00Z,97.96,97.96,97.955,97.955,160.0,97.9595,43
2026-01-20T16:45:00Z,97.955,97.96,97.955,97.955,646.0,97.96,81
2026-01-20T17:00:00Z,97.955,97.96,97.955,97.955,1468.0,97.9585,156
2026-01-20T17:15:00Z,97.955,97.96,97.955,97.96,174.0,97.958,40
2026-01-20T17:30:00Z,97.96,97.96,97.955,97.955,500.0,97.957,95
2026-01-20T17:45:00Z,97.955,97.96,97.955,97.96,591.0,97.9585,87
2026-01-20T18:00:00Z,97.96,97.96,97.96,97.96,20.0,97.96,4
2026-01-20T18:15:00Z,97.96,97.96,97.96,97.96,156.0,97.96,69
2026-01-20T18:30:00Z,97.96,97.96,97.96,97.96,2919.0,97.96,309
2026-01-20T18:45:00Z,97.96,97.96,97.96,97.96,398.0,97.96,35
2026-01-20T19:00:00Z,97.96,97.965,97.96,97.965,8728.0,97.964,296
2026-01-20T19:15:00Z,97.97,97.97,97.97,97.97,18.0,97.97,5
2026-01-20T19:30:00Z,97.97,97.97,97.965,97.97,91.0,97.969,24
2026-01-20T19:45:00Z,97.97,97.97,97.965,97.965,496.0,97.9685,45
2026-01-20T20:00:00Z,97.965,97.97,97.965,97.965,1122.0,97.9665,76
2026-01-20T20:15:00Z,97.965,97.965,97.965,97.965,0.0,97.965,0
2026-01-20T20:30:00Z,97.97,97.97,97.97,97.97,139.0,97.97,24
2026-01-20T20:45:00Z,97.97,97.98,97.97,97.975,6340.0,97.9715,132
2026-01-21T01:00:00Z,97.975,97.98,97.975,97.975,28.0,97.975,5
2026-01-21T01:15:00Z,97.975,97.98,97.975,97.975,95.0,97.975,6
2026-01-21T01:30:00Z,97.975,97.975,97.975,97.975,5.0,97.975,4
2026-01-21T01:45:00Z,97.975,97.975,97.975,97.975,935.0,97.975,48
2026-01-21T02:00:00Z,97.975,97.98,97.975,97.975,122.0,97.975,8
2026-01-21T02:15:00Z,97.975,97.98,97.975,97.975,81.0,97.975,13
2026-01-21T02:30:00Z,97.975,97.975,97.975,97.975,0.0,97.975,0
2026-01-21T02:45:00Z,97.975,97.975,97.975,97.975,0.0,97.975,0
2026-01-21T03:00:00Z,97.975,97.975,97.975,97.975,0.0,97.975,0
2026-01-21T03:15:00Z,97.975,97.975,97.975,97.975,216.0,97.975,9
2026-01-21T03:30:00Z,97.975,97.975,97.975,97.975,0.0,97.975,0
2026-01-21T03:45:00Z,97.975,97.975,97.975,97.975,0.0,97.975,0
2026-01-21T04:00:00Z,97.98,97.98,97.98,97.98,505.0,97.98,17
2026-01-21T04:15:00Z,97.98,97.98,97.98,97.98,2.0,97.98,1
2026-01-21T04:30:00Z,97.98,97.98,97.98,97.98,0.0,97.98,0
2026-01-21T04:45:00Z,97.98,97.98,97.98,97.98,0.0,97.98,0
2026-01-21T05:00:00Z,97.98,97.98,97.98,97.98,2.0,97.98,1
2026-01-21T05:15:00Z,97.98,97.98,97.98,97.98,0.0,97.98,0
2026-01-21T05:30:00Z,97.98,97.98,97.98,97.98,0.0,97.98,0
2026-01-21T05:45:00Z,97.98,97.98,97.98,97.98,0.0,97.98,0
2026-01-21T06:00:00Z,97.975,97.975,97.975,97.975,200.0,97.975,8
2026-01-21T06:15:00Z,97.975,97.975,97.97,97.97,8740.0,97.971,103
2026-01-21T06:30:00Z,97.97,97.97,97.97,97.97,456.0,97.97,33
2026-01-21T06:45:00Z,97.97,97.97,97.97,97.97,0.0,97.97,0
2026-01-21T07:00:00Z,97.97,97.975,97.965,97.975,1709.0,97.97,103
2026-01-21T07:15:00Z,97.975,97.975,97.97,97.975,162.0,97.97,37
2026-01-21T07:30:00Z,97.975,97.98,97.975,97.98,5988.0,97.977,151
2026-01-21T07:45:00Z,97.98,97.98,97.975,97.975,775.0,97.977,92
2026-01-21T08:00:00Z,97.975,97.98,97.975,97.975,909.0,97.9795,167
2026-01-21T08:15:00Z,97.98,97.985,97.975,97.98,10631.0,97.98,256
2026-01-21T08:30:00Z,97.98,97.985,97.975,97.975,3539.0,97.98,275
2026-01-21T08:45:00Z,97.975,97.98,97.975,97.98,2775.0,97.98,348
2026-01-21T09:00:00Z,97.975,97.98,97.975,97.975,804.0,97.978,149
2026-01-21T09:15:00Z,97.975,97.98,97.965,97.97,7732.0,97.9725,569
2026-01-21T09:30:00Z,97.97,97.975,97.97,97.97,2556.0,97.97,117
2026-01-21T09:45:00Z,97.97,97.975,97.97,97.97,1289.0,97.97,161
2026-01-21T10:00:00Z,97.97,97.975,97.965,97.97,8178.0,97.97,503
2026-01-21T10:15:00Z,97.97,97.975,97.97,97.97,78.0,97.9715,41
2026-01-21T10:30:00Z,97.97,97.975,97.97,97.97,689.0,97.974,170
2026-01-21T10:45:00Z,97.97,97.975,97.97,97.97,75.0,97.9725,61
2026-01-21T11:00:00Z,97.97,97.975,97.965,97.965,1752.0,97.97,267
2026-01-21T11:15:00Z,97.965,97.965,97.965,97.965,187.0,97.965,121
2026-01-21T11:30:00Z,97.965,97.97,97.96,97.965,5437.0,97.965,423
2026-01-21T11:45:00Z,97.965,97.975,97.965,97.97,2542.0,97.9685,175
2026-01-21T12:00:00Z,97.97,97.97,97.965,97.97,2184.0,97.97,164
2026-01-21T12:15:00Z,97.97,97.97,97.965,97.965,933.0,97.97,173
2026-01-21T12:30:00Z,97.965,97.97,97.965,97.97,1413.0,97.97,129
2026-01-21T12:45:00Z,97.97,97.97,97.97,97.97,238.0,97.97,74
2026-01-21T13:00:00Z,97.97,97.975,97.97,97.97,2925.0,97.97,204
2026-01-21T13:15:00Z,97.975,97.975,97.97,97.97,1240.0,97.9745,230
2026-01-21T13:30:00Z,97.97,97.975,97.97,97.97,850.0,97.9705,274
2026-01-21T13:45:00Z,97.97,97.975,97.96,97.96,5468.0,97.968,472
2026-01-21T14:00:00Z,97.96,97.965,97.955,97.96,7505.0,97.961,671
2026-01-21T14:15:00Z,97.96,97.96,97.955,97.96,6468.0,97.96,279
2026-01-21T14:30:00Z,97.955,97.97,97.955,97.96,1748.0,97.9645,149
2026-01-21T14:45:00Z,97.96,97.965,97.96,97.96,208.0,97.961,109
2026-01-21T15:00:00Z,97.96,97.965,97.955,97.96,2978.0,97.96,471
2026-01-21T15:15:00Z,97.96,97.96,97.955,97.955,2098.0,97.9555,272
2026-01-21T15:30:00Z,97.955,97.955,97.94,97.945,21940.0,97.9495,719
2026-01-21T15:45:00Z,97.945,97.945,97.94,97.94,6660.0,97.9415,440
2026-01-21T16:00:00Z,97.94,97.945,97.94,97.945,1241.0,97.9435,805
2026-01-21T16:15:00Z,97.945,97.945,97.935,97.94,9518.0,97.94,873
2026-01-21T16:30:00Z,97.94,97.945,97.935,97.945,8418.0,97.94,191
2026-01-21T16:45:00Z,97.94,97.945,97.94,97.94,2627.0,97.94,298
2026-01-21T17:00:00Z,97.94,97.945,97.94,97.94,1094.0,97.94,236
2026-01-21T17:15:00Z,97.94,97.945,97.94,97.94,664.0,97.943,138
2026-01-21T17:30:00Z,97.94,97.94,97.94,97.94,25.0,97.94,20
2026-01-21T17:45:00Z,97.94,97.945,97.94,97.945,413.0,97.942,114
2026-01-21T18:00:00Z,97.945,97.945,97.94,97.94,71.0,97.9405,13
2026-01-21T18:15:00Z,97.94,97.94,97.94,97.94,0.0,97.94,0
2026-01-21T18:30:00Z,97.945,97.945,97.94,97.94,111.0,97.9405,31
2026-01-21T18:45:00Z,97.94,97.94,97.94,97.94,0.0,97.94,0
2026-01-21T19:00:00Z,97.94,97.94,97.94,97.94,0.0,97.94,0
2026-01-21T19:15:00Z,97.94,97.94,97.935,97.935,5453.0,97.9385,279
2026-01-21T19:30:00Z,97.935,97.935,97.91,97.91,13331.0,97.9265,593
2026-01-21T19:45:00Z,97.91,97.92,97.905,97.92,8064.0,97.9095,223
2026-01-21T20:00:00Z,97.915,97.915,97.91,97.915,4656.0,97.915,146
2026-01-21T20:15:00Z,97.92,97.92,97.92,97.92,2045.0,97.92,81
2026-01-21T20:30:00Z,97.92,97.92,97.92,97.92,21.0,97.92,16
2026-01-21T20:45:00Z,97.92,97.925,97.915,97.92,3687.0,97.92,542
2026-01-22T01:00:00Z,97.92,97.92,97.92,97.92,73.0,97.92,16
2026-01-22T01:15:00Z,97.915,97.92,97.915,97.92,3.0,97.9185,3
2026-01-22T01:30:00Z,97.92,97.92,97.92,97.92,0.0,97.92,0
2026-01-22T01:45:00Z,97.92,97.92,97.92,97.92,0.0,97.92,0
2026-01-22T02:00:00Z,97.92,97.92,97.92,97.92,0.0,97.92,0
2026-01-22T02:15:00Z,97.92,97.92,97.92,97.92,94.0,97.92,10
2026-01-22T02:30:00Z,97.92,97.92,97.92,97.92,1016.0,97.92,13
2026-01-22T02:45:00Z,97.92,97.92,97.92,97.92,0.0,97.92,0
2026-01-22T03:00:00Z,97.92,97.92,97.92,97.92,1.0,97.92,1
2026-01-22T03:15:00Z,97.92,97.92,97.92,97.92,0.0,97.92,0
2026-01-22T03:30:00Z,97.92,97.92,97.92,97.92,0.0,97.92,0
2026-01-22T03:45:00Z,97.92,97.92,97.92,97.92,0.0,97.92,0
2026-01-22T04:00:00Z,97.92,97.92,97.92,97.92,0.0,97.92,0
2026-01-22T04:15:00Z,97.92,97.92,97.92,97.92,0.0,97.92,0
2026-01-22T04:30:00Z,97.92,97.92,97.92,97.92,0.0,97.92,0
2026-01-22T04:45:00Z,97.92,97.92,97.92,97.92,0.0,97.92,0
2026-01-22T05:00:00Z,97.92,97.92,97.92,97.92,37.0,97.92,3
2026-01-22T05:15:00Z,97.92,97.92,97.92,97.92,0.0,97.92,0
2026-01-22T05:30:00Z,97.92,97.92,97.92,97.92,0.0,97.92,0
2026-01-22T05:45:00Z,97.92,97.92,97.92,97.92,0.0,97.92,0
2026-01-22T06:00:00Z,97.92,97.92,97.92,97.92,0.0,97.92,0
2026-01-22T06:15:00Z,97.925,97.925,97.925,97.925,100.0,97.925,16
2026-01-22T06:30:00Z,97.925,97.925,97.925,97.925,0.0,97.925,0
2026-01-22T06:45:00Z,97.92,97.92,97.92,97.92,862.0,97.92,25
2026-01-22T07:00:00Z,97.925,97.925,97.92,97.92,5419.0,97.924,489
2026-01-22T07:15:00Z,97.92,97.925,97.92,97.925,926.0,97.92,30
2026-01-22T07:30:00Z,97.92,97.925,97.92,97.92,287.0,97.9225,134
2026-01-22T07:45:00Z,97.925,97.925,97.92,97.925,436.0,97.9235,88
2026-01-22T08:00:00Z,97.92,97.925,97.92,97.925,1569.0,97.9245,126
2026-01-22T08:15:00Z,97.925,97.93,97.925,97.93,4458.0,97.9255,207
2026-01-22T08:30:00Z,97.93,97.93,97.925,97.93,230.0,97.928,100
2026-01-22T08:45:00Z,97.93,97.935,97.93,97.93,5062.0,97.93,361
2026-01-22T09:00:00Z,97.925,97.93,97.925,97.93,114.0,97.9255,28
2026-01-22T09:15:00Z,97.93,97.935,97.925,97.935,1771.0,97.929,173
2026-01-22T09:30:00Z,97.935,97.935,97.935,97.935,72.0,97.935,14
2026-01-22T09:45:00Z,97.93,97.94,97.93,97.935,2616.0,97.9345,145
2026-01-22T10:00:00Z,97.94,97.94,97.935,97.94,2528.0,97.935,175
2026-01-22T10:15:00Z,97.935,97.935,97.935,97.935,1578.0,97.935,160
2026-01-22T10:30:00Z,97.935,97.94,97.935,97.935,907.0,97.935,170
2026-01-22T10:45:00Z,97.94,97.94,97.935,97.94,60.0,97.938,33
2026-01-22T11:00:00Z,97.94,97.94,97.935,97.935,540.0,97.939,88
2026-01-22T11:15:00Z,97.935,97.94,97.935,97.935,4195.0,97.935,257
2026-01-22T11:30:00Z,97.935,97.94,97.935,97.94,2281.0,97.94,135
2026-01-22T11:45:00Z,97.94,97.94,97.935,97.94,3981.0,97.94,226
2026-01-22T12:00:00Z,97.935,97.935,97.935,97.935,83.0,97.935,29
2026-01-22T12:15:00Z,97.935,97.935,97.935,97.935,125.0,97.935,43
2026-01-22T12:30:00Z,97.935,97.945,97.935,97.935,3103.0,97.9395,208
2026-01-22T12:45:00Z,97.935,97.935,97.93,97.935,7723.0,97.935,447
2026-01-22T13:00:00Z,97.935,97.935,97.93,97.93,1968.0,97.935,79
2026-01-22T13:15:00Z,97.935,97.935,97.925,97.93,4025.0,97.93,379
2026-01-22T13:30:00Z,97.93,97.93,97.93,97.93,2845.0,97.93,153
2026-01-22T13:45:00Z,97.93,97.93,97.925,97.925,4295.0,97.925,302
2026-01-22T14:00:00Z,97.925,97.925,97.925,97.925,1881.0,97.925,138
2026-01-22T14:15:00Z,97.925,97.93,97.925,97.93,935.0,97.9265,85
2026-01-22T14:30:00Z,97.93,97.93,97.92,97.925,6014.0,97.925,136
2026-01-22T14:45:00Z,97.925,97.93,97.925,97.925,270.0,97.9255,50
2026-01-22T15:00:00Z,97.93,97.93,97.925,97.93,197.0,97.9265,87
2026-01-22T15:15:00Z,97.925,97.93,97.925,97.925,759.0,97.9265,214
2026-01-22T15:30:00Z,97.93,97.93,97.925,97.93,4489.0,97.925,303
2026-01-22T15:45:00Z,97.93,97.93,97.92,97.925,1296.0,97.925,91
2026-01-22T16:00:00Z,97.925,97.925,97.92,97.92,663.0,97.922,322
2026-01-22T16:15:00Z,97.925,97.925,97.92,97.925,502.0,97.9235,142
2026-01-22T16:30:00Z,97.92,97.925,97.92,97.92,1019.0,97.924,318
2026-01-22T16:45:00Z,97.92,97.92,97.92,97.92,4190.0,97.92,197
2026-01-22T17:00:00Z,97.92,97.925,97.92,97.92,2899.0,97.92,220
2026-01-22T17:15:00Z,97.925,97.925,97.92,97.92,235.0,97.92,55
2026-01-22T17:30:00Z,97.92,97.92,97.92,97.92,1318.0,97.92,111
2026-01-22T17:45:00Z,97.92,97.925,97.92,97.925,83.0,97.921,30
2026-01-22T18:00:00Z,97.92,97.92,97.92,97.92,3022.0,97.92,54
2026-01-22T18:15:00Z,97.92,97.92,97.92,97.92,0.0,97.92,0
2026-01-22T18:30:00Z,97.92,97.92,97.92,97.92,0.0,97.92,0
2026-01-22T18:45:00Z,97.92,97.92,97.915,97.915,8.0,97.9195,2
2026-01-22T19:00:00Z,97.915,97.92,97.915,97.92,8.0,97.9195,5
2026-01-22T19:15:00Z,97.92,97.92,97.915,97.915,65.0,97.919,13
2026-01-22T19:30:00Z,97.915,97.92,97.915,97.915,133.0,97.9155,41
2026-01-22T19:45:00Z,97.915,97.915,97.915,97.915,82.0,97.915,22
2026-01-22T20:00:00Z,97.915,97.915,97.915,97.915,379.0,97.915,102
2026-01-22T20:15:00Z,97.915,97.915,97.915,97.915,0.0,97.915,0
2026-01-22T20:30:00Z,97.915,97.915,97.915,97.915,80.0,97.915,12
2026-01-22T20:45:00Z,97.915,97.92,97.915,97.915,45.0,97.9195,20
2026-01-23T01:00:00Z,97.92,97.92,97.915,97.915,60.0,97.9155,6
2026-01-23T01:15:00Z,97.92,97.92,97.92,97.92,1.0,97.92,1
2026-01-23T01:30:00Z,97.92,97.92,97.92,97.92,0.0,97.92,0
2026-01-23T01:45:00Z,97.92,97.92,97.92,97.92,2.0,97.92,2
2026-01-23T02:00:00Z,97.92,97.92,97.92,97.92,3.0,97.92,2
2026-01-23T02:15:00Z,97.92,97.92,97.92,97.92,34.0,97.92,12
2026-01-23T02:30:00Z,97.92,97.92,97.92,97.92,28.0,97.92,13
2026-01-23T02:45:00Z,97.92,97.92,97.92,97.92,0.0,97.92,0
2026-01-23T03:00:00Z,97.92,97.92,97.92,97.92,0.0,97.92,0
2026-01-23T03:15:00Z,97.92,97.92,97.92,97.92,0.0,97.92,0
2026-01-23T03:30:00Z,97.92,97.92,97.92,97.92,0.0,97.92,0
2026-01-23T03:45:00Z,97.92,97.92,97.92,97.92,0.0,97.92,0
2026-01-23T04:00:00Z,97.92,97.92,97.92,97.92,0.0,97.92,0
2026-01-23T04:15:00Z,97.92,97.92,97.92,97.92,0.0,97.92,0
2026-01-23T04:30:00Z,97.915,97.915,97.915,97.915,325.0,97.915,14
2026-01-23T04:45:00Z,97.915,97.915,97.915,97.915,50.0,97.915,2
2026-01-23T05:00:00Z,97.915,97.915,97.915,97.915,0.0,97.915,0
2026-01-23T05:15:00Z,97.915,97.915,97.915,97.915,7.0,97.915,2
2026-01-23T05:30:00Z,97.915,97.915,97.915,97.915,0.0,97.915,0
2026-01-23T05:45:00Z,97.915,97.915,97.915,97.915,25.0,97.915,1
2026-01-23T06:00:00Z,97.91,97.91,97.91,97.91,1.0,97.91,1
2026-01-23T06:15:00Z,97.915,97.915,97.915,97.915,3.0,97.915,3
2026-01-23T06:30:00Z,97.915,97.915,97.915,97.915,62.0,97.915,7
2026-01-23T06:45:00Z,97.92,97.92,97.92,97.92,1008.0,97.92,35
2026-01-23T07:00:00Z,97.92,97.92,97.915,97.92,147.0,97.9195,87
2026-01-23T07:15:00Z,97.915,97.92,97.915,97.92,1648.0,97.92,73
2026-01-23T07:30:00Z,97.915,97.92,97.915,97.92,404.0,97.92,69
2026-01-23T07:45:00Z,97.915,97.92,97.915,97.92,521.0,97.92,24
2026-01-23T08:00:00Z,97.915,97.92,97.91,97.915,3968.0,97.915,593
2026-01-23T08:15:00Z,97.92,97.925,97.92,97.925,6530.0,97.923,615
2026-01-23T08:30:00Z,97.92,97.92,97.91,97.91,3324.0,97.913,294
2026-01-23T08:45:00Z,97.91,97.915,97.905,97.91,5566.0,97.91,285
2026-01-23T09:00:00Z,97.915,97.915,97.91,97.915,430.0,97.913,67
2026-01-23T09:15:00Z,97.91,97.91,97.905,97.91,1711.0,97.91,161
2026-01-23T09:30:00Z,97.905,97.905,97.905,97.905,106.0,97.905,73
2026-01-23T09:45:00Z,97.905,97.905,97.9,97.9,3183.0,97.905,334
2026-01-23T10:00:00Z,97.9,97.9,97.9,97.9,1169.0,97.9,103
2026-01-23T10:15:00Z,97.9,97.905,97.9,97.905,3258.0,97.9025,183
2026-01-23T10:30:00Z,97.905,97.905,97.905,97.905,288.0,97.905,11
2026-01-23T10:45:00Z,97.9,97.905,97.9,97.9,1355.0,97.901,131
2026-01-23T11:00:00Z,97.905,97.905,97.895,97.895,5834.0,97.9,476
2026-01-23T11:15:00Z,97.895,97.9,97.895,97.9,3233.0,97.9,123
2026-01-23T11:30:00Z,97.9,97.905,97.9,97.9,1206.0,97.9,112
2026-01-23T11:45:00Z,97.9,97.905,97.9,97.905,1593.0,97.905,151
2026-01-23T12:00:00Z,97.905,97.905,97.905,97.905,5252.0,97.905,158
2026-01-23T12:15:00Z,97.905,97.91,97.905,97.91,820.0,97.9055,54
2026-01-23T12:30:00Z,97.91,97.91,97.905,97.905,1087.0,97.91,69
2026-01-23T12:45:00Z,97.91,97.91,97.905,97.91,253.0,97.9095,56
2026-01-23T13:00:00Z,97.91,97.91,97.905,97.905,96.0,97.906,57
2026-01-23T13:15:00Z,97.91,97.91,97.905,97.905,81.0,97.9055,59
2026-01-23T13:30:00Z,97.905,97.91,97.905,97.905,9192.0,97.905,650
2026-01-23T13:45:00Z,97.905,97.91,97.9,97.905,2289.0,97.905,153
2026-01-23T14:00:00Z,97.905,97.905,97.9,97.905,234.0,97.9025,58
2026-01-23T14:15:00Z,97.905,97.905,97.9,97.9,767.0,97.901,101
2026-01-23T14:30:00Z,97.9,97.905,97.9,97.905,783.0,97.9045,107
2026-01-23T14:45:00Z,97.905,97.91,97.905,97.905,1200.0,97.905,162
2026-01-23T15:00:00Z,97.91,97.91,97.905,97.91,302.0,97.9095,90
2026-01-23T15:15:00Z,97.905,97.91,97.905,97.905,4698.0,97.905,318
2026-01-23T15:30:00Z,97.905,97.905,97.9,97.905,259.0,97.9045,57
2026-01-23T15:45:00Z,97.905,97.905,97.9,97.905,762.0,97.905,132
2026-01-23T16:00:00Z,97.905,97.905,97.9,97.905,2208.0,97.9045,792
2026-01-23T16:15:00Z,97.905,97.905,97.9,97.9,275.0,97.9005,145
2026-01-23T16:30:00Z,97.9,97.905,97.9,97.905,190.0,97.905,24
2026-01-23T16:45:00Z,97.905,97.905,97.9,97.905,671.0,97.903,113
2026-01-23T17:00:00Z,97.9,97.905,97.9,97.905,190.0,97.902,59
2026-01-23T17:15:00Z,97.905,97.905,97.9,97.9,680.0,97.9015,130
2026-01-23T17:30:00Z,97.9,97.905,97.9,97.905,1566.0,97.9015,146
2026-01-23T17:45:00Z,97.9,97.905,97.9,97.905,551.0,97.9005,101
2026-01-23T18:00:00Z,97.9,97.905,97.9,97.9,287.0,97.9015,97
2026-01-23T18:15:00Z,97.9,97.9,97.9,97.9,18.0,97.9,18
2026-01-23T18:30:00Z,97.9,97.9,97.9,97.9,228.0,97.9,36
2026-01-23T18:45:00Z,97.9,97.9,97.9,97.9,0.0,97.9,0
2026-01-23T19:00:00Z,97.9,97.905,97.9,97.905,36.0,97.9,4
2026-01-23T19:15:00Z,97.9,97.9,97.9,97.9,104.0,97.9,26
2026-01-23T19:30:00Z,97.9,97.9,97.9,97.9,43.0,97.9,12
2026-01-23T19:45:00Z,97.905,97.905,97.9,97.905,909.0,97.9045,107
2026-01-23T20:00:00Z,97.905,97.905,97.905,97.905,713.0,97.905,67
2026-01-23T20:15:00Z,97.905,97.905,97.905,97.905,112.0,97.905,55
2026-01-23T20:30:00Z,97.905,97.905,97.9,97.905,2021.0,97.905,382
2026-01-23T20:45:00Z,97.905,97.91,97.905,97.905,623.0,97.905,38
2026-01-26T01:00:00Z,97.91,97.91,97.91,97.91,775.0,97.91,39
2026-01-26T01:15:00Z,97.91,97.91,97.91,97.91,299.0,97.91,13
2026-01-26T01:30:00Z,97.91,97.91,97.91,97.91,0.0,97.91,0
2026-01-26T01:45:00Z,97.91,97.91,97.91,97.91,0.0,97.91,0
2026-01-26T02:00:00Z,97.91,97.91,97.91,97.91,0.0,97.91,0
2026-01-26T02:15:00Z,97.91,97.91,97.91,97.91,0.0,97.91,0
2026-01-26T02:30:00Z,97.91,97.91,97.91,97.91,0.0,97.91,0
2026-01-26T02:45:00Z,97.91,97.91,97.91,97.91,0.0,97.91,0
2026-01-26T03:00:00Z,97.91,97.91,97.91,97.91,0.0,97.91,0
2026-01-26T03:15:00Z,97.91,97.91,97.91,97.91,0.0,97.91,0
2026-01-26T03:30:00Z,97.91,97.91,97.91,97.91,0.0,97.91,0
2026-01-26T03:45:00Z,97.91,97.91,97.91,97.91,0.0,97.91,0
2026-01-26T04:00:00Z,97.91,97.91,97.91,97.91,0.0,97.91,0
2026-01-26T04:15:00Z,97.91,97.91,97.91,97.91,0.0,97.91,0
2026-01-26T04:30:00Z,97.91,97.91,97.91,97.91,0.0,97.91,0
2026-01-26T04:45:00Z,97.91,97.91,97.91,97.91,0.0,97.91,0
2026-01-26T05:00:00Z,97.91,97.91,97.91,97.91,0.0,97.91,0
2026-01-26T05:15:00Z,97.91,97.91,97.91,97.91,0.0,97.91,0
2026-01-26T05:30:00Z,97.91,97.91,97.91,97.91,0.0,97.91,0
2026-01-26T05:45:00Z,97.91,97.91,97.91,97.91,0.0,97.91,0
2026-01-26T06:00:00Z,97.91,97.91,97.91,97.91,3.0,97.91,2
2026-01-26T06:15:00Z,97.915,97.915,97.915,97.915,1937.0,97.915,47
2026-01-26T06:30:00Z,97.915,97.915,97.915,97.915,310.0,97.915,54
2026-01-26T06:45:00Z,97.915,97.915,97.915,97.915,0.0,97.915,0
2026-01-26T07:00:00Z,97.915,97.915,97.91,97.915,1351.0,97.915,125
2026-01-26T07:15:00Z,97.915,97.915,97.91,97.915,1591.0,97.915,93
2026-01-26T07:30:00Z,97.915,97.915,97.915,97.915,1466.0,97.915,88
2026-01-26T07:45:00Z,97.915,97.92,97.915,97.915,283.0,97.92,109
2026-01-26T08:00:00Z,97.92,97.92,97.915,97.915,199.0,97.9195,154
2026-01-26T08:15:00Z,97.915,97.92,97.915,97.92,1598.0,97.92,181
2026-01-26T08:30:00Z,97.92,97.92,97.915,97.915,1246.0,97.916,203
2026-01-26T08:45:00Z,97.915,97.92,97.91,97.915,4274.0,97.915,320
2026-01-26T09:00:00Z,97.915,97.92,97.915,97.92,691.0,97.9155,91
2026-01-26T09:15:00Z,97.92,97.92,97.92,97.92,4406.0,97.92,201
2026-01-26T09:30:00Z,97.92,97.92,97.92,97.92,320.0,97.92,48
2026-01-26T09:45:00Z,97.92,97.92,97.915,97.915,246.0,97.92,66
2026-01-26T10:00:00Z,97.92,97.92,97.915,97.915,69.0,97.919,26
2026-01-26T10:15:00Z,97.92,97.92,97.915,97.915,895.0,97.9195,160
2026-01-26T10:30:00Z,97.915,97.92,97.915,97.915,1500.0,97.9185,92
2026-01-26T10:45:00Z,97.92,97.92,97.915,97.92,4407.0,97.92,255
2026-01-26T11:00:00Z,97.92,97.92,97.915,97.92,1885.0,97.92,152
2026-01-26T11:15:00Z,97.925,97.925,97.92,97.92,1070.0,97.925,166
2026-01-26T11:30:00Z,97.92,97.92,97.92,97.92,2.0,97.92,2
2026-01-26T11:45:00Z,97.92,97.92,97.92,97.92,6.0,97.92,5
2026-01-26T12:00:00Z,97.925,97.925,97.92,97.925,23.0,97.9235,19
2026-01-26T12:15:00Z,97.92,97.925,97.92,97.925,571.0,97.9215,85
2026-01-26T12:30:00Z,97.92,97.925,97.92,97.925,195.0,97.925,85
2026-01-26T12:45:00Z,97.925,97.925,97.92,97.925,1261.0,97.925,91
2026-01-26T13:00:00Z,97.925,97.925,97.92,97.92,437.0,97.922,228
2026-01-26T13:15:00Z,97.92,97.925,97.92,97.92,1992.0,97.92,532
2026-01-26T13:30:00Z,97.92,97.92,97.92,97.92,779.0,97.92,77
2026-01-26T13:45:00Z,97.915,97.92,97.915,97.92,128.0,97.9195,56
2026-01-26T14:00:00Z,97.915,97.92,97.915,97.92,2321.0,97.92,123
2026-01-26T14:15:00Z,97.92,97.925,97.92,97.925,432.0,97.921,41
2026-01-26T14:30:00Z,97.925,97.925,97.92,97.92,94.0,97.92,34
2026-01-26T14:45:00Z,97.92,97.925,97.92,97.92,77.0,97.924,44
2026-01-26T15:00:00Z,97.92,97.925,97.92,97.925,1866.0,97.9245,289
2026-01-26T15:15:00Z,97.925,97.925,97.92,97.925,3757.0,97.925,309
2026-01-26T15:30:00Z,97.925,97.925,97.925,97.925,3982.0,97.925,305
2026-01-26T15:45:00Z,97.925,97.925,97.925,97.925,1150.0,97.925,114
2026-01-26T16:00:00Z,97.92,97.93,97.92,97.93,731.0,97.925,218
2026-01-26T16:15:00Z,97.925,97.93,97.925,97.925,2486.0,97.925,243
2026-01-26T16:30:00Z,97.925,97.93,97.925,97.925,678.0,97.9275,86
2026-01-26T16:45:00Z,97.93,97.93,97.925,97.925,10796.0,97.925,263
2026-01-26T17:00:00Z,97.925,97.925,97.925,97.925,2015.0,97.925,181
2026-01-26T17:15:00Z,97.93,97.93,97.925,97.925,5484.0,97.925,203
2026-01-26T17:30:00Z,97.925,97.93,97.925,97.93,65.0,97.93,19
2026-01-26T17:45:00Z,97.93,97.93,97.925,97.925,45.0,97.926,11
2026-01-26T18:00:00Z,97.925,97.93,97.925,97.925,363.0,97.9255,26
2026-01-26T18:15:00Z,97.93,97.93,97.925,97.93,1636.0,97.9295,252
2026-01-26T18:30:00Z,97.93,97.93,97.925,97.925,1003.0,97.9295,189
2026-01-26T18:45:00Z,97.925,97.925,97.925,97.925,0.0,97.925,0
2026-01-26T19:00:00Z,97.925,97.925,97.925,97.925,125.0,97.925,18
2026-01-26T19:15:00Z,97.925,97.925,97.925,97.925,351.0,97.925,22
2026-01-26T19:30:00Z,97.925,97.925,97.925,97.925,6.0,97.925,5
2026-01-26T19:45:00Z,97.925,97.925,97.925,97.925,941.0,97.925,71
2026-01-26T20:00:00Z,97.925,97.925,97.925,97.925,77.0,97.925,19
2026-01-26T20:15:00Z,97.925,97.925,97.925,97.925,45.0,97.925,5
2026-01-26T20:30:00Z,97.925,97.925,97.925,97.925,5.0,97.925,1
2026-01-26T20:45:00Z,97.93,97.93,97.925,97.925,287.0,97.927,45
2026-01-27T01:00:00Z,97.92,97.925,97.92,97.92,26.0,97.924,6
2026-01-27T01:15:00Z,97.92,97.92,97.92,97.92,1.0,97.92,1
2026-01-27T01:30:00Z,97.92,97.92,97.92,97.92,17.0,97.92,9
2026-01-27T01:45:00Z,97.92,97.92,97.92,97.92,4.0,97.92,1
2026-01-27T02:00:00Z,97.92,97.92,97.92,97.92,0.0,97.92,0
2026-01-27T02:15:00Z,97.92,97.92,97.92,97.92,0.0,97.92,0
2026-01-27T02:30:00Z,97.92,97.92,97.92,97.92,0.0,97.92,0
2026-01-27T02:45:00Z,97.92,97.92,97.92,97.92,0.0,97.92,0
2026-01-27T03:00:00Z,97.92,97.92,97.92,97.92,0.0,97.92,0
2026-01-27T03:15:00Z,97.92,97.92,97.92,97.92,0.0,97.92,0
2026-01-27T03:30:00Z,97.92,97.92,97.92,97.92,0.0,97.92,0
2026-01-27T03:45:00Z,97.92,97.92,97.92,97.92,0.0,97.92,0
2026-01-27T04:00:00Z,97.92,97.92,97.92,97.92,0.0,97.92,0
2026-01-27T04:15:00Z,97.92,97.92,97.92,97.92,0.0,97.92,0
2026-01-27T04:30:00Z,97.92,97.92,97.92,97.92,0.0,97.92,0
2026-01-27T04:45:00Z,97.92,97.92,97.92,97.92,0.0,97.92,0
2026-01-27T05:00:00Z,97.92,97.92,97.92,97.92,0.0,97.92,0
2026-01-27T05:15:00Z,97.92,97.92,97.92,97.92,0.0,97.92,0
2026-01-27T05:30:00Z,97.92,97.92,97.92,97.92,0.0,97.92,0
2026-01-27T05:45:00Z,97.92,97.92,97.92,97.92,0.0,97.92,0
2026-01-27T06:00:00Z,97.92,97.92,97.92,97.92,1.0,97.92,1
2026-01-27T06:15:00Z,97.92,97.92,97.92,97.92,0.0,97.92,0
2026-01-27T06:30:00Z,97.92,97.92,97.92,97.92,0.0,97.92,0
2026-01-27T06:45:00Z,97.925,97.925,97.925,97.925,1.0,97.925,1
2026-01-27T07:00:00Z,97.92,97.925,97.92,97.92,11.0,97.9205,7
2026-01-27T07:15:00Z,97.92,97.92,97.92,97.92,8.0,97.92,8
2026-01-27T07:30:00Z,97.925,97.925,97.92,97.92,463.0,97.9205,80
2026-01-27T07:45:00Z,97.92,97.925,97.92,97.92,775.0,97.92,62
2026-01-27T08:00:00Z,97.925,97.925,97.925,97.925,295.0,97.925,44
2026-01-27T08:15:00Z,97.925,97.93,97.92,97.93,2717.0,97.925,187
2026-01-27T08:30:00Z,97.93,97.93,97.92,97.925,1538.0,97.9255,118
2026-01-27T08:45:00Z,97.925,97.93,97.925,97.925,1048.0,97.925,69
2026-01-27T09:00:00Z,97.925,97.925,97.92,97.925,625.0,97.925,47
2026-01-27T09:15:00Z,97.92,97.92,97.92,97.92,15.0,97.92,12
2026-01-27T09:30:00Z,97.925,97.925,97.92,97.92,2172.0,97.92,190
2026-01-27T09:45:00Z,97.92,97.92,97.915,97.92,4284.0,97.92,157
2026-01-27T10:00:00Z,97.92,97.92,97.915,97.915,131.0,97.9185,23
2026-01-27T10:15:00Z,97.915,97.92,97.915,97.915,239.0,97.9175,82
2026-01-27T10:30:00Z,97.92,97.92,97.915,97.915,437.0,97.9195,90
2026-01-27T10:45:00Z,97.92,97.92,97.92,97.92,1671.0,97.92,164
2026-01-27T11:00:00Z,97.92,97.92,97.915,97.92,2605.0,97.92,217
2026-01-27T11:15:00Z,97.915,97.92,97.915,97.915,154.0,97.9185,35
2026-01-27T11:30:00Z,97.92,97.92,97.92,97.92,1622.0,97.92,47
2026-01-27T11:45:00Z,97.92,97.925,97.92,97.92,287.0,97.92,30
2026-01-27T12:00:00Z,97.92,97.92,97.915,97.92,1398.0,97.92,96
2026-01-27T12:15:00Z,97.92,97.92,97.915,97.92,206.0,97.9195,35
2026-01-27T12:30:00Z,97.92,97.92,97.92,97.92,1191.0,97.92,68
2026-01-27T12:45:00Z,97.92,97.935,97.915,97.925,4959.0,97.927,301
2026-01-27T13:00:00Z,97.93,97.935,97.93,97.93,2043.0,97.93,96
2026-01-27T13:15:00Z,97.93,97.935,97.93,97.93,5041.0,97.93,234
2026-01-27T13:30:00Z,97.93,97.93,97.93,97.93,1321.0,97.93,158
2026-01-27T13:45:00Z,97.93,97.93,97.925,97.925,1614.0,97.9285,170
2026-01-27T14:00:00Z,97.93,97.93,97.93,97.93,42.0,97.93,4
2026-01-27T14:15:00Z,97.93,97.93,97.925,97.93,430.0,97.93,123
2026-01-27T14:30:00Z,97.93,97.935,97.93,97.935,5367.0,97.933,322
2026-01-27T14:45:00Z,97.935,97.94,97.935,97.935,561.0,97.936,42
2026-01-27T15:00:00Z,97.94,97.94,97.935,97.94,10965.0,97.94,572
2026-01-27T15:15:00Z,97.945,97.945,97.935,97.94,1635.0,97.94,85
2026-01-27T15:30:00Z,97.94,97.94,97.935,97.935,187.0,97.936,56
2026-01-27T15:45:00Z,97.935,97.94,97.935,97.935,242.0,97.938,91
2026-01-27T16:00:00Z,97.935,97.94,97.935,97.935,1407.0,97.9355,519
2026-01-27T16:15:00Z,97.94,97.94,97.935,97.94,612.0,97.9385,194
2026-01-27T16:30:00Z,97.935,97.945,97.935,97.94,4219.0,97.94,361
2026-01-27T16:45:00Z,97.94,97.94,97.935,97.935,1520.0,97.94,121
2026-01-27T17:00:00Z,97.94,97.94,97.935,97.94,214.0,97.936,59
2026-01-27T17:15:00Z,97.94,97.94,97.935,97.935,58.0,97.9395,18
2026-01-27T17:30:00Z,97.935,97.94,97.935,97.94,376.0,97.9395,101
2026-01-27T17:45:00Z,97.94,97.94,97.935,97.935,200.0,97.94,61
2026-01-27T18:00:00Z,97.935,97.935,97.935,97.935,0.0,97.935,0
2026-01-27T18:15:00Z,97.94,97.94,97.94,97.94,104.0,97.94,19
2026-01-27T18:30:00Z,97.94,97.94,97.94,97.94,5291.0,97.94,174
2026-01-27T18:45:00Z,97.94,97.94,97.94,97.94,141.0,97.94,10
2026-01-27T19:00:00Z,97.94,97.94,97.94,97.94,0.0,97.94,0
2026-01-27T19:15:00Z,97.94,97.94,97.94,97.94,0.0,97.94,0
2026-01-27T19:30:00Z,97.94,97.94,97.94,97.94,1231.0,97.94,34
2026-01-27T19:45:00Z,97.94,97.94,97.94,97.94,178.0,97.94,15
2026-01-27T20:00:00Z,97.94,97.94,97.94,97.94,0.0,97.94,0
2026-01-27T20:15:00Z,97.945,97.945,97.945,97.945,1.0,97.945,1
2026-01-27T20:30:00Z,97.94,97.94,97.94,97.94,10.0,97.94,6
2026-01-27T20:45:00Z,97.94,97.95,97.94,97.945,8672.0,97.945,286
2026-01-28T01:00:00Z,97.945,97.95,97.945,97.95,3867.0,97.9485,405
2026-01-28T01:15:00Z,97.95,97.955,97.95,97.955,12.0,97.9535,10
2026-01-28T01:30:00Z,97.955,97.955,97.95,97.955,29.0,97.9515,28
2026-01-28T01:45:00Z,97.955,97.955,97.95,97.95,801.0,97.95,13
2026-01-28T02:00:00Z,97.945,97.945,97.945,97.945,12.0,97.945,10
2026-01-28T02:15:00Z,97.945,97.945,97.945,97.945,23.0,97.945,14
2026-01-28T02:30:00Z,97.945,97.945,97.945,97.945,0.0,97.945,0
2026-01-28T02:45:00Z,97.945,97.945,97.945,97.945,0.0,97.945,0
2026-01-28T03:00:00Z,97.945,97.945,97.945,97.945,5.0,97.945,3
2026-01-28T03:15:00Z,97.945,97.945,97.945,97.945,17.0,97.945,6
2026-01-28T03:30:00Z,97.945,97.945,97.945,97.945,0.0,97.945,0
2026-01-28T03:45:00Z,97.945,97.945,97.945,97.945,78.0,97.945,35
2026-01-28T04:00:00Z,97.945,97.945,97.945,97.945,133.0,97.945,49
2026-01-28T04:15:00Z,97.945,97.945,97.945,97.945,119.0,97.945,29
2026-01-28T04:30:00Z,97.945,97.95,97.945,97.945,4081.0,97.95,84
2026-01-28T04:45:00Z,97.95,97.95,97.945,97.95,27.0,97.947,19
2026-01-28T05:00:00Z,97.945,97.955,97.945,97.95,2656.0,97.9505,155
2026-01-28T05:15:00Z,97.955,97.955,97.95,97.955,1792.0,97.955,87
2026-01-28T05:30:00Z,97.955,97.955,97.955,97.955,112.0,97.955,4
2026-01-28T05:45:00Z,97.955,97.955,97.955,97.955,10.0,97.955,4
2026-01-28T06:00:00Z,97.955,97.955,97.955,97.955,8.0,97.955,6
2026-01-28T06:15:00Z,97.96,97.96,97.96,97.96,94.0,97.96,11
2026-01-28T06:30:00Z,97.96,97.96,97.96,97.96,11667.0,97.96,148
2026-01-28T06:45:00Z,97.96,97.96,97.96,97.96,1681.0,97.96,83
2026-01-28T07:00:00Z,97.96,97.965,97.96,97.965,809.0,97.96,97
2026-01-28T07:15:00Z,97.965,97.97,97.96,97.965,805.0,97.9655,80
2026-01-28T07:30:00Z,97.965,97.975,97.965,97.97,5371.0,97.97,327
2026-01-28T07:45:00Z,97.97,97.97,97.965,97.97,2406.0,97.9665,147
2026-01-28T08:00:00Z,97.97,97.97,97.965,97.97,614.0,97.9655,74
2026-01-28T08:15:00Z,97.965,97.97,97.965,97.97,7447.0,97.97,429
2026-01-28T08:30:00Z,97.97,97.975,97.97,97.975,7336.0,97.971,400
2026-01-28T08:45:00Z,97.975,97.98,97.97,97.97,7205.0,97.973,461
2026-01-28T09:00:00Z,97.97,97.975,97.97,97.97,2633.0,97.97,161
2026-01-28T09:15:00Z,97.97,97.975,97.97,97.97,5186.0,97.97,217
2026-01-28T09:30:00Z,97.97,97.97,97.965,97.97,3334.0,97.97,171
2026-01-28T09:45:00Z,97.965,97.975,97.965,97.97,3022.0,97.97,198
2026-01-28T10:00:00Z,97.97,97.975,97.97,97.975,497.0,97.9745,126
2026-01-28T10:15:00Z,97.975,97.975,97.97,97.975,740.0,97.975,259
2026-01-28T10:30:00Z,97.97,97.975,97.97,97.975,3597.0,97.975,459
2026-01-28T10:45:00Z,97.975,97.975,97.97,97.975,1123.0,97.9725,261
2026-01-28T11:00:00Z,97.975,97.975,97.975,97.975,852.0,97.975,198
2026-01-28T11:15:00Z,97.975,97.975,97.97,97.975,44.0,97.974,33
2026-01-28T11:30:00Z,97.975,97.975,97.97,97.97,6815.0,97.97,346
2026-01-28T11:45:00Z,97.97,97.97,97.97,97.97,4179.0,97.97,303
2026-01-28T12:00:00Z,97.97,97.98,97.97,97.98,9651.0,97.972,644
2026-01-28T12:15:00Z,97.975,97.98,97.975,97.975,10118.0,97.975,526
2026-01-28T12:30:00Z,97.975,97.98,97.975,97.975,1320.0,97.9785,260
2026-01-28T12:45:00Z,97.98,97.985,97.98,97.985,14639.0,97.98,305
2026-01-28T13:00:00Z,97.985,97.985,97.98,97.985,8713.0,97.98,417
2026-01-28T13:15:00Z,97.985,97.985,97.98,97.98,8116.0,97.98,277
2026-01-28T13:30:00Z,97.975,97.98,97.975,97.975,23419.0,97.975,523
2026-01-28T13:45:00Z,97.975,97.98,97.975,97.98,4971.0,97.975,242
2026-01-28T14:00:00Z,97.98,97.98,97.975,97.975,5208.0,97.975,255
2026-01-28T14:15:00Z,97.98,97.98,97.975,97.98,5190.0,97.975,285
2026-01-28T14:30:00Z,97.98,97.98,97.975,97.975,915.0,97.978,329
2026-01-28T14:45:00Z,97.98,97.98,97.975,97.975,6489.0,97.975,368
2026-01-28T15:00:00Z,97.975,97.98,97.965,97.965,24205.0,97.974,698
2026-01-28T15:15:00Z,97.965,97.975,97.96,97.97,11360.0,97.966,938
2026-01-28T15:30:00Z,97.97,97.97,97.965,97.965,4795.0,97.97,257
2026-01-28T15:45:00Z,97.97,97.975,97.97,97.975,1678.0,97.9705,207
2026-01-28T16:00:00Z,97.975,97.975,97.97,97.97,1437.0,97.971,562
2026-01-28T16:15:00Z,97.975,97.975,97.97,97.97,1120.0,97.9735,219
2026-01-28T16:30:00Z,97.975,97.975,97.97,97.975,8008.0,97.9745,512
2026-01-28T16:45:00Z,97.97,97.975,97.965,97.97,8349.0,97.9695,349
2026-01-28T17:00:00Z,97.97,97.97,97.965,97.97,79.0,97.97,20
2026-01-28T17:15:00Z,97.97,97.97,97.97,97.97,53.0,97.97,3
2026-01-28T17:30:00Z,97.965,97.97,97.965,97.965,479.0,97.967,115
2026-01-28T17:45:00Z,97.97,97.97,97.965,97.965,799.0,97.9665,149
2026-01-28T18:00:00Z,97.97,97.975,97.97,97.97,222.0,97.97,26
2026-01-28T18:15:00Z,97.97,97.97,97.97,97.97,108.0,97.97,12
2026-01-28T18:30:00Z,97.97,97.975,97.97,97.97,962.0,97.97,44
2026-01-28T18:45:00Z,97.97,97.975,97.97,97.97,3690.0,97.97,76
2026-01-28T19:00:00Z,97.97,97.97,97.97,97.97,1635.0,97.97,24
2026-01-28T19:15:00Z,97.97,97.97,97.965,97.965,2470.0,97.9695,71
2026-01-28T19:30:00Z,97.965,97.965,97.965,97.965,797.0,97.965,56
2026-01-28T19:45:00Z,97.965,97.965,97.965,97.965,1320.0,97.965,64
2026-01-28T20:00:00Z,97.97,97.97,97.97,97.97,505.0,97.97,29
2026-01-28T20:15:00Z,97.97,97.97,97.97,97.97,1437.0,97.97,71
2026-01-28T20:30:00Z,97.97,97.97,97.97,97.97,53.0,97.97,5
2026-01-28T20:45:00Z,97.97,97.97,97.97,97.97,430.0,97.97,24
2026-01-29T01:00:00Z,97.97,97.975,97.97,97.975,302.0,97.97,10
2026-01-29T01:15:00Z,97.975,97.975,97.975,97.975,0.0,97.975,0
2026-01-29T01:30:00Z,97.975,97.975,97.975,97.975,0.0,97.975,0
2026-01-29T01:45:00Z,97.975,97.975,97.975,97.975,0.0,97.975,0
2026-01-29T02:00:00Z,97.975,97.975,97.975,97.975,0.0,97.975,0
2026-01-29T02:15:00Z,97.975,97.975,97.975,97.975,0.0,97.975,0
2026-01-29T02:30:00Z,97.975,97.975,97.975,97.975,0.0,97.975,0
2026-01-29T02:45:00Z,97.975,97.975,97.975,97.975,0.0,97.975,0
2026-01-29T03:00:00Z,97.975,97.975,97.975,97.975,0.0,97.975,0
2026-01-29T03:15:00Z,97.97,97.97,97.97,97.97,180.0,97.97,8
2026-01-29T03:30:00Z,97.97,97.97,97.97,97.97,1.0,97.97,1
2026-01-29T03:45:00Z,97.97,97.97,97.97,97.97,41.0,97.97,3
2026-01-29T04:00:00Z,97.97,97.97,97.97,97.97,1.0,97.97,1
2026-01-29T04:15:00Z,97.97,97.97,97.97,97.97,0.0,97.97,0
2026-01-29T04:30:00Z,97.97,97.97,97.97,97.97,2.0,97.97,2
2026-01-29T04:45:00Z,97.97,97.97,97.97,97.97,0.0,97.97,0
2026-01-29T05:00:00Z,97.97,97.97,97.97,97.97,0.0,97.97,0
2026-01-29T05:15:00Z,97.965,97.97,97.965,97.97,2023.0,97.965,59
2026-01-29T05:30:00Z,97.97,97.97,97.97,97.97,0.0,97.97,0
2026-01-29T05:45:00Z,97.97,97.97,97.97,97.97,0.0,97.97,0
2026-01-29T06:00:00Z,97.97,97.97,97.97,97.97,0.0,97.97,0
2026-01-29T06:15:00Z,97.97,97.97,97.97,97.97,184.0,97.97,11
2026-01-29T06:30:00Z,97.97,97.97,97.97,97.97,0.0,97.97,0
2026-01-29T06:45:00Z,97.97,97.97,97.97,97.97,0.0,97.97,0
2026-01-29T07:00:00Z,97.975,97.975,97.97,97.97,180.0,97.975,30
2026-01-29T07:15:00Z,97.975,97.975,97.97,97.975,280.0,97.975,33
2026-01-29T07:30:00Z,97.975,97.975,97.97,97.975,2543.0,97.9705,155
2026-01-29T07:45:00Z,97.97,97.97,97.97,97.97,5.0,97.97,4
2026-01-29T08:00:00Z,97.975,97.975,97.97,97.975,1939.0,97.975,168
2026-01-29T08:15:00Z,97.975,97.98,97.97,97.975,731.0,97.975,125
2026-01-29T08:30:00Z,97.975,97.975,97.97,97.975,53.0,97.975,53
2026-01-29T08:45:00Z,97.975,97.98,97.97,97.975,2404.0,97.9745,207
2026-01-29T09:00:00Z,97.975,97.975,97.975,97.975,572.0,97.975,38
2026-01-29T09:15:00Z,97.975,97.975,97.975,97.975,1823.0,97.975,160
2026-01-29T09:30:00Z,97.975,97.98,97.975,97.98,1348.0,97.975,129
2026-01-29T09:45:00Z,97.975,97.98,97.975,97.975,425.0,97.975,67
2026-01-29T10:00:00Z,97.98,97.98,97.98,97.98,208.0,97.98,59
2026-01-29T10:15:00Z,97.975,97.98,97.975,97.98,18.0,97.9795,15
2026-01-29T10:30:00Z,97.975,97.98,97.975,97.98,303.0,97.975,75
2026-01-29T10:45:00Z,97.975,97.98,97.975,97.98,92.0,97.976,65
2026-01-29T11:00:00Z,97.975,97.98,97.975,97.975,328.0,97.9775,79
2026-01-29T11:15:00Z,97.98,97.98,97.975,97.98,146.0,97.976,71
2026-01-29T11:30:00Z,97.975,97.985,97.975,97.98,3671.0,97.98,535
2026-01-29T11:45:00Z,97.98,97.985,97.975,97.98,15508.0,97.98,295
2026-01-29T12:00:00Z,97.98,97.985,97.98,97.985,1006.0,97.9805,149
2026-01-29T12:15:00Z,97.98,97.985,97.98,97.985,577.0,97.983,254
2026-01-29T12:30:00Z,97.98,97.985,97.98,97.98,403.0,97.9805,143
2026-01-29T12:45:00Z,97.98,97.985,97.98,97.985,134.0,97.9815,111
2026-01-29T13:00:00Z,97.985,97.985,97.98,97.985,241.0,97.9805,88
2026-01-29T13:15:00Z,97.985,97.985,97.98,97.98,369.0,97.9805,125
2026-01-29T13:30:00Z,97.985,97.985,97.98,97.98,120.0,97.9845,40
2026-01-29T13:45:00Z,97.985,97.985,97.98,97.98,360.0,97.98,106
2026-01-29T14:00:00Z,97.98,97.985,97.98,97.98,3953.0,97.98,777
2026-01-29T14:15:00Z,97.98,97.98,97.975,97.98,197.0,97.978,78
2026-01-29T14:30:00Z,97.98,97.98,97.98,97.98,2079.0,97.98,76
2026-01-29T14:45:00Z,97.985,97.995,97.985,97.985,6583.0,97.9875,570
2026-01-29T15:00:00Z,97.985,97.99,97.985,97.99,4576.0,97.9895,318
2026-01-29T15:15:00Z,97.995,97.995,97.99,97.99,9715.0,97.9905,352
2026-01-29T15:30:00Z,97.99,98.0,97.99,98.0,5162.0,97.9945,265
2026-01-29T15:45:00Z,98.0,98.0,97.99,97.995,3463.0,97.9925,234
2026-01-29T16:00:00Z,97.995,98.0,97.99,97.99,8496.0,97.9945,1020
2026-01-29T16:15:00Z,97.995,97.995,97.985,97.985,3529.0,97.9895,268
2026-01-29T16:30:00Z,97.99,97.99,97.985,97.99,407.0,97.985,35
2026-01-29T16:45:00Z,97.99,97.99,97.985,97.985,55.0,97.986,21
2026-01-29T17:00:00Z,97.985,97.985,97.985,97.985,486.0,97.985,138
2026-01-29T17:15:00Z,97.985,97.99,97.985,97.99,388.0,97.985,89
2026-01-29T17:30:00Z,97.985,97.99,97.985,97.985,276.0,97.985,133
2026-01-29T17:45:00Z,97.985,97.99,97.985,97.99,3086.0,97.99,134
2026-01-29T18:00:00Z,97.99,97.99,97.985,97.985,651.0,97.9895,49
2026-01-29T18:15:00Z,97.985,97.985,97.985,97.985,0.0,97.985,0
2026-01-29T18:30:00Z,97.985,97.985,97.985,97.985,0.0,97.985,0
2026-01-29T18:45:00Z,97.99,97.99,97.99,97.99,661.0,97.99,38
2026-01-29T19:00:00Z,97.99,97.99,97.99,97.99,159.0,97.99,22
2026-01-29T19:15:00Z,97.99,97.99,97.99,97.99,206.0,97.99,16
2026-01-29T19:30:00Z,97.99,97.99,97.985,97.985,263.0,97.986,50
2026-01-29T19:45:00Z,97.985,97.985,97.985,97.985,0.0,97.985,0
2026-01-29T20:00:00Z,97.985,97.985,97.985,97.985,0.0,97.985,0
2026-01-29T20:15:00Z,97.985,97.985,97.985,97.985,51.0,97.985,14
2026-01-29T20:30:00Z,97.985,97.985,97.985,97.985,0.0,97.985,0
2026-01-29T20:45:00Z,97.985,97.99,97.985,97.99,4620.0,97.985,139
2026-01-30T01:00:00Z,97.985,97.985,97.98,97.98,2016.0,97.9805,71
2026-01-30T01:15:00Z,97.98,97.98,97.98,97.98,0.0,97.98,0
2026-01-30T01:30:00Z,97.98,97.98,97.98,97.98,1.0,97.98,1
2026-01-30T01:45:00Z,97.98,97.98,97.98,97.98,0.0,97.98,0
2026-01-30T02:00:00Z,97.98,97.98,97.98,97.98,0.0,97.98,0
2026-01-30T02:15:00Z,97.98,97.98,97.98,97.98,0.0,97.98,0
2026-01-30T02:30:00Z,97.98,97.98,97.98,97.98,0.0,97.98,0
2026-01-30T02:45:00Z,97.98,97.98,97.98,97.98,0.0,97.98,0
2026-01-30T03:00:00Z,97.98,97.98,97.98,97.98,0.0,97.98,0
2026-01-30T03:15:00Z,97.98,97.98,97.98,97.98,0.0,97.98,0
2026-01-30T03:30:00Z,97.98,97.98,97.98,97.98,0.0,97.98,0
2026-01-30T03:45:00Z,97.98,97.98,97.98,97.98,0.0,97.98,0
2026-01-30T04:00:00Z,97.98,97.98,97.98,97.98,0.0,97.98,0
2026-01-30T04:15:00Z,97.98,97.98,97.98,97.98,0.0,97.98,0
2026-01-30T04:30:00Z,97.98,97.98,97.98,97.98,0.0,97.98,0
2026-01-30T04:45:00Z,97.98,97.98,97.98,97.98,0.0,97.98,0
2026-01-30T05:00:00Z,97.98,97.98,97.98,97.98,0.0,97.98,0
2026-01-30T05:15:00Z,97.98,97.98,97.98,97.98,0.0,97.98,0
2026-01-30T05:30:00Z,97.98,97.98,97.98,97.98,0.0,97.98,0
2026-01-30T05:45:00Z,97.98,97.98,97.98,97.98,0.0,97.98,0
2026-01-30T06:00:00Z,97.975,97.98,97.975,97.975,351.0,97.975,35
2026-01-30T06:15:00Z,97.975,97.975,97.975,97.975,0.0,97.975,0
2026-01-30T06:30:00Z,97.98,97.98,97.98,97.98,389.0,97.98,16
2026-01-30T06:45:00Z,97.98,97.98,97.98,97.98,0.0,97.98,0
2026-01-30T07:00:00Z,97.98,97.985,97.975,97.985,1133.0,97.98,69
2026-01-30T07:15:00Z,97.985,97.985,97.985,97.985,308.0,97.985,26
2026-01-30T07:30:00Z,97.98,97.985,97.98,97.98,351.0,97.9845,29
2026-01-30T07:45:00Z,97.985,97.985,97.98,97.98,826.0,97.98,129
2026-01-30T08:00:00Z,97.98,97.985,97.98,97.985,1572.0,97.98,140
2026-01-30T08:15:00Z,97.985,97.985,97.98,97.98,2026.0,97.98,78
2026-01-30T08:30:00Z,97.985,97.99,97.985,97.985,4084.0,97.985,336
2026-01-30T08:45:00Z,97.98,97.985,97.98,97.985,1501.0,97.9845,177
2026-01-30T09:00:00Z,97.985,97.985,97.97,97.98,6749.0,97.978,407
2026-01-30T09:15:00Z,97.98,97.98,97.975,97.975,219.0,97.979,28
2026-01-30T09:30:00Z,97.98,97.98,97.975,97.98,4212.0,97.98,210
2026-01-30T09:45:00Z,97.98,97.98,97.975,97.98,261.0,97.9755,67
2026-01-30T10:00:00Z,97.975,97.98,97.975,97.98,1953.0,97.975,150
2026-01-30T10:15:00Z,97.98,97.98,97.97,97.975,2932.0,97.975,152
2026-01-30T10:30:00Z,97.97,97.975,97.97,97.97,203.0,97.9725,33
2026-01-30T10:45:00Z,97.97,97.97,97.965,97.965,4446.0,97.97,181
2026-01-30T11:00:00Z,97.97,97.97,97.97,97.97,423.0,97.97,58
2026-01-30T11:15:00Z,97.97,97.97,97.965,97.97,600.0,97.9665,115
2026-01-30T11:30:00Z,97.965,97.97,97.965,97.97,594.0,97.9665,102
2026-01-30T11:45:00Z,97.97,97.97,97.97,97.97,206.0,97.97,58
2026-01-30T12:00:00Z,97.97,97.97,97.965,97.97,11662.0,97.97,1419
2026-01-30T12:15:00Z,97.97,97.97,97.965,97.97,5831.0,97.9695,357
2026-01-30T12:30:00Z,97.97,97.97,97.965,97.97,390.0,97.9675,119
2026-01-30T12:45:00Z,97.97,97.97,97.965,97.97,853.0,97.97,91
2026-01-30T13:00:00Z,97.97,97.97,97.965,97.97,1173.0,97.9655,309
2026-01-30T13:15:00Z,97.97,97.97,97.965,97.97,1112.0,97.969,99
2026-01-30T13:30:00Z,97.97,97.97,97.965,97.97,235.0,97.9695,49
2026-01-30T13:45:00Z,97.97,97.97,97.965,97.97,2768.0,97.9695,127
2026-01-30T14:00:00Z,97.97,97.97,97.965,97.97,1449.0,97.9695,123
2026-01-30T14:15:00Z,97.97,97.975,97.97,97.97,6949.0,97.97,226
2026-01-30T14:30:00Z,97.97,97.975,97.97,97.975,89.0,97.9745,25
2026-01-30T14:45:00Z,97.975,97.975,97.97,97.97,51.0,97.9745,40
2026-01-30T15:00:00Z,97.97,97.975,97.97,97.97,3867.0,97.97,437
2026-01-30T15:15:00Z,97.97,97.975,97.97,97.97,8449.0,97.97,247
2026-01-30T15:30:00Z,97.97,97.975,97.965,97.965,2655.0,97.97,178
2026-01-30T15:45:00Z,97.97,97.975,97.97,97.97,706.0,97.97,102
2026-01-30T16:00:00Z,97.975,97.975,97.97,97.975,4764.0,97.975,2117
2026-01-30T16:15:00Z,97.975,97.98,97.97,97.97,3774.0,97.9745,531
2026-01-30T16:30:00Z,97.97,97.975,97.97,97.97,979.0,97.972,164
2026-01-30T16:45:00Z,97.975,97.975,97.97,97.975,1117.0,97.97,80
2026-01-30T17:00:00Z,97.975,97.975,97.97,97.975,3500.0,97.9745,261
2026-01-30T17:15:00Z,97.97,97.975,97.97,97.97,98.0,97.9745,15
2026-01-30T17:30:00Z,97.97,97.97,97.97,97.97,195.0,97.97,54
2026-01-30T17:45:00Z,97.97,97.975,97.97,97.97,401.0,97.97,70
2026-01-30T18:00:00Z,97.97,97.97,97.97,97.97,0.0,97.97,0
2026-01-30T18:15:00Z,97.97,97.97,97.97,97.97,21.0,97.97,9
2026-01-30T18:30:00Z,97.97,97.975,97.97,97.975,1064.0,97.97,58
2026-01-30T18:45:00Z,97.975,97.975,97.975,97.975,900.0,97.975,62
2026-01-30T19:00:00Z,97.975,97.975,97.975,97.975,0.0,97.975,0
2026-01-30T19:15:00Z,97.975,97.975,97.97,97.97,27.0,97.9745,5
2026-01-30T19:30:00Z,97.97,97.975,97.97,97.97,107.0,97.9725,17
2026-01-30T19:45:00Z,97.97,97.97,97.97,97.97,0.0,97.97,0
2026-01-30T20:00:00Z,97.97,97.975,97.97,97.975,210.0,97.97,35
2026-01-30T20:15:00Z,97.975,97.975,97.97,97.975,367.0,97.9705,176
2026-01-30T20:30:00Z,97.97,97.975,97.97,97.97,1064.0,97.97,249
2026-01-30T20:45:00Z,97.97,97.975,97.97,97.97,514.0,97.9705,142
2026-02-02T01:00:00Z,97.975,97.975,97.96,97.965,3281.0,97.9655,89
2026-02-02T01:15:00Z,97.965,97.965,97.965,97.965,253.0,97.965,1
2026-02-02T01:30:00Z,97.965,97.965,97.965,97.965,54.0,97.965,5
2026-02-02T01:45:00Z,97.965,97.965,97.965,97.965,0.0,97.965,0
2026-02-02T02:00:00Z,97.965,97.965,97.965,97.965,0.0,97.965,0
2026-02-02T02:15:00Z,97.965,97.965,97.965,97.965,0.0,97.965,0
2026-02-02T02:30:00Z,97.965,97.965,97.965,97.965,0.0,97.965,0
2026-02-02T02:45:00Z,97.965,97.965,97.965,97.965,0.0,97.965,0
2026-02-02T03:00:00Z,97.96,97.96,97.96,97.96,1.0,97.96,1
2026-02-02T03:15:00Z,97.96,97.96,97.96,97.96,0.0,97.96,0
2026-02-02T03:30:00Z,97.965,97.97,97.965,97.97,4968.0,97.9685,126
2026-02-02T03:45:00Z,97.97,97.97,97.965,97.97,35.0,97.97,10
2026-02-02T04:00:00Z,97.975,97.975,97.97,97.975,428.0,97.975,43
2026-02-02T04:15:00Z,97.975,97.975,97.97,97.975,170.0,97.972,21
2026-02-02T04:30:00Z,97.975,97.975,97.975,97.975,0.0,97.975,0
2026-02-02T04:45:00Z,97.975,97.975,97.975,97.975,0.0,97.975,0
2026-02-02T05:00:00Z,97.975,97.975,97.975,97.975,0.0,97.975,0
2026-02-02T05:15:00Z,97.975,97.975,97.975,97.975,801.0,97.975,17
2026-02-02T05:30:00Z,97.98,97.98,97.98,97.98,663.0,97.98,33
2026-02-02T05:45:00Z,97.98,97.98,97.98,97.98,2.0,97.98,2
2026-02-02T06:00:00Z,97.975,97.975,97.975,97.975,870.0,97.975,32
2026-02-02T06:15:00Z,97.975,97.975,97.975,97.975,11.0,97.975,5
2026-02-02T06:30:00Z,97.975,97.975,97.975,97.975,87.0,97.975,12
2026-02-02T06:45:00Z,97.975,97.975,97.97,97.975,1935.0,97.975,80
2026-02-02T07:00:00Z,97.97,97.975,97.965,97.97,5228.0,97.968,176
2026-02-02T07:15:00Z,97.965,97.97,97.96,97.965,1874.0,97.965,95
2026-02-02T07:30:00Z,97.965,97.97,97.965,97.97,161.0,97.966,40
2026-02-02T07:45:00Z,97.97,97.97,97.96,97.965,4695.0,97.965,292
2026-02-02T08:00:00Z,97.965,97.965,97.96,97.96,2442.0,97.965,212
2026-02-02T08:15:00Z,97.96,97.965,97.96,97.965,51.0,97.964,13
2026-02-02T08:30:00Z,97.965,97.965,97.955,97.96,3568.0,97.96,208
2026-02-02T08:45:00Z,97.96,97.965,97.955,97.96,3099.0,97.96,163
2026-02-02T09:00:00Z,97.965,97.97,97.96,97.965,2297.0,97.965,172
2026-02-02T09:15:00Z,97.97,97.97,97.965,97.965,1897.0,97.965,114
2026-02-02T09:30:00Z,97.965,97.965,97.96,97.965,17.0,97.963,16
2026-02-02T09:45:00Z,97.965,97.965,97.96,97.965,427.0,97.9635,111
2026-02-02T10:00:00Z,97.96,97.965,97.96,97.965,250.0,97.965,46
2026-02-02T10:15:00Z,97.965,97.965,97.96,97.965,43.0,97.963,24
2026-02-02T10:30:00Z,97.96,97.965,97.96,97.965,40.0,97.9645,18
2026-02-02T10:45:00Z,97.965,97.965,97.955,97.96,2906.0,97.96,302
2026-02-02T11:00:00Z,97.955,97.96,97.955,97.96,50.0,97.9595,34
2026-02-02T11:15:00Z,97.955,97.96,97.955,97.96,1418.0,97.96,123
2026-02-02T11:30:00Z,97.955,97.96,97.955,97.96,21.0,97.9555,13
2026-02-02T11:45:00Z,97.96,97.96,97.955,97.96,171.0,97.956,47
2026-02-02T12:00:00Z,97.955,97.96,97.955,97.96,754.0,97.96,244
2026-02-02T12:15:00Z,97.96,97.96,97.955,97.96,300.0,97.958,147
2026-02-02T12:30:00Z,97.96,97.96,97.955,97.96,554.0,97.958,133
2026-02-02T12:45:00Z,97.96,97.96,97.955,97.96,185.0,97.96,68
2026-02-02T13:00:00Z,97.96,97.96,97.955,97.96,226.0,97.96,57
2026-02-02T13:15:00Z,97.96,97.96,97.955,97.96,101.0,97.9595,32
2026-02-02T13:30:00Z,97.955,97.96,97.955,97.96,44.0,97.959,22
2026-02-02T13:45:00Z,97.955,97.96,97.955,97.96,396.0,97.9565,122
2026-02-02T14:00:00Z,97.96,97.96,97.955,97.955,3882.0,97.9555,556
2026-02-02T14:15:00Z,97.955,97.955,97.95,97.955,1902.0,97.955,182
2026-02-02T14:30:00Z,97.955,97.955,97.95,97.95,1705.0,97.955,125
2026-02-02T14:45:00Z,97.955,97.955,97.95,97.95,1777.0,97.95,142
2026-02-02T15:00:00Z,97.95,97.95,97.94,97.94,9016.0,97.9455,628
2026-02-02T15:15:00Z,97.94,97.945,97.94,97.945,5205.0,97.945,206
2026-02-02T15:30:00Z,97.945,97.945,97.94,97.945,2117.0,97.945,191
2026-02-02T15:45:00Z,97.945,97.945,97.94,97.945,22.0,97.9435,21
2026-02-02T16:00:00Z,97.945,97.95,97.94,97.95,6112.0,97.946,1526
2026-02-02T16:15:00Z,97.95,97.95,97.945,97.95,754.0,97.9485,137
2026-02-02T16:30:00Z,97.945,97.95,97.945,97.95,240.0,97.945,94
2026-02-02T16:45:00Z,97.945,97.95,97.94,97.945,6770.0,97.945,549
2026-02-02T17:00:00Z,97.945,97.95,97.94,97.945,1390.0,97.945,113
2026-02-02T17:15:00Z,97.945,97.945,97.945,97.945,297.0,97.945,61
2026-02-02T17:30:00Z,97.945,97.945,97.945,97.945,322.0,97.945,75
2026-02-02T17:45:00Z,97.945,97.945,97.945,97.945,1168.0,97.945,102
2026-02-02T18:00:00Z,97.945,97.945,97.945,97.945,530.0,97.945,64
2026-02-02T18:15:00Z,97.94,97.945,97.94,97.945,196.0,97.945,26
2026-02-02T18:30:00Z,97.945,97.945,97.945,97.945,34.0,97.945,8
2026-02-02T18:45:00Z,97.945,97.945,97.94,97.945,86.0,97.945,21
2026-02-02T19:00:00Z,97.945,97.945,97.945,97.945,0.0,97.945,0
2026-02-02T19:15:00Z,97.945,97.945,97.945,97.945,104.0,97.945,13
2026-02-02T19:30:00Z,97.945,97.945,97.94,97.945,21.0,97.945,4
2026-02-02T19:45:00Z,97.945,97.945,97.945,97.945,1.0,97.945,1
2026-02-02T20:00:00Z,97.945,97.945,97.945,97.945,5.0,97.945,2
2026-02-02T20:15:00Z,97.945,97.95,97.945,97.945,1296.0,97.947,106
2026-02-02T20:30:00Z,97.945,97.945,97.945,97.945,57.0,97.945,9
2026-02-02T20:45:00Z,97.945,97.945,97.945,97.945,97.0,97.945,10
2026-02-03T01:00:00Z,97.945,97.945,97.945,97.945,3.0,97.945,3
2026-02-03T01:15:00Z,97.94,97.94,97.94,97.94,1.0,97.94,1
2026-02-03T01:30:00Z,97.94,97.94,97.94,97.94,0.0,97.94,0
2026-02-03T01:45:00Z,97.94,97.94,97.94,97.94,1.0,97.94,1
2026-02-03T02:00:00Z,97.94,97.94,97.94,97.94,60.0,97.94,8
2026-02-03T02:15:00Z,97.94,97.94,97.94,97.94,0.0,97.94,0
2026-02-03T02:30:00Z,97.94,97.94,97.94,97.94,0.0,97.94,0
2026-02-03T02:45:00Z,97.94,97.94,97.94,97.94,0.0,97.94,0
2026-02-03T03:00:00Z,97.94,97.94,97.94,97.94,0.0,97.94,0
2026-02-03T03:15:00Z,97.94,97.94,97.94,97.94,0.0,97.94,0
2026-02-03T03:30:00Z,97.94,97.94,97.94,97.94,4.0,97.94,2
2026-02-03T03:45:00Z,97.94,97.94,97.94,97.94,0.0,97.94,0
2026-02-03T04:00:00Z,97.94,97.94,97.94,97.94,0.0,97.94,0
2026-02-03T04:15:00Z,97.94,97.94,97.94,97.94,0.0,97.94,0
2026-02-03T04:30:00Z,97.94,97.94,97.94,97.94,41.0,97.94,4
2026-02-03T04:45:00Z,97.94,97.94,97.94,97.94,0.0,97.94,0
2026-02-03T05:00:00Z,97.94,97.94,97.94,97.94,104.0,97.94,4
2026-02-03T05:15:00Z,97.94,97.94,97.94,97.94,0.0,97.94,0
2026-02-03T05:30:00Z,97.94,97.94,97.94,97.94,0.0,97.94,0
2026-02-03T05:45:00Z,97.94,97.94,97.94,97.94,125.0,97.94,13
2026-02-03T06:00:00Z,97.94,97.94,97.94,97.94,25.0,97.94,4
2026-02-03T06:15:00Z,97.94,97.94,97.94,97.94,0.0,97.94,0
2026-02-03T06:30:00Z,97.94,97.94,97.94,97.94,56.0,97.94,10
2026-02-03T06:45:00Z,97.94,97.94,97.94,97.94,9.0,97.94,3
2026-02-03T07:00:00Z,97.94,97.945,97.935,97.935,1557.0,97.9385,113
2026-02-03T07:15:00Z,97.93,97.935,97.93,97.935,572.0,97.9345,47
2026-02-03T07:30:00Z,97.93,97.935,97.93,97.935,463.0,97.935,57
2026-02-03T07:45:00Z,97.94,97.94,97.935,97.94,5475.0,97.94,249
2026-02-03T08:00:00Z,97.94,97.94,97.94,97.94,1585.0,97.94,179
2026-02-03T08:15:00Z,97.94,97.945,97.935,97.94,1314.0,97.9405,102
2026-02-03T08:30:00Z,97.94,97.945,97.94,97.94,1014.0,97.94,101
2026-02-03T08:45:00Z,97.935,97.94,97.935,97.94,1429.0,97.94,151
2026-02-03T09:00:00Z,97.94,97.94,97.935,97.94,1920.0,97.94,126
2026-02-03T09:15:00Z,97.94,97.945,97.935,97.94,6239.0,97.94,202
2026-02-03T09:30:00Z,97.94,97.94,97.94,97.94,2665.0,97.94,165
2026-02-03T09:45:00Z,97.94,97.94,97.935,97.94,871.0,97.939,112
2026-02-03T10:00:00Z,97.94,97.94,97.935,97.935,377.0,97.937,112
2026-02-03T10:15:00Z,97.94,97.94,97.935,97.94,122.0,97.9355,41
2026-02-03T10:30:00Z,97.94,97.94,97.935,97.935,495.0,97.9395,85
2026-02-03T10:45:00Z,97.94,97.94,97.935,97.935,372.0,97.9355,114
2026-02-03T11:00:00Z,97.935,97.94,97.935,97.935,2613.0,97.9395,228
2026-02-03T11:15:00Z,97.935,97.94,97.935,97.935,430.0,97.937,190
2026-02-03T11:30:00Z,97.935,97.94,97.935,97.935,357.0,97.9355,154
2026-02-03T11:45:00Z,97.935,97.94,97.935,97.935,1327.0,97.9395,181
2026-02-03T12:00:00Z,97.94,97.94,97.935,97.935,685.0,97.939,184
2026-02-03T12:15:00Z,97.935,97.94,97.935,97.935,459.0,97.9385,136
2026-02-03T12:30:00Z,97.935,97.94,97.935,97.935,504.0,97.9355,198
2026-02-03T12:45:00Z,97.935,97.94,97.935,97.94,498.0,97.936,212
2026-02-03T13:00:00Z,97.94,97.94,97.935,97.935,1343.0,97.935,235
2026-02-03T13:15:00Z,97.935,97.94,97.935,97.935,1481.0,97.935,225
2026-02-03T13:30:00Z,97.94,97.94,97.935,97.935,1417.0,97.936,245
2026-02-03T13:45:00Z,97.935,97.935,97.935,97.935,9113.0,97.935,938
2026-02-03T14:00:00Z,97.935,97.935,97.93,97.935,5613.0,97.935,264
2026-02-03T14:15:00Z,97.935,97.94,97.935,97.935,452.0,97.935,47
2026-02-03T14:30:00Z,97.935,97.94,97.935,97.935,505.0,97.935,80
2026-02-03T14:45:00Z,97.935,97.94,97.935,97.935,219.0,97.9365,68
2026-02-03T15:00:00Z,97.935,97.94,97.935,97.94,7243.0,97.94,400
2026-02-03T15:15:00Z,97.935,97.94,97.935,97.94,1118.0,97.9395,108
2026-02-03T15:30:00Z,97.94,97.94,97.935,97.94,1302.0,97.94,124
2026-02-03T15:45:00Z,97.94,97.94,97.935,97.94,1560.0,97.94,113
2026-02-03T16:00:00Z,97.935,97.945,97.935,97.945,879.0,97.94,166
2026-02-03T16:15:00Z,97.94,97.945,97.94,97.94,48.0,97.941,44
2026-02-03T16:30:00Z,97.94,97.94,97.94,97.94,12.0,97.94,12
2026-02-03T16:45:00Z,97.945,97.945,97.94,97.94,2043.0,97.94,198
2026-02-03T17:00:00Z,97.94,97.945,97.94,97.945,449.0,97.943,87
2026-02-03T17:15:00Z,97.945,97.95,97.94,97.94,4361.0,97.9445,362
2026-02-03T17:30:00Z,97.94,97.945,97.94,97.94,31.0,97.941,22
2026-02-03T17:45:00Z,97.94,97.945,97.94,97.945,96.0,97.94,49
2026-02-03T18:00:00Z,97.94,97.945,97.94,97.945,466.0,97.945,27
2026-02-03T18:15:00Z,97.945,97.95,97.945,97.945,290.0,97.945,40
2026-02-03T18:30:00Z,97.945,97.945,97.945,97.945,12.0,97.945,11
2026-02-03T18:45:00Z,97.945,97.945,97.945,97.945,0.0,97.945,0
2026-02-03T19:00:00Z,97.95,97.95,97.95,97.95,1.0,97.95,1
2026-02-03T19:15:00Z,97.945,97.945,97.945,97.945,2042.0,97.945,128
2026-02-03T19:30:00Z,97.95,97.95,97.95,97.95,87.0,97.95,20
2026-02-03T19:45:00Z,97.95,97.95,97.95,97.95,0.0,97.95,0
2026-02-03T20:00:00Z,97.945,97.945,97.945,97.945,513.0,97.945,57
2026-02-03T20:15:00Z,97.945,97.945,97.945,97.945,0.0,97.945,0
2026-02-03T20:30:00Z,97.945,97.945,97.945,97.945,0.0,97.945,0
2026-02-03T20:45:00Z,97.945,97.945,97.945,97.945,903.0,97.945,74
2026-02-04T01:00:00Z,97.945,97.945,97.945,97.945,122.0,97.945,4
2026-02-04T01:15:00Z,97.945,97.945,97.945,97.945,0.0,97.945,0
2026-02-04T01:30:00Z,97.945,97.945,97.945,97.945,0.0,97.945,0
2026-02-04T01:45:00Z,97.945,97.945,97.945,97.945,0.0,97.945,0
2026-02-04T02:00:00Z,97.945,97.945,97.945,97.945,0.0,97.945,0
2026-02-04T02:15:00Z,97.945,97.945,97.945,97.945,0.0,97.945,0
2026-02-04T02:30:00Z,97.945,97.945,97.945,97.945,0.0,97.945,0
2026-02-04T02:45:00Z,97.945,97.945,97.945,97.945,58.0,97.945,4
2026-02-04T03:00:00Z,97.945,97.945,97.945,97.945,0.0,97.945,0
2026-02-04T03:15:00Z,97.945,97.945,97.945,97.945,0.0,97.945,0
2026-02-04T03:30:00Z,97.945,97.945,97.945,97.945,0.0,97.945,0
2026-02-04T03:45:00Z,97.945,97.945,97.945,97.945,0.0,97.945,0
2026-02-04T04:00:00Z,97.945,97.945,97.945,97.945,0.0,97.945,0
2026-02-04T04:15:00Z,97.945,97.945,97.945,97.945,0.0,97.945,0
2026-02-04T04:30:00Z,97.945,97.945,97.945,97.945,0.0,97.945,0
2026-02-04T04:45:00Z,97.945,97.945,97.945,97.945,0.0,97.945,0
2026-02-04T05:00:00Z,97.945,97.945,97.945,97.945,0.0,97.945,0
2026-02-04T05:15:00Z,97.945,97.945,97.945,97.945,0.0,97.945,0
2026-02-04T05:30:00Z,97.945,97.945,97.945,97.945,0.0,97.945,0
2026-02-04T05:45:00Z,97.95,97.95,97.95,97.95,98.0,97.95,14
2026-02-04T06:00:00Z,97.945,97.945,97.945,97.945,49.0,97.945,2
2026-02-04T06:15:00Z,97.945,97.945,97.945,97.945,219.0,97.945,8
2026-02-04T06:30:00Z,97.945,97.945,97.945,97.945,0.0,97.945,0
2026-02-04T06:45:00Z,97.945,97.945,97.94,97.945,21.0,97.945,7
2026-02-04T07:00:00Z,97.945,97.945,97.94,97.94,15.0,97.9405,9
2026-02-04T07:15:00Z,97.945,97.945,97.94,97.94,72.0,97.9445,28
2026-02-04T07:30:00Z,97.94,97.945,97.94,97.945,3.0,97.9415,3
2026-02-04T07:45:00Z,97.945,97.945,97.94,97.945,3155.0,97.945,67
2026-02-04T08:00:00Z,97.945,97.955,97.945,97.95,4087.0,97.9485,275
2026-02-04T08:15:00Z,97.95,97.955,97.95,97.955,2542.0,97.9505,152
2026-02-04T08:30:00Z,97.955,97.96,97.95,97.955,4598.0,97.955,148
2026-02-04T08:45:00Z,97.955,97.96,97.95,97.96,358.0,97.956,47
2026-02-04T09:00:00Z,97.955,97.955,97.955,97.955,443.0,97.955,28
2026-02-04T09:15:00Z,97.96,97.96,97.955,97.96,176.0,97.96,43
2026-02-04T09:30:00Z,97.955,97.96,97.955,97.955,466.0,97.959,100
2026-02-04T09:45:00Z,97.955,97.96,97.955,97.96,548.0,97.96,54
2026-02-04T10:00:00Z,97.955,97.955,97.95,97.95,6789.0,97.955,185
2026-02-04T10:15:00Z,97.95,97.955,97.95,97.95,237.0,97.9505,99
2026-02-04T10:30:00Z,97.95,97.955,97.95,97.955,80.0,97.953,28
2026-02-04T10:45:00Z,97.955,97.955,97.955,97.955,1214.0,97.955,81
2026-02-04T11:00:00Z,97.955,97.96,97.955,97.96,2481.0,97.955,76
2026-02-04T11:15:00Z,97.96,97.96,97.96,97.96,1.0,97.96,1
2026-02-04T11:30:00Z,97.955,97.96,97.955,97.96,5.0,97.956,5
2026-02-04T11:45:00Z,97.96,97.96,97.955,97.96,7.0,97.9565,7
2026-02-04T12:00:00Z,97.96,97.96,97.955,97.96,457.0,97.9565,188
2026-02-04T12:15:00Z,97.96,97.96,97.955,97.96,305.0,97.96,208
2026-02-04T12:30:00Z,97.96,97.96,97.955,97.96,135.0,97.9595,128
2026-02-04T12:45:00Z,97.96,97.96,97.955,97.96,4383.0,97.96,503
2026-02-04T13:00:00Z,97.96,97.965,97.955,97.965,888.0,97.96,87
2026-02-04T13:15:00Z,97.965,97.965,97.965,97.965,4779.0,97.965,237
2026-02-04T13:30:00Z,97.96,97.965,97.96,97.965,264.0,97.9635,55
2026-02-04T13:45:00Z,97.96,97.965,97.96,97.965,361.0,97.965,67
2026-02-04T14:00:00Z,97.965,97.965,97.96,97.96,782.0,97.9615,315
2026-02-04T14:15:00Z,97.96,97.965,97.96,97.96,5876.0,97.96,580
2026-02-04T14:30:00Z,97.96,97.96,97.96,97.96,892.0,97.96,79
2026-02-04T14:45:00Z,97.96,97.96,97.955,97.96,3164.0,97.96,205
2026-02-04T15:00:00Z,97.96,97.965,97.96,97.96,3078.0,97.964,241
2026-02-04T15:15:00Z,97.96,97.965,97.96,97.96,53.0,97.9605,50
2026-02-04T15:30:00Z,97.96,97.97,97.96,97.96,4165.0,97.965,264
2026-02-04T15:45:00Z,97.965,97.97,97.96,97.96,4474.0,97.965,268
2026-02-04T16:00:00Z,97.96,97.97,97.96,97.97,2897.0,97.965,802
2026-02-04T16:15:00Z,97.97,97.97,97.965,97.965,727.0,97.967,267
2026-02-04T16:30:00Z,97.965,97.97,97.965,97.97,449.0,97.969,223
2026-02-04T16:45:00Z,97.97,97.975,97.965,97.965,4050.0,97.97,289
2026-02-04T17:00:00Z,97.97,97.97,97.97,97.97,1019.0,97.97,86
2026-02-04T17:15:00Z,97.97,97.975,97.97,97.975,296.0,97.9715,63
2026-02-04T17:30:00Z,97.975,97.975,97.975,97.975,112.0,97.975,57
2026-02-04T17:45:00Z,97.97,97.97,97.97,97.97,122.0,97.97,13
2026-02-04T18:00:00Z,97.975,97.975,97.97,97.97,2266.0,97.97,107
2026-02-04T18:15:00Z,97.97,97.97,97.97,97.97,54.0,97.97,6
2026-02-04T18:30:00Z,97.97,97.97,97.97,97.97,94.0,97.97,15
2026-02-04T18:45:00Z,97.97,97.97,97.97,97.97,1214.0,97.97,37
2026-02-04T19:00:00Z,97.97,97.97,97.97,97.97,38.0,97.97,7
2026-02-04T19:15:00Z,97.97,97.97,97.97,97.97,144.0,97.97,23
2026-02-04T19:30:00Z,97.97,97.97,97.965,97.97,135.0,97.97,18
2026-02-04T19:45:00Z,97.97,97.97,97.97,97.97,524.0,97.97,50
2026-02-04T20:00:00Z,97.965,97.965,97.965,97.965,4.0,97.965,3
2026-02-04T20:15:00Z,97.97,97.97,97.965,97.965,10.0,97.9695,2
2026-02-04T20:30:00Z,97.965,97.97,97.965,97.97,21.0,97.965,15
2026-02-04T20:45:00Z,97.965,97.97,97.965,97.97,115.0,97.965,14
2026-02-05T01:00:00Z,97.965,97.97,97.965,97.965,473.0,97.9655,35
2026-02-05T01:15:00Z,97.965,97.965,97.965,97.965,191.0,97.965,2
2026-02-05T01:30:00Z,97.965,97.965,97.965,97.965,200.0,97.965,5
2026-02-05T01:45:00Z,97.965,97.965,97.965,97.965,0.0,97.965,0
2026-02-05T02:00:00Z,97.965,97.965,97.965,97.965,0.0,97.965,0
2026-02-05T02:15:00Z,97.965,97.965,97.965,97.965,0.0,97.965,0
2026-02-05T02:30:00Z,97.965,97.965,97.965,97.965,0.0,97.965,0
2026-02-05T02:45:00Z,97.965,97.965,97.965,97.965,0.0,97.965,0
2026-02-05T03:00:00Z,97.965,97.965,97.965,97.965,0.0,97.965,0
2026-02-05T03:15:00Z,97.965,97.965,97.965,97.965,0.0,97.965,0
2026-02-05T03:30:00Z,97.97,97.97,97.97,97.97,546.0,97.97,48
2026-02-05T03:45:00Z,97.97,97.97,97.97,97.97,0.0,97.97,0
2026-02-05T04:00:00Z,97.97,97.97,97.97,97.97,0.0,97.97,0
2026-02-05T04:15:00Z,97.97,97.97,97.97,97.97,0.0,97.97,0
2026-02-05T04:30:00Z,97.97,97.97,97.97,97.97,0.0,97.97,0
2026-02-05T04:45:00Z,97.97,97.97,97.97,97.97,0.0,97.97,0
2026-02-05T05:00:00Z,97.97,97.97,97.97,97.97,0.0,97.97,0
2026-02-05T05:15:00Z,97.97,97.97,97.97,97.97,1098.0,97.97,28
2026-02-05T05:30:00Z,97.97,97.97,97.97,97.97,0.0,97.97,0
2026-02-05T05:45:00Z,97.97,97.97,97.97,97.97,0.0,97.97,0
2026-02-05T06:00:00Z,97.97,97.97,97.97,97.97,0.0,97.97,0
2026-02-05T06:15:00Z,97.97,97.97,97.97,97.97,0.0,97.97,0
2026-02-05T06:30:00Z,97.97,97.97,97.97,97.97,0.0,97.97,0
2026-02-05T06:45:00Z,97.97,97.97,97.97,97.97,1.0,97.97,1
2026-02-05T07:00:00Z,97.965,97.965,97.96,97.96,2177.0,97.9605,126
2026-02-05T07:15:00Z,97.96,97.96,97.955,97.96,481.0,97.96,40
2026-02-05T07:30:00Z,97.96,97.965,97.96,97.96,115.0,97.96,14
2026-02-05T07:45:00Z,97.96,97.96,97.96,97.96,600.0,97.96,51
2026-02-05T08:00:00Z,97.96,97.96,97.96,97.96,909.0,97.96,66
2026-02-05T08:15:00Z,97.96,97.965,97.96,97.965,1077.0,97.965,156
2026-02-05T08:30:00Z,97.965,97.965,97.965,97.965,271.0,97.965,94
2026-02-05T08:45:00Z,97.965,97.97,97.965,97.965,2008.0,97.965,186
2026-02-05T09:00:00Z,97.965,97.965,97.96,97.965,2113.0,97.965,115
2026-02-05T09:15:00Z,97.965,97.965,97.96,97.96,2099.0,97.96,119
2026-02-05T09:30:00Z,97.96,97.97,97.96,97.97,4899.0,97.965,109
2026-02-05T09:45:00Z,97.965,97.97,97.965,97.965,2388.0,97.965,77
2026-02-05T10:00:00Z,97.96,97.97,97.96,97.965,2066.0,97.965,315
2026-02-05T10:15:00Z,97.965,97.965,97.96,97.96,405.0,97.9645,46
2026-02-05T10:30:00Z,97.96,97.965,97.96,97.965,1037.0,97.9635,133
2026-02-05T10:45:00Z,97.965,97.965,97.965,97.965,338.0,97.965,50
2026-02-05T11:00:00Z,97.965,97.965,97.965,97.965,350.0,97.965,35
2026-02-05T11:15:00Z,97.965,97.965,97.96,97.965,301.0,97.965,30
2026-02-05T11:30:00Z,97.96,97.965,97.96,97.96,108.0,97.963,37
2026-02-05T11:45:00Z,97.96,97.965,97.96,97.965,660.0,97.965,100
2026-02-05T12:00:00Z,97.97,97.975,97.97,97.97,2914.0,97.97,158
2026-02-05T12:15:00Z,97.97,97.97,97.965,97.97,1235.0,97.97,170
2026-02-05T12:30:00Z,97.97,97.975,97.97,97.975,2171.0,97.9705,224
2026-02-05T12:45:00Z,97.975,97.975,97.97,97.975,1392.0,97.9735,133
2026-02-05T13:00:00Z,97.975,97.975,97.97,97.975,5654.0,97.975,287
2026-02-05T13:15:00Z,97.97,97.98,97.97,97.975,3756.0,97.975,294
2026-02-05T13:30:00Z,97.98,97.98,97.975,97.98,6200.0,97.977,436
2026-02-05T13:45:00Z,97.98,97.985,97.975,97.98,7012.0,97.98,417
2026-02-05T14:00:00Z,97.98,97.98,97.96,97.96,33618.0,97.9665,952
2026-02-05T14:15:00Z,97.96,97.965,97.96,97.965,9054.0,97.9625,483
2026-02-05T14:30:00Z,97.96,97.965,97.955,97.955,2210.0,97.9615,130
2026-02-05T14:45:00Z,97.96,97.96,97.955,97.96,4366.0,97.96,295
2026-02-05T15:00:00Z,97.965,97.98,97.965,97.98,17767.0,97.972,635
2026-02-05T15:15:00Z,97.98,97.98,97.975,97.98,5493.0,97.9785,418
2026-02-05T15:30:00Z,97.98,97.985,97.975,97.98,10057.0,97.9795,505
2026-02-05T15:45:00Z,97.98,97.98,97.975,97.975,2265.0,97.9755,170
2026-02-05T16:00:00Z,97.975,97.98,97.97,97.98,2510.0,97.9735,371
2026-02-05T16:15:00Z,97.975,97.98,97.97,97.97,2262.0,97.9745,286
2026-02-05T16:30:00Z,97.97,97.975,97.965,97.975,2188.0,97.97,220
2026-02-05T16:45:00Z,97.97,97.97,97.965,97.965,1627.0,97.97,134
2026-02-05T17:00:00Z,97.97,97.975,97.965,97.965,1001.0,97.97,111
2026-02-05T17:15:00Z,97.965,97.97,97.965,97.965,1469.0,97.97,94
2026-02-05T17:30:00Z,97.965,97.965,97.965,97.965,20.0,97.965,10
2026-02-05T17:45:00Z,97.97,97.97,97.965,97.97,3497.0,97.97,78
2026-02-05T18:00:00Z,97.97,97.97,97.965,97.97,1767.0,97.965,130
2026-02-05T18:15:00Z,97.965,97.965,97.965,97.965,181.0,97.965,37
2026-02-05T18:30:00Z,97.97,97.97,97.97,97.97,847.0,97.97,16
2026-02-05T18:45:00Z,97.97,97.97,97.97,97.97,1209.0,97.97,55
2026-02-05T19:00:00Z,97.97,97.97,97.97,97.97,0.0,97.97,0
2026-02-05T19:15:00Z,97.97,97.97,97.97,97.97,0.0,97.97,0
2026-02-05T19:30:00Z,97.97,97.97,97.965,97.965,37.0,97.97,8
2026-02-05T19:45:00Z,97.97,97.97,97.965,97.965,13.0,97.967,10
2026-02-05T20:00:00Z,97.965,97.97,97.965,97.97,259.0,97.965,83
2026-02-05T20:15:00Z,97.97,97.97,97.97,97.97,583.0,97.97,36
2026-02-05T20:30:00Z,97.97,97.97,97.97,97.97,52.0,97.97,17
2026-02-05T20:45:00Z,97.97,97.975,97.97,97.975,519.0,97.9745,48
2026-02-06T01:00:00Z,97.975,97.985,97.975,97.975,2724.0,97.977,114
2026-02-06T01:15:00Z,97.975,97.98,97.975,97.98,195.0,97.98,18
2026-02-06T01:30:00Z,97.98,97.98,97.98,97.98,6.0,97.98,1
2026-02-06T01:45:00Z,97.98,97.98,97.98,97.98,1.0,97.98,1
2026-02-06T02:00:00Z,97.98,97.98,97.98,97.98,2.0,97.98,2
2026-02-06T02:15:00Z,97.98,97.98,97.98,97.98,0.0,97.98,0
2026-02-06T02:30:00Z,97.98,97.98,97.98,97.98,0.0,97.98,0
2026-02-06T02:45:00Z,97.98,97.98,97.98,97.98,0.0,97.98,0
2026-02-06T03:00:00Z,97.98,97.98,97.98,97.98,3.0,97.98,1
2026-02-06T03:15:00Z,97.98,97.98,97.98,97.98,0.0,97.98,0
2026-02-06T03:30:00Z,97.98,97.98,97.98,97.98,588.0,97.98,14
2026-02-06T03:45:00Z,97.98,97.98,97.98,97.98,5.0,97.98,2
2026-02-06T04:00:00Z,97.98,97.98,97.98,97.98,0.0,97.98,0
2026-02-06T04:15:00Z,97.98,97.98,97.98,97.98,0.0,97.98,0
2026-02-06T04:30:00Z,97.98,97.98,97.98,97.98,0.0,97.98,0
2026-02-06T04:45:00Z,97.98,97.98,97.98,97.98,23.0,97.98,2
2026-02-06T05:00:00Z,97.98,97.98,97.98,97.98,10.0,97.98,3
2026-02-06T05:15:00Z,97.98,97.98,97.98,97.98,1.0,97.98,1
2026-02-06T05:30:00Z,97.98,97.98,97.98,97.98,0.0,97.98,0
2026-02-06T05:45:00Z,97.98,97.98,97.98,97.98,1.0,97.98,1
2026-02-06T06:00:00Z,97.98,97.98,97.98,97.98,1.0,97.98,1
2026-02-06T06:15:00Z,97.98,97.98,97.98,97.98,3.0,97.98,2
2026-02-06T06:30:00Z,97.98,97.985,97.98,97.985,418.0,97.98,14
2026-02-06T06:45:00Z,97.98,97.98,97.98,97.98,130.0,97.98,16
2026-02-06T07:00:00Z,97.98,97.99,97.98,97.99,2041.0,97.9895,163
2026-02-06T07:15:00Z,97.99,97.99,97.99,97.99,2765.0,97.99,158
2026-02-06T07:30:00Z,97.99,97.99,97.985,97.985,516.0,97.985,83
2026-02-06T07:45:00Z,97.99,97.99,97.985,97.99,287.0,97.9895,32
2026-02-06T08:00:00Z,97.99,97.995,97.985,97.99,2599.0,97.99,291
2026-02-06T08:15:00Z,97.99,97.99,97.985,97.99,2252.0,97.99,196
2026-02-06T08:30:00Z,97.99,97.995,97.985,97.99,3493.0,97.99,482
2026-02-06T08:45:00Z,97.995,97.995,97.98,97.98,7903.0,97.989,475
2026-02-06T09:00:00Z,97.985,97.985,97.98,97.98,21.0,97.9825,19
2026-02-06T09:15:00Z,97.98,97.98,97.98,97.98,1958.0,97.98,241
2026-02-06T09:30:00Z,97.98,97.985,97.975,97.985,7079.0,97.98,313
2026-02-06T09:45:00Z,97.985,97.99,97.98,97.99,889.0,97.985,107
2026-02-06T10:00:00Z,97.99,97.99,97.985,97.99,116.0,97.9895,75
2026-02-06T10:15:00Z,97.985,97.99,97.985,97.99,722.0,97.99,206
2026-02-06T10:30:00Z,97.99,97.995,97.99,97.995,1130.0,97.99,121
2026-02-06T10:45:00Z,97.995,97.995,97.99,97.99,100.0,97.9945,59
2026-02-06T11:00:00Z,97.99,97.99,97.985,97.99,3108.0,97.99,153
2026-02-06T11:15:00Z,97.99,97.99,97.985,97.99,358.0,97.99,109
2026-02-06T11:30:00Z,97.99,97.99,97.985,97.99,406.0,97.9875,148
2026-02-06T11:45:00Z,97.99,97.99,97.985,97.985,2170.0,97.9855,277
2026-02-06T12:00:00Z,97.985,97.99,97.985,97.985,1850.0,97.985,157
2026-02-06T12:15:00Z,97.985,97.99,97.985,97.985,832.0,97.985,95
2026-02-06T12:30:00Z,97.985,97.985,97.98,97.985,352.0,97.985,151
2026-02-06T12:45:00Z,97.985,97.985,97.98,97.98,835.0,97.981,141
2026-02-06T13:00:00Z,97.985,97.985,97.98,97.985,601.0,97.9815,128
2026-02-06T13:15:00Z,97.985,97.985,97.98,97.985,259.0,97.9835,141
2026-02-06T13:30:00Z,97.98,97.985,97.98,97.985,211.0,97.9825,108
2026-02-06T13:45:00Z,97.985,97.985,97.98,97.98,177.0,97.982,58
2026-02-06T14:00:00Z,97.985,97.985,97.98,97.98,206.0,97.983,64
2026-02-06T14:15:00Z,97.985,97.985,97.98,97.985,1417.0,97.985,186
2026-02-06T14:30:00Z,97.985,97.985,97.975,97.975,2740.0,97.98,363
2026-02-06T14:45:00Z,97.975,97.98,97.97,97.975,3291.0,97.975,401
2026-02-06T15:00:00Z,97.975,97.98,97.975,97.975,255.0,97.9775,100
2026-02-06T15:15:00Z,97.975,97.98,97.975,97.98,354.0,97.9785,122
2026-02-06T15:30:00Z,97.98,97.98,97.97,97.975,4636.0,97.975,397
2026-02-06T15:45:00Z,97.975,97.98,97.975,97.98,96.0,97.978,31
2026-02-06T16:00:00Z,97.98,97.98,97.975,97.98,778.0,97.979,460
2026-02-06T16:15:00Z,97.975,97.98,97.975,97.98,286.0,97.977,111
2026-02-06T16:30:00Z,97.975,97.98,97.975,97.98,243.0,97.9775,72
2026-02-06T16:45:00Z,97.975,97.98,97.975,97.98,105.0,97.978,51
2026-02-06T17:00:00Z,97.98,97.98,97.975,97.98,621.0,97.976,111
2026-02-06T17:15:00Z,97.975,97.98,97.975,97.975,803.0,97.9755,193
2026-02-06T17:30:00Z,97.975,97.975,97.975,97.975,283.0,97.975,84
2026-02-06T17:45:00Z,97.975,97.98,97.975,97.975,183.0,97.976,73
2026-02-06T18:00:00Z,97.975,97.975,97.975,97.975,1525.0,97.975,55
2026-02-06T18:15:00Z,97.975,97.975,97.975,97.975,166.0,97.975,25
2026-02-06T18:30:00Z,97.975,97.975,97.975,97.975,33.0,97.975,9
2026-02-06T18:45:00Z,97.975,97.975,97.975,97.975,0.0,97.975,0
2026-02-06T19:00:00Z,97.975,97.975,97.975,97.975,8.0,97.975,5
2026-02-06T19:15:00Z,97.975,97.975,97.975,97.975,12.0,97.975,7
2026-02-06T19:30:00Z,97.975,97.975,97.975,97.975,40.0,97.975,6
2026-02-06T19:45:00Z,97.975,97.975,97.975,97.975,350.0,97.975,35
2026-02-06T20:00:00Z,97.975,97.975,97.975,97.975,0.0,97.975,0
2026-02-06T20:15:00Z,97.975,97.975,97.975,97.975,0.0,97.975,0
2026-02-06T20:30:00Z,97.975,97.975,97.975,97.975,127.0,97.975,13
2026-02-06T20:45:00Z,97.975,97.975,97.975,97.975,128.0,97.975,22
2026-02-09T01:00:00Z,97.975,97.975,97.97,97.975,82.0,97.973,17
2026-02-09T01:15:00Z,97.975,97.975,97.975,97.975,56.0,97.975,4
2026-02-09T01:30:00Z,97.975,97.975,97.975,97.975,250.0,97.975,10
2026-02-09T01:45:00Z,97.975,97.975,97.975,97.975,141.0,97.975,7
2026-02-09T02:00:00Z,97.975,97.975,97.975,97.975,3.0,97.975,1
2026-02-09T02:15:00Z,97.975,97.975,97.975,97.975,0.0,97.975,0
2026-02-09T02:30:00Z,97.97,97.97,97.97,97.97,2.0,97.97,1
2026-02-09T02:45:00Z,97.97,97.97,97.97,97.97,0.0,97.97,0
2026-02-09T03:00:00Z,97.97,97.97,97.97,97.97,0.0,97.97,0
2026-02-09T03:15:00Z,97.97,97.97,97.97,97.97,0.0,97.97,0
2026-02-09T03:30:00Z,97.975,97.975,97.97,97.97,95.0,97.9745,13
2026-02-09T03:45:00Z,97.97,97.97,97.97,97.97,212.0,97.97,7
2026-02-09T04:00:00Z,97.97,97.97,97.97,97.97,0.0,97.97,0
2026-02-09T04:15:00Z,97.97,97.97,97.97,97.97,0.0,97.97,0
2026-02-09T04:30:00Z,97.97,97.97,97.97,97.97,0.0,97.97,0
2026-02-09T04:45:00Z,97.97,97.97,97.97,97.97,0.0,97.97,0
2026-02-09T05:00:00Z,97.97,97.97,97.97,97.97,0.0,97.97,0
2026-02-09T05:15:00Z,97.97,97.97,97.97,97.97,0.0,97.97,0
2026-02-09T05:30:00Z,97.97,97.97,97.97,97.97,0.0,97.97,0
2026-02-09T05:45:00Z,97.97,97.97,97.97,97.97,0.0,97.97,0
2026-02-09T06:00:00Z,97.965,97.965,97.965,97.965,290.0,97.965,28
2026-02-09T06:15:00Z,97.965,97.965,97.965,97.965,0.0,97.965,0
2026-02-09T06:30:00Z,97.965,97.965,97.965,97.965,0.0,97.965,0
2026-02-09T06:45:00Z,97.965,97.965,97.965,97.965,1.0,97.965,1
2026-02-09T07:00:00Z,97.97,97.975,97.97,97.975,873.0,97.9745,81
2026-02-09T07:15:00Z,97.975,97.975,97.97,97.975,469.0,97.975,12
2026-02-09T07:30:00Z,97.98,97.98,97.975,97.975,64.0,97.98,38
2026-02-09T07:45:00Z,97.975,97.98,97.975,97.98,144.0,97.9795,76
2026-02-09T08:00:00Z,97.98,97.98,97.975,97.975,62.0,97.977,25
2026-02-09T08:15:00Z,97.975,97.975,97.97,97.975,5764.0,97.975,329
2026-02-09T08:30:00Z,97.97,97.98,97.97,97.975,5217.0,97.975,297
2026-02-09T08:45:00Z,97.98,97.98,97.97,97.975,667.0,97.975,235
2026-02-09T09:00:00Z,97.975,97.98,97.975,97.975,1438.0,97.975,144
2026-02-09T09:15:00Z,97.975,97.98,97.975,97.975,140.0,97.9795,39
2026-02-09T09:30:00Z,97.975,97.98,97.975,97.975,1490.0,97.975,324
2026-02-09T09:45:00Z,97.98,97.98,97.975,97.975,670.0,97.975,74
2026-02-09T10:00:00Z,97.98,97.98,97.975,97.98,233.0,97.9785,83
2026-02-09T10:15:00Z,97.98,97.98,97.975,97.975,434.0,97.9775,95
2026-02-09T10:30:00Z,97.975,97.98,97.975,97.98,119.0,97.9785,49
2026-02-09T10:45:00Z,97.98,97.98,97.975,97.975,319.0,97.9755,91
2026-02-09T11:00:00Z,97.98,97.98,97.97,97.975,3313.0,97.975,353
2026-02-09T11:15:00Z,97.975,97.98,97.975,97.98,786.0,97.9765,486
2026-02-09T11:30:00Z,97.98,97.98,97.975,97.98,3078.0,97.98,387
2026-02-09T11:45:00Z,97.98,97.985,97.98,97.985,2822.0,97.9805,226
2026-02-09T12:00:00Z,97.985,97.99,97.98,97.985,3558.0,97.985,326
2026-02-09T12:15:00Z,97.985,97.985,97.985,97.985,2445.0,97.985,84
2026-02-09T12:30:00Z,97.985,97.985,97.985,97.985,1694.0,97.985,101
2026-02-09T12:45:00Z,97.985,97.985,97.98,97.985,5235.0,97.985,176
2026-02-09T13:00:00Z,97.985,97.99,97.985,97.99,1290.0,97.986,89
2026-02-09T13:15:00Z,97.985,97.995,97.985,97.99,1331.0,97.99,144
2026-02-09T13:30:00Z,97.99,97.995,97.985,97.985,2523.0,97.99,201
2026-02-09T13:45:00Z,97.985,97.99,97.985,97.99,287.0,97.9895,61
2026-02-09T14:00:00Z,97.985,97.995,97.985,97.99,2955.0,97.99,230
2026-02-09T14:15:00Z,97.99,97.995,97.99,97.99,203.0,97.995,75
2026-02-09T14:30:00Z,97.995,97.995,97.985,97.99,4276.0,97.99,552
2026-02-09T14:45:00Z,97.99,97.995,97.99,97.99,18.0,97.9905,16
2026-02-09T15:00:00Z,97.99,97.99,97.985,97.99,2207.0,97.99,442
2026-02-09T15:15:00Z,97.985,97.99,97.985,97.985,422.0,97.9895,74
2026-02-09T15:30:00Z,97.985,97.99,97.985,97.985,825.0,97.988,285
2026-02-09T15:45:00Z,97.99,97.995,97.99,97.995,2791.0,97.99,217
2026-02-09T16:00:00Z,97.99,97.995,97.99,97.99,2796.0,97.992,355
2026-02-09T16:15:00Z,97.995,97.995,97.99,97.99,479.0,97.9925,74
2026-02-09T16:30:00Z,97.99,97.99,97.985,97.99,747.0,97.99,168
2026-02-09T16:45:00Z,97.985,97.985,97.985,97.985,106.0,97.985,26
2026-02-09T17:00:00Z,97.99,97.99,97.985,97.99,556.0,97.9895,84
2026-02-09T17:15:00Z,97.99,97.995,97.99,97.995,1432.0,97.9915,261
2026-02-09T17:30:00Z,97.99,97.99,97.985,97.99,1808.0,97.9895,207
2026-02-09T17:45:00Z,97.99,97.995,97.985,97.995,1615.0,97.9895,288
2026-02-09T18:00:00Z,97.995,97.995,97.995,97.995,481.0,97.995,191
2026-02-09T18:15:00Z,97.995,97.995,97.99,97.995,920.0,97.993,220
2026-02-09T18:30:00Z,97.995,97.995,97.995,97.995,174.0,97.995,105
2026-02-09T18:45:00Z,97.995,97.995,97.995,97.995,0.0,97.995,0
2026-02-09T19:00:00Z,97.995,97.995,97.995,97.995,0.0,97.995,0
2026-02-09T19:15:00Z,97.995,97.995,97.995,97.995,78.0,97.995,22
2026-02-09T19:30:00Z,97.995,97.995,97.995,97.995,168.0,97.995,37
2026-02-09T19:45:00Z,97.99,97.99,97.99,97.99,2.0,97.99,2
2026-02-09T20:00:00Z,97.99,97.995,97.99,97.995,2.0,97.9925,2
2026-02-09T20:15:00Z,97.995,97.995,97.995,97.995,10.0,97.995,6
2026-02-09T20:30:00Z,97.995,97.995,97.995,97.995,34.0,97.995,12
2026-02-09T20:45:00Z,97.995,97.995,97.99,97.995,318.0,97.995,225
2026-02-10T01:00:00Z,97.99,97.995,97.99,97.995,257.0,97.991,29
2026-02-10T01:15:00Z,97.995,97.995,97.995,97.995,0.0,97.995,0
2026-02-10T01:30:00Z,97.995,97.995,97.995,97.995,11.0,97.995,1
2026-02-10T01:45:00Z,97.995,97.995,97.995,97.995,22.0,97.995,5
2026-02-10T02:00:00Z,97.995,97.995,97.995,97.995,0.0,97.995,0
2026-02-10T02:15:00Z,98.0,98.0,98.0,98.0,75.0,98.0,17
2026-02-10T02:30:00Z,98.0,98.0,98.0,98.0,0.0,98.0,0
2026-02-10T02:45:00Z,97.995,97.995,97.995,97.995,98.0,97.995,6
2026-02-10T03:00:00Z,97.995,97.995,97.995,97.995,0.0,97.995,0
2026-02-10T03:15:00Z,97.995,97.995,97.995,97.995,0.0,97.995,0
2026-02-10T03:30:00Z,98.0,98.0,98.0,98.0,2.0,98.0,2
2026-02-10T03:45:00Z,98.0,98.0,98.0,98.0,0.0,98.0,0
2026-02-10T04:00:00Z,98.0,98.0,98.0,98.0,0.0,98.0,0
2026-02-10T04:15:00Z,98.0,98.0,98.0,98.0,0.0,98.0,0
2026-02-10T04:30:00Z,98.0,98.0,98.0,98.0,0.0,98.0,0
2026-02-10T04:45:00Z,98.0,98.0,98.0,98.0,0.0,98.0,0
2026-02-10T05:00:00Z,97.995,97.995,97.995,97.995,43.0,97.995,5
2026-02-10T05:15:00Z,97.995,97.995,97.995,97.995,2.0,97.995,2
2026-02-10T05:30:00Z,97.995,97.995,97.995,97.995,0.0,97.995,0
2026-02-10T05:45:00Z,97.995,97.995,97.995,97.995,0.0,97.995,0
2026-02-10T06:00:00Z,97.995,97.995,97.995,97.995,0.0,97.995,0
2026-02-10T06:15:00Z,97.995,97.995,97.995,97.995,0.0,97.995,0
2026-02-10T06:30:00Z,97.995,97.995,97.995,97.995,0.0,97.995,0
2026-02-10T06:45:00Z,97.995,97.995,97.995,97.995,1.0,97.995,1
2026-02-10T07:00:00Z,97.995,98.0,97.995,97.995,1136.0,97.995,132
2026-02-10T07:15:00Z,98.0,98.0,97.99,97.99,800.0,97.995,92
2026-02-10T07:30:00Z,97.995,97.995,97.99,97.99,1543.0,97.995,37
2026-02-10T07:45:00Z,97.99,97.995,97.99,97.99,262.0,97.9905,65
2026-02-10T08:00:00Z,97.995,98.0,97.995,97.995,4238.0,97.995,289
2026-02-10T08:15:00Z,97.995,98.0,97.99,97.995,3870.0,97.995,196
2026-02-10T08:30:00Z,97.99,97.995,97.99,97.995,209.0,97.995,129
2026-02-10T08:45:00Z,97.995,97.995,97.99,97.99,2852.0,97.9905,391
2026-02-10T09:00:00Z,97.99,97.99,97.985,97.99,3007.0,97.987,204
2026-02-10T09:15:00Z,97.99,97.99,97.98,97.98,654.0,97.985,98
2026-02-10T09:30:00Z,97.985,97.985,97.98,97.985,1718.0,97.9805,199
2026-02-10T09:45:00Z,97.985,97.985,97.98,97.985,356.0,97.985,76
2026-02-10T10:00:00Z,97.985,97.99,97.98,97.985,4758.0,97.985,406
2026-02-10T10:15:00Z,97.985,97.99,97.985,97.985,1925.0,97.985,97
2026-02-10T10:30:00Z,97.985,97.985,97.98,97.985,595.0,97.984,84
2026-02-10T10:45:00Z,97.985,97.985,97.985,97.985,231.0,97.985,41
2026-02-10T11:00:00Z,97.985,97.985,97.985,97.985,2347.0,97.985,207
2026-02-10T11:15:00Z,97.985,97.985,97.98,97.985,219.0,97.985,47
2026-02-10T11:30:00Z,97.985,97.985,97.98,97.98,187.0,97.9835,60
2026-02-10T11:45:00Z,97.985,97.985,97.98,97.985,932.0,97.9825,166
2026-02-10T12:00:00Z,97.985,97.985,97.98,97.985,1500.0,97.9845,223
2026-02-10T12:15:00Z,97.985,97.99,97.985,97.985,2921.0,97.985,190
2026-02-10T12:30:00Z,97.985,97.99,97.985,97.99,379.0,97.9895,79
2026-02-10T12:45:00Z,97.985,97.995,97.985,97.99,9945.0,97.99,453
2026-02-10T13:00:00Z,97.995,97.995,97.99,97.995,55.0,97.994,44
2026-02-10T13:15:00Z,97.995,97.995,97.99,97.995,807.0,97.99,210
2026-02-10T13:30:00Z,97.995,97.995,97.99,97.995,7183.0,97.992,502
2026-02-10T13:45:00Z,97.99,97.995,97.99,97.995,3518.0,97.995,169
2026-02-10T14:00:00Z,97.995,97.995,97.995,97.995,3807.0,97.995,122
2026-02-10T14:15:00Z,97.99,98.0,97.99,98.0,1100.0,97.993,113
2026-02-10T14:30:00Z,97.995,98.0,97.995,97.995,4481.0,97.9955,281
2026-02-10T14:45:00Z,97.995,98.0,97.995,98.0,805.0,97.997,192
2026-02-10T15:00:00Z,98.0,98.0,97.995,98.0,604.0,98.0,284
2026-02-10T15:15:00Z,98.0,98.0,97.995,98.0,1377.0,97.997,274
2026-02-10T15:30:00Z,98.0,98.0,97.995,97.995,6447.0,97.995,348
2026-02-10T15:45:00Z,97.995,98.0,97.995,97.995,2421.0,97.995,183
2026-02-10T16:00:00Z,97.995,98.0,97.995,98.0,2132.0,97.996,499
2026-02-10T16:15:00Z,98.0,98.0,97.995,97.995,4527.0,97.995,263
2026-02-10T16:30:00Z,97.995,98.0,97.995,98.0,1097.0,97.995,81
2026-02-10T16:45:00Z,97.995,97.995,97.995,97.995,816.0,97.995,81
2026-02-10T17:00:00Z,97.995,97.995,97.99,97.995,301.0,97.995,77
2026-02-10T17:15:00Z,97.995,97.995,97.99,97.995,588.0,97.995,46
2026-02-10T17:30:00Z,97.995,97.995,97.995,97.995,1.0,97.995,1
2026-02-10T17:45:00Z,97.995,97.995,97.99,97.99,20.0,97.9905,19
2026-02-10T18:00:00Z,97.99,97.99,97.99,97.99,45.0,97.99,22
2026-02-10T18:15:00Z,97.99,97.99,97.99,97.99,78.0,97.99,28
2026-02-10T18:30:00Z,97.99,97.99,97.99,97.99,38.0,97.99,18
2026-02-10T18:45:00Z,97.99,97.99,97.99,97.99,13.0,97.99,9
2026-02-10T19:00:00Z,97.99,97.99,97.99,97.99,0.0,97.99,0
2026-02-10T19:15:00Z,97.99,97.99,97.99,97.99,80.0,97.99,16
2026-02-10T19:30:00Z,97.995,97.995,97.99,97.99,51.0,97.9935,23
2026-02-10T19:45:00Z,97.99,97.99,97.99,97.99,0.0,97.99,0
2026-02-10T20:00:00Z,97.99,97.99,97.99,97.99,0.0,97.99,0
2026-02-10T20:15:00Z,97.99,97.99,97.99,97.99,0.0,97.99,0
2026-02-10T20:30:00Z,97.99,97.99,97.99,97.99,0.0,97.99,0
2026-02-10T20:45:00Z,97.995,97.995,97.995,97.995,76.0,97.995,22
2026-02-11T01:00:00Z,97.995,98.0,97.995,98.0,75.0,97.995,14
2026-02-11T01:15:00Z,98.0,98.0,98.0,98.0,0.0,98.0,0
2026-02-11T01:30:00Z,98.0,98.0,98.0,98.0,0.0,98.0,0
2026-02-11T01:45:00Z,98.0,98.0,98.0,98.0,0.0,98.0,0
2026-02-11T02:00:00Z,98.0,98.0,98.0,98.0,1.0,98.0,1
2026-02-11T02:15:00Z,98.0,98.0,98.0,98.0,0.0,98.0,0
2026-02-11T02:30:00Z,98.0,98.0,98.0,98.0,0.0,98.0,0
2026-02-11T02:45:00Z,98.0,98.0,98.0,98.0,0.0,98.0,0
2026-02-11T03:00:00Z,98.0,98.0,98.0,98.0,1.0,98.0,1
2026-02-11T03:15:00Z,98.0,98.0,98.0,98.0,1.0,98.0,1
2026-02-11T03:30:00Z,98.0,98.0,98.0,98.0,1.0,98.0,1
2026-02-11T03:45:00Z,98.0,98.0,98.0,98.0,2.0,98.0,2
2026-02-11T04:00:00Z,98.0,98.0,98.0,98.0,0.0,98.0,0
2026-02-11T04:15:00Z,98.0,98.0,98.0,98.0,1.0,98.0,1
2026-02-11T04:30:00Z,98.0,98.0,98.0,98.0,1.0,98.0,1
2026-02-11T04:45:00Z,98.0,98.0,98.0,98.0,1.0,98.0,1
2026-02-11T05:00:00Z,98.0,98.0,98.0,98.0,1.0,98.0,1
2026-02-11T05:15:00Z,98.0,98.0,98.0,98.0,2.0,98.0,2
2026-02-11T05:30:00Z,98.0,98.0,98.0,98.0,76.0,98.0,17
2026-02-11T05:45:00Z,98.0,98.0,98.0,98.0,2.0,98.0,2
2026-02-11T06:00:00Z,98.0,98.0,98.0,98.0,1.0,98.0,1
2026-02-11T06:15:00Z,98.0,98.0,98.0,98.0,2.0,98.0,2
2026-02-11T06:30:00Z,98.0,98.0,98.0,98.0,2.0,98.0,2
2026-02-11T06:45:00Z,98.0,98.0,98.0,98.0,11.0,98.0,11
2026-02-11T07:00:00Z,98.0,98.0,97.995,98.0,31.0,97.999,22
2026-02-11T07:15:00Z,97.995,98.0,97.995,98.0,27.0,97.9995,22
2026-02-11T07:30:00Z,98.0,98.0,97.995,98.0,538.0,97.9955,90
2026-02-11T07:45:00Z,98.0,98.0,97.995,97.995,300.0,97.995,51
2026-02-11T08:00:00Z,98.0,98.0,97.995,97.995,413.0,97.9955,114
2026-02-11T08:15:00Z,98.0,98.0,97.995,98.0,277.0,97.995,58
2026-02-11T08:30:00Z,97.995,98.0,97.995,98.0,188.0,97.996,54
2026-02-11T08:45:00Z,98.0,98.0,97.995,97.995,836.0,97.9985,381
2026-02-11T09:00:00Z,98.0,98.0,97.995,98.0,359.0,98.0,103
2026-02-11T09:15:00Z,98.0,98.0,97.995,98.0,1362.0,97.9995,271
2026-02-11T09:30:00Z,98.0,98.005,98.0,98.0,3612.0,98.0,599
2026-02-11T09:45:00Z,98.005,98.005,98.0,98.0,780.0,98.001,91
2026-02-11T10:00:00Z,98.005,98.005,97.995,98.0,1776.0,97.9995,183
2026-02-11T10:15:00Z,97.995,98.0,97.995,98.0,149.0,97.9965,18
2026-02-11T10:30:00Z,98.0,98.0,97.995,98.0,154.0,97.998,38
2026-02-11T10:45:00Z,97.995,98.0,97.995,97.995,297.0,97.999,72
2026-02-11T11:00:00Z,98.0,98.0,97.995,97.995,1360.0,97.995,115
2026-02-11T11:15:00Z,97.995,98.0,97.995,98.0,785.0,97.995,50
2026-02-11T11:30:00Z,97.995,98.0,97.995,97.995,804.0,97.995,85
2026-02-11T11:45:00Z,98.0,98.0,97.99,97.995,4552.0,97.995,533
2026-02-11T12:00:00Z,97.995,97.995,97.99,97.995,102.0,97.9945,79
2026-02-11T12:15:00Z,97.995,97.995,97.995,97.995,1370.0,97.995,152
2026-02-11T12:30:00Z,97.995,97.995,97.995,97.995,7817.0,97.995,334
2026-02-11T12:45:00Z,97.995,97.995,97.99,97.995,497.0,97.9945,257
2026-02-11T13:00:00Z,97.995,98.0,97.99,97.995,2898.0,97.995,249
2026-02-11T13:15:00Z,97.995,98.0,97.995,98.0,8001.0,97.995,330
2026-02-11T13:30:00Z,97.995,97.995,97.975,97.98,14769.0,97.981,796
2026-02-11T13:45:00Z,97.98,97.985,97.98,97.98,3174.0,97.98,268
2026-02-11T14:00:00Z,97.98,97.98,97.975,97.98,5620.0,97.98,637
2026-02-11T14:15:00Z,97.98,97.985,97.98,97.985,1385.0,97.9845,130
2026-02-11T14:30:00Z,97.985,97.99,97.985,97.985,2292.0,97.986,189
2026-02-11T14:45:00Z,97.99,97.995,97.985,97.995,1027.0,97.99,73
2026-02-11T15:00:00Z,97.99,97.995,97.99,97.995,3981.0,97.991,250
2026-02-11T15:15:00Z,97.995,98.0,97.995,98.0,2000.0,97.997,157
2026-02-11T15:30:00Z,97.995,98.0,97.99,97.995,3764.0,97.995,257
2026-02-11T15:45:00Z,97.995,98.0,97.995,97.995,1756.0,97.995,93
2026-02-11T16:00:00Z,97.995,97.995,97.99,97.995,1173.0,97.995,923
2026-02-11T16:15:00Z,97.995,97.995,97.995,97.995,556.0,97.995,137
2026-02-11T16:30:00Z,97.995,97.995,97.995,97.995,5663.0,97.995,222
2026-02-11T16:45:00Z,97.995,98.0,97.99,98.0,1236.0,97.9955,94
2026-02-11T17:00:00Z,98.0,98.0,97.995,97.995,689.0,97.9955,139
2026-02-11T17:15:00Z,97.995,98.0,97.99,97.995,2846.0,97.995,154
2026-02-11T17:30:00Z,97.995,97.995,97.99,97.99,6305.0,97.99,204
2026-02-11T17:45:00Z,97.995,97.995,97.99,97.99,76.0,97.99,10
2026-02-11T18:00:00Z,97.99,97.995,97.99,97.99,400.0,97.9905,65
2026-02-11T18:15:00Z,97.99,97.99,97.99,97.99,1042.0,97.99,39
2026-02-11T18:30:00Z,97.99,97.99,97.99,97.99,11.0,97.99,5
2026-02-11T18:45:00Z,97.99,97.99,97.99,97.99,0.0,97.99,0
2026-02-11T19:00:00Z,97.99,97.99,97.99,97.99,0.0,97.99,0
2026-02-11T19:15:00Z,97.985,97.985,97.985,97.985,5.0,97.985,5
2026-02-11T19:30:00Z,97.985,97.99,97.985,97.985,73.0,97.987,23
2026-02-11T19:45:00Z,97.985,97.985,97.985,97.985,0.0,97.985,0
2026-02-11T20:00:00Z,97.99,97.99,97.985,97.985,5.0,97.988,4
2026-02-11T20:15:00Z,97.985,97.985,97.985,97.985,0.0,97.985,0
2026-02-11T20:30:00Z,97.99,97.99,97.99,97.99,38.0,97.99,8
2026-02-11T20:45:00Z,97.985,97.99,97.985,97.99,51.0,97.9885,27
2026-02-12T01:15:00Z,97.985,97.985,97.985,97.985,1.0,97.985,1
2026-02-12T01:30:00Z,97.985,97.985,97.985,97.985,0.0,97.985,0
2026-02-12T01:45:00Z,97.985,97.985,97.985,97.985,0.0,97.985,0
2026-02-12T02:00:00Z,97.985,97.985,97.985,97.985,0.0,97.985,0
2026-02-12T02:15:00Z,97.985,97.985,97.985,97.985,0.0,97.985,0
2026-02-12T02:30:00Z,97.985,97.985,97.985,97.985,0.0,97.985,0
2026-02-12T02:45:00Z,97.985,97.985,97.985,97.985,0.0,97.985,0
2026-02-12T03:00:00Z,97.985,97.985,97.985,97.985,0.0,97.985,0
2026-02-12T03:15:00Z,97.99,97.99,97.99,97.99,1.0,97.99,1
2026-02-12T03:30:00Z,97.99,97.99,97.99,97.99,0.0,97.99,0
2026-02-12T03:45:00Z,97.99,97.99,97.99,97.99,0.0,97.99,0
2026-02-12T04:00:00Z,97.99,97.99,97.99,97.99,0.0,97.99,0
2026-02-12T04:15:00Z,97.99,97.99,97.99,97.99,0.0,97.99,0
2026-02-12T04:30:00Z,97.99,97.99,97.99,97.99,0.0,97.99,0
2026-02-12T04:45:00Z,97.99,97.99,97.99,97.99,0.0,97.99,0
2026-02-12T05:00:00Z,97.99,97.99,97.99,97.99,0.0,97.99,0
2026-02-12T05:15:00Z,97.99,97.99,97.99,97.99,0.0,97.99,0
2026-02-12T05:30:00Z,97.985,97.985,97.985,97.985,48.0,97.985,7
2026-02-12T05:45:00Z,97.985,97.985,97.985,97.985,0.0,97.985,0
2026-02-12T06:00:00Z,97.985,97.985,97.985,97.985,172.0,97.985,19
2026-02-12T06:15:00Z,97.985,97.985,97.985,97.985,0.0,97.985,0
2026-02-12T06:30:00Z,97.985,97.985,97.985,97.985,0.0,97.985,0
2026-02-12T06:45:00Z,97.985,97.985,97.985,97.985,0.0,97.985,0
2026-02-12T07:00:00Z,97.985,97.99,97.985,97.985,38.0,97.9855,23
2026-02-12T07:15:00Z,97.99,97.99,97.985,97.99,1684.0,97.9895,118
2026-02-12T07:30:00Z,97.99,97.99,97.99,97.99,812.0,97.99,50
2026-02-12T07:45:00Z,97.99,97.99,97.985,97.985,5.0,97.986,2
2026-02-12T08:00:00Z,97.99,97.99,97.985,97.99,67.0,97.9855,33
2026-02-12T08:15:00Z,97.99,97.99,97.985,97.985,122.0,97.9855,43
2026-02-12T08:30:00Z,97.985,97.99,97.985,97.985,30.0,97.9855,17
2026-02-12T08:45:00Z,97.99,97.99,97.985,97.99,35.0,97.99,25
2026-02-12T09:00:00Z,97.99,97.99,97.985,97.99,187.0,97.99,64
2026-02-12T09:15:00Z,97.99,97.99,97.985,97.99,146.0,97.99,27
2026-02-12T09:30:00Z,97.99,97.99,97.985,97.99,4245.0,97.99,277
2026-02-12T09:45:00Z,97.985,97.99,97.985,97.99,24.0,97.99,19
2026-02-12T10:00:00Z,97.985,97.99,97.985,97.985,1157.0,97.987,145
2026-02-12T10:15:00Z,97.99,97.99,97.985,97.99,322.0,97.9885,94
2026-02-12T10:30:00Z,97.99,97.99,97.985,97.99,231.0,97.99,34
2026-02-12T10:45:00Z,97.99,97.99,97.985,97.99,168.0,97.99,33
2026-02-12T11:00:00Z,97.99,97.99,97.985,97.985,36.0,97.99,21
2026-02-12T11:15:00Z,97.99,97.99,97.985,97.99,602.0,97.9865,100
2026-02-12T11:30:00Z,97.99,97.99,97.985,97.99,95.0,97.99,22
2026-02-12T11:45:00Z,97.99,97.99,97.99,97.99,3422.0,97.99,78
2026-02-12T12:00:00Z,97.995,97.995,97.99,97.995,450.0,97.99,51
2026-02-12T12:15:00Z,97.995,97.995,97.99,97.99,8.0,97.9905,3
2026-02-12T12:30:00Z,97.995,97.995,97.99,97.995,26.0,97.9905,9
2026-02-12T12:45:00Z,97.995,97.995,97.985,97.99,2844.0,97.99,90
2026-02-12T13:00:00Z,97.99,97.995,97.99,97.99,2616.0,97.99,211
2026-02-12T13:15:00Z,97.99,97.995,97.99,97.99,217.0,97.9905,42
2026-02-12T13:30:00Z,97.995,97.995,97.99,97.995,1331.0,97.9915,115
2026-02-12T13:45:00Z,97.995,97.995,97.99,97.995,127.0,97.9915,49
2026-02-12T14:00:00Z,97.99,97.995,97.99,97.995,427.0,97.994,116
2026-02-12T14:15:00Z,97.995,97.995,97.99,97.995,45.0,97.9945,28
2026-02-12T14:30:00Z,97.995,97.995,97.99,97.995,2703.0,97.995,385
2026-02-12T14:45:00Z,97.995,98.0,97.995,97.995,1553.0,97.9955,127
2026-02-12T15:00:00Z,98.0,98.0,97.995,98.0,2558.0,98.0,305
2026-02-12T15:15:00Z,98.0,98.0,97.99,97.995,1654.0,97.995,224
2026-02-12T15:30:00Z,97.995,98.0,97.995,98.0,646.0,97.995,105
2026-02-12T15:45:00Z,98.0,98.0,97.995,98.0,43.0,97.997,22
2026-02-12T16:00:00Z,98.0,98.005,97.995,98.0,5164.0,97.9995,624
2026-02-12T16:15:00Z,98.0,98.01,98.0,98.01,3296.0,98.0025,199
2026-02-12T16:30:00Z,98.01,98.01,98.0,98.0,4996.0,98.003,291
2026-02-12T16:45:00Z,98.0,98.005,98.0,98.0,1834.0,98.0,253
2026-02-12T17:00:00Z,98.0,98.005,98.0,98.005,1568.0,98.0,171
2026-02-12T17:15:00Z,98.005,98.005,97.995,98.0,4081.0,98.0,103
2026-02-12T17:30:00Z,98.0,98.0,97.995,98.0,36.0,97.999,17
2026-02-12T17:45:00Z,98.0,98.0,97.995,98.0,756.0,97.9995,156
2026-02-12T18:00:00Z,98.0,98.0,98.0,98.0,5477.0,98.0,223
2026-02-12T18:15:00Z,98.0,98.005,98.0,98.005,2271.0,98.005,113
2026-02-12T18:30:00Z,98.005,98.005,98.005,98.005,258.0,98.005,23
2026-02-12T18:45:00Z,98.005,98.005,98.005,98.005,1.0,98.005,1
2026-02-12T19:00:00Z,98.005,98.005,98.005,98.005,208.0,98.005,22
2026-02-12T19:15:00Z,98.005,98.005,98.005,98.005,0.0,98.005,0
2026-02-12T19:30:00Z,98.005,98.005,98.005,98.005,503.0,98.005,14
2026-02-12T19:45:00Z,98.005,98.005,98.005,98.005,0.0,98.005,0
2026-02-12T20:00:00Z,98.005,98.005,98.005,98.005,2.0,98.005,1
2026-02-12T20:15:00Z,98.005,98.005,98.005,98.005,132.0,98.005,14
2026-02-12T20:30:00Z,98.005,98.01,98.005,98.01,10.0,98.0065,5
2026-02-12T20:45:00Z,98.01,98.01,98.005,98.01,195.0,98.0095,20
2026-02-13T01:00:00Z,98.01,98.01,98.005,98.01,386.0,98.0095,75
2026-02-13T01:15:00Z,98.005,98.01,98.005,98.01,1594.0,98.005,33
2026-02-13T01:30:00Z,98.01,98.01,98.005,98.005,52.0,98.005,19
2026-02-13T01:45:00Z,98.01,98.01,98.01,98.01,1.0,98.01,1
2026-02-13T02:00:00Z,98.01,98.01,98.01,98.01,0.0,98.01,0
2026-02-13T02:15:00Z,98.01,98.01,98.01,98.01,0.0,98.01,0
2026-02-13T02:30:00Z,98.01,98.01,98.01,98.01,0.0,98.01,0
2026-02-13T02:45:00Z,98.01,98.01,98.01,98.01,0.0,98.01,0
2026-02-13T03:00:00Z,98.01,98.01,98.01,98.01,0.0,98.01,0
2026-02-13T03:15:00Z,98.01,98.01,98.01,98.01,0.0,98.01,0
2026-02-13T03:30:00Z,98.01,98.01,98.01,98.01,0.0,98.01,0
2026-02-13T03:45:00Z,98.005,98.005,98.005,98.005,1.0,98.005,1
2026-02-13T04:00:00Z,98.005,98.005,98.005,98.005,0.0,98.005,0
2026-02-13T04:15:00Z,98.005,98.005,98.005,98.005,0.0,98.005,0
2026-02-13T04:30:00Z,98.005,98.005,98.005,98.005,0.0,98.005,0
2026-02-13T04:45:00Z,98.005,98.005,98.005,98.005,0.0,98.005,0
2026-02-13T05:00:00Z,98.005,98.005,98.005,98.005,0.0,98.005,0
2026-02-13T05:15:00Z,98.005,98.005,98.005,98.005,0.0,98.005,0
2026-02-13T05:30:00Z,98.01,98.01,98.01,98.01,1.0,98.01,1
2026-02-13T05:45:00Z,98.005,98.01,98.005,98.01,229.0,98.005,41
2026-02-13T06:00:00Z,98.01,98.01,98.01,98.01,0.0,98.01,0
2026-02-13T06:15:00Z,98.005,98.01,98.005,98.005,152.0,98.005,10
2026-02-13T06:30:00Z,98.005,98.005,98.005,98.005,269.0,98.005,35
2026-02-13T06:45:00Z,98.005,98.005,98.005,98.005,3.0,98.005,3
2026-02-13T07:00:00Z,98.005,98.01,98.005,98.01,521.0,98.005,39
2026-02-13T07:15:00Z,98.01,98.01,98.01,98.01,3516.0,98.01,281
2026-02-13T07:30:00Z,98.01,98.01,98.005,98.005,698.0,98.005,43
2026-02-13T07:45:00Z,98.01,98.01,98.005,98.005,1232.0,98.005,116
2026-02-13T08:00:00Z,98.005,98.01,98.005,98.005,896.0,98.005,69
2026-02-13T08:15:00Z,98.005,98.01,98.005,98.01,431.0,98.005,68
2026-02-13T08:30:00Z,98.01,98.01,98.005,98.01,321.0,98.009,154
2026-02-13T08:45:00Z,98.01,98.01,98.005,98.01,496.0,98.0065,152
2026-02-13T09:00:00Z,98.01,98.015,98.005,98.015,4782.0,98.01,352
2026-02-13T09:15:00Z,98.015,98.015,98.01,98.01,2680.0,98.01,208
2026-02-13T09:30:00Z,98.01,98.01,98.01,98.01,1066.0,98.01,110
2026-02-13T09:45:00Z,98.005,98.01,98.005,98.005,1562.0,98.01,168
2026-02-13T10:00:00Z,98.01,98.01,98.01,98.01,646.0,98.01,103
2026-02-13T10:15:00Z,98.01,98.01,98.005,98.01,669.0,98.006,84
2026-02-13T10:30:00Z,98.01,98.01,98.01,98.01,5.0,98.01,5
2026-02-13T10:45:00Z,98.01,98.01,98.005,98.01,43.0,98.0065,18
2026-02-13T11:00:00Z,98.01,98.01,98.005,98.01,113.0,98.01,32
2026-02-13T11:15:00Z,98.01,98.01,98.01,98.01,2301.0,98.01,150
2026-02-13T11:30:00Z,98.01,98.01,98.01,98.01,287.0,98.01,89
2026-02-13T11:45:00Z,98.005,98.015,98.005,98.015,6012.0,98.009,1049
2026-02-13T12:00:00Z,98.015,98.02,98.01,98.015,4686.0,98.015,427
2026-02-13T12:15:00Z,98.015,98.015,98.015,98.015,1533.0,98.015,100
2026-02-13T12:30:00Z,98.015,98.015,98.015,98.015,356.0,98.015,85
2026-02-13T12:45:00Z,98.015,98.015,98.01,98.01,947.0,98.015,203
2026-02-13T13:00:00Z,98.015,98.025,98.015,98.02,9741.0,98.0175,440
2026-02-13T13:15:00Z,98.02,98.025,98.015,98.02,4007.0,98.02,228
2026-02-13T13:30:00Z,98.02,98.03,98.01,98.015,5498.0,98.021,288
2026-02-13T13:45:00Z,98.01,98.015,98.01,98.01,6465.0,98.0105,242
2026-02-13T14:00:00Z,98.01,98.02,98.01,98.02,2859.0,98.0125,254
2026-02-13T14:15:00Z,98.015,98.025,98.015,98.025,2622.0,98.021,208
2026-02-13T14:30:00Z,98.025,98.035,98.025,98.03,6002.0,98.03,675
2026-02-13T14:45:00Z,98.025,98.03,98.02,98.025,3916.0,98.025,225
2026-02-13T15:00:00Z,98.025,98.03,98.02,98.02,4668.0,98.022,329
2026-02-13T15:15:00Z,98.025,98.025,98.02,98.025,203.0,98.0225,48
2026-02-13T15:30:00Z,98.02,98.025,98.02,98.025,3703.0,98.02,416
2026-02-13T15:45:00Z,98.02,98.025,98.02,98.025,1650.0,98.022,184
2026-02-13T16:00:00Z,98.025,98.03,98.02,98.03,1832.0,98.024,651
2026-02-13T16:15:00Z,98.03,98.03,98.015,98.02,7003.0,98.0195,475
2026-02-13T16:30:00Z,98.02,98.025,98.02,98.025,4143.0,98.02,294
2026-02-13T16:45:00Z,98.02,98.025,98.02,98.025,4684.0,98.025,208
2026-02-13T17:00:00Z,98.025,98.03,98.02,98.025,7886.0,98.025,182
2026-02-13T17:15:00Z,98.02,98.025,98.015,98.015,2073.0,98.02,124
2026-02-13T17:30:00Z,98.015,98.02,98.01,98.01,3655.0,98.015,136
2026-02-13T17:45:00Z,98.015,98.015,98.015,98.015,400.0,98.015,48
2026-02-13T18:00:00Z,98.015,98.015,98.015,98.015,467.0,98.015,31
2026-02-13T18:15:00Z,98.015,98.015,98.015,98.015,1212.0,98.015,87
2026-02-13T18:30:00Z,98.02,98.02,98.02,98.02,60.0,98.02,32
2026-02-13T18:45:00Z,98.02,98.02,98.02,98.02,0.0,98.02,0
2026-02-13T19:00:00Z,98.02,98.02,98.02,98.02,8.0,98.02,2
2026-02-13T19:15:00Z,98.02,98.02,98.02,98.02,194.0,98.02,97
2026-02-13T19:30:00Z,98.02,98.02,98.02,98.02,196.0,98.02,110
2026-02-13T19:45:00Z,98.02,98.02,98.02,98.02,43.0,98.02,37
2026-02-13T20:00:00Z,98.02,98.02,98.02,98.02,0.0,98.02,0
2026-02-13T20:15:00Z,98.02,98.02,98.02,98.02,97.0,98.02,57
2026-02-13T20:30:00Z,98.02,98.02,98.02,98.02,529.0,98.02,99
2026-02-13T20:45:00Z,98.015,98.02,98.015,98.015,1193.0,98.015,132
2026-02-16T01:00:00Z,98.015,98.015,98.01,98.015,862.0,98.015,40
2026-02-16T01:15:00Z,98.015,98.015,98.015,98.015,34.0,98.015,2
2026-02-16T01:30:00Z,98.015,98.015,98.015,98.015,26.0,98.015,1
2026-02-16T01:45:00Z,98.015,98.015,98.015,98.015,0.0,98.015,0
2026-02-16T02:00:00Z,98.015,98.015,98.015,98.015,491.0,98.015,17
2026-02-16T02:15:00Z,98.015,98.015,98.015,98.015,49.0,98.015,6
2026-02-16T02:30:00Z,98.015,98.015,98.015,98.015,0.0,98.015,0
2026-02-16T02:45:00Z,98.015,98.015,98.015,98.015,5.0,98.015,4
2026-02-16T03:00:00Z,98.015,98.015,98.015,98.015,0.0,98.015,0
2026-02-16T03:15:00Z,98.015,98.015,98.015,98.015,0.0,98.015,0
2026-02-16T03:30:00Z,98.02,98.02,98.02,98.02,1.0,98.02,1
2026-02-16T03:45:00Z,98.02,98.02,98.02,98.02,18.0,98.02,2
2026-02-16T04:00:00Z,98.02,98.02,98.02,98.02,1.0,98.02,1
2026-02-16T04:15:00Z,98.02,98.02,98.02,98.02,1.0,98.02,1
2026-02-16T04:30:00Z,98.02,98.02,98.02,98.02,1.0,98.02,1
2026-02-16T04:45:00Z,98.02,98.02,98.02,98.02,0.0,98.02,0
2026-02-16T05:00:00Z,98.02,98.02,98.02,98.02,0.0,98.02,0
2026-02-16T05:15:00Z,98.02,98.02,98.02,98.02,0.0,98.02,0
2026-02-16T05:30:00Z,98.02,98.02,98.02,98.02,0.0,98.02,0
2026-02-16T05:45:00Z,98.02,98.02,98.02,98.02,0.0,98.02,0
2026-02-16T06:00:00Z,98.02,98.02,98.02,98.02,6.0,98.02,3
2026-02-16T06:15:00Z,98.02,98.02,98.02,98.02,0.0,98.02,0
2026-02-16T06:30:00Z,98.02,98.02,98.02,98.02,0.0,98.02,0
2026-02-16T06:45:00Z,98.02,98.02,98.015,98.02,311.0,98.016,44
2026-02-16T07:00:00Z,98.015,98.02,98.015,98.02,869.0,98.02,100
2026-02-16T07:15:00Z,98.02,98.025,98.02,98.025,1474.0,98.02,44
2026-02-16T07:30:00Z,98.025,98.025,98.02,98.02,9.0,98.0215,8
2026-02-16T07:45:00Z,98.02,98.025,98.02,98.02,121.0,98.0205,37
2026-02-16T08:00:00Z,98.025,98.025,98.02,98.02,724.0,98.02,74
2026-02-16T08:15:00Z,98.02,98.025,98.02,98.025,537.0,98.0205,97
2026-02-16T08:30:00Z,98.025,98.03,98.02,98.025,3016.0,98.025,269
2026-02-16T08:45:00Z,98.025,98.025,98.025,98.025,1733.0,98.025,158
2026-02-16T09:00:00Z,98.025,98.025,98.02,98.02,289.0,98.021,68
2026-02-16T09:15:00Z,98.025,98.025,98.015,98.02,1239.0,98.02,55
2026-02-16T09:30:00Z,98.015,98.02,98.015,98.02,143.0,98.02,34
2026-02-16T09:45:00Z,98.02,98.02,98.01,98.01,4528.0,98.012,332
2026-02-16T10:00:00Z,98.01,98.015,98.01,98.015,835.0,98.01,96
2026-02-16T10:15:00Z,98.015,98.015,98.01,98.015,145.0,98.011,29
2026-02-16T10:30:00Z,98.015,98.015,98.01,98.015,131.0,98.012,47
2026-02-16T10:45:00Z,98.015,98.015,98.01,98.015,1407.0,98.0105,144
2026-02-16T11:00:00Z,98.015,98.015,98.015,98.015,269.0,98.015,40
2026-02-16T11:15:00Z,98.015,98.015,98.015,98.015,11.0,98.015,5
2026-02-16T11:30:00Z,98.015,98.02,98.015,98.015,1454.0,98.015,189
2026-02-16T11:45:00Z,98.015,98.02,98.015,98.02,577.0,98.015,69
2026-02-16T12:00:00Z,98.015,98.02,98.015,98.015,20.0,98.0155,14
2026-02-16T12:15:00Z,98.02,98.02,98.015,98.02,2099.0,98.015,104
2026-02-16T12:30:00Z,98.02,98.02,98.015,98.015,1090.0,98.015,49
2026-02-16T12:45:00Z,98.015,98.015,98.01,98.01,47.0,98.012,26
2026-02-16T13:00:00Z,98.015,98.015,98.015,98.015,16.0,98.015,9
2026-02-16T13:15:00Z,98.015,98.02,98.015,98.02,1066.0,98.015,51
2026-02-16T13:30:00Z,98.015,98.02,98.015,98.015,179.0,98.015,16
2026-02-16T13:45:00Z,98.02,98.02,98.015,98.02,233.0,98.02,49
2026-02-16T14:00:00Z,98.02,98.02,98.02,98.02,139.0,98.02,34
2026-02-16T14:15:00Z,98.02,98.02,98.015,98.02,141.0,98.0195,44
2026-02-16T14:30:00Z,98.02,98.02,98.015,98.02,327.0,98.02,105
2026-02-16T14:45:00Z,98.015,98.02,98.015,98.015,477.0,98.0185,103
2026-02-16T15:00:00Z,98.02,98.02,98.015,98.02,4348.0,98.02,357
2026-02-16T15:15:00Z,98.025,98.025,98.02,98.025,54.0,98.021,23
2026-02-16T15:30:00Z,98.025,98.025,98.02,98.02,77.0,98.0205,15
2026-02-16T15:45:00Z,98.025,98.025,98.02,98.025,2872.0,98.02,89
2026-02-16T16:00:00Z,98.025,98.025,98.015,98.025,11021.0,98.02,298
2026-02-16T16:15:00Z,98.025,98.025,98.02,98.02,3952.0,98.02,228
2026-02-16T16:30:00Z,98.02,98.025,98.02,98.025,1187.0,98.021,130
2026-02-16T16:45:00Z,98.02,98.02,98.02,98.02,374.0,98.02,38
2026-02-16T17:00:00Z,98.02,98.02,98.02,98.02,1165.0,98.02,33
2026-02-16T17:15:00Z,98.02,98.025,98.02,98.02,69.0,98.022,16
2026-02-16T17:30:00Z,98.02,98.02,98.02,98.02,272.0,98.02,12
2026-02-16T17:45:00Z,98.02,98.025,98.02,98.025,2595.0,98.02,41
2026-02-16T18:00:00Z,98.02,98.02,98.02,98.02,94.0,98.02,9
2026-02-16T18:15:00Z,98.02,98.02,98.02,98.02,105.0,98.02,6
2026-02-16T18:30:00Z,98.02,98.02,98.02,98.02,0.0,98.02,0
2026-02-16T18:45:00Z,98.02,98.02,98.02,98.02,0.0,98.02,0
2026-02-16T19:00:00Z,98.025,98.025,98.025,98.025,1.0,98.025,1
2026-02-16T19:15:00Z,98.025,98.025,98.025,98.025,0.0,98.025,0
2026-02-16T19:30:00Z,98.02,98.02,98.02,98.02,54.0,98.02,8
2026-02-16T19:45:00Z,98.02,98.02,98.02,98.02,0.0,98.02,0
2026-02-16T20:00:00Z,98.02,98.02,98.02,98.02,0.0,98.02,0
2026-02-16T20:15:00Z,98.02,98.02,98.02,98.02,0.0,98.02,0
2026-02-16T20:30:00Z,98.02,98.02,98.02,98.02,0.0,98.02,0
2026-02-16T20:45:00Z,98.025,98.025,98.025,98.025,305.0,98.025,12
2026-02-17T01:00:00Z,98.02,98.025,98.02,98.025,60.0,98.02,7
2026-02-17T01:15:00Z,98.025,98.025,98.025,98.025,0.0,98.025,0
2026-02-17T01:30:00Z,98.025,98.025,98.025,98.025,0.0,98.025,0
2026-02-17T01:45:00Z,98.025,98.025,98.025,98.025,0.0,98.025,0
2026-02-17T02:00:00Z,98.025,98.025,98.025,98.025,210.0,98.025,11
2026-02-17T02:15:00Z,98.025,98.025,98.025,98.025,0.0,98.025,0
2026-02-17T02:30:00Z,98.025,98.025,98.025,98.025,0.0,98.025,0
2026-02-17T02:45:00Z,98.025,98.025,98.025,98.025,0.0,98.025,0
2026-02-17T03:00:00Z,98.025,98.025,98.025,98.025,245.0,98.025,10
2026-02-17T03:15:00Z,98.025,98.025,98.025,98.025,0.0,98.025,0
2026-02-17T03:30:00Z,98.025,98.025,98.025,98.025,0.0,98.025,0
2026-02-17T03:45:00Z,98.025,98.025,98.025,98.025,0.0,98.025,0
2026-02-17T04:00:00Z,98.025,98.025,98.025,98.025,0.0,98.025,0
2026-02-17T04:15:00Z,98.025,98.025,98.025,98.025,10.0,98.025,1
2026-02-17T04:30:00Z,98.025,98.025,98.025,98.025,0.0,98.025,0
2026-02-17T04:45:00Z,98.025,98.025,98.025,98.025,0.0,98.025,0
2026-02-17T05:00:00Z,98.025,98.025,98.025,98.025,0.0,98.025,0
2026-02-17T05:15:00Z,98.025,98.025,98.025,98.025,0.0,98.025,0
2026-02-17T05:30:00Z,98.025,98.025,98.025,98.025,0.0,98.025,0
2026-02-17T05:45:00Z,98.025,98.025,98.025,98.025,0.0,98.025,0
2026-02-17T06:00:00Z,98.03,98.03,98.03,98.03,225.0,98.03,6
2026-02-17T06:15:00Z,98.03,98.03,98.03,98.03,304.0,98.03,17
2026-02-17T06:30:00Z,98.03,98.03,98.03,98.03,305.0,98.03,2
2026-02-17T06:45:00Z,98.03,98.03,98.03,98.03,1.0,98.03,1
2026-02-17T07:00:00Z,98.035,98.045,98.03,98.04,3411.0,98.0385,211
2026-02-17T07:15:00Z,98.045,98.045,98.035,98.04,676.0,98.04,53
2026-02-17T07:30:00Z,98.04,98.04,98.04,98.04,188.0,98.04,58
2026-02-17T07:45:00Z,98.035,98.04,98.035,98.035,3977.0,98.035,231
2026-02-17T08:00:00Z,98.035,98.035,98.03,98.03,11816.0,98.03,401
2026-02-17T08:15:00Z,98.035,98.035,98.03,98.035,503.0,98.03,20
2026-02-17T08:30:00Z,98.035,98.035,98.03,98.035,638.0,98.034,290
2026-02-17T08:45:00Z,98.035,98.035,98.03,98.035,697.0,98.032,122
2026-02-17T09:00:00Z,98.035,98.035,98.025,98.025,4194.0,98.029,290
2026-02-17T09:15:00Z,98.03,98.03,98.025,98.03,192.0,98.0295,15
2026-02-17T09:30:00Z,98.025,98.03,98.025,98.03,550.0,98.03,225
2026-02-17T09:45:00Z,98.03,98.03,98.025,98.03,1536.0,98.027,133
2026-02-17T10:00:00Z,98.03,98.035,98.03,98.035,3710.0,98.03,197
2026-02-17T10:15:00Z,98.03,98.03,98.03,98.03,500.0,98.03,53
2026-02-17T10:30:00Z,98.03,98.03,98.03,98.03,1349.0,98.03,187
2026-02-17T10:45:00Z,98.025,98.03,98.025,98.03,893.0,98.03,46
2026-02-17T11:00:00Z,98.03,98.03,98.03,98.03,63.0,98.03,17
2026-02-17T11:15:00Z,98.03,98.03,98.025,98.03,75.0,98.03,25
2026-02-17T11:30:00Z,98.03,98.03,98.03,98.03,115.0,98.03,49
2026-02-17T11:45:00Z,98.03,98.03,98.025,98.03,157.0,98.03,47
2026-02-17T12:00:00Z,98.03,98.035,98.03,98.03,6486.0,98.03,437
2026-02-17T12:15:00Z,98.03,98.035,98.03,98.03,1907.0,98.03,115
2026-02-17T12:30:00Z,98.03,98.035,98.03,98.03,1480.0,98.03,50
2026-02-17T12:45:00Z,98.03,98.035,98.03,98.03,1107.0,98.03,122
2026-02-17T13:00:00Z,98.03,98.035,98.03,98.03,560.0,98.03,230
2026-02-17T13:15:00Z,98.035,98.035,98.03,98.03,292.0,98.03,137
2026-02-17T13:30:00Z,98.03,98.03,98.025,98.025,5734.0,98.03,425
2026-02-17T13:45:00Z,98.03,98.03,98.025,98.03,980.0,98.0265,181
2026-02-17T14:00:00Z,98.025,98.03,98.025,98.025,8472.0,98.025,423
2026-02-17T14:15:00Z,98.025,98.03,98.025,98.025,2419.0,98.0255,214
2026-02-17T14:30:00Z,98.025,98.025,98.02,98.025,3765.0,98.023,176
2026-02-17T14:45:00Z,98.025,98.03,98.025,98.03,2515.0,98.025,352
2026-02-17T15:00:00Z,98.03,98.03,98.025,98.03,46.0,98.03,36
2026-02-17T15:15:00Z,98.03,98.03,98.025,98.03,685.0,98.027,116
2026-02-17T15:30:00Z,98.03,98.03,98.025,98.025,126.0,98.0285,66
2026-02-17T15:45:00Z,98.03,98.03,98.025,98.03,363.0,98.0295,111
2026-02-17T16:00:00Z,98.025,98.03,98.02,98.025,5639.0,98.0255,1029
2026-02-17T16:15:00Z,98.025,98.025,98.02,98.02,1913.0,98.0205,142
2026-02-17T16:30:00Z,98.02,98.025,98.015,98.025,8805.0,98.02,254
2026-02-17T16:45:00Z,98.02,98.02,98.02,98.02,1448.0,98.02,75
2026-02-17T17:00:00Z,98.02,98.02,98.02,98.02,73.0,98.02,11
2026-02-17T17:15:00Z,98.02,98.025,98.02,98.02,828.0,98.02,101
2026-02-17T17:30:00Z,98.015,98.02,98.015,98.02,1479.0,98.02,220
2026-02-17T17:45:00Z,98.02,98.02,98.015,98.02,144.0,98.019,55
2026-02-17T18:00:00Z,98.015,98.015,98.015,98.015,36.0,98.015,3
2026-02-17T18:15:00Z,98.015,98.015,98.015,98.015,3845.0,98.015,84
2026-02-17T18:30:00Z,98.015,98.015,98.015,98.015,1458.0,98.015,64
2026-02-17T18:45:00Z,98.015,98.015,98.015,98.015,423.0,98.015,22
2026-02-17T19:00:00Z,98.015,98.015,98.015,98.015,2.0,98.015,2
2026-02-17T19:15:00Z,98.015,98.015,98.015,98.015,0.0,98.015,0
2026-02-17T19:30:00Z,98.015,98.02,98.015,98.015,219.0,98.015,16
2026-02-17T19:45:00Z,98.015,98.015,98.015,98.015,0.0,98.015,0
2026-02-17T20:00:00Z,98.02,98.02,98.02,98.02,3.0,98.02,2
2026-02-17T20:15:00Z,98.015,98.015,98.015,98.015,31.0,98.015,2
2026-02-17T20:30:00Z,98.015,98.02,98.015,98.02,8.0,98.0155,6
2026-02-17T20:45:00Z,98.02,98.02,98.02,98.02,263.0,98.02,17
2026-02-18T01:00:00Z,98.02,98.025,98.02,98.02,372.0,98.02,41
2026-02-18T01:15:00Z,98.02,98.02,98.02,98.02,0.0,98.02,0
2026-02-18T01:30:00Z,98.015,98.015,98.015,98.015,5.0,98.015,5
2026-02-18T01:45:00Z,98.015,98.015,98.015,98.015,0.0,98.015,0
2026-02-18T02:00:00Z,98.015,98.015,98.015,98.015,0.0,98.015,0
2026-02-18T02:15:00Z,98.015,98.015,98.015,98.015,0.0,98.015,0
2026-02-18T02:30:00Z,98.015,98.015,98.015,98.015,0.0,98.015,0
2026-02-18T02:45:00Z,98.015,98.015,98.015,98.015,0.0,98.015,0
2026-02-18T03:00:00Z,98.015,98.015,98.015,98.015,0.0,98.015,0
2026-02-18T03:15:00Z,98.015,98.015,98.015,98.015,0.0,98.015,0
2026-02-18T03:30:00Z,98.015,98.015,98.015,98.015,111.0,98.015,10
2026-02-18T03:45:00Z,98.015,98.015,98.015,98.015,1.0,98.015,1
2026-02-18T04:00:00Z,98.015,98.015,98.015,98.015,0.0,98.015,0
2026-02-18T04:15:00Z,98.015,98.015,98.015,98.015,0.0,98.015,0
2026-02-18T04:30:00Z,98.015,98.015,98.015,98.015,0.0,98.015,0
2026-02-18T04:45:00Z,98.015,98.015,98.015,98.015,0.0,98.015,0
2026-02-18T05:00:00Z,98.01,98.01,98.01,98.01,750.0,98.01,74
2026-02-18T05:15:00Z,98.01,98.01,98.01,98.01,0.0,98.01,0
2026-02-18T05:30:00Z,98.01,98.01,98.01,98.01,0.0,98.01,0
2026-02-18T05:45:00Z,98.01,98.01,98.01,98.01,0.0,98.01,0
2026-02-18T06:00:00Z,98.01,98.01,98.01,98.01,0.0,98.01,0
2026-02-18T06:15:00Z,98.01,98.01,98.01,98.01,0.0,98.01,0
2026-02-18T06:30:00Z,98.01,98.01,98.01,98.01,0.0,98.01,0
2026-02-18T06:45:00Z,98.015,98.02,98.01,98.02,310.0,98.015,48
2026-02-18T07:00:00Z,98.02,98.025,98.015,98.015,4507.0,98.017,127
2026-02-18T07:15:00Z,98.015,98.02,98.015,98.015,2760.0,98.015,122
2026-02-18T07:30:00Z,98.015,98.015,98.005,98.005,156.0,98.0105,61
2026-02-18T07:45:00Z,98.01,98.01,98.005,98.01,1199.0,98.01,29
2026-02-18T08:00:00Z,98.015,98.015,98.01,98.015,176.0,98.0105,38
2026-02-18T08:15:00Z,98.01,98.015,98.01,98.015,790.0,98.0145,145
2026-02-18T08:30:00Z,98.01,98.015,98.01,98.01,1762.0,98.01,231
2026-02-18T08:45:00Z,98.015,98.015,98.015,98.015,3638.0,98.015,303
2026-02-18T09:00:00Z,98.02,98.02,98.015,98.02,112.0,98.0195,52
2026-02-18T09:15:00Z,98.02,98.02,98.02,98.02,2183.0,98.02,161
2026-02-18T09:30:00Z,98.02,98.02,98.02,98.02,423.0,98.02,86
2026-02-18T09:45:00Z,98.02,98.025,98.02,98.025,1093.0,98.02,148
2026-02-18T10:00:00Z,98.02,98.025,98.015,98.015,1278.0,98.02,116
2026-02-18T10:15:00Z,98.02,98.02,98.015,98.02,164.0,98.0195,71
2026-02-18T10:30:00Z,98.015,98.025,98.015,98.025,1493.0,98.02,282
2026-02-18T10:45:00Z,98.02,98.025,98.02,98.02,675.0,98.02,49
2026-02-18T11:00:00Z,98.02,98.02,98.02,98.02,44.0,98.02,34
2026-02-18T11:15:00Z,98.02,98.02,98.015,98.015,240.0,98.016,56
2026-02-18T11:30:00Z,98.02,98.02,98.015,98.015,953.0,98.015,48
2026-02-18T11:45:00Z,98.02,98.02,98.015,98.015,1458.0,98.015,146
2026-02-18T12:00:00Z,98.015,98.02,98.01,98.01,2583.0,98.0105,177
2026-02-18T12:15:00Z,98.01,98.01,98.005,98.01,3438.0,98.005,83
2026-02-18T12:30:00Z,98.01,98.01,98.01,98.01,1111.0,98.01,108
2026-02-18T12:45:00Z,98.01,98.01,98.005,98.01,89.0,98.0075,43
2026-02-18T13:00:00Z,98.005,98.01,98.005,98.005,6385.0,98.01,314
2026-02-18T13:15:00Z,98.01,98.015,98.01,98.015,390.0,98.011,24
2026-02-18T13:30:00Z,98.01,98.01,98.005,98.005,2955.0,98.01,298
2026-02-18T13:45:00Z,98.01,98.01,98.005,98.005,824.0,98.005,79
2026-02-18T14:00:00Z,98.01,98.01,98.01,98.01,197.0,98.01,37
2026-02-18T14:15:00Z,98.01,98.01,98.01,98.01,3987.0,98.01,100
2026-02-18T14:30:00Z,98.01,98.01,98.01,98.01,351.0,98.01,34
2026-02-18T14:45:00Z,98.01,98.01,98.005,98.01,449.0,98.01,60
2026-02-18T15:00:00Z,98.01,98.01,98.005,98.005,302.0,98.007,120
2026-02-18T15:15:00Z,98.01,98.01,98.005,98.005,2524.0,98.0055,249
2026-02-18T15:30:00Z,98.01,98.01,98.005,98.01,77.0,98.0075,64
2026-02-18T15:45:00Z,98.01,98.01,98.005,98.01,2818.0,98.0095,256
2026-02-18T16:00:00Z,98.01,98.015,98.01,98.015,3269.0,98.01,582
2026-02-18T16:15:00Z,98.01,98.015,98.01,98.01,3179.0,98.01,145
2026-02-18T16:30:00Z,98.015,98.015,98.01,98.015,27.0,98.012,15
2026-02-18T16:45:00Z,98.01,98.015,98.01,98.015,845.0,98.014,335
2026-02-18T17:00:00Z,98.01,98.015,98.01,98.015,904.0,98.015,64
2026-02-18T17:15:00Z,98.015,98.015,98.01,98.015,2108.0,98.015,231
2026-02-18T17:30:00Z,98.015,98.015,98.01,98.015,2269.0,98.015,133
2026-02-18T17:45:00Z,98.015,98.015,98.015,98.015,2.0,98.015,2
2026-02-18T18:00:00Z,98.015,98.015,98.015,98.015,50.0,98.015,22
2026-02-18T18:15:00Z,98.015,98.015,98.015,98.015,1.0,98.015,1
2026-02-18T18:30:00Z,98.015,98.015,98.015,98.015,506.0,98.015,12
2026-02-18T18:45:00Z,98.015,98.015,98.015,98.015,3.0,98.015,3
2026-02-18T19:00:00Z,98.015,98.015,98.01,98.01,215.0,98.015,7
2026-02-18T19:15:00Z,98.01,98.01,98.01,98.01,0.0,98.01,0
2026-02-18T19:30:00Z,98.015,98.015,98.015,98.015,48.0,98.015,17
2026-02-18T19:45:00Z,98.015,98.015,98.015,98.015,0.0,98.015,0
2026-02-18T20:00:00Z,98.015,98.015,98.015,98.015,6.0,98.015,2
2026-02-18T20:15:00Z,98.015,98.015,98.015,98.015,67.0,98.015,7
2026-02-18T20:30:00Z,98.015,98.015,98.01,98.01,120.0,98.015,8
2026-02-18T20:45:00Z,98.015,98.015,98.015,98.015,53.0,98.015,16
2026-02-19T01:00:00Z,98.01,98.015,98.01,98.015,7.0,98.012,4
2026-02-19T01:15:00Z,98.015,98.015,98.015,98.015,1.0,98.015,1
2026-02-19T01:30:00Z,98.015,98.015,98.015,98.015,0.0,98.015,0
2026-02-19T01:45:00Z,98.015,98.015,98.015,98.015,0.0,98.015,0
2026-02-19T02:00:00Z,98.015,98.015,98.015,98.015,0.0,98.015,0
2026-02-19T02:15:00Z,98.015,98.015,98.015,98.015,0.0,98.015,0
2026-02-19T02:30:00Z,98.015,98.015,98.015,98.015,0.0,98.015,0
2026-02-19T02:45:00Z,98.015,98.015,98.015,98.015,0.0,98.015,0
2026-02-19T03:00:00Z,98.015,98.015,98.015,98.015,0.0,98.015,0
2026-02-19T03:15:00Z,98.015,98.015,98.015,98.015,0.0,98.015,0
2026-02-19T03:30:00Z,98.015,98.015,98.015,98.015,0.0,98.015,0
2026-02-19T03:45:00Z,98.01,98.01,98.01,98.01,60.0,98.01,5
2026-02-19T04:00:00Z,98.01,98.01,98.01,98.01,0.0,98.01,0
2026-02-19T04:15:00Z,98.01,98.01,98.01,98.01,0.0,98.01,0
2026-02-19T04:30:00Z,98.01,98.01,98.01,98.01,0.0,98.01,0
2026-02-19T04:45:00Z,98.01,98.01,98.01,98.01,0.0,98.01,0
2026-02-19T05:00:00Z,98.01,98.01,98.01,98.01,0.0,98.01,0
2026-02-19T05:15:00Z,98.005,98.005,98.005,98.005,102.0,98.005,22
2026-02-19T05:30:00Z,98.005,98.005,98.005,98.005,0.0,98.005,0
2026-02-19T05:45:00Z,98.005,98.005,98.005,98.005,0.0,98.005,0
2026-02-19T06:00:00Z,98.005,98.005,98.005,98.005,0.0,98.005,0
2026-02-19T06:15:00Z,98.005,98.005,98.005,98.005,363.0,98.005,32
2026-02-19T06:30:00Z,98.005,98.005,98.005,98.005,152.0,98.005,12
2026-02-19T06:45:00Z,98.005,98.005,98.005,98.005,0.0,98.005,0
2026-02-19T07:00:00Z,98.005,98.01,98.005,98.005,1065.0,98.005,79
2026-02-19T07:15:00Z,98.005,98.005,98.0,98.0,5.0,98.004,5
2026-02-19T07:30:00Z,98.005,98.005,98.0,98.005,872.0,98.003,78
2026-02-19T07:45:00Z,98.0,98.005,97.995,98.0,1439.0,98.0,113
2026-02-19T08:00:00Z,97.995,98.0,97.995,98.0,436.0,97.996,88
2026-02-19T08:15:00Z,97.995,98.005,97.995,98.005,1433.0,97.9985,226
2026-02-19T08:30:00Z,98.005,98.005,98.005,98.005,68.0,98.005,65
2026-02-19T08:45:00Z,98.005,98.005,98.005,98.005,86.0,98.005,64
2026-02-19T09:00:00Z,98.005,98.005,98.0,98.005,50.0,98.005,50
2026-02-19T09:15:00Z,98.005,98.005,98.0,98.005,590.0,98.0025,124
2026-02-19T09:30:00Z,98.0,98.005,98.0,98.005,13.0,98.004,9
2026-02-19T09:45:00Z,98.005,98.005,98.0,98.0,1223.0,98.002,145
2026-02-19T10:00:00Z,98.0,98.0,98.0,98.0,4542.0,98.0,266
2026-02-19T10:15:00Z,98.0,98.0,98.0,98.0,1172.0,98.0,27
2026-02-19T10:30:00Z,98.0,98.0,97.995,97.995,60.0,97.999,7
2026-02-19T10:45:00Z,98.0,98.0,97.995,98.0,592.0,98.0,53
2026-02-19T11:00:00Z,97.995,97.995,97.995,97.995,4394.0,97.995,228
2026-02-19T11:15:00Z,97.995,98.0,97.995,98.0,254.0,97.9955,71
2026-02-19T11:30:00Z,98.0,98.0,98.0,98.0,21.0,98.0,6
2026-02-19T11:45:00Z,98.0,98.0,97.995,97.995,3115.0,97.995,215
2026-02-19T12:00:00Z,98.0,98.0,97.995,98.0,2245.0,97.9995,162
2026-02-19T12:15:00Z,98.0,98.0,98.0,98.0,125.0,98.0,26
2026-02-19T12:30:00Z,98.0,98.0,98.0,98.0,7.0,98.0,4
2026-02-19T12:45:00Z,98.0,98.0,97.995,98.0,567.0,97.995,107
2026-02-19T13:00:00Z,98.0,98.0,98.0,98.0,64.0,98.0,18
2026-02-19T13:15:00Z,98.0,98.005,98.0,98.0,1603.0,98.0,147
2026-02-19T13:30:00Z,98.0,98.0,97.995,97.995,242.0,97.999,25
2026-02-19T13:45:00Z,98.0,98.0,98.0,98.0,3279.0,98.0,146
2026-02-19T14:00:00Z,98.0,98.0,98.0,98.0,2276.0,98.0,90
2026-02-19T14:15:00Z,98.0,98.0,98.0,98.0,1736.0,98.0,123
2026-02-19T14:30:00Z,98.005,98.005,98.0,98.005,136.0,98.0005,26
2026-02-19T14:45:00Z,98.0,98.005,98.0,98.0,440.0,98.0,48
2026-02-19T15:00:00Z,98.0,98.005,98.0,98.0,86.0,98.004,35
2026-02-19T15:15:00Z,98.0,98.005,98.0,98.0,400.0,98.0,38
2026-02-19T15:30:00Z,98.0,98.005,98.0,98.0,158.0,98.0,57
2026-02-19T15:45:00Z,98.005,98.005,98.0,98.005,1773.0,98.005,160
2026-02-19T16:00:00Z,98.0,98.01,98.0,98.01,5809.0,98.005,552
2026-02-19T16:15:00Z,98.005,98.01,98.005,98.01,320.0,98.006,42
2026-02-19T16:30:00Z,98.01,98.01,98.005,98.01,1533.0,98.0055,106
2026-02-19T16:45:00Z,98.01,98.01,98.005,98.005,102.0,98.005,18
2026-02-19T17:00:00Z,98.005,98.01,98.005,98.005,233.0,98.0075,32
2026-02-19T17:15:00Z,98.01,98.01,98.005,98.005,868.0,98.005,46
2026-02-19T17:30:00Z,98.005,98.01,98.005,98.01,25.0,98.006,14
2026-02-19T17:45:00Z,98.005,98.01,98.005,98.01,814.0,98.0055,32
2026-02-19T18:00:00Z,98.005,98.01,98.005,98.01,14.0,98.0075,9
2026-02-19T18:15:00Z,98.005,98.01,98.005,98.01,203.0,98.01,22
2026-02-19T18:30:00Z,98.01,98.01,98.01,98.01,107.0,98.01,17
2026-02-19T18:45:00Z,98.01,98.01,98.01,98.01,0.0,98.01,0
2026-02-19T19:00:00Z,98.01,98.01,98.01,98.01,442.0,98.01,19
2026-02-19T19:15:00Z,98.01,98.01,98.01,98.01,0.0,98.01,0
2026-02-19T19:30:00Z,98.005,98.005,98.005,98.005,22.0,98.005,6
2026-02-19T19:45:00Z,98.005,98.005,98.005,98.005,0.0,98.005,0
2026-02-19T20:00:00Z,98.005,98.005,98.005,98.005,0.0,98.005,0
2026-02-19T20:15:00Z,98.01,98.01,98.01,98.01,3.0,98.01,3
2026-02-19T20:30:00Z,98.01,98.01,98.005,98.01,4011.0,98.01,73
2026-02-19T20:45:00Z,98.005,98.01,98.005,98.005,334.0,98.005,36
2026-02-20T01:00:00Z,98.01,98.01,98.01,98.01,13.0,98.01,5
2026-02-20T01:15:00Z,98.01,98.01,98.01,98.01,0.0,98.01,0
2026-02-20T01:30:00Z,98.01,98.01,98.01,98.01,0.0,98.01,0
2026-02-20T01:45:00Z,98.01,98.01,98.01,98.01,0.0,98.01,0
2026-02-20T02:00:00Z,98.01,98.01,98.01,98.01,0.0,98.01,0
2026-02-20T02:15:00Z,98.01,98.01,98.01,98.01,0.0,98.01,0
2026-02-20T02:30:00Z,98.01,98.01,98.01,98.01,0.0,98.01,0
2026-02-20T02:45:00Z,98.01,98.01,98.01,98.01,0.0,98.01,0
2026-02-20T03:00:00Z,98.01,98.01,98.01,98.01,0.0,98.01,0
2026-02-20T03:15:00Z,98.01,98.01,98.01,98.01,0.0,98.01,0
2026-02-20T03:30:00Z,98.01,98.01,98.01,98.01,0.0,98.01,0
2026-02-20T03:45:00Z,98.01,98.01,98.01,98.01,0.0,98.01,0
2026-02-20T04:00:00Z,98.01,98.01,98.01,98.01,0.0,98.01,0
2026-02-20T04:15:00Z,98.01,98.01,98.01,98.01,0.0,98.01,0
2026-02-20T04:30:00Z,98.01,98.01,98.01,98.01,0.0,98.01,0
2026-02-20T04:45:00Z,98.01,98.01,98.01,98.01,0.0,98.01,0
2026-02-20T05:00:00Z,98.01,98.01,98.01,98.01,0.0,98.01,0
2026-02-20T05:15:00Z,98.01,98.01,98.01,98.01,0.0,98.01,0
2026-02-20T05:30:00Z,98.01,98.01,98.01,98.01,0.0,98.01,0
2026-02-20T05:45:00Z,98.01,98.01,98.01,98.01,0.0,98.01,0
2026-02-20T06:00:00Z,98.01,98.01,98.01,98.01,136.0,98.01,9
2026-02-20T06:15:00Z,98.01,98.01,98.01,98.01,0.0,98.01,0
2026-02-20T06:30:00Z,98.01,98.01,98.01,98.01,43.0,98.01,7
2026-02-20T06:45:00Z,98.01,98.01,98.01,98.01,6.0,98.01,1
2026-02-20T07:00:00Z,98.01,98.015,98.005,98.01,353.0,98.01,42
2026-02-20T07:15:00Z,98.01,98.01,98.01,98.01,1028.0,98.01,51
2026-02-20T07:30:00Z,98.01,98.01,98.01,98.01,489.0,98.01,35
2026-02-20T07:45:00Z,98.01,98.01,98.01,98.01,1674.0,98.01,45
2026-02-20T08:00:00Z,98.005,98.01,98.005,98.01,98.0,98.0095,30
2026-02-20T08:15:00Z,98.005,98.01,98.005,98.005,330.0,98.005,48
2026-02-20T08:30:00Z,98.005,98.005,97.995,98.0,5858.0,97.9985,294
2026-02-20T08:45:00Z,98.0,98.0,98.0,98.0,691.0,98.0,52
2026-02-20T09:00:00Z,98.005,98.005,98.0,98.0,3449.0,98.0,188
2026-02-20T09:15:00Z,98.0,98.005,98.0,98.0,3179.0,98.0,110
2026-02-20T09:30:00Z,98.0,98.005,98.0,98.005,367.0,98.0,28
2026-02-20T09:45:00Z,98.005,98.005,98.0,98.005,24.0,98.0045,22
2026-02-20T10:00:00Z,98.0,98.005,97.995,98.0,5863.0,98.0,140
2026-02-20T10:15:00Z,98.0,98.0,98.0,98.0,1909.0,98.0,160
2026-02-20T10:30:00Z,98.0,98.005,98.0,98.005,687.0,98.0005,39
2026-02-20T10:45:00Z,98.0,98.0,98.0,98.0,165.0,98.0,24
2026-02-20T11:00:00Z,98.0,98.005,98.0,98.0,745.0,98.0,76
2026-02-20T11:15:00Z,98.0,98.0,97.995,98.0,397.0,98.0,95
2026-02-20T11:30:00Z,98.0,98.0,98.0,98.0,84.0,98.0,31
2026-02-20T11:45:00Z,98.0,98.0,97.995,98.0,17.0,97.9995,17
2026-02-20T12:00:00Z,98.0,98.0,97.995,98.0,108.0,97.999,41
2026-02-20T12:15:00Z,98.0,98.0,97.995,98.0,1320.0,98.0,201
2026-02-20T12:30:00Z,98.0,98.0,98.0,98.0,1617.0,98.0,119
2026-02-20T12:45:00Z,98.0,98.0,98.0,98.0,163.0,98.0,30
2026-02-20T13:00:00Z,98.0,98.005,98.0,98.005,64.0,98.0025,45
2026-02-20T13:15:00Z,98.005,98.005,97.995,98.0,2691.0,98.0,230
2026-02-20T13:30:00Z,98.0,98.0,97.995,98.0,1216.0,97.9985,133
2026-02-20T13:45:00Z,97.995,98.0,97.995,98.0,1454.0,97.995,171
2026-02-20T14:00:00Z,97.995,98.0,97.995,98.0,18.0,97.9975,16
2026-02-20T14:15:00Z,97.995,98.0,97.995,98.0,27.0,97.9995,26
2026-02-20T14:30:00Z,98.0,98.0,97.995,98.0,78.0,97.9965,48
2026-02-20T14:45:00Z,98.0,98.0,97.995,97.995,506.0,97.995,69
2026-02-20T15:00:00Z,97.995,98.0,97.985,97.995,14141.0,97.994,850
2026-02-20T15:15:00Z,98.0,98.0,97.99,97.995,2528.0,97.995,225
2026-02-20T15:30:00Z,98.0,98.0,97.99,97.995,2065.0,97.995,226
2026-02-20T15:45:00Z,97.995,97.995,97.99,97.995,114.0,97.9905,30
2026-02-20T16:00:00Z,97.995,98.0,97.99,98.0,1008.0,97.995,439
2026-02-20T16:15:00Z,97.995,97.995,97.995,97.995,4003.0,97.995,207
2026-02-20T16:30:00Z,97.995,98.0,97.995,98.0,2982.0,97.995,264
2026-02-20T16:45:00Z,97.995,97.995,97.995,97.995,11.0,97.995,3
2026-02-20T17:00:00Z,98.0,98.0,97.995,98.0,43.0,97.999,17
2026-02-20T17:15:00Z,98.0,98.005,98.0,98.005,1952.0,98.0,177
2026-02-20T17:30:00Z,98.0,98.005,98.0,98.0,46.0,98.0045,7
2026-02-20T17:45:00Z,98.005,98.005,98.0,98.0,34.0,98.001,4
2026-02-20T18:00:00Z,98.0,98.0,98.0,98.0,400.0,98.0,27
2026-02-20T18:15:00Z,98.005,98.005,98.005,98.005,48.0,98.005,10
2026-02-20T18:30:00Z,98.005,98.005,98.005,98.005,2379.0,98.005,129
2026-02-20T18:45:00Z,98.005,98.005,98.005,98.005,0.0,98.005,0
2026-02-20T19:00:00Z,98.005,98.005,98.005,98.005,0.0,98.005,0
2026-02-20T19:15:00Z,98.005,98.005,98.005,98.005,0.0,98.005,0
2026-02-20T19:30:00Z,98.005,98.005,98.005,98.005,12.0,98.005,8
2026-02-20T19:45:00Z,98.005,98.005,98.005,98.005,0.0,98.005,0
2026-02-20T20:00:00Z,98.005,98.005,98.005,98.005,0.0,98.005,0
2026-02-20T20:15:00Z,98.005,98.005,98.005,98.005,17.0,98.005,6
2026-02-20T20:30:00Z,98.005,98.005,98.005,98.005,27.0,98.005,6
2026-02-20T20:45:00Z,98.005,98.005,98.0,98.005,190.0,98.005,24
2026-02-23T01:00:00Z,98.005,98.01,98.005,98.01,547.0,98.01,58
2026-02-23T01:15:00Z,98.015,98.015,98.015,98.015,3.0,98.015,3
2026-02-23T01:30:00Z,98.015,98.015,98.01,98.01,219.0,98.01,13
2026-02-23T01:45:00Z,98.01,98.015,98.01,98.015,345.0,98.01,7
2026-02-23T02:00:00Z,98.015,98.015,98.015,98.015,3.0,98.015,3
2026-02-23T02:15:00Z,98.015,98.015,98.015,98.015,2.0,98.015,2
2026-02-23T02:30:00Z,98.015,98.015,98.015,98.015,4.0,98.015,4
2026-02-23T02:45:00Z,98.015,98.015,98.015,98.015,2.0,98.015,2
2026-02-23T03:00:00Z,98.015,98.015,98.015,98.015,2.0,98.015,2
2026-02-23T03:15:00Z,98.015,98.015,98.015,98.015,0.0,98.015,0
2026-02-23T03:30:00Z,98.015,98.015,98.015,98.015,0.0,98.015,0
2026-02-23T03:45:00Z,98.015,98.015,98.015,98.015,0.0,98.015,0
2026-02-23T04:00:00Z,98.015,98.015,98.015,98.015,0.0,98.015,0
2026-02-23T04:15:00Z,98.015,98.015,98.015,98.015,0.0,98.015,0
2026-02-23T04:30:00Z,98.015,98.015,98.015,98.015,0.0,98.015,0
2026-02-23T04:45:00Z,98.015,98.015,98.015,98.015,0.0,98.015,0
2026-02-23T05:00:00Z,98.015,98.015,98.015,98.015,0.0,98.015,0
2026-02-23T05:15:00Z,98.015,98.015,98.015,98.015,0.0,98.015,0
2026-02-23T05:30:00Z,98.015,98.015,98.015,98.015,0.0,98.015,0
2026-02-23T05:45:00Z,98.015,98.015,98.015,98.015,0.0,98.015,0
2026-02-23T06:00:00Z,98.015,98.015,98.015,98.015,0.0,98.015,0
2026-02-23T06:15:00Z,98.015,98.015,98.015,98.015,0.0,98.015,0
2026-02-23T06:30:00Z,98.01,98.01,98.01,98.01,246.0,98.01,2
2026-02-23T06:45:00Z,98.005,98.005,98.005,98.005,250.0,98.005,21
2026-02-23T07:00:00Z,98.005,98.005,98.005,98.005,29.0,98.005,21
2026-02-23T07:15:00Z,98.005,98.005,98.005,98.005,82.0,98.005,32
2026-02-23T07:30:00Z,98.01,98.01,98.005,98.005,1433.0,98.005,137
2026-02-23T07:45:00Z,98.005,98.005,98.0,98.005,4210.0,98.005,178
2026-02-23T08:00:00Z,98.005,98.005,98.0,98.005,1589.0,98.005,97
2026-02-23T08:15:00Z,98.005,98.005,98.0,98.0,278.0,98.005,19
2026-02-23T08:30:00Z,98.0,98.0,98.0,98.0,107.0,98.0,37
2026-02-23T08:45:00Z,98.0,98.005,98.0,98.005,229.0,98.0045,32
2026-02-23T09:00:00Z,98.0,98.005,97.995,98.0,4190.0,98.0,212
2026-02-23T09:15:00Z,98.0,98.0,98.0,98.0,1244.0,98.0,42
2026-02-23T09:30:00Z,98.0,98.0,98.0,98.0,21.0,98.0,11
2026-02-23T09:45:00Z,98.0,98.0,98.0,98.0,1602.0,98.0,52
2026-02-23T10:00:00Z,98.0,98.0,98.0,98.0,4071.0,98.0,168
2026-02-23T10:15:00Z,98.0,98.005,98.0,98.0,1848.0,98.0,195
2026-02-23T10:30:00Z,98.0,98.005,98.0,98.0,1014.0,98.0,76
2026-02-23T10:45:00Z,98.0,98.005,98.0,98.005,122.0,98.004,61
2026-02-23T11:00:00Z,98.005,98.005,98.0,98.0,5948.0,98.0,118
2026-02-23T11:15:00Z,97.995,98.0,97.995,98.0,26.0,97.9995,12
2026-02-23T11:30:00Z,98.0,98.0,98.0,98.0,16.0,98.0,14
2026-02-23T11:45:00Z,98.0,98.0,97.995,97.995,1823.0,97.995,150
2026-02-23T12:00:00Z,97.99,97.995,97.99,97.995,3011.0,97.995,94
2026-02-23T12:15:00Z,98.0,98.0,97.995,97.995,1867.0,97.995,71
2026-02-23T12:30:00Z,97.995,97.995,97.995,97.995,998.0,97.995,86
2026-02-23T12:45:00Z,97.995,97.995,97.995,97.995,477.0,97.995,33
2026-02-23T13:00:00Z,97.995,98.0,97.995,97.995,1986.0,97.995,133
2026-02-23T13:15:00Z,97.995,98.0,97.995,98.0,135.0,97.9985,58
2026-02-23T13:30:00Z,98.0,98.0,97.995,98.0,5321.0,98.0,258
2026-02-23T13:45:00Z,98.0,98.0,98.0,98.0,573.0,98.0,35
2026-02-23T14:00:00Z,98.0,98.0,97.995,97.995,2323.0,98.0,57
2026-02-23T14:15:00Z,97.995,97.995,97.995,97.995,2.0,97.995,2
2026-02-23T14:30:00Z,97.995,98.0,97.995,98.0,17.0,97.9975,13
2026-02-23T14:45:00Z,98.0,98.0,97.995,98.0,50.0,97.999,19
2026-02-23T15:00:00Z,97.995,98.0,97.995,98.0,1234.0,98.0,113
2026-02-23T15:15:00Z,98.0,98.0,97.995,97.995,1075.0,97.9965,104
2026-02-23T15:30:00Z,98.0,98.0,97.995,97.995,685.0,97.9985,144
2026-02-23T15:45:00Z,98.0,98.005,97.995,98.005,13654.0,98.001,776
2026-02-23T16:00:00Z,98.005,98.01,98.005,98.005,1482.0,98.0065,385
2026-02-23T16:15:00Z,98.005,98.01,98.005,98.005,3593.0,98.0055,300
2026-02-23T16:30:00Z,98.005,98.005,98.005,98.005,1130.0,98.005,69
2026-02-23T16:45:00Z,98.005,98.005,98.005,98.005,3418.0,98.005,101
2026-02-23T17:00:00Z,98.005,98.01,98.005,98.005,1559.0,98.01,130
2026-02-23T17:15:00Z,98.005,98.005,98.005,98.005,4530.0,98.005,313
2026-02-23T17:30:00Z,98.005,98.005,98.005,98.005,1158.0,98.005,53
2026-02-23T17:45:00Z,98.01,98.01,98.005,98.01,113.0,98.006,37
2026-02-23T18:00:00Z,98.005,98.005,98.005,98.005,4378.0,98.005,120
2026-02-23T18:15:00Z,98.0,98.0,98.0,98.0,886.0,98.0,38
2026-02-23T18:30:00Z,98.0,98.005,98.0,98.0,41.0,98.0025,10
2026-02-23T18:45:00Z,98.0,98.0,98.0,98.0,190.0,98.0,19
2026-02-23T19:00:00Z,98.0,98.0,98.0,98.0,0.0,98.0,0
2026-02-23T19:15:00Z,98.0,98.0,98.0,98.0,0.0,98.0,0
2026-02-23T19:30:00Z,98.0,98.0,98.0,98.0,15.0,98.0,6
2026-02-23T19:45:00Z,98.0,98.0,98.0,98.0,0.0,98.0,0
2026-02-23T20:00:00Z,98.005,98.005,98.005,98.005,9.0,98.005,4
2026-02-23T20:15:00Z,98.005,98.005,98.0,98.0,14.0,98.0045,4
2026-02-23T20:30:00Z,98.0,98.0,98.0,98.0,1.0,98.0,1
2026-02-23T20:45:00Z,98.0,98.01,98.0,98.01,7646.0,98.0075,246
2026-02-24T01:00:00Z,98.005,98.005,98.005,98.005,459.0,98.005,21
2026-02-24T01:15:00Z,98.005,98.005,98.005,98.005,27.0,98.005,1
2026-02-24T01:30:00Z,98.005,98.005,98.005,98.005,0.0,98.005,0
2026-02-24T01:45:00Z,98.005,98.005,98.005,98.005,0.0,98.005,0
2026-02-24T02:00:00Z,98.0,98.005,98.0,98.005,53.0,98.005,5
2026-02-24T02:15:00Z,98.005,98.005,98.005,98.005,0.0,98.005,0
2026-02-24T02:30:00Z,98.005,98.005,98.005,98.005,28.0,98.005,2
2026-02-24T02:45:00Z,98.005,98.005,98.005,98.005,0.0,98.005,0
2026-02-24T03:00:00Z,98.005,98.005,98.005,98.005,0.0,98.005,0
2026-02-24T03:15:00Z,98.005,98.005,98.005,98.005,0.0,98.005,0
2026-02-24T03:30:00Z,98.0,98.0,98.0,98.0,1.0,98.0,1
2026-02-24T03:45:00Z,98.0,98.0,98.0,98.0,0.0,98.0,0
2026-02-24T04:00:00Z,98.005,98.005,98.005,98.005,100.0,98.005,1
2026-02-24T04:15:00Z,98.005,98.005,98.005,98.005,759.0,98.005,15
2026-02-24T04:30:00Z,98.005,98.005,98.005,98.005,0.0,98.005,0
2026-02-24T04:45:00Z,98.005,98.005,98.005,98.005,0.0,98.005,0
2026-02-24T05:00:00Z,98.005,98.005,98.005,98.005,0.0,98.005,0
2026-02-24T05:15:00Z,98.005,98.005,98.005,98.005,0.0,98.005,0
2026-02-24T05:30:00Z,98.005,98.005,98.005,98.005,27.0,98.005,1
2026-02-24T05:45:00Z,98.005,98.005,98.005,98.005,50.0,98.005,2
2026-02-24T06:00:00Z,98.005,98.005,98.005,98.005,0.0,98.005,0
2026-02-24T06:15:00Z,98.005,98.005,98.005,98.005,0.0,98.005,0
2026-02-24T06:30:00Z,98.005,98.005,98.0,98.0,303.0,98.005,4
2026-02-24T06:45:00Z,98.005,98.005,98.005,98.005,631.0,98.005,12
2026-02-24T07:00:00Z,98.005,98.01,98.005,98.005,14.0,98.0055,6
2026-02-24T07:15:00Z,98.005,98.005,98.005,98.005,39.0,98.005,10
2026-02-24T07:30:00Z,98.005,98.005,98.005,98.005,2271.0,98.005,114
2026-02-24T07:45:00Z,98.005,98.005,98.0,98.005,2948.0,98.005,72
2026-02-24T08:00:00Z,98.005,98.01,98.005,98.01,168.0,98.005,33
2026-02-24T08:15:00Z,98.005,98.01,98.0,98.005,2273.0,98.005,151
2026-02-24T08:30:00Z,98.005,98.005,98.0,98.005,2628.0,98.005,124
2026-02-24T08:45:00Z,98.005,98.005,98.0,98.005,1654.0,98.005,131
2026-02-24T09:00:00Z,98.005,98.005,98.0,98.005,19.0,98.0045,18
2026-02-24T09:15:00Z,98.0,98.005,98.0,98.0,327.0,98.0045,62
2026-02-24T09:30:00Z,98.005,98.005,98.0,98.005,1069.0,98.005,123
2026-02-24T09:45:00Z,98.005,98.01,98.005,98.005,519.0,98.005,60
2026-02-24T10:00:00Z,98.005,98.005,98.0,98.005,1297.0,98.005,109
2026-02-24T10:15:00Z,98.005,98.005,98.0,98.005,2443.0,98.005,82
2026-02-24T10:30:00Z,98.005,98.01,98.005,98.005,1427.0,98.005,69
2026-02-24T10:45:00Z,98.005,98.01,98.0,98.005,2201.0,98.005,99
2026-02-24T11:00:00Z,98.005,98.01,98.0,98.0,1521.0,98.005,78
2026-02-24T11:15:00Z,98.005,98.01,98.0,98.005,701.0,98.005,38
2026-02-24T11:30:00Z,98.005,98.01,98.005,98.005,264.0,98.005,32
2026-02-24T11:45:00Z,98.005,98.01,98.005,98.005,171.0,98.005,32
2026-02-24T12:00:00Z,98.005,98.005,98.0,98.005,1682.0,98.005,255
2026-02-24T12:15:00Z,98.005,98.005,98.0,98.005,106.0,98.005,92
2026-02-24T12:30:00Z,98.005,98.005,98.0,98.005,1931.0,98.005,187
2026-02-24T12:45:00Z,98.005,98.01,98.0,98.0,1197.0,98.005,166
2026-02-24T13:00:00Z,98.005,98.005,98.0,98.0,2205.0,98.0015,86
2026-02-24T13:15:00Z,98.0,98.0,97.995,97.995,326.0,98.0,14
2026-02-24T13:30:00Z,97.995,98.0,97.995,98.0,675.0,97.9995,51
2026-02-24T13:45:00Z,98.0,98.0,98.0,98.0,846.0,98.0,70
2026-02-24T14:00:00Z,98.0,98.005,97.995,98.005,872.0,98.0,42
2026-02-24T14:15:00Z,98.005,98.005,98.0,98.0,210.0,98.001,43
2026-02-24T14:30:00Z,98.0,98.005,97.995,97.995,5371.0,97.9985,364
2026-02-24T14:45:00Z,97.99,98.0,97.99,97.995,2051.0,97.995,265
2026-02-24T15:00:00Z,97.995,97.995,97.99,97.99,3656.0,97.995,180
2026-02-24T15:15:00Z,97.995,97.995,97.985,97.99,5846.0,97.99,188
2026-02-24T15:30:00Z,97.985,97.99,97.985,97.99,1003.0,97.985,171
2026-02-24T15:45:00Z,97.985,97.99,97.985,97.985,2601.0,97.9865,231
2026-02-24T16:00:00Z,97.985,97.995,97.985,97.995,4356.0,97.99,632
2026-02-24T16:15:00Z,97.99,97.995,97.99,97.99,594.0,97.99,161
2026-02-24T16:30:00Z,97.99,97.995,97.99,97.99,192.0,97.9915,73
2026-02-24T16:45:00Z,97.99,97.995,97.99,97.99,329.0,97.9935,98
2026-02-24T17:00:00Z,97.995,97.995,97.99,97.99,2216.0,97.99,369
2026-02-24T17:15:00Z,97.99,97.99,97.985,97.99,2186.0,97.9895,213
2026-02-24T17:30:00Z,97.99,97.995,97.99,97.99,124.0,97.99,13
2026-02-24T17:45:00Z,97.995,97.995,97.99,97.995,20.0,97.992,11
2026-02-24T18:00:00Z,97.99,97.99,97.99,97.99,1359.0,97.99,35
2026-02-24T18:15:00Z,97.99,97.99,97.99,97.99,10.0,97.99,2
2026-02-24T18:30:00Z,97.99,97.99,97.985,97.99,443.0,97.99,29
2026-02-24T18:45:00Z,97.99,97.99,97.99,97.99,5.0,97.99,3
2026-02-24T19:00:00Z,97.99,97.99,97.99,97.99,0.0,97.99,0
2026-02-24T19:15:00Z,97.99,97.99,97.99,97.99,0.0,97.99,0
2026-02-24T19:30:00Z,97.995,97.995,97.99,97.99,30.0,97.9945,11
2026-02-24T19:45:00Z,97.995,97.995,97.995,97.995,1.0,97.995,1
2026-02-24T20:00:00Z,97.995,97.995,97.995,97.995,6.0,97.995,4
2026-02-24T20:15:00Z,97.99,97.99,97.99,97.99,421.0,97.99,62
2026-02-24T20:30:00Z,97.99,97.99,97.99,97.99,580.0,97.99,80
2026-02-24T20:45:00Z,97.99,97.995,97.99,97.99,767.0,97.99,105
2026-02-25T02:00:00Z,97.99,97.99,97.985,97.985,226.0,97.99,19
2026-02-25T02:15:00Z,97.985,97.985,97.985,97.985,0.0,97.985,0
2026-02-25T02:30:00Z,97.985,97.985,97.985,97.985,0.0,97.985,0
2026-02-25T02:45:00Z,97.985,97.985,97.985,97.985,0.0,97.985,0
2026-02-25T03:00:00Z,97.985,97.985,97.985,97.985,0.0,97.985,0
2026-02-25T03:15:00Z,97.985,97.985,97.985,97.985,0.0,97.985,0
2026-02-25T03:30:00Z,97.985,97.985,97.985,97.985,0.0,97.985,0
2026-02-25T03:45:00Z,97.985,97.985,97.985,97.985,0.0,97.985,0
2026-02-25T04:00:00Z,97.985,97.985,97.985,97.985,0.0,97.985,0
2026-02-25T04:15:00Z,97.985,97.985,97.985,97.985,0.0,97.985,0
2026-02-25T04:30:00Z,97.985,97.985,97.985,97.985,0.0,97.985,0
2026-02-25T04:45:00Z,97.985,97.985,97.985,97.985,0.0,97.985,0
2026-02-25T05:00:00Z,97.985,97.985,97.985,97.985,0.0,97.985,0
2026-02-25T05:15:00Z,97.985,97.985,97.985,97.985,0.0,97.985,0
2026-02-25T05:30:00Z,97.985,97.985,97.985,97.985,0.0,97.985,0
2026-02-25T05:45:00Z,97.985,97.985,97.985,97.985,0.0,97.985,0
2026-02-25T06:00:00Z,97.985,97.985,97.985,97.985,0.0,97.985,0
2026-02-25T06:15:00Z,97.985,97.985,97.985,97.985,0.0,97.985,0
2026-02-25T06:30:00Z,97.985,97.985,97.985,97.985,0.0,97.985,0
2026-02-25T06:45:00Z,97.985,97.985,97.985,97.985,0.0,97.985,0
2026-02-25T07:00:00Z,97.985,97.985,97.985,97.985,60.0,97.985,17
2026-02-25T07:15:00Z,97.985,97.985,97.985,97.985,94.0,97.985,13
2026-02-25T07:30:00Z,97.985,97.985,97.985,97.985,40.0,97.985,8
2026-02-25T07:45:00Z,97.985,97.99,97.985,97.99,4.0,97.986,3
2026-02-25T08:00:00Z,97.99,97.99,97.985,97.985,1386.0,97.985,89
2026-02-25T08:15:00Z,97.985,97.99,97.985,97.985,30.0,97.987,25
2026-02-25T08:30:00Z,97.985,97.99,97.985,97.99,62.0,97.9895,30
2026-02-25T08:45:00Z,97.99,97.99,97.985,97.99,593.0,97.99,92
2026-02-25T09:00:00Z,97.99,97.99,97.98,97.98,1893.0,97.985,149
2026-02-25T09:15:00Z,97.98,97.99,97.98,97.985,1034.0,97.985,83
2026-02-25T09:30:00Z,97.985,97.99,97.985,97.99,655.0,97.987,81
2026-02-25T09:45:00Z,97.985,97.99,97.985,97.99,145.0,97.9865,66
2026-02-25T10:00:00Z,97.985,97.99,97.985,97.985,317.0,97.9855,74
2026-02-25T10:15:00Z,97.985,97.99,97.985,97.99,223.0,97.987,74
2026-02-25T10:30:00Z,97.985,97.99,97.985,97.985,1045.0,97.99,83
2026-02-25T10:45:00Z,97.985,97.99,97.985,97.99,1434.0,97.99,96
2026-02-25T11:00:00Z,97.99,97.99,97.985,97.985,2.0,97.9875,2
2026-02-25T11:15:00Z,97.99,97.99,97.99,97.99,314.0,97.99,33
2026-02-25T11:30:00Z,97.99,97.99,97.985,97.99,273.0,97.99,26
2026-02-25T11:45:00Z,97.985,97.99,97.985,97.99,246.0,97.986,67
2026-02-25T12:00:00Z,97.99,97.99,97.985,97.99,2846.0,97.99,237
2026-02-25T12:15:00Z,97.99,97.99,97.985,97.99,645.0,97.99,115
2026-02-25T12:30:00Z,97.99,97.99,97.985,97.99,1302.0,97.99,66
2026-02-25T12:45:00Z,97.99,97.995,97.99,97.99,738.0,97.99,115
2026-02-25T13:00:00Z,97.995,97.995,97.985,97.99,2189.0,97.99,162
2026-02-25T13:15:00Z,97.99,97.99,97.985,97.985,39.0,97.989,28
2026-02-25T13:30:00Z,97.99,97.99,97.985,97.985,26.0,97.9865,22
2026-02-25T13:45:00Z,97.99,97.99,97.99,97.99,1867.0,97.99,331
2026-02-25T14:00:00Z,97.99,97.995,97.99,97.99,2201.0,97.99,104
2026-02-25T14:15:00Z,97.99,97.995,97.99,97.99,476.0,97.99,35
2026-02-25T14:30:00Z,97.995,97.995,97.99,97.995,75.0,97.9905,38
2026-02-25T14:45:00Z,97.99,97.995,97.99,97.99,285.0,97.99,43
2026-02-25T15:00:00Z,97.99,97.995,97.99,97.99,132.0,97.99,46
2026-02-25T15:15:00Z,97.99,97.99,97.99,97.99,71.0,97.99,54
2026-02-25T15:30:00Z,97.995,97.995,97.99,97.99,955.0,97.9905,194
2026-02-25T15:45:00Z,97.99,97.995,97.99,97.99,1361.0,97.99,174
2026-02-25T16:00:00Z,97.99,97.995,97.99,97.99,1463.0,97.99,787
2026-02-25T16:15:00Z,97.99,97.995,97.985,97.995,808.0,97.99,168
2026-02-25T16:30:00Z,97.99,97.995,97.99,97.99,254.0,97.9915,74
2026-02-25T16:45:00Z,97.99,97.995,97.99,97.995,267.0,97.9925,36
2026-02-25T17:00:00Z,97.99,97.99,97.99,97.99,6.0,97.99,4
2026-02-25T17:15:00Z,97.99,98.0,97.99,97.995,6327.0,97.995,381
2026-02-25T17:30:00Z,98.0,98.0,97.995,98.0,172.0,97.998,26
2026-02-25T17:45:00Z,98.0,98.0,97.995,97.995,138.0,97.999,39
2026-02-25T18:00:00Z,97.995,97.995,97.995,97.995,1020.0,97.995,31
2026-02-25T18:15:00Z,97.995,97.995,97.995,97.995,120.0,97.995,13
2026-02-25T18:30:00Z,97.995,97.995,97.995,97.995,987.0,97.995,35
2026-02-25T18:45:00Z,97.995,97.995,97.99,97.995,549.0,97.995,135
2026-02-25T19:00:00Z,97.995,97.995,97.995,97.995,54.0,97.995,17
2026-02-25T19:15:00Z,97.995,97.995,97.995,97.995,0.0,97.995,0
2026-02-25T19:30:00Z,97.995,98.0,97.995,97.995,47.0,97.995,13
2026-02-25T19:45:00Z,97.995,97.995,97.995,97.995,60.0,97.995,7
2026-02-25T20:00:00Z,97.995,97.995,97.995,97.995,0.0,97.995,0
2026-02-25T20:15:00Z,97.995,97.995,97.995,97.995,31.0,97.995,5
2026-02-25T20:30:00Z,97.995,97.995,97.995,97.995,1891.0,97.995,56
2026-02-25T20:45:00Z,97.995,97.995,97.99,97.995,459.0,97.995,77
2026-02-26T01:00:00Z,97.995,97.995,97.995,97.995,10.0,97.995,5
2026-02-26T01:15:00Z,97.995,97.995,97.99,97.99,10.0,97.9945,2
2026-02-26T01:30:00Z,97.995,97.995,97.995,97.995,10.0,97.995,3
2026-02-26T01:45:00Z,97.995,97.995,97.995,97.995,0.0,97.995,0
2026-02-26T02:00:00Z,97.995,97.995,97.995,97.995,72.0,97.995,11
2026-02-26T02:15:00Z,97.995,97.995,97.995,97.995,0.0,97.995,0
2026-02-26T02:30:00Z,98.0,98.0,98.0,98.0,2.0,98.0,2
2026-02-26T02:45:00Z,98.0,98.0,98.0,98.0,0.0,98.0,0
2026-02-26T03:00:00Z,98.0,98.0,98.0,98.0,0.0,98.0,0
2026-02-26T03:15:00Z,98.0,98.0,98.0,98.0,0.0,98.0,0
2026-02-26T03:30:00Z,97.995,97.995,97.995,97.995,1.0,97.995,1
2026-02-26T03:45:00Z,97.995,97.995,97.995,97.995,0.0,97.995,0
2026-02-26T04:00:00Z,97.995,97.995,97.995,97.995,0.0,97.995,0
2026-02-26T04:15:00Z,97.995,97.995,97.995,97.995,0.0,97.995,0
2026-02-26T04:30:00Z,97.995,97.995,97.995,97.995,0.0,97.995,0
2026-02-26T04:45:00Z,97.995,97.995,97.995,97.995,0.0,97.995,0
2026-02-26T05:00:00Z,97.995,97.995,97.995,97.995,0.0,97.995,0
2026-02-26T05:15:00Z,97.995,97.995,97.995,97.995,0.0,97.995,0
2026-02-26T05:30:00Z,97.995,97.995,97.995,97.995,0.0,97.995,0
2026-02-26T05:45:00Z,97.995,97.995,97.995,97.995,0.0,97.995,0
2026-02-26T06:00:00Z,97.995,97.995,97.995,97.995,0.0,97.995,0
2026-02-26T06:15:00Z,97.995,97.995,97.995,97.995,0.0,97.995,0
2026-02-26T06:30:00Z,97.995,97.995,97.995,97.995,2.0,97.995,1
2026-02-26T06:45:00Z,97.995,97.995,97.995,97.995,0.0,97.995,0
2026-02-26T07:00:00Z,97.995,98.0,97.995,98.0,13.0,97.998,11
2026-02-26T07:15:00Z,97.995,97.995,97.995,97.995,75.0,97.995,10
2026-02-26T07:30:00Z,98.0,98.0,97.995,97.995,14.0,97.9955,6
2026-02-26T07:45:00Z,97.995,98.0,97.995,97.995,185.0,97.9965,29
2026-02-26T08:00:00Z,97.995,98.0,97.995,97.995,734.0,97.9955,73
2026-02-26T08:15:00Z,97.995,97.995,97.99,97.995,108.0,97.994,38
2026-02-26T08:30:00Z,97.995,97.995,97.99,97.995,202.0,97.995,38
2026-02-26T08:45:00Z,97.995,97.995,97.99,97.995,169.0,97.9915,68
2026-02-26T09:00:00Z,97.995,97.995,97.99,97.99,816.0,97.9945,129
2026-02-26T09:15:00Z,97.995,97.995,97.99,97.99,20.0,97.994,20
2026-02-26T09:30:00Z,97.995,97.995,97.99,97.995,123.0,97.994,34
2026-02-26T09:45:00Z,97.995,97.995,97.99,97.99,260.0,97.995,52
2026-02-26T10:00:00Z,97.995,97.995,97.99,97.995,42.0,97.9945,17
2026-02-26T10:15:00Z,97.995,97.995,97.99,97.99,66.0,97.9945,24
2026-02-26T10:30:00Z,97.995,97.995,97.99,97.99,1606.0,97.995,82
2026-02-26T10:45:00Z,97.995,97.995,97.99,97.995,187.0,97.995,39
2026-02-26T11:00:00Z,97.99,97.995,97.99,97.995,26.0,97.994,19
2026-02-26T11:15:00Z,97.995,97.995,97.99,97.995,26.0,97.9935,22
2026-02-26T11:30:00Z,97.995,97.995,97.99,97.99,1361.0,97.99,222
2026-02-26T11:45:00Z,97.99,97.99,97.99,97.99,323.0,97.99,37
2026-02-26T12:00:00Z,97.99,97.995,97.99,97.99,722.0,97.9905,176
2026-02-26T12:15:00Z,97.995,97.995,97.99,97.995,98.0,97.995,28
2026-02-26T12:30:00Z,97.995,97.995,97.99,97.995,269.0,97.995,61
2026-02-26T12:45:00Z,97.995,97.995,97.99,97.99,235.0,97.991,93
2026-02-26T13:00:00Z,97.995,97.995,97.99,97.995,412.0,97.995,132
2026-02-26T13:15:00Z,97.995,97.995,97.995,97.995,6807.0,97.995,183
2026-02-26T13:30:00Z,97.995,97.995,97.99,97.995,398.0,97.9905,76
2026-02-26T13:45:00Z,97.99,97.995,97.99,97.995,165.0,97.995,32
2026-02-26T14:00:00Z,97.99,97.995,97.99,97.99,90.0,97.995,30
2026-02-26T14:15:00Z,97.99,97.99,97.99,97.99,6.0,97.99,5
2026-02-26T14:30:00Z,97.995,98.0,97.995,98.0,5768.0,97.995,423
2026-02-26T14:45:00Z,98.0,98.0,98.0,98.0,5171.0,98.0,238
2026-02-26T15:00:00Z,98.0,98.0,97.995,98.0,2481.0,98.0,130
2026-02-26T15:15:00Z,98.0,98.005,98.0,98.005,3787.0,98.0025,421
2026-02-26T15:30:00Z,98.005,98.005,97.995,97.995,3594.0,98.0,346
2026-02-26T15:45:00Z,97.995,98.0,97.995,98.0,514.0,97.999,85
2026-02-26T16:00:00Z,98.0,98.0,97.995,97.995,890.0,97.997,751
2026-02-26T16:15:00Z,97.995,98.0,97.995,97.995,2819.0,97.9955,466
2026-02-26T16:30:00Z,97.995,98.0,97.995,98.0,489.0,97.996,45
2026-02-26T16:45:00Z,97.995,98.0,97.995,97.995,865.0,98.0,84
2026-02-26T17:00:00Z,97.995,98.0,97.995,97.995,111.0,97.999,14
2026-02-26T17:15:00Z,97.995,98.0,97.995,97.995,489.0,97.998,75
2026-02-26T17:30:00Z,97.995,98.0,97.995,97.995,235.0,97.9955,33
2026-02-26T17:45:00Z,98.0,98.0,97.995,98.0,236.0,97.9975,53
2026-02-26T18:00:00Z,98.0,98.0,98.0,98.0,687.0,98.0,28
2026-02-26T18:15:00Z,97.995,97.995,97.995,97.995,54.0,97.995,6
2026-02-26T18:30:00Z,97.995,97.995,97.995,97.995,1859.0,97.995,89
2026-02-26T18:45:00Z,97.995,97.995,97.995,97.995,119.0,97.995,11
2026-02-26T19:00:00Z,97.995,98.0,97.995,98.0,372.0,97.995,22
2026-02-26T19:15:00Z,98.0,98.0,98.0,98.0,0.0,98.0,0
2026-02-26T19:30:00Z,97.995,98.0,97.995,98.0,83.0,98.0,25
2026-02-26T19:45:00Z,98.0,98.0,98.0,98.0,0.0,98.0,0
2026-02-26T20:00:00Z,97.995,97.995,97.995,97.995,3.0,97.995,3
2026-02-26T20:15:00Z,97.995,97.995,97.995,97.995,4.0,97.995,4
2026-02-26T20:30:00Z,97.995,97.995,97.995,97.995,0.0,97.995,0
2026-02-26T20:45:00Z,98.0,98.0,98.0,98.0,13.0,98.0,4
2026-02-27T01:00:00Z,98.0,98.005,98.0,98.005,1174.0,98.0015,198
2026-02-27T01:15:00Z,98.005,98.005,98.005,98.005,0.0,98.005,0
2026-02-27T01:30:00Z,98.005,98.005,98.005,98.005,1.0,98.005,1
2026-02-27T01:45:00Z,98.005,98.005,98.005,98.005,0.0,98.005,0
2026-02-27T02:00:00Z,98.005,98.005,98.005,98.005,0.0,98.005,0
2026-02-27T02:15:00Z,98.005,98.005,98.005,98.005,0.0,98.005,0
2026-02-27T02:30:00Z,98.005,98.005,98.005,98.005,0.0,98.005,0
2026-02-27T02:45:00Z,98.005,98.005,98.005,98.005,0.0,98.005,0
2026-02-27T03:00:00Z,98.005,98.005,98.005,98.005,0.0,98.005,0
2026-02-27T03:15:00Z,98.005,98.005,98.005,98.005,0.0,98.005,0
2026-02-27T03:30:00Z,98.005,98.005,98.005,98.005,0.0,98.005,0
2026-02-27T03:45:00Z,98.005,98.005,98.005,98.005,0.0,98.005,0
2026-02-27T04:00:00Z,98.005,98.005,98.005,98.005,0.0,98.005,0
2026-02-27T04:15:00Z,98.005,98.005,98.005,98.005,855.0,98.005,55
2026-02-27T04:30:00Z,98.005,98.005,98.005,98.005,0.0,98.005,0
2026-02-27T04:45:00Z,98.005,98.005,98.005,98.005,0.0,98.005,0
2026-02-27T05:00:00Z,98.005,98.005,98.005,98.005,0.0,98.005,0
2026-02-27T05:15:00Z,98.005,98.005,98.005,98.005,0.0,98.005,0
2026-02-27T05:30:00Z,98.01,98.01,98.01,98.01,2722.0,98.01,42
2026-02-27T05:45:00Z,98.01,98.01,98.01,98.01,0.0,98.01,0
2026-02-27T06:00:00Z,98.015,98.015,98.015,98.015,2.0,98.015,1
2026-02-27T06:15:00Z,98.015,98.015,98.015,98.015,0.0,98.015,0
2026-02-27T06:30:00Z,98.015,98.015,98.015,98.015,0.0,98.015,0
2026-02-27T06:45:00Z,98.015,98.015,98.015,98.015,0.0,98.015,0
2026-02-27T07:00:00Z,98.01,98.015,98.01,98.01,330.0,98.01,14
2026-02-27T07:15:00Z,98.01,98.01,98.01,98.01,1990.0,98.01,45
2026-02-27T07:30:00Z,98.005,98.01,98.005,98.005,531.0,98.005,45
2026-02-27T07:45:00Z,98.005,98.005,97.995,98.0,17489.0,98.001,463
2026-02-27T08:00:00Z,98.005,98.005,97.995,97.995,10009.0,97.9955,337
2026-02-27T08:15:00Z,97.995,97.995,97.99,97.995,1070.0,97.995,57
2026-02-27T08:30:00Z,98.0,98.0,97.995,98.0,26.0,97.9995,24
2026-02-27T08:45:00Z,98.0,98.0,97.995,97.995,4456.0,97.995,225
2026-02-27T09:00:00Z,97.995,98.005,97.995,97.995,3562.0,97.9985,226
2026-02-27T09:15:00Z,98.0,98.0,97.995,98.0,4822.0,98.0,197
2026-02-27T09:30:00Z,98.0,98.005,98.0,98.005,210.0,98.005,39
2026-02-27T09:45:00Z,98.005,98.01,98.005,98.005,5435.0,98.005,145
2026-02-27T10:00:00Z,98.005,98.005,98.005,98.005,6691.0,98.005,120
2026-02-27T10:15:00Z,98.005,98.005,98.005,98.005,2210.0,98.005,164
2026-02-27T10:30:00Z,98.01,98.01,98.01,98.01,69.0,98.01,33
2026-02-27T10:45:00Z,98.01,98.01,98.01,98.01,2471.0,98.01,156
2026-02-27T11:00:00Z,98.01,98.01,98.005,98.005,472.0,98.01,32
2026-02-27T11:15:00Z,98.01,98.01,98.005,98.01,559.0,98.01,28
2026-02-27T11:30:00Z,98.01,98.01,98.005,98.01,276.0,98.01,27
2026-02-27T11:45:00Z,98.01,98.01,98.01,98.01,2065.0,98.01,85
2026-02-27T12:00:00Z,98.015,98.015,98.01,98.01,689.0,98.01,50
2026-02-27T12:15:00Z,98.01,98.01,98.01,98.01,1588.0,98.01,61
2026-02-27T12:30:00Z,98.01,98.015,98.01,98.015,2809.0,98.01,112
2026-02-27T12:45:00Z,98.015,98.015,98.01,98.01,518.0,98.011,67
2026-02-27T13:00:00Z,98.015,98.015,98.01,98.01,4543.0,98.01,208
2026-02-27T13:15:00Z,98.015,98.015,98.01,98.01,697.0,98.015,130
2026-02-27T13:30:00Z,98.01,98.015,98.01,98.01,2855.0,98.01,241
2026-02-27T13:45:00Z,98.01,98.015,98.01,98.01,133.0,98.0135,48
2026-02-27T14:00:00Z,98.01,98.015,98.01,98.015,806.0,98.015,121
2026-02-27T14:15:00Z,98.015,98.02,98.01,98.02,3699.0,98.0165,353
2026-02-27T14:30:00Z,98.02,98.025,98.015,98.02,3886.0,98.02,183
2026-02-27T14:45:00Z,98.02,98.025,98.02,98.02,4892.0,98.02,240
2026-02-27T15:00:00Z,98.025,98.025,98.02,98.02,1612.0,98.02,137
2026-02-27T15:15:00Z,98.02,98.02,98.015,98.015,1138.0,98.02,48
2026-02-27T15:30:00Z,98.015,98.025,98.015,98.015,4341.0,98.02,236
2026-02-27T15:45:00Z,98.015,98.025,98.015,98.02,2470.0,98.02,184
2026-02-27T16:00:00Z,98.025,98.03,98.02,98.025,9558.0,98.024,1299
2026-02-27T16:15:00Z,98.025,98.025,98.02,98.02,1601.0,98.0235,141
2026-02-27T16:30:00Z,98.025,98.03,98.025,98.03,3302.0,98.028,276
2026-02-27T16:45:00Z,98.03,98.03,98.03,98.03,3933.0,98.03,252
2026-02-27T17:00:00Z,98.025,98.03,98.025,98.025,3512.0,98.025,244
2026-02-27T17:15:00Z,98.03,98.035,98.03,98.03,3713.0,98.031,121
2026-02-27T17:30:00Z,98.03,98.03,98.03,98.03,555.0,98.03,37
2026-02-27T17:45:00Z,98.03,98.03,98.025,98.03,1085.0,98.03,48
2026-02-27T18:00:00Z,98.03,98.03,98.03,98.03,29.0,98.03,7
2026-02-27T18:15:00Z,98.03,98.035,98.03,98.03,1958.0,98.0305,129
2026-02-27T18:30:00Z,98.03,98.03,98.03,98.03,1352.0,98.03,42
2026-02-27T18:45:00Z,98.03,98.035,98.03,98.035,839.0,98.03,47
2026-02-27T19:00:00Z,98.03,98.035,98.03,98.035,2071.0,98.03,83
2026-02-27T19:15:00Z,98.03,98.03,98.03,98.03,412.0,98.03,19
2026-02-27T19:30:00Z,98.03,98.03,98.03,98.03,201.0,98.03,23
2026-02-27T19:45:00Z,98.03,98.03,98.03,98.03,1.0,98.03,1
2026-02-27T20:00:00Z,98.03,98.03,98.03,98.03,1262.0,98.03,77
2026-02-27T20:15:00Z,98.025,98.03,98.025,98.03,49.0,98.027,19
2026-02-27T20:30:00Z,98.03,98.03,98.03,98.03,190.0,98.03,14
2026-02-27T20:45:00Z,98.03,98.03,98.025,98.03,598.0,98.0285,81
2026-03-02T01:00:00Z,98.03,98.03,98.015,98.015,2552.0,98.024,104
2026-03-02T01:15:00Z,98.015,98.02,98.015,98.015,126.0,98.019,17
2026-03-02T01:30:00Z,98.015,98.015,98.015,98.015,1153.0,98.015,68
2026-03-02T01:45:00Z,98.015,98.02,98.015,98.02,43.0,98.02,8
2026-03-02T02:00:00Z,98.02,98.02,98.015,98.02,1653.0,98.0175,56
2026-03-02T02:15:00Z,98.02,98.02,98.02,98.02,0.0,98.02,0
2026-03-02T02:30:00Z,98.02,98.02,98.02,98.02,0.0,98.02,0
2026-03-02T02:45:00Z,98.015,98.015,98.015,98.015,416.0,98.015,17
2026-03-02T03:00:00Z,98.015,98.015,98.015,98.015,0.0,98.015,0
2026-03-02T03:15:00Z,98.015,98.015,98.015,98.015,38.0,98.015,6
2026-03-02T03:30:00Z,98.015,98.015,98.015,98.015,19.0,98.015,3
2026-03-02T03:45:00Z,98.015,98.015,98.015,98.015,0.0,98.015,0
2026-03-02T04:00:00Z,98.015,98.015,98.01,98.015,371.0,98.015,7
2026-03-02T04:15:00Z,98.015,98.015,98.01,98.015,683.0,98.015,42
2026-03-02T04:30:00Z,98.015,98.015,98.015,98.015,0.0,98.015,0
2026-03-02T04:45:00Z,98.015,98.015,98.015,98.015,4.0,98.015,2
2026-03-02T05:00:00Z,98.02,98.02,98.02,98.02,26.0,98.02,3
2026-03-02T05:15:00Z,98.02,98.02,98.02,98.02,0.0,98.02,0
2026-03-02T05:30:00Z,98.02,98.02,98.02,98.02,0.0,98.02,0
2026-03-02T05:45:00Z,98.02,98.03,98.015,98.03,3430.0,98.025,257
2026-03-02T06:00:00Z,98.03,98.03,98.025,98.03,768.0,98.03,31
2026-03-02T06:15:00Z,98.025,98.025,98.02,98.02,125.0,98.025,24
2026-03-02T06:30:00Z,98.025,98.03,98.02,98.03,866.0,98.025,54
2026-03-02T06:45:00Z,98.03,98.03,98.025,98.025,1158.0,98.0275,206
2026-03-02T07:00:00Z,98.025,98.025,98.01,98.01,6196.0,98.0165,600
2026-03-02T07:15:00Z,98.01,98.015,98.005,98.01,3550.0,98.01,156
2026-03-02T07:30:00Z,98.01,98.01,98.0,98.005,14936.0,98.005,300
2026-03-02T07:45:00Z,98.005,98.005,97.99,97.99,3752.0,98.0005,198
2026-03-02T08:00:00Z,97.995,97.995,97.98,97.98,12357.0,97.9865,734
2026-03-02T08:15:00Z,97.98,97.99,97.975,97.99,7173.0,97.9865,415
2026-03-02T08:30:00Z,97.99,97.99,97.98,97.985,4235.0,97.9835,293
2026-03-02T08:45:00Z,97.98,97.985,97.98,97.98,979.0,97.984,101
2026-03-02T09:00:00Z,97.98,97.98,97.975,97.975,10870.0,97.98,806
2026-03-02T09:15:00Z,97.98,97.98,97.975,97.975,7089.0,97.9755,339
2026-03-02T09:30:00Z,97.975,97.975,97.975,97.975,347.0,97.975,37
2026-03-02T09:45:00Z,97.975,97.98,97.975,97.975,1655.0,97.975,228
2026-03-02T10:00:00Z,97.975,97.985,97.975,97.985,6630.0,97.981,414
2026-03-02T10:15:00Z,97.985,97.985,97.98,97.985,8647.0,97.985,290
2026-03-02T10:30:00Z,97.985,97.99,97.985,97.985,209.0,97.985,36
2026-03-02T10:45:00Z,97.985,97.99,97.98,97.98,4574.0,97.9855,248
2026-03-02T11:00:00Z,97.985,97.985,97.98,97.98,59.0,97.985,8
2026-03-02T11:15:00Z,97.985,97.985,97.98,97.98,5677.0,97.9825,234
2026-03-02T11:30:00Z,97.98,97.985,97.98,97.98,1490.0,97.98,131
2026-03-02T11:45:00Z,97.985,97.985,97.97,97.975,10993.0,97.9765,366
2026-03-02T12:00:00Z,97.97,97.97,97.96,97.965,15868.0,97.966,667
2026-03-02T12:15:00Z,97.96,97.965,97.955,97.96,9410.0,97.96,584
2026-03-02T12:30:00Z,97.955,97.96,97.945,97.95,18726.0,97.951,929
2026-03-02T12:45:00Z,97.95,97.95,97.935,97.94,10204.0,97.9425,458
2026-03-02T13:00:00Z,97.94,97.945,97.93,97.94,22410.0,97.938,1236
2026-03-02T13:15:00Z,97.94,97.945,97.935,97.935,2317.0,97.9415,260
2026-03-02T13:30:00Z,97.935,97.94,97.925,97.93,7119.0,97.933,523
2026-03-02T13:45:00Z,97.935,97.95,97.935,97.945,7368.0,97.9425,327
2026-03-02T14:00:00Z,97.945,97.955,97.945,97.95,8899.0,97.95,830
2026-03-02T14:15:00Z,97.95,97.95,97.945,97.95,3199.0,97.9495,302
2026-03-02T14:30:00Z,97.95,97.95,97.945,97.95,8973.0,97.9455,613
2026-03-02T14:45:00Z,97.945,97.955,97.945,97.95,4366.0,97.9525,234
2026-03-02T15:00:00Z,97.95,97.95,97.94,97.95,6143.0,97.948,263
2026-03-02T15:15:00Z,97.95,97.95,97.94,97.945,1741.0,97.946,346
2026-03-02T15:30:00Z,97.94,97.945,97.935,97.94,2814.0,97.94,375
2026-03-02T15:45:00Z,97.935,97.945,97.93,97.945,6298.0,97.937,483
2026-03-02T16:00:00Z,97.945,97.945,97.93,97.94,7106.0,97.94,673
2026-03-02T16:15:00Z,97.94,97.94,97.93,97.935,13039.0,97.935,534
2026-03-02T16:30:00Z,97.94,97.94,97.935,97.935,2141.0,97.9355,273
2026-03-02T16:45:00Z,97.935,97.935,97.935,97.935,3041.0,97.935,276
2026-03-02T17:00:00Z,97.935,97.935,97.93,97.935,1009.0,97.932,125
2026-03-02T17:15:00Z,97.935,97.935,97.925,97.93,3474.0,97.9305,187
2026-03-02T17:30:00Z,97.93,97.935,97.93,97.935,6261.0,97.935,260
2026-03-02T17:45:00Z,97.94,97.945,97.935,97.935,3333.0,97.9395,108
2026-03-02T18:00:00Z,97.94,97.94,97.935,97.935,705.0,97.94,48
2026-03-02T18:15:00Z,97.935,97.935,97.935,97.935,1.0,97.935,1
2026-03-02T18:30:00Z,97.935,97.935,97.935,97.935,99.0,97.935,6
2026-03-02T18:45:00Z,97.935,97.935,97.935,97.935,3.0,97.935,1
2026-03-02T19:00:00Z,97.935,97.935,97.935,97.935,7.0,97.935,2
2026-03-02T19:15:00Z,97.935,97.935,97.935,97.935,3.0,97.935,2
2026-03-02T19:30:00Z,97.935,97.94,97.935,97.935,93.0,97.939,25
2026-03-02T19:45:00Z,97.935,97.935,97.935,97.935,18.0,97.935,1
2026-03-02T20:00:00Z,97.935,97.94,97.93,97.93,4929.0,97.9345,174
2026-03-02T20:15:00Z,97.925,97.925,97.925,97.925,2663.0,97.925,160
2026-03-02T20:30:00Z,97.925,97.925,97.92,97.92,1563.0,97.9225,78
2026-03-02T20:45:00Z,97.92,97.925,97.92,97.925,505.0,97.92,98
2026-03-03T01:00:00Z,97.92,97.92,97.91,97.91,1232.0,97.913,135
2026-03-03T01:15:00Z,97.905,97.91,97.905,97.91,1668.0,97.9085,69
2026-03-03T01:30:00Z,97.91,97.91,97.905,97.91,1363.0,97.91,84
2026-03-03T01:45:00Z,97.91,97.91,97.91,97.91,87.0,97.91,14
2026-03-03T02:00:00Z,97.91,97.91,97.91,97.91,6.0,97.91,5
2026-03-03T02:15:00Z,97.915,97.915,97.915,97.915,1077.0,97.915,82
2026-03-03T02:30:00Z,97.915,97.915,97.915,97.915,18.0,97.915,5
2026-03-03T02:45:00Z,97.915,97.915,97.915,97.915,0.0,97.915,0
2026-03-03T03:00:00Z,97.915,97.915,97.915,97.915,204.0,97.915,17
2026-03-03T03:15:00Z,97.915,97.915,97.915,97.915,23.0,97.915,5
2026-03-03T03:30:00Z,97.915,97.915,97.915,97.915,50.0,97.915,4
2026-03-03T03:45:00Z,97.91,97.91,97.91,97.91,50.0,97.91,7
2026-03-03T04:00:00Z,97.91,97.91,97.905,97.905,1621.0,97.9055,148
2026-03-03T04:15:00Z,97.9,97.905,97.9,97.905,113.0,97.905,7
2026-03-03T04:30:00Z,97.905,97.905,97.9,97.9,322.0,97.9,101
2026-03-03T04:45:00Z,97.9,97.9,97.9,97.9,234.0,97.9,70
2026-03-03T05:00:00Z,97.9,97.9,97.895,97.895,2049.0,97.8995,131
2026-03-03T05:15:00Z,97.89,97.89,97.89,97.89,506.0,97.89,54
2026-03-03T05:30:00Z,97.895,97.895,97.89,97.89,25.0,97.895,6
2026-03-03T05:45:00Z,97.89,97.89,97.89,97.89,1144.0,97.89,37
2026-03-03T06:00:00Z,97.885,97.89,97.885,97.89,1084.0,97.888,69
2026-03-03T06:15:00Z,97.885,97.895,97.885,97.89,1467.0,97.89,31
2026-03-03T06:30:00Z,97.89,97.89,97.885,97.885,829.0,97.888,86
2026-03-03T06:45:00Z,97.885,97.895,97.88,97.89,1059.0,97.8875,115
2026-03-03T07:00:00Z,97.89,97.895,97.88,97.89,8587.0,97.8875,637
2026-03-03T07:15:00Z,97.885,97.885,97.865,97.885,7544.0,97.8765,508
2026-03-03T07:30:00Z,97.885,97.89,97.87,97.87,6804.0,97.8815,376
2026-03-03T07:45:00Z,97.87,97.87,97.855,97.865,10735.0,97.862,738
2026-03-03T08:00:00Z,97.86,97.865,97.835,97.835,14238.0,97.8525,884
2026-03-03T08:15:00Z,97.835,97.845,97.83,97.84,11156.0,97.8375,611
2026-03-03T08:30:00Z,97.84,97.87,97.835,97.86,17794.0,97.856,1396
2026-03-03T08:45:00Z,97.86,97.865,97.845,97.865,10200.0,97.8545,506
2026-03-03T09:00:00Z,97.865,97.865,97.835,97.84,11297.0,97.8515,567
2026-03-03T09:15:00Z,97.84,97.845,97.83,97.83,13191.0,97.838,691
2026-03-03T09:30:00Z,97.83,97.83,97.81,97.83,13430.0,97.818,806
2026-03-03T09:45:00Z,97.83,97.835,97.825,97.835,11188.0,97.8335,868
2026-03-03T10:00:00Z,97.835,97.835,97.795,97.795,18192.0,97.805,1093
2026-03-03T10:15:00Z,97.795,97.8,97.775,97.78,19089.0,97.788,1282
2026-03-03T10:30:00Z,97.78,97.785,97.77,97.775,12733.0,97.7785,943
2026-03-03T10:45:00Z,97.775,97.79,97.77,97.78,21466.0,97.7795,1271
2026-03-03T11:00:00Z,97.78,97.78,97.745,97.745,13657.0,97.7625,1323
2026-03-03T11:15:00Z,97.745,97.755,97.735,97.75,15477.0,97.746,1055
2026-03-03T11:30:00Z,97.75,97.79,97.745,97.79,25731.0,97.775,1510
2026-03-03T11:45:00Z,97.79,97.83,97.79,97.82,22274.0,97.815,1321
2026-03-03T12:00:00Z,97.815,97.83,97.795,97.83,21698.0,97.8065,1504
2026-03-03T12:15:00Z,97.825,97.84,97.825,97.83,13075.0,97.8315,1089
2026-03-03T12:30:00Z,97.83,97.83,97.825,97.825,12069.0,97.827,366
2026-03-03T12:45:00Z,97.82,97.825,97.805,97.82,12487.0,97.816,864
2026-03-03T13:00:00Z,97.82,97.82,97.81,97.81,5049.0,97.817,459
2026-03-03T13:15:00Z,97.81,97.815,97.805,97.805,3167.0,97.8105,308
2026-03-03T13:30:00Z,97.805,97.82,97.8,97.815,8009.0,97.812,411
2026-03-03T13:45:00Z,97.81,97.82,97.81,97.82,12272.0,97.8155,687
2026-03-03T14:00:00Z,97.82,97.825,97.8,97.805,10643.0,97.8125,556
2026-03-03T14:15:00Z,97.8,97.81,97.79,97.805,14726.0,97.801,614
2026-03-03T14:30:00Z,97.805,97.81,97.8,97.805,10102.0,97.804,954
2026-03-03T14:45:00Z,97.805,97.815,97.8,97.805,29477.0,97.8055,1599
2026-03-03T15:00:00Z,97.805,97.825,97.8,97.82,26100.0,97.8165,1070
2026-03-03T15:15:00Z,97.82,97.83,97.815,97.825,32524.0,97.823,1548
2026-03-03T15:30:00Z,97.82,97.825,97.81,97.825,5519.0,97.82,746
2026-03-03T15:45:00Z,97.825,97.825,97.815,97.82,12377.0,97.8225,857
2026-03-03T16:00:00Z,97.82,97.82,97.81,97.815,9915.0,97.8175,1113
2026-03-03T16:15:00Z,97.82,97.825,97.82,97.825,10444.0,97.8225,697
2026-03-03T16:30:00Z,97.825,97.84,97.825,97.84,11836.0,97.8325,1088
2026-03-03T16:45:00Z,97.84,97.855,97.84,97.85,16041.0,97.8515,732
2026-03-03T17:00:00Z,97.85,97.855,97.845,97.845,3149.0,97.85,310
2026-03-03T17:15:00Z,97.85,97.85,97.83,97.83,3266.0,97.8385,221
2026-03-03T17:30:00Z,97.835,97.84,97.835,97.84,2053.0,97.8375,107
2026-03-03T17:45:00Z,97.84,97.84,97.83,97.835,1234.0,97.8395,97
2026-03-03T18:00:00Z,97.835,97.84,97.835,97.84,1069.0,97.8375,76
2026-03-03T18:15:00Z,97.835,97.84,97.835,97.84,3363.0,97.837,313
2026-03-03T18:30:00Z,97.845,97.865,97.845,97.865,2681.0,97.858,172
2026-03-03T18:45:00Z,97.865,97.875,97.865,97.87,3672.0,97.8705,193
2026-03-03T19:00:00Z,97.865,97.865,97.865,97.865,474.0,97.865,35
2026-03-03T19:15:00Z,97.865,97.87,97.865,97.87,4482.0,97.8695,154
2026-03-03T19:30:00Z,97.865,97.905,97.865,97.895,7292.0,97.8875,467
2026-03-03T19:45:00Z,97.895,97.895,97.88,97.88,6392.0,97.892,288
2026-03-03T20:00:00Z,97.88,97.885,97.88,97.885,394.0,97.884,27
2026-03-03T20:15:00Z,97.885,97.885,97.885,97.885,240.0,97.885,23
2026-03-03T20:30:00Z,97.88,97.88,97.875,97.875,621.0,97.88,44
2026-03-03T20:45:00Z,97.875,97.875,97.865,97.87,1774.0,97.867,125
2026-03-04T01:00:00Z,97.86,97.86,97.84,97.845,1145.0,97.852,78
2026-03-04T01:15:00Z,97.84,97.84,97.835,97.84,2115.0,97.8395,129
2026-03-04T01:30:00Z,97.835,97.84,97.83,97.83,349.0,97.835,35
2026-03-04T01:45:00Z,97.84,97.84,97.84,97.84,10.0,97.84,9
2026-03-04T02:00:00Z,97.84,97.84,97.835,97.835,406.0,97.835,23
2026-03-04T02:15:00Z,97.84,97.84,97.835,97.835,488.0,97.8395,49
2026-03-04T02:30:00Z,97.84,97.84,97.84,97.84,53.0,97.84,4
2026-03-04T02:45:00Z,97.84,97.84,97.84,97.84,52.0,97.84,3
2026-03-04T03:00:00Z,97.84,97.84,97.84,97.84,9.0,97.84,5
2026-03-04T03:15:00Z,97.835,97.835,97.835,97.835,1.0,97.835,1
2026-03-04T03:30:00Z,97.84,97.845,97.84,97.845,9.0,97.8415,6
2026-03-04T03:45:00Z,97.84,97.84,97.84,97.84,12.0,97.84,1
2026-03-04T04:00:00Z,97.84,97.84,97.84,97.84,14.0,97.84,3
2026-03-04T04:15:00Z,97.845,97.845,97.845,97.845,3.0,97.845,3
2026-03-04T04:30:00Z,97.845,97.845,97.84,97.84,32.0,97.8415,8
2026-03-04T04:45:00Z,97.84,97.84,97.835,97.835,17.0,97.8355,4
2026-03-04T05:00:00Z,97.83,97.835,97.83,97.835,2.0,97.8325,2
2026-03-04T05:15:00Z,97.83,97.83,97.825,97.83,475.0,97.83,35
2026-03-04T05:30:00Z,97.83,97.83,97.82,97.82,295.0,97.825,18
2026-03-04T05:45:00Z,97.82,97.82,97.815,97.815,853.0,97.819,52
2026-03-04T06:00:00Z,97.815,97.82,97.815,97.815,409.0,97.819,34
2026-03-04T06:15:00Z,97.81,97.82,97.81,97.82,965.0,97.8135,99
2026-03-04T06:30:00Z,97.82,97.825,97.815,97.82,526.0,97.82,52
2026-03-04T06:45:00Z,97.815,97.82,97.81,97.81,385.0,97.816,64
2026-03-04T07:00:00Z,97.81,97.815,97.78,97.795,10351.0,97.794,1268
2026-03-04T07:15:00Z,97.79,97.82,97.79,97.815,11002.0,97.803,792
2026-03-04T07:30:00Z,97.815,97.825,97.81,97.825,8893.0,97.8205,663
2026-03-04T07:45:00Z,97.825,97.85,97.825,97.85,5785.0,97.8385,615
2026-03-04T08:00:00Z,97.85,97.85,97.84,97.84,7010.0,97.8465,743
2026-03-04T08:15:00Z,97.845,97.855,97.84,97.85,4429.0,97.849,679
2026-03-04T08:30:00Z,97.85,97.85,97.82,97.84,17246.0,97.8355,1680
2026-03-04T08:45:00Z,97.84,97.84,97.83,97.84,3166.0,97.837,378
2026-03-04T09:00:00Z,97.835,97.84,97.83,97.835,4176.0,97.8345,683
2026-03-04T09:15:00Z,97.835,97.835,97.825,97.83,21917.0,97.831,1547
2026-03-04T09:30:00Z,97.83,97.83,97.825,97.825,3718.0,97.828,367
2026-03-04T09:45:00Z,97.825,97.83,97.815,97.82,4850.0,97.8215,466
2026-03-04T10:00:00Z,97.815,97.865,97.81,97.845,33171.0,97.8405,2754
2026-03-04T10:15:00Z,97.845,97.87,97.845,97.855,21693.0,97.856,1748
2026-03-04T10:30:00Z,97.855,97.87,97.85,97.865,8250.0,97.8635,1316
2026-03-04T10:45:00Z,97.87,97.87,97.86,97.87,2759.0,97.863,424
2026-03-04T11:00:00Z,97.87,97.88,97.86,97.865,5880.0,97.873,1326
2026-03-04T11:15:00Z,97.865,97.875,97.86,97.865,2397.0,97.871,255
2026-03-04T11:30:00Z,97.87,97.875,97.855,97.86,4241.0,97.864,349
2026-03-04T11:45:00Z,97.86,97.865,97.855,97.865,2891.0,97.8605,280
2026-03-04T12:00:00Z,97.86,97.865,97.855,97.865,2407.0,97.861,215
2026-03-04T12:15:00Z,97.865,97.87,97.86,97.865,2640.0,97.8655,275
2026-03-04T12:30:00Z,97.86,97.87,97.86,97.87,2357.0,97.8665,221
2026-03-04T12:45:00Z,97.87,97.87,97.86,97.865,3207.0,97.8675,449
2026-03-04T13:00:00Z,97.865,97.875,97.86,97.87,2008.0,97.87,256
2026-03-04T13:15:00Z,97.87,97.88,97.865,97.88,3285.0,97.872,397
2026-03-04T13:30:00Z,97.88,97.885,97.875,97.88,7608.0,97.879,409
2026-03-04T13:45:00Z,97.885,97.885,97.87,97.87,15857.0,97.875,886
2026-03-04T14:00:00Z,97.87,97.875,97.865,97.865,10284.0,97.8675,904
2026-03-04T14:15:00Z,97.87,97.875,97.865,97.87,8343.0,97.87,463
2026-03-04T14:30:00Z,97.87,97.87,97.855,97.86,15677.0,97.862,1103
2026-03-04T14:45:00Z,97.86,97.865,97.86,97.865,4996.0,97.8615,243
2026-03-04T15:00:00Z,97.86,97.87,97.86,97.865,3403.0,97.865,365
2026-03-04T15:15:00Z,97.865,97.865,97.86,97.86,2532.0,97.8605,349
2026-03-04T15:30:00Z,97.86,97.87,97.86,97.86,3283.0,97.862,460
2026-03-04T15:45:00Z,97.865,97.87,97.865,97.865,889.0,97.8685,207
2026-03-04T16:00:00Z,97.865,97.89,97.865,97.88,12285.0,97.877,1277
2026-03-04T16:15:00Z,97.885,97.89,97.88,97.885,2778.0,97.885,316
2026-03-04T16:30:00Z,97.885,97.885,97.88,97.88,3201.0,97.8805,432
2026-03-04T16:45:00Z,97.88,97.885,97.88,97.88,613.0,97.885,66
2026-03-04T17:00:00Z,97.88,97.88,97.875,97.88,1575.0,97.88,166
2026-03-04T17:15:00Z,97.88,97.88,97.875,97.875,2332.0,97.8775,154
2026-03-04T17:30:00Z,97.875,97.875,97.87,97.875,3505.0,97.875,236
2026-03-04T17:45:00Z,97.875,97.88,97.875,97.88,2134.0,97.876,103
2026-03-04T18:00:00Z,97.88,97.88,97.88,97.88,2004.0,97.88,102
2026-03-04T18:15:00Z,97.88,97.88,97.88,97.88,335.0,97.88,37
2026-03-04T18:30:00Z,97.88,97.88,97.88,97.88,2.0,97.88,1
2026-03-04T18:45:00Z,97.88,97.88,97.875,97.875,201.0,97.88,2
2026-03-04T19:00:00Z,97.875,97.875,97.875,97.875,0.0,97.875,0
2026-03-04T19:15:00Z,97.875,97.875,97.87,97.87,1184.0,97.8725,49
2026-03-04T19:30:00Z,97.875,97.875,97.875,97.875,85.0,97.875,18
2026-03-04T19:45:00Z,97.87,97.87,97.87,97.87,1209.0,97.87,30
2026-03-04T20:00:00Z,97.87,97.87,97.87,97.87,69.0,97.87,12
2026-03-04T20:15:00Z,97.87,97.87,97.865,97.865,762.0,97.867,93
2026-03-04T20:30:00Z,97.865,97.865,97.865,97.865,1873.0,97.865,90
2026-03-04T20:45:00Z,97.865,97.865,97.865,97.865,140.0,97.865,34
2026-03-05T01:00:00Z,97.865,97.865,97.855,97.855,974.0,97.859,58
2026-03-05T01:15:00Z,97.855,97.855,97.84,97.84,2505.0,97.8505,175
2026-03-05T01:30:00Z,97.84,97.845,97.84,97.84,590.0,97.842,59
2026-03-05T01:45:00Z,97.835,97.84,97.835,97.84,3385.0,97.8355,78
2026-03-05T02:00:00Z,97.835,97.84,97.835,97.835,887.0,97.835,95
2026-03-05T02:15:00Z,97.835,97.835,97.83,97.83,570.0,97.835,78
2026-03-05T02:30:00Z,97.835,97.84,97.835,97.84,418.0,97.836,77
2026-03-05T02:45:00Z,97.835,97.84,97.835,97.84,165.0,97.839,28
2026-03-05T03:00:00Z,97.835,97.84,97.835,97.84,13.0,97.837,6
2026-03-05T03:15:00Z,97.835,97.835,97.83,97.83,314.0,97.831,30
2026-03-05T03:30:00Z,97.83,97.835,97.83,97.83,70.0,97.83,11
2026-03-05T03:45:00Z,97.835,97.835,97.83,97.835,269.0,97.831,24
2026-03-05T04:00:00Z,97.835,97.835,97.835,97.835,26.0,97.835,6
2026-03-05T04:15:00Z,97.835,97.835,97.835,97.835,53.0,97.835,9
2026-03-05T04:30:00Z,97.835,97.835,97.835,97.835,496.0,97.835,31
2026-03-05T04:45:00Z,97.835,97.835,97.835,97.835,0.0,97.835,0
2026-03-05T05:00:00Z,97.835,97.835,97.835,97.835,107.0,97.835,9
2026-03-05T05:15:00Z,97.83,97.835,97.83,97.835,87.0,97.833,23
2026-03-05T05:30:00Z,97.83,97.835,97.83,97.835,101.0,97.83,6
2026-03-05T05:45:00Z,97.83,97.83,97.82,97.825,5568.0,97.827,277
2026-03-05T06:00:00Z,97.825,97.835,97.825,97.835,775.0,97.8295,100
2026-03-05T06:15:00Z,97.835,97.84,97.835,97.835,1125.0,97.837,32
2026-03-05T06:30:00Z,97.835,97.845,97.835,97.835,2182.0,97.8395,94
2026-03-05T06:45:00Z,97.835,97.85,97.835,97.84,3617.0,97.846,274
2026-03-05T07:00:00Z,97.84,97.85,97.835,97.835,5737.0,97.8425,215
2026-03-05T07:15:00Z,97.835,97.84,97.835,97.835,1853.0,97.838,167
2026-03-05T07:30:00Z,97.835,97.84,97.825,97.83,3519.0,97.832,321
2026-03-05T07:45:00Z,97.83,97.83,97.82,97.82,3166.0,97.8215,227
2026-03-05T08:00:00Z,97.815,97.825,97.81,97.815,2343.0,97.817,253
2026-03-05T08:15:00Z,97.81,97.825,97.805,97.82,15206.0,97.812,755
2026-03-05T08:30:00Z,97.82,97.825,97.815,97.815,4476.0,97.82,464
2026-03-05T08:45:00Z,97.815,97.825,97.815,97.82,4021.0,97.8205,304
2026-03-05T09:00:00Z,97.82,97.86,97.815,97.84,25615.0,97.8445,1809
2026-03-05T09:15:00Z,97.835,97.84,97.825,97.83,8655.0,97.8335,632
2026-03-05T09:30:00Z,97.825,97.83,97.82,97.825,5087.0,97.8255,492
2026-03-05T09:45:00Z,97.825,97.83,97.82,97.825,4952.0,97.825,221
2026-03-05T10:00:00Z,97.825,97.825,97.805,97.815,14409.0,97.8105,942
2026-03-05T10:15:00Z,97.815,97.82,97.81,97.82,2604.0,97.817,206
2026-03-05T10:30:00Z,97.82,97.82,97.805,97.815,7515.0,97.8145,587
2026-03-05T10:45:00Z,97.81,97.81,97.8,97.8,11799.0,97.8035,551
2026-03-05T11:00:00Z,97.8,97.805,97.795,97.8,7840.0,97.8,585
2026-03-05T11:15:00Z,97.8,97.81,97.8,97.81,6950.0,97.808,343
2026-03-05T11:30:00Z,97.805,97.805,97.79,97.79,12174.0,97.796,634
2026-03-05T11:45:00Z,97.79,97.795,97.78,97.78,11680.0,97.7845,808
2026-03-05T12:00:00Z,97.78,97.79,97.775,97.785,12534.0,97.7815,719
2026-03-05T12:15:00Z,97.785,97.8,97.785,97.785,10870.0,97.791,904
2026-03-05T12:30:00Z,97.785,97.785,97.77,97.78,18906.0,97.7775,1244
2026-03-05T12:45:00Z,97.78,97.78,97.765,97.765,6291.0,97.772,659
2026-03-05T13:00:00Z,97.77,97.775,97.755,97.77,16245.0,97.762,1453
2026-03-05T13:15:00Z,97.77,97.775,97.76,97.76,14253.0,97.7705,1382
2026-03-05T13:30:00Z,97.765,97.77,97.76,97.765,9096.0,97.765,755
2026-03-05T13:45:00Z,97.765,97.77,97.76,97.765,8621.0,97.7645,611
2026-03-05T14:00:00Z,97.765,97.765,97.755,97.755,13652.0,97.7585,616
2026-03-05T14:15:00Z,97.755,97.755,97.74,97.745,14401.0,97.746,1357
2026-03-05T14:30:00Z,97.745,97.775,97.745,97.77,19528.0,97.7575,1488
2026-03-05T14:45:00Z,97.77,97.77,97.755,97.77,6584.0,97.766,794
2026-03-05T15:00:00Z,97.77,97.785,97.77,97.775,11038.0,97.7775,1058
2026-03-05T15:15:00Z,97.775,97.79,97.765,97.765,12170.0,97.7755,1493
2026-03-05T15:30:00Z,97.77,97.77,97.76,97.76,4895.0,97.7615,574
2026-03-05T15:45:00Z,97.76,97.775,97.76,97.77,13065.0,97.771,871
2026-03-05T16:00:00Z,97.775,97.775,97.735,97.74,15988.0,97.7485,3042
2026-03-05T16:15:00Z,97.74,97.75,97.72,97.725,11485.0,97.734,1307
2026-03-05T16:30:00Z,97.72,97.75,97.715,97.745,21106.0,97.735,1918
2026-03-05T16:45:00Z,97.75,97.75,97.745,97.745,12895.0,97.7475,860
2026-03-05T17:00:00Z,97.745,97.75,97.74,97.75,5856.0,97.747,337
2026-03-05T17:15:00Z,97.75,97.755,97.745,97.75,4378.0,97.7505,301
2026-03-05T17:30:00Z,97.75,97.75,97.735,97.735,3668.0,97.7435,451
2026-03-05T17:45:00Z,97.735,97.74,97.73,97.735,2530.0,97.735,170
2026-03-05T18:00:00Z,97.735,97.74,97.735,97.74,1301.0,97.74,102
2026-03-05T18:15:00Z,97.74,97.74,97.725,97.725,1313.0,97.731,89
2026-03-05T18:30:00Z,97.725,97.725,97.725,97.725,1056.0,97.725,68
2026-03-05T18:45:00Z,97.725,97.735,97.725,97.735,4828.0,97.73,213
2026-03-05T19:00:00Z,97.735,97.74,97.735,97.74,3452.0,97.735,248
2026-03-05T19:15:00Z,97.735,97.74,97.735,97.735,223.0,97.736,20
2026-03-05T19:30:00Z,97.74,97.74,97.73,97.73,1327.0,97.7335,153
2026-03-05T19:45:00Z,97.73,97.735,97.73,97.735,2281.0,97.733,150
2026-03-05T20:00:00Z,97.735,97.755,97.735,97.755,6571.0,97.747,530
2026-03-05T20:15:00Z,97.76,97.775,97.76,97.77,3591.0,97.7655,280
2026-03-05T20:30:00Z,97.77,97.77,97.765,97.77,2289.0,97.7695,134
2026-03-05T20:45:00Z,97.77,97.78,97.77,97.78,4572.0,97.7745,113
2026-03-06T01:00:00Z,97.77,97.785,97.77,97.78,1620.0,97.7795,389
2026-03-06T01:15:00Z,97.775,97.78,97.775,97.775,240.0,97.778,37
2026-03-06T01:30:00Z,97.775,97.775,97.765,97.765,623.0,97.7705,40
2026-03-06T01:45:00Z,97.76,97.76,97.755,97.755,737.0,97.756,67
2026-03-06T02:00:00Z,97.76,97.765,97.76,97.765,325.0,97.7635,82
2026-03-06T02:15:00Z,97.765,97.765,97.765,97.765,506.0,97.765,56
2026-03-06T02:30:00Z,97.76,97.76,97.76,97.76,491.0,97.76,55
2026-03-06T02:45:00Z,97.76,97.76,97.76,97.76,2.0,97.76,2
2026-03-06T03:00:00Z,97.76,97.76,97.755,97.755,247.0,97.757,74
2026-03-06T03:15:00Z,97.755,97.755,97.75,97.75,501.0,97.7535,136
2026-03-06T03:30:00Z,97.75,97.755,97.75,97.75,595.0,97.752,148
2026-03-06T03:45:00Z,97.75,97.76,97.75,97.755,941.0,97.754,72
2026-03-06T04:00:00Z,97.755,97.76,97.755,97.76,808.0,97.755,26
2026-03-06T04:15:00Z,97.76,97.76,97.76,97.76,13.0,97.76,4
2026-03-06T04:30:00Z,97.76,97.76,97.76,97.76,82.0,97.76,5
2026-03-06T04:45:00Z,97.76,97.76,97.76,97.76,0.0,97.76,0
2026-03-06T05:00:00Z,97.755,97.755,97.755,97.755,205.0,97.755,13
2026-03-06T05:15:00Z,97.76,97.765,97.76,97.765,210.0,97.765,24
2026-03-06T05:30:00Z,97.765,97.765,97.765,97.765,0.0,97.765,0
2026-03-06T05:45:00Z,97.765,97.765,97.765,97.765,1115.0,97.765,69
2026-03-06T06:00:00Z,97.765,97.77,97.76,97.765,151.0,97.765,20
2026-03-06T06:15:00Z,97.76,97.765,97.76,97.76,94.0,97.7645,37
2026-03-06T06:30:00Z,97.76,97.77,97.76,97.77,125.0,97.7645,48
2026-03-06T06:45:00Z,97.77,97.775,97.76,97.76,522.0,97.767,54
2026-03-06T07:00:00Z,97.76,97.765,97.755,97.76,2980.0,97.759,480
2026-03-06T07:15:00Z,97.755,97.78,97.755,97.78,5714.0,97.7725,461
2026-03-06T07:30:00Z,97.775,97.785,97.77,97.775,7991.0,97.779,718
2026-03-06T07:45:00Z,97.775,97.775,97.76,97.765,10455.0,97.77,578
2026-03-06T08:00:00Z,97.765,97.77,97.75,97.755,11729.0,97.759,1125
2026-03-06T08:15:00Z,97.755,97.755,97.73,97.735,8299.0,97.746,685
2026-03-06T08:30:00Z,97.73,97.735,97.715,97.72,11706.0,97.7225,1802
2026-03-06T08:45:00Z,97.72,97.72,97.71,97.715,14280.0,97.7145,1336
2026-03-06T09:00:00Z,97.715,97.715,97.69,97.69,10984.0,97.705,1114
2026-03-06T09:15:00Z,97.69,97.705,97.65,97.65,22446.0,97.6795,2460
2026-03-06T09:30:00Z,97.645,97.66,97.635,97.655,26550.0,97.651,2627
2026-03-06T09:45:00Z,97.655,97.67,97.645,97.655,20343.0,97.655,1621
2026-03-06T10:00:00Z,97.655,97.685,97.655,97.675,12497.0,97.674,1361
2026-03-06T10:15:00Z,97.67,97.685,97.67,97.685,11421.0,97.682,1294
2026-03-06T10:30:00Z,97.69,97.695,97.685,97.69,8095.0,97.6915,968
2026-03-06T10:45:00Z,97.695,97.72,97.695,97.715,11272.0,97.713,1197
2026-03-06T11:00:00Z,97.71,97.71,97.685,97.69,14344.0,97.6985,1133
2026-03-06T11:15:00Z,97.69,97.7,97.69,97.695,6142.0,97.694,618
2026-03-06T11:30:00Z,97.695,97.695,97.65,97.66,18467.0,97.6715,1867
2026-03-06T11:45:00Z,97.66,97.67,97.65,97.655,15374.0,97.6565,1273
2026-03-06T12:00:00Z,97.655,97.655,97.645,97.65,7099.0,97.6495,765
2026-03-06T12:15:00Z,97.645,97.65,97.625,97.64,9277.0,97.638,1006
2026-03-06T12:30:00Z,97.64,97.64,97.62,97.635,14600.0,97.628,1801
2026-03-06T12:45:00Z,97.635,97.645,97.62,97.625,7475.0,97.632,1131
2026-03-06T13:00:00Z,97.625,97.655,97.62,97.645,11476.0,97.6385,1675
2026-03-06T13:15:00Z,97.645,97.645,97.625,97.63,10238.0,97.6365,1296
2026-03-06T13:30:00Z,97.63,97.675,97.63,97.64,21968.0,97.654,2166
2026-03-06T13:45:00Z,97.635,97.64,97.555,97.58,29841.0,97.587,2662
2026-03-06T14:00:00Z,97.58,97.6,97.545,97.555,19614.0,97.5695,2128
2026-03-06T14:15:00Z,97.56,97.585,97.56,97.575,15646.0,97.571,1698
2026-03-06T14:30:00Z,97.58,97.58,97.555,97.57,23148.0,97.5695,2429
2026-03-06T14:45:00Z,97.57,97.61,97.57,97.61,13188.0,97.593,1623
2026-03-06T15:00:00Z,97.61,97.63,97.585,97.625,19922.0,97.606,2201
2026-03-06T15:15:00Z,97.625,97.66,97.62,97.66,20865.0,97.636,2237
2026-03-06T15:30:00Z,97.66,97.67,97.64,97.67,13756.0,97.652,1893
2026-03-06T15:45:00Z,97.665,97.675,97.65,97.65,11934.0,97.663,1323
2026-03-06T16:00:00Z,97.65,97.66,97.645,97.65,14301.0,97.6515,2778
2026-03-06T16:15:00Z,97.65,97.66,97.635,97.66,5645.0,97.652,937
2026-03-06T16:30:00Z,97.655,97.655,97.64,97.645,5011.0,97.649,888
2026-03-06T16:45:00Z,97.645,97.66,97.64,97.64,9439.0,97.6485,654
2026-03-06T17:00:00Z,97.64,97.655,97.63,97.65,13681.0,97.644,1013
2026-03-06T17:15:00Z,97.65,97.65,97.635,97.64,4418.0,97.6425,451
2026-03-06T17:30:00Z,97.64,97.64,97.62,97.62,6638.0,97.627,559
2026-03-06T17:45:00Z,97.62,97.625,97.615,97.62,5203.0,97.618,605
2026-03-06T18:00:00Z,97.625,97.64,97.625,97.64,4160.0,97.632,359
2026-03-06T18:15:00Z,97.64,97.65,97.64,97.64,3807.0,97.6455,279
2026-03-06T18:30:00Z,97.64,97.645,97.64,97.64,928.0,97.641,86
2026-03-06T18:45:00Z,97.64,97.645,97.635,97.635,692.0,97.639,79
2026-03-06T19:00:00Z,97.635,97.635,97.63,97.63,359.0,97.631,39
2026-03-06T19:15:00Z,97.635,97.64,97.635,97.635,1162.0,97.6355,62
2026-03-06T19:30:00Z,97.635,97.635,97.625,97.625,863.0,97.6325,135
2026-03-06T19:45:00Z,97.62,97.62,97.605,97.61,3071.0,97.6155,333
2026-03-06T20:00:00Z,97.61,97.615,97.61,97.615,1766.0,97.6105,109
2026-03-06T20:15:00Z,97.61,97.615,97.61,97.615,191.0,97.61,26
2026-03-06T20:30:00Z,97.615,97.615,97.59,97.59,4652.0,97.601,300
2026-03-06T20:45:00Z,97.59,97.605,97.59,97.595,2168.0,97.5995,173
2026-03-09T01:00:00Z,97.52,97.53,97.42,97.445,11033.0,97.46,1683
2026-03-09T01:15:00Z,97.445,97.455,97.435,97.44,3880.0,97.451,435
2026-03-09T01:30:00Z,97.44,97.44,97.39,97.405,7792.0,97.403,944
2026-03-09T01:45:00Z,97.405,97.415,97.39,97.41,3844.0,97.407,359
2026-03-09T02:00:00Z,97.415,97.425,97.41,97.415,1443.0,97.4155,195
2026-03-09T02:15:00Z,97.415,97.415,97.38,97.38,2003.0,97.4,180
2026-03-09T02:30:00Z,97.37,97.38,97.365,97.375,2483.0,97.373,342
2026-03-09T02:45:00Z,97.375,97.39,97.365,97.37,4692.0,97.3755,608
2026-03-09T03:00:00Z,97.365,97.385,97.36,97.375,1653.0,97.3695,167
2026-03-09T03:15:00Z,97.375,97.38,97.365,97.37,1147.0,97.3725,94
2026-03-09T03:30:00Z,97.365,97.365,97.34,97.345,1353.0,97.3545,125
2026-03-09T03:45:00Z,97.35,97.355,97.325,97.34,2999.0,97.344,215
2026-03-09T04:00:00Z,97.335,97.335,97.32,97.325,1470.0,97.327,219
2026-03-09T04:15:00Z,97.325,97.345,97.32,97.325,455.0,97.337,79
2026-03-09T04:30:00Z,97.335,97.335,97.315,97.315,720.0,97.326,130
2026-03-09T04:45:00Z,97.315,97.325,97.31,97.325,472.0,97.3165,73
2026-03-09T05:00:00Z,97.325,97.36,97.32,97.355,747.0,97.3455,179
2026-03-09T05:15:00Z,97.36,97.4,97.35,97.39,4585.0,97.3785,797
2026-03-09T05:30:00Z,97.4,97.4,97.375,97.38,1354.0,97.3895,266
2026-03-09T05:45:00Z,97.38,97.42,97.375,97.405,4653.0,97.411,686
2026-03-09T06:00:00Z,97.41,97.42,97.4,97.42,4895.0,97.4115,860
2026-03-09T06:15:00Z,97.415,97.415,97.385,97.385,2606.0,97.4025,361
2026-03-09T06:30:00Z,97.385,97.39,97.37,97.38,1790.0,97.38,467
2026-03-09T06:45:00Z,97.38,97.385,97.35,97.385,4774.0,97.363,642
2026-03-09T07:00:00Z,97.385,97.42,97.37,97.42,28949.0,97.4015,3140
2026-03-09T07:15:00Z,97.42,97.445,97.415,97.435,7991.0,97.433,881
2026-03-09T07:30:00Z,97.43,97.445,97.39,97.39,15137.0,97.4225,1954
2026-03-09T07:45:00Z,97.39,97.405,97.375,97.375,10401.0,97.3865,1422
2026-03-09T08:00:00Z,97.37,97.385,97.345,97.355,15426.0,97.3655,2235
2026-03-09T08:15:00Z,97.36,97.41,97.36,97.385,13673.0,97.386,1943
2026-03-09T08:30:00Z,97.385,97.42,97.385,97.42,13181.0,97.4105,1482
2026-03-09T08:45:00Z,97.42,97.44,97.405,97.43,15763.0,97.425,1933
2026-03-09T09:00:00Z,97.43,97.475,97.43,97.465,14220.0,97.459,1838
2026-03-09T09:15:00Z,97.465,97.485,97.445,97.48,12300.0,97.47,1678
2026-03-09T09:30:00Z,97.48,97.505,97.465,97.485,12972.0,97.489,1872
2026-03-09T09:45:00Z,97.485,97.495,97.46,97.495,15423.0,97.478,2026
2026-03-09T10:00:00Z,97.495,97.505,97.465,97.465,7805.0,97.48,1112
2026-03-09T10:15:00Z,97.46,97.465,97.44,97.46,11620.0,97.453,1610
2026-03-09T10:30:00Z,97.46,97.48,97.44,97.44,10259.0,97.4595,1194
2026-03-09T10:45:00Z,97.44,97.455,97.435,97.45,9250.0,97.445,797
2026-03-09T11:00:00Z,97.45,97.485,97.45,97.475,5069.0,97.472,508
2026-03-09T11:15:00Z,97.475,97.48,97.45,97.455,8973.0,97.462,915
2026-03-09T11:30:00Z,97.455,97.47,97.45,97.47,6847.0,97.459,1223
2026-03-09T11:45:00Z,97.475,97.48,97.465,97.47,5166.0,97.4695,787
2026-03-09T12:00:00Z,97.465,97.48,97.46,97.47,6942.0,97.4735,950
2026-03-09T12:15:00Z,97.475,97.48,97.46,97.47,8551.0,97.4685,1154
2026-03-09T12:30:00Z,97.47,97.47,97.45,97.45,7611.0,97.4605,871
2026-03-09T12:45:00Z,97.45,97.46,97.44,97.455,5964.0,97.452,970
2026-03-09T13:00:00Z,97.46,97.53,97.46,97.52,16996.0,97.4985,2454
2026-03-09T13:15:00Z,97.525,97.53,97.5,97.505,18937.0,97.511,1972
2026-03-09T13:30:00Z,97.51,97.525,97.5,97.51,12806.0,97.5165,1706
2026-03-09T13:45:00Z,97.51,97.515,97.49,97.515,9777.0,97.5035,942
2026-03-09T14:00:00Z,97.515,97.53,97.49,97.525,20299.0,97.5105,2083
2026-03-09T14:15:00Z,97.52,97.56,97.52,97.545,27516.0,97.544,2264
2026-03-09T14:30:00Z,97.545,97.565,97.54,97.55,13444.0,97.551,1300
2026-03-09T14:45:00Z,97.55,97.565,97.54,97.565,16490.0,97.5535,1792
2026-03-09T15:00:00Z,97.565,97.58,97.565,97.57,19762.0,97.5725,1454
2026-03-09T15:15:00Z,97.575,97.605,97.565,97.6,22839.0,97.591,1758
2026-03-09T15:30:00Z,97.6,97.605,97.565,97.565,13899.0,97.589,1254
2026-03-09T15:45:00Z,97.565,97.59,97.565,97.585,6959.0,97.5815,644
2026-03-09T16:00:00Z,97.58,97.585,97.555,97.565,14447.0,97.571,3015
2026-03-09T16:15:00Z,97.56,97.595,97.56,97.59,13186.0,97.575,1483
2026-03-09T16:30:00Z,97.59,97.6,97.58,97.6,9009.0,97.5965,662
2026-03-09T16:45:00Z,97.595,97.6,97.585,97.585,10637.0,97.597,662
2026-03-09T17:00:00Z,97.585,97.585,97.575,97.575,4412.0,97.579,454
2026-03-09T17:15:00Z,97.575,97.58,97.575,97.575,4611.0,97.577,381
2026-03-09T17:30:00Z,97.575,97.575,97.565,97.565,1834.0,97.5705,136
2026-03-09T17:45:00Z,97.565,97.565,97.55,97.555,8169.0,97.5545,630
2026-03-09T18:00:00Z,97.55,97.565,97.545,97.565,2904.0,97.555,264
2026-03-09T18:15:00Z,97.57,97.57,97.56,97.56,3784.0,97.566,312
2026-03-09T18:30:00Z,97.56,97.56,97.55,97.555,1389.0,97.555,99
2026-03-09T18:45:00Z,97.555,97.555,97.555,97.555,433.0,97.555,67
2026-03-09T19:00:00Z,97.55,97.55,97.545,97.545,126.0,97.55,46
2026-03-09T19:15:00Z,97.55,97.66,97.55,97.65,20045.0,97.6115,2090
2026-03-09T19:30:00Z,97.645,97.685,97.635,97.665,11982.0,97.665,1366
2026-03-09T19:45:00Z,97.665,97.695,97.665,97.69,8516.0,97.6855,905
2026-03-09T20:00:00Z,97.685,97.69,97.67,97.68,3197.0,97.6835,520
2026-03-09T20:15:00Z,97.685,97.69,97.68,97.685,1683.0,97.687,183
2026-03-09T20:30:00Z,97.685,97.7,97.685,97.695,1711.0,97.692,190
2026-03-09T20:45:00Z,97.7,97.715,97.695,97.71,2749.0,97.7045,286
2026-03-10T01:00:00Z,97.71,97.71,97.685,97.69,1946.0,97.699,395
2026-03-10T01:15:00Z,97.69,97.705,97.685,97.685,956.0,97.6985,221
2026-03-10T01:30:00Z,97.69,97.69,97.685,97.685,255.0,97.6895,27
2026-03-10T01:45:00Z,97.685,97.685,97.68,97.68,220.0,97.6805,39
2026-03-10T02:00:00Z,97.68,97.69,97.68,97.685,410.0,97.6885,25
2026-03-10T02:15:00Z,97.685,97.685,97.68,97.685,18.0,97.684,14
2026-03-10T02:30:00Z,97.68,97.685,97.68,97.68,268.0,97.68,50
2026-03-10T02:45:00Z,97.68,97.68,97.66,97.66,1091.0,97.67,130
2026-03-10T03:00:00Z,97.66,97.66,97.65,97.65,216.0,97.6515,55
2026-03-10T03:15:00Z,97.65,97.66,97.64,97.65,154.0,97.65,41
2026-03-10T03:30:00Z,97.655,97.655,97.645,97.645,160.0,97.653,26
2026-03-10T03:45:00Z,97.645,97.645,97.63,97.635,746.0,97.633,97
2026-03-10T04:00:00Z,97.635,97.64,97.635,97.635,278.0,97.6355,30
2026-03-10T04:15:00Z,97.64,97.64,97.64,97.64,5.0,97.64,3
2026-03-10T04:30:00Z,97.64,97.65,97.635,97.645,243.0,97.6465,60
2026-03-10T04:45:00Z,97.645,97.645,97.645,97.645,126.0,97.645,40
2026-03-10T05:00:00Z,97.65,97.66,97.65,97.66,166.0,97.653,56
2026-03-10T05:15:00Z,97.655,97.665,97.655,97.66,350.0,97.661,62
2026-03-10T05:30:00Z,97.66,97.67,97.66,97.665,63.0,97.665,22
2026-03-10T05:45:00Z,97.66,97.66,97.655,97.66,68.0,97.66,34
2026-03-10T06:00:00Z,97.65,97.665,97.65,97.665,355.0,97.657,90
2026-03-10T06:15:00Z,97.66,97.665,97.655,97.655,268.0,97.6605,51
2026-03-10T06:30:00Z,97.655,97.66,97.645,97.655,4334.0,97.65,326
2026-03-10T06:45:00Z,97.655,97.68,97.655,97.665,4961.0,97.6685,905
2026-03-10T07:00:00Z,97.67,97.71,97.655,97.71,10627.0,97.6815,1142
2026-03-10T07:15:00Z,97.71,97.725,97.69,97.72,7337.0,97.7075,795
2026-03-10T07:30:00Z,97.72,97.725,97.695,97.705,12537.0,97.7075,1841
2026-03-10T07:45:00Z,97.705,97.735,97.705,97.72,8107.0,97.7225,1062
2026-03-10T08:00:00Z,97.72,97.73,97.7,97.71,5863.0,97.7155,798
2026-03-10T08:15:00Z,97.715,97.725,97.71,97.715,4820.0,97.717,1042
2026-03-10T08:30:00Z,97.71,97.715,97.69,97.69,10890.0,97.704,1026
2026-03-10T08:45:00Z,97.69,97.695,97.675,97.68,7429.0,97.682,888
2026-03-10T09:00:00Z,97.685,97.7,97.68,97.7,7001.0,97.692,751
2026-03-10T09:15:00Z,97.705,97.71,97.7,97.705,2440.0,97.7035,282
2026-03-10T09:30:00Z,97.71,97.715,97.705,97.71,3285.0,97.7095,292
2026-03-10T09:45:00Z,97.705,97.715,97.7,97.7,3680.0,97.7065,754
2026-03-10T10:00:00Z,97.7,97.705,97.68,97.68,6030.0,97.6905,666
2026-03-10T10:15:00Z,97.68,97.685,97.665,97.685,7331.0,97.6725,571
2026-03-10T10:30:00Z,97.69,97.69,97.635,97.665,12312.0,97.657,1369
2026-03-10T10:45:00Z,97.67,97.675,97.66,97.67,4671.0,97.6655,581
2026-03-10T11:00:00Z,97.67,97.7,97.665,97.69,14093.0,97.687,1433
2026-03-10T11:15:00Z,97.69,97.695,97.68,97.685,6484.0,97.6875,322
2026-03-10T11:30:00Z,97.685,97.685,97.67,97.675,3045.0,97.679,287
2026-03-10T11:45:00Z,97.675,97.675,97.665,97.67,4654.0,97.67,334
2026-03-10T12:00:00Z,97.67,97.675,97.645,97.65,9839.0,97.654,804
2026-03-10T12:15:00Z,97.645,97.655,97.64,97.65,5605.0,97.645,599
2026-03-10T12:30:00Z,97.655,97.68,97.655,97.665,6702.0,97.6675,810
2026-03-10T12:45:00Z,97.665,97.68,97.66,97.68,8400.0,97.6705,690
2026-03-10T13:00:00Z,97.68,97.68,97.67,97.67,2261.0,97.676,335
2026-03-10T13:15:00Z,97.67,97.68,97.67,97.68,3273.0,97.6775,618
2026-03-10T13:30:00Z,97.685,97.685,97.665,97.67,4665.0,97.6745,787
2026-03-10T13:45:00Z,97.675,97.675,97.665,97.675,2617.0,97.6725,340
2026-03-10T14:00:00Z,97.675,97.68,97.665,97.68,6415.0,97.6745,426
2026-03-10T14:15:00Z,97.68,97.695,97.675,97.69,11629.0,97.6805,874
2026-03-10T14:30:00Z,97.69,97.71,97.69,97.705,7247.0,97.6995,875
2026-03-10T14:45:00Z,97.705,97.72,97.7,97.72,9416.0,97.7105,591
2026-03-10T15:00:00Z,97.72,97.73,97.71,97.73,13486.0,97.7235,827
2026-03-10T15:15:00Z,97.73,97.74,97.72,97.73,19842.0,97.7275,1025
2026-03-10T15:30:00Z,97.73,97.73,97.71,97.715,9512.0,97.716,813
2026-03-10T15:45:00Z,97.715,97.72,97.71,97.72,9267.0,97.7135,576
2026-03-10T16:00:00Z,97.72,97.73,97.695,97.695,14656.0,97.712,2469
2026-03-10T16:15:00Z,97.7,97.705,97.69,97.7,9366.0,97.6965,618
2026-03-10T16:30:00Z,97.7,97.71,97.695,97.705,3412.0,97.702,403
2026-03-10T16:45:00Z,97.705,97.71,97.7,97.7,4314.0,97.702,334
2026-03-10T17:00:00Z,97.7,97.74,97.7,97.73,14545.0,97.726,1262
2026-03-10T17:15:00Z,97.73,97.765,97.73,97.74,10292.0,97.746,784
2026-03-10T17:30:00Z,97.745,97.75,97.71,97.72,7746.0,97.726,687
2026-03-10T17:45:00Z,97.725,97.73,97.72,97.725,1201.0,97.725,167
2026-03-10T18:00:00Z,97.72,97.725,97.69,97.69,3950.0,97.708,355
2026-03-10T18:15:00Z,97.685,97.69,97.635,97.67,20169.0,97.662,2116
2026-03-10T18:30:00Z,97.67,97.68,97.655,97.66,3558.0,97.667,323
2026-03-10T18:45:00Z,97.655,97.66,97.64,97.655,3603.0,97.65,354
2026-03-10T19:00:00Z,97.65,97.655,97.645,97.645,1381.0,97.648,189
2026-03-10T19:15:00Z,97.645,97.645,97.635,97.635,2589.0,97.638,232
2026-03-10T19:30:00Z,97.635,97.635,97.595,97.625,14006.0,97.609,1228
2026-03-10T19:45:00Z,97.62,97.63,97.62,97.62,5467.0,97.6265,432
2026-03-10T20:00:00Z,97.62,97.635,97.62,97.63,859.0,97.6245,107
2026-03-10T20:15:00Z,97.63,97.655,97.61,97.61,5806.0,97.6365,538
2026-03-10T20:30:00Z,97.605,97.62,97.59,97.62,2118.0,97.597,219
2026-03-10T20:45:00Z,97.62,97.62,97.615,97.62,1023.0,97.6195,96
2026-03-11T01:00:00Z,97.63,97.665,97.615,97.665,3894.0,97.6495,461
2026-03-11T01:15:00Z,97.665,97.675,97.66,97.675,834.0,97.6715,152
2026-03-11T01:30:00Z,97.665,97.665,97.66,97.66,218.0,97.665,38
2026-03-11T01:45:00Z,97.66,97.67,97.66,97.66,198.0,97.6695,77
2026-03-11T02:00:00Z,97.66,97.67,97.66,97.665,1419.0,97.665,155
2026-03-11T02:15:00Z,97.66,97.675,97.66,97.665,505.0,97.67,65
2026-03-11T02:30:00Z,97.665,97.675,97.665,97.675,426.0,97.6715,82
2026-03-11T02:45:00Z,97.67,97.67,97.67,97.67,3.0,97.67,3
2026-03-11T03:00:00Z,97.67,97.675,97.67,97.67,137.0,97.6725,24
2026-03-11T03:15:00Z,97.67,97.67,97.67,97.67,0.0,97.67,0
2026-03-11T03:30:00Z,97.67,97.67,97.665,97.665,7.0,97.6685,4
2026-03-11T03:45:00Z,97.665,97.665,97.665,97.665,133.0,97.665,24
2026-03-11T04:00:00Z,97.665,97.665,97.665,97.665,0.0,97.665,0
2026-03-11T04:15:00Z,97.66,97.665,97.66,97.665,25.0,97.664,7
2026-03-11T04:30:00Z,97.665,97.665,97.665,97.665,20.0,97.665,2
2026-03-11T04:45:00Z,97.665,97.665,97.665,97.665,54.0,97.665,7
2026-03-11T05:00:00Z,97.66,97.67,97.66,97.67,936.0,97.6695,41
2026-03-11T05:15:00Z,97.67,97.67,97.67,97.67,5.0,97.67,1
2026-03-11T05:30:00Z,97.665,97.665,97.66,97.66,621.0,97.664,35
2026-03-11T05:45:00Z,97.66,97.66,97.645,97.645,1018.0,97.648,70
2026-03-11T06:00:00Z,97.645,97.645,97.64,97.645,354.0,97.6435,50
2026-03-11T06:15:00Z,97.645,97.65,97.645,97.645,830.0,97.649,88
2026-03-11T06:30:00Z,97.64,97.645,97.64,97.645,475.0,97.641,86
2026-03-11T06:45:00Z,97.64,97.65,97.64,97.65,740.0,97.645,80
2026-03-11T07:00:00Z,97.65,97.665,97.645,97.655,9283.0,97.6515,1017
2026-03-11T07:15:00Z,97.655,97.655,97.585,97.585,24565.0,97.604,2928
2026-03-11T07:30:00Z,97.59,97.595,97.56,97.575,14160.0,97.579,1521
2026-03-11T07:45:00Z,97.57,97.625,97.57,97.62,19942.0,97.6045,1598
2026-03-11T08:00:00Z,97.62,97.63,97.61,97.63,12268.0,97.621,1001
2026-03-11T08:15:00Z,97.625,97.635,97.59,97.59,12568.0,97.6055,2338
2026-03-11T08:30:00Z,97.59,97.595,97.58,97.585,13726.0,97.5845,980
2026-03-11T08:45:00Z,97.59,97.59,97.58,97.585,5167.0,97.586,742
2026-03-11T09:00:00Z,97.585,97.585,97.56,97.565,18037.0,97.57,1020
2026-03-11T09:15:00Z,97.565,97.575,97.56,97.56,8118.0,97.5655,574
2026-03-11T09:30:00Z,97.56,97.575,97.56,97.565,4705.0,97.5655,958
2026-03-11T09:45:00Z,97.565,97.575,97.555,97.555,7116.0,97.5625,701
2026-03-11T10:00:00Z,97.555,97.585,97.55,97.585,9739.0,97.5655,778
2026-03-11T10:15:00Z,97.585,97.59,97.575,97.575,6221.0,97.5825,591
2026-03-11T10:30:00Z,97.575,97.605,97.57,97.6,5135.0,97.5865,737
2026-03-11T10:45:00Z,97.6,97.61,97.6,97.605,3924.0,97.6045,404
2026-03-11T11:00:00Z,97.605,97.615,97.6,97.615,4874.0,97.6075,404
2026-03-11T11:15:00Z,97.615,97.635,97.605,97.61,9781.0,97.622,1140
2026-03-11T11:30:00Z,97.61,97.61,97.59,97.595,4892.0,97.5995,611
2026-03-11T11:45:00Z,97.59,97.595,97.58,97.585,9857.0,97.5865,924
2026-03-11T12:00:00Z,97.58,97.585,97.55,97.56,14410.0,97.564,1247
2026-03-11T12:15:00Z,97.56,97.565,97.555,97.56,5895.0,97.5595,984
2026-03-11T12:30:00Z,97.56,97.57,97.55,97.56,13263.0,97.5605,947
2026-03-11T12:45:00Z,97.56,97.56,97.53,97.555,11876.0,97.546,825
2026-03-11T13:00:00Z,97.555,97.58,97.55,97.57,8524.0,97.566,919
2026-03-11T13:15:00Z,97.565,97.575,97.55,97.57,7695.0,97.5635,920
2026-03-11T13:30:00Z,97.57,97.59,97.57,97.575,8021.0,97.576,1119
2026-03-11T13:45:00Z,97.575,97.595,97.57,97.595,6661.0,97.581,696
2026-03-11T14:00:00Z,97.595,97.62,97.565,97.57,17407.0,97.6,1548
2026-03-11T14:15:00Z,97.57,97.58,97.56,97.56,4888.0,97.567,564
2026-03-11T14:30:00Z,97.56,97.565,97.555,97.56,5280.0,97.5595,964
2026-03-11T14:45:00Z,97.56,97.565,97.56,97.565,6288.0,97.56,1130
2026-03-11T15:00:00Z,97.565,97.565,97.545,97.545,4818.0,97.5505,420
2026-03-11T15:15:00Z,97.545,97.55,97.52,97.53,7312.0,97.535,568
2026-03-11T15:30:00Z,97.53,97.55,97.515,97.52,9014.0,97.5325,943
2026-03-11T15:45:00Z,97.52,97.53,97.515,97.52,9045.0,97.526,628
2026-03-11T16:00:00Z,97.52,97.52,97.495,97.505,15719.0,97.507,1783
2026-03-11T16:15:00Z,97.51,97.515,97.5,97.51,9095.0,97.5095,841
2026-03-11T16:30:00Z,97.51,97.545,97.51,97.54,6368.0,97.5265,918
2026-03-11T16:45:00Z,97.535,97.535,97.52,97.53,2817.0,97.5265,266
2026-03-11T17:00:00Z,97.53,97.535,97.525,97.53,2486.0,97.5315,236
2026-03-11T17:15:00Z,97.53,97.53,97.515,97.52,1255.0,97.5255,172
2026-03-11T17:30:00Z,97.52,97.52,97.495,97.5,3359.0,97.5025,451
2026-03-11T17:45:00Z,97.505,97.515,97.5,97.505,2998.0,97.5095,283
2026-03-11T18:00:00Z,97.505,97.515,97.505,97.515,195.0,97.5065,20
2026-03-11T18:15:00Z,97.51,97.52,97.51,97.515,1722.0,97.5175,216
2026-03-11T18:30:00Z,97.515,97.52,97.51,97.52,1424.0,97.519,69
2026-03-11T18:45:00Z,97.515,97.52,97.515,97.515,1140.0,97.5185,79
2026-03-11T19:00:00Z,97.515,97.515,97.5,97.5,562.0,97.5055,120
2026-03-11T19:15:00Z,97.5,97.505,97.495,97.5,698.0,97.4995,131
2026-03-11T19:30:00Z,97.5,97.505,97.5,97.505,722.0,97.504,78
2026-03-11T19:45:00Z,97.5,97.5,97.49,97.5,1840.0,97.495,194
2026-03-11T20:00:00Z,97.5,97.5,97.475,97.475,5470.0,97.491,377
2026-03-11T20:15:00Z,97.475,97.485,97.475,97.475,638.0,97.48,69
2026-03-11T20:30:00Z,97.475,97.485,97.475,97.485,988.0,97.476,118
2026-03-11T20:45:00Z,97.485,97.49,97.48,97.48,78.0,97.4855,22
2026-03-12T01:00:00Z,97.45,97.47,97.43,97.44,4889.0,97.446,599
2026-03-12T01:15:00Z,97.44,97.45,97.43,97.445,738.0,97.441,86
2026-03-12T01:30:00Z,97.45,97.45,97.445,97.445,482.0,97.4485,114
2026-03-12T01:45:00Z,97.445,97.455,97.445,97.445,370.0,97.451,48
2026-03-12T02:00:00Z,97.445,97.45,97.445,97.445,127.0,97.446,17
2026-03-12T02:15:00Z,97.44,97.44,97.435,97.435,22.0,97.4385,8
2026-03-12T02:30:00Z,97.43,97.43,97.415,97.425,806.0,97.4215,80
2026-03-12T02:45:00Z,97.425,97.425,97.415,97.415,85.0,97.4175,34
2026-03-12T03:00:00Z,97.42,97.42,97.415,97.42,67.0,97.4155,22
2026-03-12T03:15:00Z,97.42,97.42,97.42,97.42,29.0,97.42,6
2026-03-12T03:30:00Z,97.42,97.42,97.42,97.42,7.0,97.42,3
2026-03-12T03:45:00Z,97.42,97.42,97.41,97.415,268.0,97.415,33
2026-03-12T04:00:00Z,97.42,97.42,97.415,97.42,255.0,97.4165,36
2026-03-12T04:15:00Z,97.415,97.415,97.405,97.405,1537.0,97.4075,133
2026-03-12T04:30:00Z,97.405,97.42,97.405,97.41,370.0,97.408,35
2026-03-12T04:45:00Z,97.405,97.41,97.4,97.4,347.0,97.4065,54
2026-03-12T05:00:00Z,97.405,97.44,97.405,97.435,2748.0,97.4195,285
2026-03-12T05:15:00Z,97.43,97.43,97.41,97.42,859.0,97.421,74
2026-03-12T05:30:00Z,97.415,97.415,97.405,97.405,110.0,97.4095,31
2026-03-12T05:45:00Z,97.41,97.41,97.41,97.41,221.0,97.41,33
2026-03-12T06:00:00Z,97.41,97.425,97.41,97.425,688.0,97.417,137
2026-03-12T06:15:00Z,97.42,97.435,97.42,97.435,2301.0,97.426,277
2026-03-12T06:30:00Z,97.43,97.445,97.43,97.445,1401.0,97.4385,187
2026-03-12T06:45:00Z,97.445,97.45,97.44,97.44,3302.0,97.445,357
2026-03-12T07:00:00Z,97.44,97.46,97.435,97.45,5768.0,97.4505,867
2026-03-12T07:15:00Z,97.45,97.46,97.44,97.45,5812.0,97.4485,705
2026-03-12T07:30:00Z,97.445,97.48,97.44,97.475,8504.0,97.456,1029
2026-03-12T07:45:00Z,97.48,97.49,97.46,97.485,11026.0,97.4745,875
2026-03-12T08:00:00Z,97.485,97.51,97.485,97.505,16019.0,97.498,1771
2026-03-12T08:15:00Z,97.505,97.51,97.49,97.495,8580.0,97.498,853
2026-03-12T08:30:00Z,97.495,97.495,97.475,97.485,7131.0,97.4875,756
2026-03-12T08:45:00Z,97.485,97.5,97.485,97.49,4328.0,97.49,889
2026-03-12T09:00:00Z,97.49,97.505,97.49,97.495,5602.0,97.4985,632
2026-03-12T09:15:00Z,97.5,97.515,97.495,97.51,6431.0,97.5005,530
2026-03-12T09:30:00Z,97.515,97.53,97.51,97.53,11431.0,97.521,1090
2026-03-12T09:45:00Z,97.53,97.54,97.51,97.51,13657.0,97.5275,957
2026-03-12T10:00:00Z,97.51,97.525,97.505,97.52,6591.0,97.5165,611
2026-03-12T10:15:00Z,97.52,97.525,97.51,97.525,4260.0,97.5195,565
2026-03-12T10:30:00Z,97.53,97.54,97.525,97.535,5220.0,97.5345,712
2026-03-12T10:45:00Z,97.54,97.54,97.525,97.535,5111.0,97.5355,664
2026-03-12T11:00:00Z,97.535,97.535,97.52,97.52,3006.0,97.5315,427
2026-03-12T11:15:00Z,97.525,97.535,97.52,97.53,2606.0,97.526,227
2026-03-12T11:30:00Z,97.535,97.535,97.53,97.535,5811.0,97.5345,438
2026-03-12T11:45:00Z,97.535,97.54,97.52,97.52,6475.0,97.5275,558
2026-03-12T12:00:00Z,97.52,97.52,97.505,97.505,5904.0,97.5105,489
2026-03-12T12:15:00Z,97.505,97.51,97.5,97.51,7033.0,97.503,411
2026-03-12T12:30:00Z,97.51,97.515,97.505,97.51,3874.0,97.5115,327
2026-03-12T12:45:00Z,97.51,97.515,97.5,97.51,9710.0,97.5085,845
2026-03-12T13:00:00Z,97.505,97.51,97.49,97.49,3383.0,97.5025,303
2026-03-12T13:15:00Z,97.49,97.49,97.455,97.475,19487.0,97.4725,2356
2026-03-12T13:30:00Z,97.48,97.5,97.47,97.495,8434.0,97.483,1073
2026-03-12T13:45:00Z,97.495,97.51,97.49,97.51,10853.0,97.5005,1655
2026-03-12T14:00:00Z,97.51,97.52,97.51,97.51,7060.0,97.512,1476
2026-03-12T14:15:00Z,97.51,97.515,97.49,97.495,10146.0,97.4975,1575
2026-03-12T14:30:00Z,97.495,97.5,97.49,97.5,3297.0,97.495,611
2026-03-12T14:45:00Z,97.5,97.515,97.485,97.485,5501.0,97.502,568
2026-03-12T15:00:00Z,97.49,97.49,97.45,97.455,12116.0,97.4655,1289
2026-03-12T15:15:00Z,97.46,97.47,97.455,97.465,7906.0,97.461,885
2026-03-12T15:30:00Z,97.465,97.49,97.45,97.485,10295.0,97.4705,1249
2026-03-12T15:45:00Z,97.48,97.49,97.475,97.48,6688.0,97.4825,710
2026-03-12T16:00:00Z,97.48,97.48,97.465,97.475,5804.0,97.4715,1421
2026-03-12T16:15:00Z,97.47,97.485,97.46,97.46,7761.0,97.4765,779
2026-03-12T16:30:00Z,97.465,97.49,97.455,97.475,7972.0,97.471,782
2026-03-12T16:45:00Z,97.475,97.475,97.46,97.465,2336.0,97.465,280
2026-03-12T17:00:00Z,97.465,97.475,97.465,97.47,2305.0,97.468,245
2026-03-12T17:15:00Z,97.47,97.47,97.455,97.455,1483.0,97.4645,183
2026-03-12T17:30:00Z,97.455,97.455,97.45,97.45,3878.0,97.4525,320
2026-03-12T17:45:00Z,97.455,97.455,97.435,97.435,3205.0,97.441,191
2026-03-12T18:00:00Z,97.435,97.435,97.425,97.43,1465.0,97.429,209
2026-03-12T18:15:00Z,97.43,97.435,97.425,97.43,996.0,97.429,248
2026-03-12T18:30:00Z,97.43,97.435,97.43,97.43,1062.0,97.43,266
2026-03-12T18:45:00Z,97.425,97.43,97.415,97.415,1153.0,97.421,89
2026-03-12T19:00:00Z,97.415,97.42,97.405,97.405,1996.0,97.4125,230
2026-03-12T19:15:00Z,97.41,97.42,97.405,97.42,505.0,97.4145,65
2026-03-12T19:30:00Z,97.42,97.425,97.415,97.42,3105.0,97.421,193
2026-03-12T19:45:00Z,97.42,97.435,97.42,97.425,946.0,97.429,317
2026-03-12T20:00:00Z,97.42,97.42,97.415,97.415,913.0,97.42,21
2026-03-12T20:15:00Z,97.42,97.42,97.42,97.42,227.0,97.42,16
2026-03-12T20:30:00Z,97.415,97.42,97.415,97.42,30.0,97.419,12
2026-03-12T20:45:00Z,97.425,97.425,97.42,97.425,94.0,97.424,15
2026-03-13T01:00:00Z,97.425,97.455,97.425,97.455,594.0,97.4415,112
2026-03-13T01:15:00Z,97.455,97.455,97.455,97.455,241.0,97.455,13
2026-03-13T01:30:00Z,97.45,97.45,97.45,97.45,27.0,97.45,5
2026-03-13T01:45:00Z,97.445,97.445,97.435,97.44,124.0,97.4425,19
2026-03-13T02:00:00Z,97.44,97.44,97.44,97.44,137.0,97.44,10
2026-03-13T02:15:00Z,97.44,97.44,97.44,97.44,57.0,97.44,7
2026-03-13T02:30:00Z,97.44,97.44,97.43,97.435,109.0,97.434,22
2026-03-13T02:45:00Z,97.435,97.435,97.435,97.435,118.0,97.435,8
2026-03-13T03:00:00Z,97.43,97.435,97.43,97.435,98.0,97.432,16
2026-03-13T03:15:00Z,97.435,97.435,97.435,97.435,0.0,97.435,0
2026-03-13T03:30:00Z,97.435,97.435,97.435,97.435,12.0,97.435,12
2026-03-13T03:45:00Z,97.435,97.435,97.435,97.435,1.0,97.435,1
2026-03-13T04:00:00Z,97.44,97.44,97.43,97.435,27.0,97.432,12
2026-03-13T04:15:00Z,97.43,97.43,97.43,97.43,275.0,97.43,8
2026-03-13T04:30:00Z,97.425,97.425,97.425,97.425,10.0,97.425,3
2026-03-13T04:45:00Z,97.425,97.435,97.425,97.435,107.0,97.4325,42
2026-03-13T05:00:00Z,97.435,97.435,97.43,97.435,79.0,97.4345,25
2026-03-13T05:15:00Z,97.44,97.44,97.44,97.44,10.0,97.44,9
2026-03-13T05:30:00Z,97.44,97.445,97.44,97.445,207.0,97.44,7
2026-03-13T05:45:00Z,97.445,97.445,97.44,97.44,207.0,97.44,101
2026-03-13T06:00:00Z,97.44,97.455,97.44,97.455,925.0,97.4525,179
2026-03-13T06:15:00Z,97.45,97.45,97.44,97.45,235.0,97.442,52
2026-03-13T06:30:00Z,97.445,97.45,97.445,97.445,160.0,97.445,74
2026-03-13T06:45:00Z,97.445,97.445,97.435,97.44,746.0,97.439,219
2026-03-13T07:00:00Z,97.44,97.44,97.415,97.42,3652.0,97.4235,684
2026-03-13T07:15:00Z,97.415,97.42,97.405,97.42,3008.0,97.4085,377
2026-03-13T07:30:00Z,97.42,97.435,97.42,97.43,3637.0,97.429,497
2026-03-13T07:45:00Z,97.435,97.445,97.425,97.44,3933.0,97.432,627
2026-03-13T08:00:00Z,97.44,97.46,97.43,97.445,4067.0,97.447,630
2026-03-13T08:15:00Z,97.445,97.455,97.44,97.45,2974.0,97.447,400
2026-03-13T08:30:00Z,97.445,97.46,97.44,97.46,6944.0,97.452,897
2026-03-13T08:45:00Z,97.46,97.475,97.46,97.475,4727.0,97.4695,586
2026-03-13T09:00:00Z,97.475,97.495,97.47,97.47,10220.0,97.4805,1130
2026-03-13T09:15:00Z,97.465,97.465,97.455,97.46,3677.0,97.4615,417
2026-03-13T09:30:00Z,97.46,97.47,97.455,97.46,2621.0,97.464,342
2026-03-13T09:45:00Z,97.46,97.465,97.455,97.465,1630.0,97.4625,271
2026-03-13T10:00:00Z,97.465,97.475,97.465,97.47,5430.0,97.4695,513
2026-03-13T10:15:00Z,97.475,97.475,97.47,97.475,3913.0,97.475,324
2026-03-13T10:30:00Z,97.475,97.475,97.47,97.47,1806.0,97.474,248
2026-03-13T10:45:00Z,97.47,97.5,97.47,97.495,13601.0,97.483,1560
2026-03-13T11:00:00Z,97.495,97.515,97.49,97.5,8889.0,97.501,957
2026-03-13T11:15:00Z,97.495,97.505,97.49,97.505,4629.0,97.4985,387
2026-03-13T11:30:00Z,97.505,97.515,97.505,97.515,7241.0,97.5095,734
2026-03-13T11:45:00Z,97.515,97.525,97.515,97.52,4681.0,97.5175,809
2026-03-13T12:00:00Z,97.515,97.52,97.495,97.505,4843.0,97.5095,626
2026-03-13T12:15:00Z,97.505,97.505,97.495,97.5,3704.0,97.5,721
2026-03-13T12:30:00Z,97.505,97.515,97.505,97.515,3415.0,97.511,291
2026-03-13T12:45:00Z,97.515,97.535,97.51,97.515,6420.0,97.5215,734
2026-03-13T13:00:00Z,97.515,97.515,97.5,97.51,3981.0,97.51,489
2026-03-13T13:15:00Z,97.51,97.515,97.505,97.505,9447.0,97.51,4444
2026-03-13T13:30:00Z,97.51,97.52,97.505,97.515,11471.0,97.515,5499
2026-03-13T13:45:00Z,97.515,97.525,97.51,97.515,5684.0,97.517,797
2026-03-13T14:00:00Z,97.515,97.515,97.505,97.505,3676.0,97.51,512
2026-03-13T14:15:00Z,97.505,97.505,97.49,97.495,7595.0,97.4965,824
2026-03-13T14:30:00Z,97.495,97.5,97.49,97.49,3229.0,97.4945,350
2026-03-13T14:45:00Z,97.49,97.49,97.475,97.48,4712.0,97.4865,557
2026-03-13T15:00:00Z,97.48,97.48,97.47,97.48,8270.0,97.4735,904
2026-03-13T15:15:00Z,97.48,97.485,97.47,97.475,6854.0,97.479,967
2026-03-13T15:30:00Z,97.48,97.48,97.46,97.46,3137.0,97.466,443
2026-03-13T15:45:00Z,97.46,97.47,97.45,97.455,7156.0,97.462,722
2026-03-13T16:00:00Z,97.45,97.46,97.445,97.445,7090.0,97.454,1543
2026-03-13T16:15:00Z,97.445,97.46,97.44,97.45,5867.0,97.4525,703
2026-03-13T16:30:00Z,97.45,97.455,97.43,97.43,8182.0,97.4435,807
2026-03-13T16:45:00Z,97.43,97.445,97.425,97.425,3192.0,97.433,368
2026-03-13T17:00:00Z,97.425,97.425,97.41,97.415,4110.0,97.4185,559
2026-03-13T17:15:00Z,97.415,97.425,97.415,97.42,6426.0,97.4155,368
2026-03-13T17:30:00Z,97.425,97.425,97.415,97.415,4499.0,97.4165,352
2026-03-13T17:45:00Z,97.415,97.42,97.395,97.4,8428.0,97.4065,441
2026-03-13T18:00:00Z,97.405,97.405,97.4,97.4,440.0,97.401,77
2026-03-13T18:15:00Z,97.395,97.395,97.385,97.39,1655.0,97.392,185
2026-03-13T18:30:00Z,97.395,97.395,97.395,97.395,534.0,97.395,84
2026-03-13T18:45:00Z,97.395,97.405,97.395,97.4,589.0,97.399,108
2026-03-13T19:00:00Z,97.4,97.4,97.4,97.4,188.0,97.4,44
2026-03-13T19:15:00Z,97.4,97.4,97.395,97.395,639.0,97.4,106
2026-03-13T19:30:00Z,97.4,97.41,97.4,97.405,769.0,97.405,79
2026-03-13T19:45:00Z,97.405,97.405,97.395,97.4,1066.0,97.3985,135
2026-03-13T20:00:00Z,97.4,97.405,97.4,97.4,675.0,97.401,127
2026-03-13T20:15:00Z,97.4,97.4,97.39,97.395,1279.0,97.395,91
2026-03-13T20:30:00Z,97.395,97.4,97.395,97.395,850.0,97.395,118
2026-03-13T20:45:00Z,97.395,97.395,97.39,97.395,298.0,97.394,83
2026-03-16T01:00:00Z,97.44,97.46,97.42,97.455,2732.0,97.453,220
2026-03-16T01:15:00Z,97.45,97.455,97.45,97.455,2122.0,97.4505,87
2026-03-16T01:30:00Z,97.455,97.455,97.455,97.455,401.0,97.455,56
2026-03-16T01:45:00Z,97.455,97.455,97.455,97.455,0.0,97.455,0
2026-03-16T02:00:00Z,97.45,97.45,97.45,97.45,774.0,97.45,30
2026-03-16T02:15:00Z,97.45,97.45,97.45,97.45,24.0,97.45,2
2026-03-16T02:30:00Z,97.45,97.45,97.45,97.45,0.0,97.45,0
2026-03-16T02:45:00Z,97.445,97.445,97.44,97.44,69.0,97.445,18
2026-03-16T03:00:00Z,97.445,97.445,97.445,97.445,102.0,97.445,15
2026-03-16T03:15:00Z,97.445,97.445,97.445,97.445,2.0,97.445,1
2026-03-16T03:30:00Z,97.445,97.445,97.445,97.445,0.0,97.445,0
2026-03-16T03:45:00Z,97.445,97.445,97.445,97.445,0.0,97.445,0
2026-03-16T04:00:00Z,97.44,97.44,97.44,97.44,25.0,97.44,5
2026-03-16T04:15:00Z,97.44,97.44,97.44,97.44,0.0,97.44,0
2026-03-16T04:30:00Z,97.44,97.44,97.44,97.44,0.0,97.44,0
2026-03-16T04:45:00Z,97.445,97.445,97.445,97.445,241.0,97.445,12
2026-03-16T05:00:00Z,97.445,97.445,97.445,97.445,0.0,97.445,0
2026-03-16T05:15:00Z,97.445,97.445,97.445,97.445,0.0,97.445,0
2026-03-16T05:30:00Z,97.445,97.445,97.445,97.445,0.0,97.445,0
2026-03-16T05:45:00Z,97.445,97.445,97.445,97.445,113.0,97.445,19
2026-03-16T06:00:00Z,97.445,97.445,97.445,97.445,1.0,97.445,1
2026-03-16T06:15:00Z,97.45,97.45,97.445,97.445,718.0,97.447,74
2026-03-16T06:30:00Z,97.445,97.445,97.44,97.44,116.0,97.4435,33
2026-03-16T06:45:00Z,97.44,97.44,97.44,97.44,28.0,97.44,9
2026-03-16T07:00:00Z,97.445,97.46,97.44,97.44,2473.0,97.4475,352
2026-03-16T07:15:00Z,97.44,97.44,97.435,97.435,171.0,97.435,26
2026-03-16T07:30:00Z,97.43,97.44,97.43,97.44,3044.0,97.437,336
2026-03-16T07:45:00Z,97.44,97.46,97.44,97.46,5299.0,97.456,563
2026-03-16T08:00:00Z,97.465,97.475,97.46,97.47,8260.0,97.4685,661
2026-03-16T08:15:00Z,97.47,97.48,97.465,97.475,6036.0,97.471,667
2026-03-16T08:30:00Z,97.48,97.48,97.46,97.46,3925.0,97.468,456
2026-03-16T08:45:00Z,97.46,97.475,97.455,97.475,3614.0,97.4665,338
2026-03-16T09:00:00Z,97.47,97.48,97.47,97.47,3961.0,97.473,365
2026-03-16T09:15:00Z,97.47,97.475,97.465,97.475,1928.0,97.472,250
2026-03-16T09:30:00Z,97.47,97.485,97.47,97.48,1639.0,97.474,236
2026-03-16T09:45:00Z,97.48,97.49,97.48,97.48,1698.0,97.486,239
2026-03-16T10:00:00Z,97.48,97.485,97.48,97.48,812.0,97.481,180
2026-03-16T10:15:00Z,97.48,97.495,97.48,97.495,6962.0,97.489,950
2026-03-16T10:30:00Z,97.495,97.495,97.49,97.495,6261.0,97.493,498
2026-03-16T10:45:00Z,97.495,97.5,97.485,97.49,4182.0,97.491,497
2026-03-16T11:00:00Z,97.49,97.5,97.485,97.495,4417.0,97.49,971
2026-03-16T11:15:00Z,97.5,97.5,97.495,97.5,3212.0,97.5,251
2026-03-16T11:30:00Z,97.5,97.5,97.5,97.5,1619.0,97.5,154
2026-03-16T11:45:00Z,97.5,97.5,97.49,97.495,3326.0,97.498,776
2026-03-16T12:00:00Z,97.5,97.51,97.5,97.505,7318.0,97.504,1382
2026-03-16T12:15:00Z,97.505,97.505,97.495,97.5,4543.0,97.5025,672
2026-03-16T12:30:00Z,97.505,97.51,97.5,97.505,3479.0,97.5045,396
2026-03-16T12:45:00Z,97.505,97.515,97.5,97.5,5102.0,97.508,1307
2026-03-16T13:00:00Z,97.5,97.51,97.5,97.5,1848.0,97.506,292
2026-03-16T13:15:00Z,97.505,97.51,97.5,97.505,6070.0,97.505,1694
2026-03-16T13:30:00Z,97.505,97.515,97.5,97.515,4280.0,97.5065,954
2026-03-16T13:45:00Z,97.515,97.525,97.51,97.525,15146.0,97.517,1701
2026-03-16T14:00:00Z,97.525,97.525,97.515,97.52,5592.0,97.5205,1173
2026-03-16T14:15:00Z,97.52,97.52,97.505,97.51,7007.0,97.513,838
2026-03-16T14:30:00Z,97.51,97.515,97.5,97.5,8143.0,97.504,969
2026-03-16T14:45:00Z,97.5,97.505,97.5,97.505,1958.0,97.501,287
2026-03-16T15:00:00Z,97.5,97.505,97.49,97.49,6127.0,97.497,801
2026-03-16T15:15:00Z,97.49,97.505,97.49,97.505,4924.0,97.4985,470
2026-03-16T15:30:00Z,97.505,97.505,97.495,97.5,3615.0,97.503,485
2026-03-16T15:45:00Z,97.5,97.505,97.485,97.49,10179.0,97.4905,1037
2026-03-16T16:00:00Z,97.49,97.49,97.48,97.48,5057.0,97.4845,1176
2026-03-16T16:15:00Z,97.485,97.49,97.47,97.475,4553.0,97.482,384
2026-03-16T16:30:00Z,97.475,97.49,97.47,97.485,2256.0,97.481,199
2026-03-16T16:45:00Z,97.485,97.49,97.485,97.49,2822.0,97.4895,607
2026-03-16T17:00:00Z,97.495,97.505,97.495,97.505,5655.0,97.5,925
2026-03-16T17:15:00Z,97.5,97.51,97.5,97.51,3538.0,97.5085,303
2026-03-16T17:30:00Z,97.51,97.51,97.5,97.505,1695.0,97.5045,152
2026-03-16T17:45:00Z,97.505,97.505,97.495,97.5,3875.0,97.5005,243
2026-03-16T18:00:00Z,97.5,97.51,97.5,97.505,560.0,97.5065,44
2026-03-16T18:15:00Z,97.51,97.525,97.51,97.525,3191.0,97.5195,270
2026-03-16T18:30:00Z,97.525,97.525,97.52,97.52,1373.0,97.523,165
2026-03-16T18:45:00Z,97.52,97.525,97.52,97.525,2311.0,97.52,81
2026-03-16T19:00:00Z,97.52,97.52,97.51,97.515,850.0,97.5175,81
2026-03-16T19:15:00Z,97.515,97.52,97.51,97.52,1356.0,97.5155,161
2026-03-16T19:30:00Z,97.52,97.52,97.51,97.51,114.0,97.514,23
2026-03-16T19:45:00Z,97.51,97.515,97.51,97.515,50.0,97.5125,12
2026-03-16T20:00:00Z,97.51,97.52,97.51,97.52,259.0,97.518,39
2026-03-16T20:15:00Z,97.515,97.52,97.515,97.52,286.0,97.5155,20
2026-03-16T20:30:00Z,97.52,97.52,97.52,97.52,368.0,97.52,27
2026-03-16T20:45:00Z,97.515,97.52,97.515,97.52,109.0,97.5175,21
2026-03-17T01:00:00Z,97.515,97.515,97.485,97.485,1655.0,97.4985,193
2026-03-17T01:15:00Z,97.49,97.495,97.49,97.49,131.0,97.49,13
2026-03-17T01:30:00Z,97.49,97.495,97.49,97.495,122.0,97.495,4
2026-03-17T01:45:00Z,97.495,97.495,97.495,97.495,388.0,97.495,21
2026-03-17T02:00:00Z,97.495,97.495,97.495,97.495,6.0,97.495,3
2026-03-17T02:15:00Z,97.495,97.495,97.495,97.495,0.0,97.495,0
2026-03-17T02:30:00Z,97.495,97.495,97.495,97.495,9.0,97.495,4
2026-03-17T02:45:00Z,97.495,97.495,97.495,97.495,0.0,97.495,0
2026-03-17T03:00:00Z,97.495,97.495,97.495,97.495,0.0,97.495,0
2026-03-17T03:15:00Z,97.495,97.495,97.495,97.495,301.0,97.495,21
2026-03-17T03:30:00Z,97.495,97.495,97.495,97.495,0.0,97.495,0
2026-03-17T03:45:00Z,97.495,97.495,97.495,97.495,1152.0,97.495,63
2026-03-17T04:00:00Z,97.5,97.505,97.5,97.505,242.0,97.5025,18
2026-03-17T04:15:00Z,97.5,97.5,97.5,97.5,3.0,97.5,3
2026-03-17T04:30:00Z,97.5,97.5,97.495,97.495,215.0,97.5,22
2026-03-17T04:45:00Z,97.5,97.505,97.5,97.505,212.0,97.5025,10
2026-03-17T05:00:00Z,97.505,97.505,97.505,97.505,100.0,97.505,4
2026-03-17T05:15:00Z,97.5,97.5,97.5,97.5,1.0,97.5,1
2026-03-17T05:30:00Z,97.5,97.5,97.5,97.5,0.0,97.5,0
2026-03-17T05:45:00Z,97.5,97.5,97.475,97.475,2124.0,97.482,313
2026-03-17T06:00:00Z,97.475,97.48,97.475,97.48,1657.0,97.4775,99
2026-03-17T06:15:00Z,97.48,97.485,97.48,97.48,553.0,97.4835,71
2026-03-17T06:30:00Z,97.475,97.48,97.475,97.48,221.0,97.4775,34
2026-03-17T06:45:00Z,97.48,97.48,97.48,97.48,1566.0,97.48,40
2026-03-17T07:00:00Z,97.48,97.485,97.475,97.475,3611.0,97.4805,249
2026-03-17T07:15:00Z,97.48,97.495,97.475,97.495,2282.0,97.488,196
2026-03-17T07:30:00Z,97.495,97.495,97.49,97.495,2138.0,97.495,165
2026-03-17T07:45:00Z,97.495,97.5,97.485,97.5,4724.0,97.493,386
2026-03-17T08:00:00Z,97.505,97.51,97.5,97.505,2409.0,97.5045,349
2026-03-17T08:15:00Z,97.505,97.52,97.505,97.51,4462.0,97.5105,576
2026-03-17T08:30:00Z,97.51,97.525,97.505,97.52,2496.0,97.5115,258
2026-03-17T08:45:00Z,97.52,97.525,97.51,97.515,3221.0,97.5195,208
2026-03-17T09:00:00Z,97.515,97.515,97.505,97.51,1340.0,97.51,121
2026-03-17T09:15:00Z,97.51,97.525,97.51,97.525,1150.0,97.5175,126
2026-03-17T09:30:00Z,97.52,97.525,97.52,97.52,8217.0,97.5215,435
2026-03-17T09:45:00Z,97.52,97.535,97.52,97.535,11780.0,97.5285,580
2026-03-17T10:00:00Z,97.535,97.545,97.52,97.525,5946.0,97.536,443
2026-03-17T10:15:00Z,97.525,97.525,97.52,97.525,2129.0,97.525,153
2026-03-17T10:30:00Z,97.525,97.53,97.52,97.525,2809.0,97.5235,264
2026-03-17T10:45:00Z,97.525,97.525,97.515,97.525,2310.0,97.5205,169
2026-03-17T11:00:00Z,97.52,97.535,97.52,97.53,4457.0,97.526,230
2026-03-17T11:15:00Z,97.53,97.55,97.53,97.545,14477.0,97.5435,673
2026-03-17T11:30:00Z,97.54,97.545,97.53,97.545,15709.0,97.5365,623
2026-03-17T11:45:00Z,97.545,97.545,97.535,97.54,1378.0,97.541,154
2026-03-17T12:00:00Z,97.535,97.545,97.535,97.545,4623.0,97.543,295
2026-03-17T12:15:00Z,97.545,97.555,97.545,97.55,3221.0,97.5495,311
2026-03-17T12:30:00Z,97.545,97.55,97.54,97.545,1349.0,97.5455,197
2026-03-17T12:45:00Z,97.545,97.545,97.53,97.53,9083.0,97.5325,424
2026-03-17T13:00:00Z,97.53,97.54,97.53,97.54,6794.0,97.533,322
2026-03-17T13:15:00Z,97.535,97.545,97.535,97.54,6754.0,97.5405,383
2026-03-17T13:30:00Z,97.545,97.55,97.545,97.545,4505.0,97.5495,363
2026-03-17T13:45:00Z,97.545,97.55,97.535,97.535,3972.0,97.5415,130
2026-03-17T14:00:00Z,97.535,97.545,97.535,97.54,2980.0,97.5395,289
2026-03-17T14:15:00Z,97.535,97.54,97.53,97.535,4359.0,97.535,312
2026-03-17T14:30:00Z,97.535,97.54,97.53,97.535,2374.0,97.533,337
2026-03-17T14:45:00Z,97.535,97.54,97.535,97.535,1832.0,97.5385,161
2026-03-17T15:00:00Z,97.535,97.54,97.53,97.53,4550.0,97.5315,230
2026-03-17T15:15:00Z,97.53,97.535,97.525,97.53,4193.0,97.5295,205
2026-03-17T15:30:00Z,97.525,97.525,97.515,97.52,6589.0,97.519,510
2026-03-17T15:45:00Z,97.52,97.525,97.515,97.525,3404.0,97.5205,324
2026-03-17T16:00:00Z,97.52,97.53,97.52,97.52,6661.0,97.523,788
2026-03-17T16:15:00Z,97.525,97.535,97.525,97.535,2142.0,97.5295,169
2026-03-17T16:30:00Z,97.54,97.54,97.525,97.525,2598.0,97.5345,269
2026-03-17T16:45:00Z,97.53,97.53,97.525,97.53,1254.0,97.53,98
2026-03-17T17:00:00Z,97.53,97.535,97.525,97.525,814.0,97.5295,133
2026-03-17T17:15:00Z,97.53,97.53,97.525,97.525,609.0,97.525,49
2026-03-17T17:30:00Z,97.525,97.53,97.525,97.525,407.0,97.525,48
2026-03-17T17:45:00Z,97.525,97.525,97.525,97.525,1645.0,97.525,61
2026-03-17T18:00:00Z,97.525,97.525,97.52,97.52,1646.0,97.5205,49
2026-03-17T18:15:00Z,97.52,97.52,97.52,97.52,1433.0,97.52,94
2026-03-17T18:30:00Z,97.52,97.52,97.515,97.515,2778.0,97.5195,131
2026-03-17T18:45:00Z,97.515,97.52,97.515,97.52,130.0,97.515,16
2026-03-17T19:00:00Z,97.52,97.52,97.515,97.515,496.0,97.519,51
2026-03-17T19:15:00Z,97.52,97.52,97.515,97.515,526.0,97.5195,115
2026-03-17T19:30:00Z,97.52,97.52,97.52,97.52,5.0,97.52,5
2026-03-17T19:45:00Z,97.52,97.52,97.52,97.52,24.0,97.52,7
2026-03-17T20:00:00Z,97.515,97.515,97.515,97.515,55.0,97.515,8
2026-03-17T20:15:00Z,97.515,97.515,97.515,97.515,111.0,97.515,15
2026-03-17T20:30:00Z,97.515,97.515,97.515,97.515,0.0,97.515,0
2026-03-17T20:45:00Z,97.515,97.515,97.515,97.515,113.0,97.515,29
2026-03-18T01:00:00Z,97.515,97.52,97.515,97.52,26.0,97.519,5
2026-03-18T01:15:00Z,97.52,97.52,97.52,97.52,6.0,97.52,1
2026-03-18T01:30:00Z,97.52,97.52,97.52,97.52,0.0,97.52,0
2026-03-18T01:45:00Z,97.52,97.525,97.52,97.525,96.0,97.52,5
2026-03-18T02:00:00Z,97.525,97.525,97.525,97.525,0.0,97.525,0
2026-03-18T02:15:00Z,97.525,97.525,97.525,97.525,0.0,97.525,0
2026-03-18T02:30:00Z,97.53,97.53,97.53,97.53,173.0,97.53,8
2026-03-18T02:45:00Z,97.53,97.53,97.53,97.53,12.0,97.53,2
2026-03-18T03:00:00Z,97.53,97.53,97.53,97.53,0.0,97.53,0
2026-03-18T03:15:00Z,97.53,97.53,97.53,97.53,0.0,97.53,0
2026-03-18T03:30:00Z,97.535,97.535,97.535,97.535,509.0,97.535,20
2026-03-18T03:45:00Z,97.535,97.535,97.535,97.535,0.0,97.535,0
2026-03-18T04:00:00Z,97.535,97.535,97.535,97.535,503.0,97.535,40
2026-03-18T04:15:00Z,97.535,97.535,97.535,97.535,1.0,97.535,1
2026-03-18T04:30:00Z,97.535,97.535,97.535,97.535,0.0,97.535,0
2026-03-18T04:45:00Z,97.535,97.535,97.535,97.535,0.0,97.535,0
2026-03-18T05:00:00Z,97.535,97.535,97.535,97.535,0.0,97.535,0
2026-03-18T05:15:00Z,97.535,97.535,97.535,97.535,0.0,97.535,0
2026-03-18T05:30:00Z,97.535,97.535,97.535,97.535,0.0,97.535,0
2026-03-18T05:45:00Z,97.54,97.545,97.54,97.545,148.0,97.545,9
2026-03-18T06:00:00Z,97.545,97.545,97.545,97.545,117.0,97.545,9
2026-03-18T06:15:00Z,97.55,97.565,97.55,97.56,2772.0,97.559,184
2026-03-18T06:30:00Z,97.56,97.56,97.545,97.545,958.0,97.556,66
2026-03-18T06:45:00Z,97.555,97.555,97.55,97.55,407.0,97.5525,27
2026-03-18T07:00:00Z,97.55,97.555,97.545,97.545,3788.0,97.552,399
2026-03-18T07:15:00Z,97.55,97.55,97.54,97.54,676.0,97.547,105
2026-03-18T07:30:00Z,97.545,97.56,97.545,97.56,1973.0,97.55,200
2026-03-18T07:45:00Z,97.555,97.56,97.555,97.555,2258.0,97.5555,189
2026-03-18T08:00:00Z,97.555,97.565,97.555,97.555,4576.0,97.5585,328
2026-03-18T08:15:00Z,97.555,97.565,97.55,97.55,3885.0,97.556,398
2026-03-18T08:30:00Z,97.55,97.55,97.545,97.545,3453.0,97.5465,319
2026-03-18T08:45:00Z,97.545,97.55,97.54,97.55,1310.0,97.545,101
2026-03-18T09:00:00Z,97.545,97.55,97.54,97.54,4200.0,97.548,257
2026-03-18T09:15:00Z,97.545,97.555,97.545,97.555,1590.0,97.5475,149
2026-03-18T09:30:00Z,97.555,97.555,97.55,97.55,1539.0,97.5515,103
2026-03-18T09:45:00Z,97.55,97.55,97.54,97.545,1663.0,97.547,126
2026-03-18T10:00:00Z,97.55,97.55,97.54,97.54,1572.0,97.5445,73
2026-03-18T10:15:00Z,97.545,97.545,97.54,97.545,659.0,97.5445,150
2026-03-18T10:30:00Z,97.54,97.545,97.54,97.545,2227.0,97.545,161
2026-03-18T10:45:00Z,97.545,97.545,97.54,97.545,2561.0,97.545,223
2026-03-18T11:00:00Z,97.54,97.54,97.53,97.53,2539.0,97.5365,216
2026-03-18T11:15:00Z,97.53,97.53,97.495,97.5,10046.0,97.514,620
2026-03-18T11:30:00Z,97.495,97.515,97.495,97.515,11897.0,97.5075,724
2026-03-18T11:45:00Z,97.51,97.52,97.505,97.51,8504.0,97.512,707
2026-03-18T12:00:00Z,97.51,97.51,97.485,97.485,5576.0,97.4945,448
2026-03-18T12:15:00Z,97.485,97.485,97.46,97.47,7743.0,97.472,760
2026-03-18T12:30:00Z,97.465,97.465,97.435,97.435,16575.0,97.451,1468
2026-03-18T12:45:00Z,97.435,97.445,97.425,97.43,11389.0,97.4335,984
2026-03-18T13:00:00Z,97.43,97.435,97.42,97.425,11402.0,97.4265,738
2026-03-18T13:15:00Z,97.425,97.455,97.415,97.45,17643.0,97.439,1564
2026-03-18T13:30:00Z,97.445,97.455,97.44,97.44,5447.0,97.4465,611
2026-03-18T13:45:00Z,97.445,97.445,97.425,97.435,7894.0,97.4325,553
2026-03-18T14:00:00Z,97.435,97.445,97.425,97.43,4187.0,97.435,329
2026-03-18T14:15:00Z,97.43,97.43,97.42,97.425,13138.0,97.428,794
2026-03-18T14:30:00Z,97.425,97.425,97.41,97.415,22002.0,97.4145,1881
2026-03-18T14:45:00Z,97.415,97.425,97.405,97.425,17475.0,97.4135,2084
2026-03-18T15:00:00Z,97.425,97.445,97.425,97.435,13695.0,97.4315,1051
2026-03-18T15:15:00Z,97.435,97.435,97.425,97.43,4872.0,97.4315,277
2026-03-18T15:30:00Z,97.43,97.435,97.425,97.43,3166.0,97.429,514
2026-03-18T15:45:00Z,97.43,97.43,97.425,97.43,4077.0,97.4275,305
2026-03-18T16:00:00Z,97.43,97.43,97.42,97.425,3383.0,97.4275,556
2026-03-18T16:15:00Z,97.43,97.445,97.425,97.44,7850.0,97.4365,531
2026-03-18T16:30:00Z,97.435,97.44,97.43,97.435,2253.0,97.4335,148
2026-03-18T16:45:00Z,97.435,97.445,97.435,97.445,2776.0,97.4415,286
2026-03-18T17:00:00Z,97.44,97.44,97.43,97.43,1649.0,97.436,143
2026-03-18T17:15:00Z,97.425,97.435,97.425,97.43,1903.0,97.43,147
2026-03-18T17:30:00Z,97.43,97.435,97.43,97.435,1056.0,97.4335,71
2026-03-18T17:45:00Z,97.435,97.445,97.435,97.435,3325.0,97.4385,159
2026-03-18T18:00:00Z,97.44,97.455,97.44,97.45,3623.0,97.451,206
2026-03-18T18:15:00Z,97.45,97.45,97.43,97.45,4260.0,97.444,427
2026-03-18T18:30:00Z,97.45,97.45,97.42,97.42,5554.0,97.431,634
2026-03-18T18:45:00Z,97.42,97.42,97.4,97.4,3458.0,97.406,359
2026-03-18T19:00:00Z,97.395,97.405,97.39,97.39,4630.0,97.3945,368
2026-03-18T19:15:00Z,97.39,97.395,97.375,97.375,3386.0,97.3825,272
2026-03-18T19:30:00Z,97.375,97.375,97.355,97.355,5389.0,97.3685,361
2026-03-18T19:45:00Z,97.355,97.36,97.35,97.355,6467.0,97.354,319
2026-03-18T20:00:00Z,97.355,97.36,97.355,97.355,2745.0,97.3565,458
2026-03-18T20:15:00Z,97.35,97.35,97.345,97.345,1583.0,97.3485,98
2026-03-18T20:30:00Z,97.34,97.345,97.34,97.34,2414.0,97.3415,236
2026-03-18T20:45:00Z,97.34,97.355,97.34,97.355,2403.0,97.3485,157
2026-03-19T01:00:00Z,97.335,97.345,97.325,97.33,2886.0,97.3315,340
2026-03-19T01:15:00Z,97.33,97.335,97.325,97.33,1450.0,97.3295,188
2026-03-19T01:30:00Z,97.325,97.325,97.32,97.325,1255.0,97.3225,120
2026-03-19T01:45:00Z,97.32,97.325,97.315,97.315,1280.0,97.32,174
2026-03-19T02:00:00Z,97.31,97.33,97.31,97.325,1693.0,97.323,108
2026-03-19T02:15:00Z,97.325,97.33,97.32,97.325,3305.0,97.324,248
2026-03-19T02:30:00Z,97.32,97.325,97.32,97.325,755.0,97.3225,61
2026-03-19T02:45:00Z,97.33,97.33,97.325,97.325,455.0,97.3255,26
2026-03-19T03:00:00Z,97.33,97.33,97.33,97.33,97.0,97.33,15
2026-03-19T03:15:00Z,97.33,97.33,97.32,97.325,1430.0,97.3255,95
2026-03-19T03:30:00Z,97.325,97.325,97.325,97.325,0.0,97.325,0
2026-03-19T03:45:00Z,97.33,97.33,97.325,97.325,307.0,97.325,38
2026-03-19T04:00:00Z,97.325,97.325,97.325,97.325,332.0,97.325,50
2026-03-19T04:15:00Z,97.325,97.325,97.325,97.325,0.0,97.325,0
2026-03-19T04:30:00Z,97.325,97.325,97.325,97.325,0.0,97.325,0
2026-03-19T04:45:00Z,97.32,97.325,97.32,97.325,9.0,97.3205,8
2026-03-19T05:00:00Z,97.325,97.325,97.32,97.325,383.0,97.324,61
2026-03-19T05:15:00Z,97.325,97.33,97.325,97.33,1319.0,97.3255,144
2026-03-19T05:30:00Z,97.325,97.325,97.32,97.32,365.0,97.3215,49
2026-03-19T05:45:00Z,97.32,97.325,97.32,97.325,1269.0,97.3225,55
2026-03-19T06:00:00Z,97.325,97.33,97.325,97.33,1664.0,97.3295,119
2026-03-19T06:15:00Z,97.335,97.34,97.335,97.34,273.0,97.3385,69
2026-03-19T06:30:00Z,97.335,97.335,97.33,97.335,51.0,97.3335,23
2026-03-19T06:45:00Z,97.335,97.335,97.325,97.33,844.0,97.326,113
2026-03-19T07:00:00Z,97.33,97.335,97.31,97.33,8804.0,97.3225,812
2026-03-19T07:15:00Z,97.325,97.36,97.325,97.36,14032.0,97.3465,1171
2026-03-19T07:30:00Z,97.355,97.365,97.345,97.35,17028.0,97.3555,1172
2026-03-19T07:45:00Z,97.355,97.365,97.345,97.35,8120.0,97.3575,538
2026-03-19T08:00:00Z,97.345,97.36,97.34,97.35,6246.0,97.3485,643
2026-03-19T08:15:00Z,97.35,97.37,97.35,97.355,13483.0,97.36,1142
2026-03-19T08:30:00Z,97.355,97.36,97.345,97.345,8753.0,97.3525,672
2026-03-19T08:45:00Z,97.345,97.37,97.345,97.365,7191.0,97.358,474
2026-03-19T09:00:00Z,97.365,97.375,97.36,97.375,10523.0,97.3675,720
2026-03-19T09:15:00Z,97.375,97.38,97.34,97.345,15530.0,97.3625,1343
2026-03-19T09:30:00Z,97.345,97.36,97.34,97.345,16276.0,97.3505,1041
2026-03-19T09:45:00Z,97.35,97.375,97.35,97.365,10646.0,97.358,778
2026-03-19T10:00:00Z,97.36,97.36,97.35,97.355,4325.0,97.3565,617
2026-03-19T10:15:00Z,97.355,97.355,97.345,97.35,3666.0,97.353,424
2026-03-19T10:30:00Z,97.355,97.36,97.34,97.345,6366.0,97.3525,550
2026-03-19T10:45:00Z,97.345,97.35,97.335,97.335,3561.0,97.339,343
2026-03-19T11:00:00Z,97.34,97.34,97.325,97.335,6733.0,97.3355,663
2026-03-19T11:15:00Z,97.335,97.34,97.33,97.33,12254.0,97.3365,601
2026-03-19T11:30:00Z,97.33,97.335,97.32,97.33,8213.0,97.327,552
2026-03-19T11:45:00Z,97.33,97.33,97.315,97.325,3169.0,97.324,258
2026-03-19T12:00:00Z,97.325,97.33,97.235,97.235,36687.0,97.2725,3630
2026-03-19T12:15:00Z,97.235,97.25,97.19,97.195,30629.0,97.2295,3321
2026-03-19T12:30:00Z,97.195,97.24,97.145,97.235,22098.0,97.2105,2578
2026-03-19T12:45:00Z,97.235,97.25,97.225,97.245,22085.0,97.243,2187
2026-03-19T13:00:00Z,97.25,97.255,97.225,97.225,12477.0,97.2385,1951
2026-03-19T13:15:00Z,97.215,97.305,97.2,97.25,33463.0,97.2685,4202
2026-03-19T13:30:00Z,97.25,97.29,97.25,97.265,13949.0,97.275,1914
2026-03-19T13:45:00Z,97.265,97.32,97.26,97.305,16691.0,97.2995,2272
2026-03-19T14:00:00Z,97.31,97.34,97.28,97.3,26077.0,97.3165,3461
2026-03-19T14:15:00Z,97.305,97.305,97.265,97.275,11878.0,97.2865,2007
2026-03-19T14:30:00Z,97.275,97.315,97.27,97.31,11491.0,97.2965,1546
2026-03-19T14:45:00Z,97.305,97.305,97.28,97.285,6606.0,97.298,1046
2026-03-19T15:00:00Z,97.285,97.3,97.275,97.3,9622.0,97.2925,951
2026-03-19T15:15:00Z,97.3,97.305,97.26,97.26,5128.0,97.2845,841
2026-03-19T15:30:00Z,97.26,97.265,97.235,97.25,9891.0,97.2515,1444
2026-03-19T15:45:00Z,97.25,97.26,97.245,97.26,14187.0,97.254,1154
2026-03-19T16:00:00Z,97.26,97.28,97.19,97.22,34829.0,97.2445,4801
2026-03-19T16:15:00Z,97.22,97.24,97.205,97.225,13931.0,97.2255,1528
2026-03-19T16:30:00Z,97.23,97.23,97.205,97.21,12113.0,97.2165,1222
2026-03-19T16:45:00Z,97.21,97.21,97.19,97.205,7799.0,97.2015,1275
2026-03-19T17:00:00Z,97.21,97.21,97.19,97.195,7891.0,97.1955,621
2026-03-19T17:15:00Z,97.195,97.2,97.19,97.195,4436.0,97.195,563
2026-03-19T17:30:00Z,97.195,97.195,97.18,97.19,4962.0,97.1885,709
2026-03-19T17:45:00Z,97.19,97.19,97.17,97.175,4669.0,97.1765,322
2026-03-19T18:00:00Z,97.175,97.195,97.17,97.19,1926.0,97.1845,206
2026-03-19T18:15:00Z,97.19,97.2,97.185,97.19,2758.0,97.192,309
2026-03-19T18:30:00Z,97.195,97.195,97.185,97.185,811.0,97.19,115
2026-03-19T18:45:00Z,97.185,97.2,97.185,97.2,1715.0,97.1935,226
2026-03-19T19:00:00Z,97.205,97.325,97.205,97.32,20735.0,97.2835,2114
2026-03-19T19:15:00Z,97.325,97.33,97.275,97.275,10496.0,97.311,990
2026-03-19T19:30:00Z,97.28,97.285,97.27,97.285,1774.0,97.277,356
2026-03-19T19:45:00Z,97.285,97.295,97.25,97.27,4334.0,97.2665,514
2026-03-19T20:00:00Z,97.27,97.28,97.26,97.275,2514.0,97.2675,242
2026-03-19T20:15:00Z,97.28,97.28,97.275,97.275,403.0,97.275,42
2026-03-19T20:30:00Z,97.275,97.28,97.275,97.275,417.0,97.278,49
2026-03-19T20:45:00Z,97.28,97.285,97.28,97.285,529.0,97.2815,58
2026-03-20T01:00:00Z,97.28,97.295,97.275,97.295,592.0,97.2855,88
2026-03-20T01:15:00Z,97.295,97.3,97.29,97.29,221.0,97.2905,28
2026-03-20T01:30:00Z,97.29,97.29,97.285,97.285,308.0,97.285,17
2026-03-20T01:45:00Z,97.285,97.285,97.285,97.285,202.0,97.285,15
2026-03-20T02:00:00Z,97.285,97.285,97.275,97.275,130.0,97.279,22
2026-03-20T02:15:00Z,97.275,97.275,97.27,97.27,157.0,97.2735,7
2026-03-20T02:30:00Z,97.27,97.27,97.26,97.265,179.0,97.2635,30
2026-03-20T02:45:00Z,97.265,97.265,97.26,97.26,143.0,97.264,19
2026-03-20T03:00:00Z,97.255,97.255,97.255,97.255,122.0,97.255,14
2026-03-20T03:15:00Z,97.255,97.26,97.255,97.26,418.0,97.2565,59
2026-03-20T03:30:00Z,97.26,97.26,97.255,97.255,3.0,97.2565,2
2026-03-20T03:45:00Z,97.26,97.26,97.26,97.26,5.0,97.26,5
2026-03-20T04:00:00Z,97.255,97.255,97.255,97.255,22.0,97.255,5
2026-03-20T04:15:00Z,97.255,97.255,97.255,97.255,6.0,97.255,6
2026-03-20T04:30:00Z,97.255,97.27,97.255,97.265,1412.0,97.2625,207
2026-03-20T04:45:00Z,97.265,97.265,97.26,97.26,799.0,97.265,106
2026-03-20T05:00:00Z,97.26,97.26,97.245,97.245,1679.0,97.25,202
2026-03-20T05:15:00Z,97.25,97.25,97.25,97.25,13.0,97.25,8
2026-03-20T05:30:00Z,97.25,97.255,97.25,97.255,204.0,97.25,30
2026-03-20T05:45:00Z,97.26,97.26,97.26,97.26,17.0,97.26,17
2026-03-20T06:00:00Z,97.255,97.265,97.25,97.255,739.0,97.258,114
2026-03-20T06:15:00Z,97.26,97.26,97.25,97.25,909.0,97.254,104
2026-03-20T06:30:00Z,97.25,97.25,97.215,97.215,3733.0,97.2305,666
2026-03-20T06:45:00Z,97.215,97.225,97.21,97.21,1516.0,97.2135,278
2026-03-20T07:00:00Z,97.21,97.235,97.2,97.23,3467.0,97.2115,535
2026-03-20T07:15:00Z,97.225,97.25,97.225,97.245,3705.0,97.24,542
2026-03-20T07:30:00Z,97.245,97.275,97.245,97.26,5818.0,97.2625,762
2026-03-20T07:45:00Z,97.26,97.29,97.26,97.29,6200.0,97.279,602
2026-03-20T08:00:00Z,97.285,97.3,97.28,97.295,4883.0,97.29,533
2026-03-20T08:15:00Z,97.295,97.295,97.27,97.27,6426.0,97.2845,690
2026-03-20T08:30:00Z,97.27,97.27,97.255,97.26,7442.0,97.2625,753
2026-03-20T08:45:00Z,97.26,97.275,97.26,97.265,5042.0,97.2665,600
2026-03-20T09:00:00Z,97.27,97.27,97.23,97.23,9617.0,97.2455,980
2026-03-20T09:15:00Z,97.23,97.23,97.19,97.195,7811.0,97.21,1128
2026-03-20T09:30:00Z,97.195,97.205,97.185,97.195,10568.0,97.192,1060
2026-03-20T09:45:00Z,97.195,97.195,97.145,97.15,17461.0,97.169,1645
2026-03-20T10:00:00Z,97.15,97.155,97.095,97.125,23361.0,97.1265,3609
2026-03-20T10:15:00Z,97.13,97.15,97.13,97.14,10527.0,97.1415,1253
2026-03-20T10:30:00Z,97.14,97.17,97.14,97.16,9061.0,97.1505,1105
2026-03-20T10:45:00Z,97.16,97.165,97.15,97.165,12978.0,97.157,1036
2026-03-20T11:00:00Z,97.17,97.195,97.17,97.19,9274.0,97.182,970
2026-03-20T11:15:00Z,97.185,97.205,97.185,97.185,5515.0,97.1965,684
2026-03-20T11:30:00Z,97.19,97.195,97.16,97.165,6883.0,97.175,910
2026-03-20T11:45:00Z,97.165,97.18,97.16,97.18,5491.0,97.168,649
2026-03-20T12:00:00Z,97.18,97.195,97.175,97.18,4986.0,97.184,659
2026-03-20T12:15:00Z,97.18,97.195,97.175,97.195,4628.0,97.1835,523
2026-03-20T12:30:00Z,97.19,97.19,97.17,97.175,9582.0,97.177,994
2026-03-20T12:45:00Z,97.175,97.19,97.17,97.18,3675.0,97.1805,811
2026-03-20T13:00:00Z,97.185,97.185,97.17,97.17,2520.0,97.176,414
2026-03-20T13:15:00Z,97.17,97.175,97.16,97.16,1936.0,97.17,307
2026-03-20T13:30:00Z,97.165,97.175,97.15,97.155,5605.0,97.165,712
2026-03-20T13:45:00Z,97.15,97.155,97.125,97.125,12661.0,97.141,1509
2026-03-20T14:00:00Z,97.125,97.13,97.095,97.1,14218.0,97.1145,1950
2026-03-20T14:15:00Z,97.1,97.115,97.09,97.1,15223.0,97.1015,2106
2026-03-20T14:30:00Z,97.1,97.11,97.09,97.1,8468.0,97.1,1102
2026-03-20T14:45:00Z,97.1,97.11,97.09,97.1,6265.0,97.102,998
2026-03-20T15:00:00Z,97.1,97.13,97.1,97.125,9597.0,97.114,1323
2026-03-20T15:15:00Z,97.125,97.135,97.115,97.115,7459.0,97.1245,940
2026-03-20T15:30:00Z,97.12,97.13,97.115,97.13,7203.0,97.125,1010
2026-03-20T15:45:00Z,97.125,97.145,97.12,97.14,9809.0,97.132,1019
2026-03-20T16:00:00Z,97.14,97.14,97.115,97.115,6129.0,97.1295,1253
2026-03-20T16:15:00Z,97.12,97.12,97.1,97.1,3623.0,97.108,539
2026-03-20T16:30:00Z,97.1,97.105,97.085,97.09,7265.0,97.0965,743
2026-03-20T16:45:00Z,97.09,97.1,97.08,97.09,2693.0,97.094,431
2026-03-20T17:00:00Z,97.09,97.1,97.085,97.095,4591.0,97.093,1299
2026-03-20T17:15:00Z,97.095,97.105,97.09,97.1,4236.0,97.0975,361
2026-03-20T17:30:00Z,97.105,97.105,97.085,97.085,4193.0,97.091,532
2026-03-20T17:45:00Z,97.085,97.095,97.08,97.095,4146.0,97.0875,374
2026-03-20T18:00:00Z,97.1,97.11,97.1,97.105,634.0,97.1055,144
2026-03-20T18:15:00Z,97.105,97.105,97.075,97.08,1906.0,97.0855,337
2026-03-20T18:30:00Z,97.08,97.085,97.075,97.075,843.0,97.0815,87
2026-03-20T18:45:00Z,97.075,97.08,97.075,97.075,2303.0,97.0765,214
2026-03-20T19:00:00Z,97.075,97.085,97.07,97.08,2366.0,97.0795,245
2026-03-20T19:15:00Z,97.08,97.08,97.07,97.07,950.0,97.078,200
2026-03-20T19:30:00Z,97.07,97.075,97.07,97.075,731.0,97.073,149
2026-03-20T19:45:00Z,97.075,97.075,97.07,97.07,407.0,97.0725,96
2026-03-20T20:00:00Z,97.07,97.075,97.07,97.075,345.0,97.0725,78
2026-03-20T20:15:00Z,97.075,97.075,97.07,97.075,21.0,97.074,5
2026-03-20T20:30:00Z,97.07,97.07,97.06,97.065,1808.0,97.069,158
2026-03-20T20:45:00Z,97.06,97.08,97.05,97.08,1231.0,97.0645,261
2026-03-23T01:00:00Z,97.035,97.075,97.035,97.06,1595.0,97.0565,287
2026-03-23T01:15:00Z,97.06,97.07,97.06,97.065,799.0,97.065,129
2026-03-23T01:30:00Z,97.07,97.075,97.07,97.07,243.0,97.0725,76
2026-03-23T01:45:00Z,97.065,97.065,97.065,97.065,21.0,97.065,5
2026-03-23T02:00:00Z,97.06,97.065,97.06,97.06,380.0,97.0635,50
2026-03-23T02:15:00Z,97.055,97.055,97.045,97.045,160.0,97.052,33
2026-03-23T02:30:00Z,97.045,97.045,97.045,97.045,56.0,97.045,12
2026-03-23T02:45:00Z,97.045,97.045,97.045,97.045,10.0,97.045,2
2026-03-23T03:00:00Z,97.035,97.035,97.03,97.03,268.0,97.0305,19
2026-03-23T03:15:00Z,97.03,97.03,97.03,97.03,172.0,97.03,64
2026-03-23T03:30:00Z,97.035,97.035,97.025,97.025,573.0,97.0315,124
2026-03-23T03:45:00Z,97.025,97.025,97.02,97.025,116.0,97.024,34
2026-03-23T04:00:00Z,97.025,97.025,97.025,97.025,177.0,97.025,15
2026-03-23T04:15:00Z,97.025,97.03,97.025,97.03,65.0,97.026,19
2026-03-23T04:30:00Z,97.03,97.03,97.03,97.03,9.0,97.03,4
2026-03-23T04:45:00Z,97.025,97.025,97.025,97.025,5.0,97.025,3
2026-03-23T05:00:00Z,97.03,97.04,97.03,97.04,111.0,97.037,12
2026-03-23T05:15:00Z,97.04,97.04,97.04,97.04,0.0,97.04,0
2026-03-23T05:30:00Z,97.03,97.03,97.025,97.03,39.0,97.0275,15
2026-03-23T05:45:00Z,97.025,97.03,97.02,97.02,115.0,97.0255,21
2026-03-23T06:00:00Z,97.02,97.02,97.01,97.01,280.0,97.016,106
2026-03-23T06:15:00Z,97.02,97.025,97.01,97.025,403.0,97.02,115
2026-03-23T06:30:00Z,97.02,97.02,97.01,97.01,280.0,97.0135,51
2026-03-23T06:45:00Z,97.005,97.01,96.995,97.005,1141.0,97.003,271
2026-03-23T07:00:00Z,97.01,97.05,97.01,97.035,7197.0,97.0335,1317
2026-03-23T07:15:00Z,97.03,97.045,97.025,97.04,2508.0,97.0345,517
2026-03-23T07:30:00Z,97.04,97.04,97.01,97.02,3716.0,97.0245,850
2026-03-23T07:45:00Z,97.025,97.025,96.99,96.995,4417.0,97.011,736
2026-03-23T08:00:00Z,96.99,97.01,96.99,97.0,7523.0,97.0025,2632
2026-03-23T08:15:00Z,97.0,97.0,96.95,96.955,10116.0,96.9665,1470
2026-03-23T08:30:00Z,96.96,97.01,96.96,96.99,15159.0,96.988,3006
2026-03-23T08:45:00Z,97.0,97.035,96.995,97.0,11375.0,97.016,2206
2026-03-23T09:00:00Z,97.0,97.005,96.985,97.005,7177.0,96.995,1178
2026-03-23T09:15:00Z,97.005,97.015,96.995,96.995,5008.0,97.0045,653
2026-03-23T09:30:00Z,96.995,97.01,96.96,96.97,7555.0,96.979,1030
2026-03-23T09:45:00Z,96.97,96.98,96.965,96.98,7507.0,96.975,1375
2026-03-23T10:00:00Z,96.975,96.995,96.965,96.965,5355.0,96.9825,862
2026-03-23T10:15:00Z,96.965,96.975,96.96,96.96,6093.0,96.9675,827
2026-03-23T10:30:00Z,96.96,96.96,96.95,96.95,7146.0,96.9545,1149
2026-03-23T10:45:00Z,96.95,96.995,96.95,96.96,9757.0,96.9765,1105
2026-03-23T11:00:00Z,96.96,97.36,96.96,97.27,69857.0,97.219,9310
2026-03-23T11:15:00Z,97.27,97.295,97.07,97.165,35156.0,97.169,6260
2026-03-23T11:30:00Z,97.165,97.23,97.165,97.18,11810.0,97.2035,2412
2026-03-23T11:45:00Z,97.18,97.185,97.11,97.125,11106.0,97.15,2539
2026-03-23T12:00:00Z,97.125,97.165,97.1,97.155,10437.0,97.138,1938
2026-03-23T12:15:00Z,97.155,97.215,97.15,97.2,10156.0,97.189,1890
2026-03-23T12:30:00Z,97.195,97.25,97.18,97.245,22044.0,97.2305,3288
2026-03-23T12:45:00Z,97.25,97.27,97.21,97.255,20174.0,97.242,3193
2026-03-23T13:00:00Z,97.255,97.27,97.24,97.255,7838.0,97.2545,1523
2026-03-23T13:15:00Z,97.26,97.27,97.21,97.225,13009.0,97.238,2124
2026-03-23T13:30:00Z,97.23,97.275,97.21,97.255,13634.0,97.241,2404
2026-03-23T13:45:00Z,97.25,97.28,97.25,97.265,10239.0,97.265,1991
2026-03-23T14:00:00Z,97.27,97.315,97.27,97.31,13360.0,97.2915,2230
2026-03-23T14:15:00Z,97.315,97.345,97.3,97.305,17911.0,97.3245,3772
2026-03-23T14:30:00Z,97.305,97.32,97.28,97.29,12185.0,97.2965,2300
2026-03-23T14:45:00Z,97.29,97.31,97.29,97.3,4942.0,97.301,1133
2026-03-23T15:00:00Z,97.3,97.355,97.3,97.35,11015.0,97.3405,1671
2026-03-23T15:15:00Z,97.355,97.355,97.305,97.305,11358.0,97.3215,2015
2026-03-23T15:30:00Z,97.31,97.315,97.26,97.265,11572.0,97.274,1858
2026-03-23T15:45:00Z,97.26,97.27,97.225,97.235,16992.0,97.2435,2357
2026-03-23T16:00:00Z,97.235,97.245,97.215,97.225,6442.0,97.228,1499
2026-03-23T16:15:00Z,97.22,97.225,97.17,97.18,10711.0,97.195,1858
2026-03-23T16:30:00Z,97.18,97.225,97.18,97.22,7850.0,97.213,938
2026-03-23T16:45:00Z,97.225,97.255,97.225,97.24,5050.0,97.241,790
2026-03-23T17:00:00Z,97.24,97.265,97.23,97.265,3266.0,97.247,393
2026-03-23T17:15:00Z,97.265,97.265,97.25,97.255,1816.0,97.2595,263
2026-03-23T17:30:00Z,97.26,97.26,97.245,97.255,4921.0,97.254,1003
2026-03-23T17:45:00Z,97.255,97.255,97.245,97.255,730.0,97.2515,101
2026-03-23T18:00:00Z,97.25,97.26,97.235,97.26,1419.0,97.2535,278
2026-03-23T18:15:00Z,97.255,97.26,97.25,97.255,786.0,97.2565,203
2026-03-23T18:30:00Z,97.255,97.29,97.255,97.275,3217.0,97.2795,409
2026-03-23T18:45:00Z,97.28,97.29,97.28,97.285,1387.0,97.284,217
2026-03-23T19:00:00Z,97.28,97.28,97.27,97.275,503.0,97.273,106
2026-03-23T19:15:00Z,97.275,97.275,97.265,97.265,231.0,97.269,70
2026-03-23T19:30:00Z,97.26,97.26,97.255,97.255,570.0,97.2575,71
2026-03-23T19:45:00Z,97.255,97.26,97.245,97.245,258.0,97.251,72
2026-03-23T20:00:00Z,97.25,97.25,97.235,97.245,472.0,97.239,121
2026-03-23T20:15:00Z,97.245,97.245,97.24,97.24,192.0,97.241,22
2026-03-23T20:30:00Z,97.24,97.245,97.24,97.245,382.0,97.244,67
2026-03-23T20:45:00Z,97.25,97.25,97.24,97.24,94.0,97.2425,16
2026-03-24T01:00:00Z,97.205,97.22,97.175,97.185,1240.0,97.1915,333
2026-03-24T01:15:00Z,97.185,97.2,97.185,97.195,818.0,97.194,180
2026-03-24T01:30:00Z,97.195,97.195,97.18,97.18,682.0,97.194,90
2026-03-24T01:45:00Z,97.17,97.17,97.16,97.16,622.0,97.1655,137
2026-03-24T02:00:00Z,97.165,97.165,97.155,97.155,167.0,97.1605,51
2026-03-24T02:15:00Z,97.155,97.17,97.155,97.165,312.0,97.156,96
2026-03-24T02:30:00Z,97.17,97.175,97.17,97.175,236.0,97.173,50
2026-03-24T02:45:00Z,97.18,97.18,97.17,97.17,405.0,97.1705,23
2026-03-24T03:00:00Z,97.17,97.17,97.165,97.165,460.0,97.168,82
2026-03-24T03:15:00Z,97.165,97.165,97.165,97.165,23.0,97.165,11
2026-03-24T03:30:00Z,97.165,97.165,97.165,97.165,20.0,97.165,10
2026-03-24T03:45:00Z,97.17,97.175,97.17,97.17,18.0,97.173,10
2026-03-24T04:00:00Z,97.165,97.165,97.165,97.165,17.0,97.165,4
2026-03-24T04:15:00Z,97.165,97.165,97.16,97.16,431.0,97.165,45
2026-03-24T04:30:00Z,97.16,97.16,97.16,97.16,0.0,97.16,0
2026-03-24T04:45:00Z,97.165,97.17,97.165,97.17,190.0,97.169,40
2026-03-24T05:00:00Z,97.175,97.175,97.17,97.175,267.0,97.173,47
2026-03-24T05:15:00Z,97.17,97.17,97.16,97.16,206.0,97.167,73
2026-03-24T05:30:00Z,97.165,97.17,97.165,97.17,69.0,97.1675,26
2026-03-24T05:45:00Z,97.17,97.17,97.155,97.155,1840.0,97.158,235
2026-03-24T06:00:00Z,97.155,97.165,97.155,97.155,1171.0,97.16,284
2026-03-24T06:15:00Z,97.155,97.175,97.155,97.165,1349.0,97.1665,224
2026-03-24T06:30:00Z,97.17,97.18,97.17,97.175,322.0,97.175,102
2026-03-24T06:45:00Z,97.175,97.18,97.165,97.175,1375.0,97.1735,233
2026-03-24T07:00:00Z,97.18,97.205,97.165,97.205,7892.0,97.1845,1267
2026-03-24T07:15:00Z,97.205,97.21,97.19,97.19,6816.0,97.202,1109
2026-03-24T07:30:00Z,97.19,97.215,97.185,97.215,5458.0,97.2035,817
2026-03-24T07:45:00Z,97.215,97.235,97.21,97.225,5607.0,97.228,757
2026-03-24T08:00:00Z,97.23,97.25,97.22,97.24,4641.0,97.2365,818
2026-03-24T08:15:00Z,97.24,97.25,97.205,97.215,5024.0,97.2255,1029
2026-03-24T08:30:00Z,97.215,97.215,97.2,97.21,2754.0,97.209,568
2026-03-24T08:45:00Z,97.21,97.25,97.205,97.205,9195.0,97.229,1564
2026-03-24T09:00:00Z,97.205,97.21,97.19,97.195,4789.0,97.2045,803
2026-03-24T09:15:00Z,97.195,97.2,97.18,97.19,3402.0,97.1885,625
2026-03-24T09:30:00Z,97.19,97.195,97.18,97.185,3233.0,97.19,516
2026-03-24T09:45:00Z,97.18,97.19,97.16,97.19,4491.0,97.175,983
2026-03-24T10:00:00Z,97.185,97.205,97.18,97.205,3518.0,97.188,800
2026-03-24T10:15:00Z,97.21,97.23,97.195,97.205,5067.0,97.209,1216
2026-03-24T10:30:00Z,97.2,97.22,97.195,97.215,3843.0,97.207,809
2026-03-24T10:45:00Z,97.21,97.215,97.2,97.215,3081.0,97.2095,457
2026-03-24T11:00:00Z,97.215,97.24,97.215,97.225,4148.0,97.2265,758
2026-03-24T11:15:00Z,97.22,97.225,97.215,97.22,2262.0,97.2205,487
2026-03-24T11:30:00Z,97.22,97.23,97.215,97.22,2199.0,97.2245,476
2026-03-24T11:45:00Z,97.215,97.225,97.195,97.215,5056.0,97.2065,847
2026-03-24T12:00:00Z,97.22,97.22,97.2,97.205,1616.0,97.2125,457
2026-03-24T12:15:00Z,97.205,97.21,97.195,97.205,3105.0,97.2035,562
2026-03-24T12:30:00Z,97.205,97.205,97.18,97.18,4727.0,97.192,803
2026-03-24T12:45:00Z,97.18,97.19,97.175,97.175,3356.0,97.181,538
2026-03-24T13:00:00Z,97.175,97.19,97.155,97.165,7785.0,97.1665,1482
2026-03-24T13:15:00Z,97.165,97.17,97.14,97.145,5754.0,97.155,811
2026-03-24T13:30:00Z,97.145,97.145,97.125,97.13,10307.0,97.136,1376
2026-03-24T13:45:00Z,97.13,97.14,97.12,97.14,7446.0,97.1295,1098
2026-03-24T14:00:00Z,97.145,97.165,97.14,97.155,4550.0,97.1535,642
2026-03-24T14:15:00Z,97.155,97.165,97.15,97.16,3134.0,97.159,607
2026-03-24T14:30:00Z,97.16,97.165,97.14,97.145,4664.0,97.1545,753
2026-03-24T14:45:00Z,97.145,97.19,97.145,97.165,13242.0,97.1705,2181
2026-03-24T15:00:00Z,97.17,97.175,97.155,97.165,4715.0,97.1645,773
2026-03-24T15:15:00Z,97.16,97.17,97.155,97.17,3144.0,97.1645,562
2026-03-24T15:30:00Z,97.17,97.175,97.165,97.17,2698.0,97.168,453
2026-03-24T15:45:00Z,97.165,97.17,97.135,97.14,5117.0,97.1515,830
2026-03-24T16:00:00Z,97.135,97.14,97.125,97.135,7780.0,97.131,1402
2026-03-24T16:15:00Z,97.135,97.15,97.13,97.15,3094.0,97.1425,563
2026-03-24T16:30:00Z,97.145,97.155,97.13,97.145,3360.0,97.1475,531
2026-03-24T16:45:00Z,97.145,97.15,97.1,97.11,5611.0,97.1235,794
2026-03-24T17:00:00Z,97.105,97.11,97.06,97.065,14975.0,97.0825,1809
2026-03-24T17:15:00Z,97.06,97.085,97.06,97.085,8390.0,97.0715,1175
2026-03-24T17:30:00Z,97.085,97.09,97.07,97.08,2336.0,97.0805,375
2026-03-24T17:45:00Z,97.085,97.115,97.085,97.1,3779.0,97.0975,579
2026-03-24T18:00:00Z,97.1,97.1,97.08,97.085,727.0,97.09,122
2026-03-24T18:15:00Z,97.085,97.105,97.085,97.095,1423.0,97.099,213
2026-03-24T18:30:00Z,97.095,97.12,97.095,97.105,2547.0,97.1075,335
2026-03-24T18:45:00Z,97.105,97.12,97.1,97.11,1012.0,97.112,152
2026-03-24T19:00:00Z,97.11,97.125,97.11,97.12,348.0,97.1155,87
2026-03-24T19:15:00Z,97.115,97.115,97.11,97.11,315.0,97.113,83
2026-03-24T19:30:00Z,97.11,97.11,97.095,97.095,3931.0,97.1025,388
2026-03-24T19:45:00Z,97.095,97.1,97.09,97.1,699.0,97.0945,134
2026-03-24T20:00:00Z,97.1,97.1,97.09,97.09,114.0,97.0975,40
2026-03-24T20:15:00Z,97.09,97.235,97.09,97.185,20540.0,97.1795,2535
2026-03-24T20:30:00Z,97.185,97.245,97.18,97.205,9359.0,97.2175,1372
2026-03-24T20:45:00Z,97.205,97.23,97.2,97.215,5699.0,97.213,527
2026-03-25T01:00:00Z,97.225,97.265,97.22,97.25,2780.0,97.247,499
2026-03-25T01:15:00Z,97.25,97.255,97.25,97.25,458.0,97.2505,59
2026-03-25T01:30:00Z,97.25,97.25,97.23,97.23,174.0,97.2405,63
2026-03-25T01:45:00Z,97.235,97.235,97.235,97.235,339.0,97.235,22
2026-03-25T02:00:00Z,97.23,97.235,97.225,97.225,206.0,97.2285,50
2026-03-25T02:15:00Z,97.22,97.22,97.22,97.22,170.0,97.22,40
2026-03-25T02:30:00Z,97.22,97.22,97.22,97.22,4.0,97.22,1
2026-03-25T02:45:00Z,97.22,97.22,97.22,97.22,4.0,97.22,4
2026-03-25T03:00:00Z,97.22,97.225,97.22,97.22,129.0,97.223,32
2026-03-25T03:15:00Z,97.225,97.225,97.22,97.22,97.0,97.2245,13
2026-03-25T03:30:00Z,97.22,97.22,97.22,97.22,50.0,97.22,5
2026-03-25T03:45:00Z,97.22,97.22,97.22,97.22,14.0,97.22,5
2026-03-25T04:00:00Z,97.22,97.22,97.22,97.22,6.0,97.22,1
2026-03-25T04:15:00Z,97.22,97.22,97.22,97.22,24.0,97.22,5
2026-03-25T04:30:00Z,97.22,97.22,97.22,97.22,0.0,97.22,0
2026-03-25T04:45:00Z,97.22,97.22,97.22,97.22,0.0,97.22,0
2026-03-25T05:00:00Z,97.215,97.215,97.215,97.215,185.0,97.215,26
2026-03-25T05:15:00Z,97.21,97.21,97.205,97.21,57.0,97.206,21
2026-03-25T05:30:00Z,97.205,97.21,97.205,97.21,40.0,97.2095,9
2026-03-25T05:45:00Z,97.215,97.22,97.205,97.21,555.0,97.2145,104
2026-03-25T06:00:00Z,97.21,97.21,97.195,97.195,508.0,97.202,47
2026-03-25T06:15:00Z,97.195,97.205,97.19,97.19,432.0,97.1955,93
2026-03-25T06:30:00Z,97.195,97.195,97.185,97.185,875.0,97.1925,202
2026-03-25T06:45:00Z,97.185,97.195,97.185,97.19,459.0,97.192,46
2026-03-25T07:00:00Z,97.185,97.21,97.185,97.205,2655.0,97.199,635
2026-03-25T07:15:00Z,97.205,97.215,97.17,97.18,3698.0,97.184,749
2026-03-25T07:30:00Z,97.18,97.19,97.17,97.19,2220.0,97.179,434
2026-03-25T07:45:00Z,97.185,97.195,97.175,97.175,5421.0,97.185,599
2026-03-25T08:00:00Z,97.175,97.23,97.17,97.2,9115.0,97.2055,1754
2026-03-25T08:15:00Z,97.2,97.22,97.195,97.205,4165.0,97.207,686
2026-03-25T08:30:00Z,97.205,97.22,97.195,97.21,6961.0,97.209,1204
2026-03-25T08:45:00Z,97.21,97.265,97.18,97.24,16523.0,97.2375,2955
2026-03-25T09:00:00Z,97.24,97.24,97.22,97.22,5857.0,97.227,726
2026-03-25T09:15:00Z,97.22,97.235,97.195,97.205,5648.0,97.218,637
2026-03-25T09:30:00Z,97.21,97.22,97.195,97.2,6182.0,97.206,1132
2026-03-25T09:45:00Z,97.2,97.21,97.19,97.205,5343.0,97.2,804
2026-03-25T10:00:00Z,97.205,97.21,97.195,97.2,2034.0,97.2045,357
2026-03-25T10:15:00Z,97.2,97.2,97.185,97.19,1739.0,97.19,282
2026-03-25T10:30:00Z,97.19,97.2,97.185,97.195,2362.0,97.19,351
2026-03-25T10:45:00Z,97.195,97.21,97.195,97.21,4372.0,97.206,487
2026-03-25T11:00:00Z,97.21,97.23,97.205,97.225,4305.0,97.2185,586
2026-03-25T11:15:00Z,97.225,97.225,97.21,97.215,3064.0,97.2195,544
2026-03-25T11:30:00Z,97.22,97.22,97.215,97.22,2427.0,97.22,326
2026-03-25T11:45:00Z,97.22,97.22,97.195,97.22,9458.0,97.21,1185
2026-03-25T12:00:00Z,97.225,97.225,97.21,97.215,2970.0,97.221,466
2026-03-25T12:15:00Z,97.21,97.21,97.165,97.185,10460.0,97.1865,1449
2026-03-25T12:30:00Z,97.185,97.19,97.17,97.185,3955.0,97.182,581
2026-03-25T12:45:00Z,97.185,97.205,97.18,97.2,2409.0,97.196,451
2026-03-25T13:00:00Z,97.2,97.21,97.195,97.205,2147.0,97.2055,402
2026-03-25T13:15:00Z,97.21,97.21,97.2,97.2,2080.0,97.2065,329
2026-03-25T13:30:00Z,97.205,97.205,97.195,97.195,4202.0,97.201,1030
2026-03-25T13:45:00Z,97.195,97.195,97.175,97.18,4453.0,97.182,950
2026-03-25T14:00:00Z,97.18,97.195,97.165,97.195,3280.0,97.1835,653
2026-03-25T14:15:00Z,97.2,97.215,97.195,97.215,4241.0,97.2055,861
2026-03-25T14:30:00Z,97.215,97.225,97.21,97.22,3832.0,97.2145,771
2026-03-25T14:45:00Z,97.22,97.225,97.205,97.215,3763.0,97.2175,866
2026-03-25T15:00:00Z,97.215,97.22,97.205,97.205,6226.0,97.211,1115
2026-03-25T15:15:00Z,97.2,97.22,97.175,97.22,8785.0,97.1935,1237
2026-03-25T15:30:00Z,97.215,97.22,97.21,97.215,3036.0,97.2155,450
2026-03-25T15:45:00Z,97.215,97.215,97.195,97.2,1995.0,97.2045,260
2026-03-25T16:00:00Z,97.2,97.22,97.195,97.21,6939.0,97.207,1827
2026-03-25T16:15:00Z,97.205,97.22,97.2,97.215,3937.0,97.209,731
2026-03-25T16:30:00Z,97.215,97.22,97.215,97.215,1561.0,97.2175,201
2026-03-25T16:45:00Z,97.21,97.215,97.205,97.21,3714.0,97.21,340
2026-03-25T17:00:00Z,97.21,97.215,97.195,97.2,1535.0,97.2035,208
2026-03-25T17:15:00Z,97.195,97.2,97.195,97.2,1439.0,97.199,140
2026-03-25T17:30:00Z,97.2,97.205,97.195,97.205,2001.0,97.201,228
2026-03-25T17:45:00Z,97.2,97.2,97.185,97.185,2590.0,97.195,255
2026-03-25T18:00:00Z,97.185,97.185,97.185,97.185,487.0,97.185,42
2026-03-25T18:15:00Z,97.185,97.185,97.18,97.18,446.0,97.184,71
2026-03-25T18:30:00Z,97.18,97.185,97.18,97.185,63.0,97.1805,11
2026-03-25T18:45:00Z,97.18,97.18,97.175,97.175,771.0,97.177,89
2026-03-25T19:00:00Z,97.175,97.18,97.175,97.175,201.0,97.176,43
2026-03-25T19:15:00Z,97.17,97.175,97.17,97.175,258.0,97.171,45
2026-03-25T19:30:00Z,97.17,97.17,97.17,97.17,38.0,97.17,5
2026-03-25T19:45:00Z,97.17,97.175,97.17,97.175,482.0,97.17,39
2026-03-25T20:00:00Z,97.175,97.175,97.175,97.175,18.0,97.175,5
2026-03-25T20:15:00Z,97.175,97.175,97.175,97.175,15.0,97.175,2
2026-03-25T20:30:00Z,97.175,97.175,97.175,97.175,87.0,97.175,8
2026-03-25T20:45:00Z,97.175,97.18,97.17,97.18,225.0,97.175,27
2026-03-26T01:00:00Z,97.165,97.17,97.145,97.145,728.0,97.1565,110
2026-03-26T01:15:00Z,97.145,97.15,97.145,97.145,733.0,97.145,64
2026-03-26T01:30:00Z,97.15,97.155,97.15,97.15,726.0,97.15,36
2026-03-26T01:45:00Z,97.15,97.15,97.15,97.15,70.0,97.15,1
2026-03-26T02:00:00Z,97.155,97.155,97.155,97.155,13.0,97.155,4
2026-03-26T02:15:00Z,97.155,97.155,97.155,97.155,0.0,97.155,0
2026-03-26T02:30:00Z,97.15,97.155,97.15,97.155,1418.0,97.1515,102
2026-03-26T02:45:00Z,97.15,97.15,97.15,97.15,141.0,97.15,17
2026-03-26T03:00:00Z,97.15,97.15,97.15,97.15,17.0,97.15,3
2026-03-26T03:15:00Z,97.15,97.15,97.15,97.15,1.0,97.15,1
2026-03-26T03:30:00Z,97.15,97.155,97.15,97.15,40.0,97.153,12
2026-03-26T03:45:00Z,97.15,97.15,97.15,97.15,0.0,97.15,0
2026-03-26T04:00:00Z,97.15,97.15,97.15,97.15,27.0,97.15,5
2026-03-26T04:15:00Z,97.15,97.155,97.15,97.155,130.0,97.152,11
2026-03-26T04:30:00Z,97.155,97.155,97.155,97.155,0.0,97.155,0
2026-03-26T04:45:00Z,97.15,97.15,97.15,97.15,138.0,97.15,11
2026-03-26T05:00:00Z,97.15,97.15,97.145,97.145,277.0,97.148,26
2026-03-26T05:15:00Z,97.145,97.145,97.145,97.145,0.0,97.145,0
2026-03-26T05:30:00Z,97.14,97.14,97.14,97.14,88.0,97.14,6
2026-03-26T05:45:00Z,97.135,97.135,97.135,97.135,23.0,97.135,3
2026-03-26T06:00:00Z,97.13,97.135,97.125,97.125,195.0,97.1315,61
2026-03-26T06:15:00Z,97.125,97.135,97.125,97.135,867.0,97.129,51
2026-03-26T06:30:00Z,97.14,97.14,97.135,97.14,154.0,97.139,26
2026-03-26T06:45:00Z,97.14,97.15,97.14,97.15,485.0,97.1445,74
2026-03-26T07:00:00Z,97.145,97.145,97.125,97.125,2660.0,97.1365,428
2026-03-26T07:15:00Z,97.13,97.145,97.125,97.14,3513.0,97.138,384
2026-03-26T07:30:00Z,97.14,97.14,97.13,97.135,3131.0,97.1375,321
2026-03-26T07:45:00Z,97.14,97.145,97.135,97.145,4030.0,97.14,347
2026-03-26T08:00:00Z,97.145,97.145,97.14,97.14,5183.0,97.1405,644
2026-03-26T08:15:00Z,97.14,97.145,97.14,97.14,2323.0,97.142,270
2026-03-26T08:30:00Z,97.14,97.14,97.135,97.135,5611.0,97.1395,667
2026-03-26T08:45:00Z,97.135,97.145,97.135,97.14,5427.0,97.1395,414
2026-03-26T09:00:00Z,97.145,97.15,97.14,97.14,7892.0,97.1425,746
2026-03-26T09:15:00Z,97.14,97.14,97.135,97.135,6176.0,97.1395,542
2026-03-26T09:30:00Z,97.135,97.135,97.13,97.13,2746.0,97.134,308
2026-03-26T09:45:00Z,97.13,97.14,97.125,97.135,2727.0,97.133,277
2026-03-26T10:00:00Z,97.135,97.15,97.135,97.145,2385.0,97.1455,275
2026-03-26T10:15:00Z,97.145,97.15,97.14,97.145,2694.0,97.145,372
2026-03-26T10:30:00Z,97.145,97.15,97.14,97.14,4388.0,97.146,494
2026-03-26T10:45:00Z,97.14,97.14,97.135,97.14,3116.0,97.14,199
2026-03-26T11:00:00Z,97.14,97.14,97.135,97.135,2657.0,97.1375,235
2026-03-26T11:15:00Z,97.135,97.14,97.125,97.13,5707.0,97.1295,605
2026-03-26T11:30:00Z,97.125,97.125,97.12,97.12,4503.0,97.1225,595
2026-03-26T11:45:00Z,97.12,97.12,97.11,97.11,2915.0,97.115,234
2026-03-26T12:00:00Z,97.11,97.115,97.1,97.11,6949.0,97.1095,688
2026-03-26T12:15:00Z,97.115,97.12,97.11,97.12,2800.0,97.115,641
2026-03-26T12:30:00Z,97.115,97.115,97.095,97.105,8809.0,97.1025,1482
2026-03-26T12:45:00Z,97.105,97.12,97.105,97.115,4264.0,97.116,966
2026-03-26T13:00:00Z,97.115,97.135,97.115,97.125,2701.0,97.1245,388
2026-03-26T13:15:00Z,97.125,97.135,97.125,97.13,2594.0,97.131,318
2026-03-26T13:30:00Z,97.13,97.14,97.125,97.14,4294.0,97.1355,454
2026-03-26T13:45:00Z,97.14,97.165,97.135,97.15,11559.0,97.147,1110
2026-03-26T14:00:00Z,97.15,97.15,97.135,97.145,5564.0,97.142,424
2026-03-26T14:15:00Z,97.145,97.155,97.145,97.145,3829.0,97.1505,343
2026-03-26T14:30:00Z,97.145,97.15,97.125,97.13,13436.0,97.144,1061
2026-03-26T14:45:00Z,97.13,97.135,97.125,97.135,5069.0,97.1305,510
2026-03-26T15:00:00Z,97.14,97.14,97.13,97.13,3024.0,97.1355,373
2026-03-26T15:15:00Z,97.125,97.13,97.12,97.12,5171.0,97.1235,685
2026-03-26T15:30:00Z,97.125,97.125,97.105,97.11,3394.0,97.1165,423
2026-03-26T15:45:00Z,97.11,97.12,97.11,97.115,5289.0,97.1155,458
2026-03-26T16:00:00Z,97.11,97.12,97.08,97.085,14551.0,97.1005,1624
2026-03-26T16:15:00Z,97.085,97.1,97.075,97.08,13036.0,97.09,861
2026-03-26T16:30:00Z,97.08,97.085,97.065,97.075,6678.0,97.073,548
2026-03-26T16:45:00Z,97.075,97.085,97.075,97.075,4501.0,97.077,350
2026-03-26T17:00:00Z,97.075,97.095,97.075,97.085,3043.0,97.0815,572
2026-03-26T17:15:00Z,97.085,97.09,97.07,97.07,2299.0,97.0815,457
2026-03-26T17:30:00Z,97.075,97.075,97.05,97.05,7250.0,97.059,427
2026-03-26T17:45:00Z,97.05,97.055,97.05,97.05,1648.0,97.052,136
2026-03-26T18:00:00Z,97.055,97.055,97.05,97.05,332.0,97.0545,17
2026-03-26T18:15:00Z,97.05,97.05,97.045,97.045,2254.0,97.048,165
2026-03-26T18:30:00Z,97.05,97.06,97.05,97.06,1603.0,97.059,121
2026-03-26T18:45:00Z,97.055,97.06,97.05,97.05,125.0,97.051,21
2026-03-26T19:00:00Z,97.05,97.05,97.04,97.04,323.0,97.0455,54
2026-03-26T19:15:00Z,97.04,97.055,97.04,97.05,1468.0,97.0485,294
2026-03-26T19:30:00Z,97.05,97.05,97.04,97.045,408.0,97.046,42
2026-03-26T19:45:00Z,97.045,97.045,97.045,97.045,327.0,97.045,31
2026-03-26T20:00:00Z,97.045,97.13,97.045,97.095,10590.0,97.1015,1452
2026-03-26T20:15:00Z,97.095,97.105,97.075,97.075,2150.0,97.0885,265
2026-03-26T20:30:00Z,97.08,97.085,97.08,97.085,761.0,97.0835,105
2026-03-26T20:45:00Z,97.085,97.085,97.05,97.05,926.0,97.069,111
2026-03-27T01:00:00Z,97.06,97.075,97.06,97.075,65.0,97.067,15
2026-03-27T01:15:00Z,97.065,97.065,97.065,97.065,71.0,97.065,9
2026-03-27T01:30:00Z,97.07,97.07,97.07,97.07,1.0,97.07,1
2026-03-27T01:45:00Z,97.07,97.07,97.07,97.07,14.0,97.07,3
2026-03-27T02:00:00Z,97.075,97.08,97.075,97.08,163.0,97.076,54
2026-03-27T02:15:00Z,97.075,97.075,97.065,97.065,176.0,97.066,27
2026-03-27T02:30:00Z,97.07,97.07,97.065,97.065,105.0,97.068,25
2026-03-27T02:45:00Z,97.07,97.07,97.065,97.065,3.0,97.0665,3
2026-03-27T03:00:00Z,97.065,97.065,97.065,97.065,15.0,97.065,3
2026-03-27T03:15:00Z,97.06,97.06,97.055,97.055,83.0,97.058,10
2026-03-27T03:30:00Z,97.055,97.055,97.05,97.055,87.0,97.053,20
2026-03-27T03:45:00Z,97.055,97.06,97.055,97.055,252.0,97.055,21
2026-03-27T04:00:00Z,97.055,97.055,97.055,97.055,45.0,97.055,6
2026-03-27T04:15:00Z,97.055,97.055,97.05,97.05,32.0,97.055,5
2026-03-27T04:30:00Z,97.055,97.055,97.045,97.045,256.0,97.051,42
2026-03-27T04:45:00Z,97.055,97.055,97.05,97.05,50.0,97.051,7
2026-03-27T05:00:00Z,97.05,97.065,97.05,97.065,96.0,97.055,11
2026-03-27T05:15:00Z,97.065,97.065,97.065,97.065,21.0,97.065,8
2026-03-27T05:30:00Z,97.06,97.06,97.05,97.05,75.0,97.0505,34
2026-03-27T05:45:00Z,97.05,97.05,97.045,97.045,236.0,97.045,24
2026-03-27T06:00:00Z,97.04,97.04,97.035,97.035,467.0,97.038,85
2026-03-27T06:15:00Z,97.045,97.05,97.045,97.05,36.0,97.0495,6
2026-03-27T06:30:00Z,97.05,97.055,97.05,97.055,66.0,97.054,6
2026-03-27T06:45:00Z,97.055,97.06,97.05,97.06,542.0,97.057,73
2026-03-27T07:00:00Z,97.06,97.07,97.05,97.07,1837.0,97.0625,306
2026-03-27T07:15:00Z,97.075,97.075,97.07,97.07,1359.0,97.0715,281
2026-03-27T07:30:00Z,97.07,97.075,97.04,97.05,2289.0,97.06,382
2026-03-27T07:45:00Z,97.05,97.055,97.05,97.055,1626.0,97.0525,240
2026-03-27T08:00:00Z,97.055,97.07,97.03,97.03,7826.0,97.052,1559
2026-03-27T08:15:00Z,97.025,97.03,97.02,97.025,3513.0,97.026,542
2026-03-27T08:30:00Z,97.025,97.03,97.02,97.02,3492.0,97.0245,462
2026-03-27T08:45:00Z,97.02,97.02,97.01,97.01,6641.0,97.0135,614
2026-03-27T09:00:00Z,97.015,97.02,97.005,97.005,7378.0,97.0095,764
2026-03-27T09:15:00Z,97.0,97.015,97.0,97.01,6155.0,97.007,780
2026-03-27T09:30:00Z,97.01,97.025,97.01,97.025,3174.0,97.0195,390
2026-03-27T09:45:00Z,97.02,97.035,97.015,97.03,3772.0,97.028,475
2026-03-27T10:00:00Z,97.03,97.07,97.03,97.045,10200.0,97.0525,924
2026-03-27T10:15:00Z,97.045,97.05,97.035,97.04,5012.0,97.0415,449
2026-03-27T10:30:00Z,97.045,97.045,97.03,97.03,2842.0,97.036,440
2026-03-27T10:45:00Z,97.03,97.055,97.03,97.04,3306.0,97.042,444
2026-03-27T11:00:00Z,97.04,97.055,97.035,97.055,3391.0,97.0485,465
2026-03-27T11:15:00Z,97.055,97.065,97.055,97.06,2913.0,97.057,369
2026-03-27T11:30:00Z,97.06,97.085,97.055,97.075,5752.0,97.072,942
2026-03-27T11:45:00Z,97.075,97.075,97.06,97.065,4421.0,97.0685,782
2026-03-27T12:00:00Z,97.065,97.08,97.06,97.07,3089.0,97.071,580
2026-03-27T12:15:00Z,97.07,97.075,97.06,97.07,2913.0,97.0695,633
2026-03-27T12:30:00Z,97.07,97.075,97.065,97.07,1019.0,97.069,164
2026-03-27T12:45:00Z,97.075,97.08,97.07,97.07,2572.0,97.073,362
2026-03-27T13:00:00Z,97.07,97.085,97.065,97.075,3267.0,97.074,519
2026-03-27T13:15:00Z,97.075,97.09,97.075,97.085,1854.0,97.083,300
2026-03-27T13:30:00Z,97.085,97.095,97.085,97.09,5235.0,97.089,566
2026-03-27T13:45:00Z,97.085,97.09,97.08,97.085,2015.0,97.084,291
2026-03-27T14:00:00Z,97.085,97.105,97.08,97.105,4629.0,97.096,427
2026-03-27T14:15:00Z,97.105,97.115,97.1,97.1,2884.0,97.1075,335
2026-03-27T14:30:00Z,97.1,97.1,97.085,97.095,3174.0,97.096,400
2026-03-27T14:45:00Z,97.095,97.105,97.095,97.1,2008.0,97.0985,194
2026-03-27T15:00:00Z,97.1,97.11,97.09,97.105,3138.0,97.101,422
2026-03-27T15:15:00Z,97.105,97.125,97.1,97.115,5004.0,97.114,681
2026-03-27T15:30:00Z,97.12,97.13,97.11,97.12,3796.0,97.1245,429
2026-03-27T15:45:00Z,97.115,97.12,97.105,97.105,2434.0,97.112,371
2026-03-27T16:00:00Z,97.105,97.105,97.085,97.09,5479.0,97.0935,762
2026-03-27T16:15:00Z,97.095,97.125,97.09,97.11,7129.0,97.111,813
2026-03-27T16:30:00Z,97.11,97.135,97.11,97.13,8291.0,97.127,862
2026-03-27T16:45:00Z,97.13,97.14,97.13,97.13,3401.0,97.1335,366
2026-03-27T17:00:00Z,97.13,97.135,97.11,97.11,5461.0,97.1205,581
2026-03-27T17:15:00Z,97.11,97.115,97.105,97.115,1495.0,97.11,140
2026-03-27T17:30:00Z,97.11,97.12,97.11,97.12,944.0,97.1125,112
2026-03-27T17:45:00Z,97.115,97.12,97.115,97.12,620.0,97.1195,67
2026-03-27T18:00:00Z,97.12,97.125,97.115,97.115,1352.0,97.1205,209
2026-03-27T18:15:00Z,97.115,97.115,97.11,97.115,542.0,97.1145,62
2026-03-27T18:30:00Z,97.115,97.115,97.11,97.115,656.0,97.1135,112
2026-03-27T18:45:00Z,97.115,97.115,97.115,97.115,91.0,97.115,10
2026-03-27T19:00:00Z,97.115,97.115,97.11,97.115,1090.0,97.112,135
2026-03-27T19:15:00Z,97.115,97.115,97.115,97.115,257.0,97.115,47
2026-03-27T19:30:00Z,97.11,97.11,97.105,97.105,2433.0,97.106,203
2026-03-27T19:45:00Z,97.105,97.115,97.105,97.11,1384.0,97.112,130
2026-03-27T20:00:00Z,97.11,97.115,97.11,97.115,582.0,97.1145,85
2026-03-27T20:15:00Z,97.115,97.115,97.105,97.105,21.0,97.1095,15
2026-03-27T20:30:00Z,97.105,97.105,97.105,97.105,78.0,97.105,7
2026-03-27T20:45:00Z,97.1,97.11,97.1,97.11,645.0,97.1045,97
2026-03-30T00:00:00Z,97.12,97.13,97.115,97.125,1177.0,97.1215,141
2026-03-30T00:15:00Z,97.125,97.145,97.115,97.145,555.0,97.1345,110
2026-03-30T00:30:00Z,97.14,97.14,97.14,97.14,140.0,97.14,11
2026-03-30T00:45:00Z,97.14,97.145,97.135,97.135,166.0,97.138,17
2026-03-30T01:00:00Z,97.14,97.145,97.135,97.145,251.0,97.1395,36
2026-03-30T01:15:00Z,97.14,97.14,97.14,97.14,180.0,97.14,20
2026-03-30T01:30:00Z,97.14,97.14,97.14,97.14,331.0,97.14,25
2026-03-30T01:45:00Z,97.14,97.145,97.14,97.145,263.0,97.1445,27
2026-03-30T02:00:00Z,97.14,97.145,97.14,97.145,2.0,97.1425,2
2026-03-30T02:15:00Z,97.14,97.14,97.135,97.135,270.0,97.1375,27
2026-03-30T02:30:00Z,97.14,97.145,97.14,97.145,48.0,97.1405,13
2026-03-30T02:45:00Z,97.145,97.15,97.145,97.15,288.0,97.1485,40
2026-03-30T03:00:00Z,97.15,97.155,97.15,97.155,269.0,97.15,23
2026-03-30T03:15:00Z,97.155,97.155,97.155,97.155,55.0,97.155,21
2026-03-30T03:30:00Z,97.155,97.155,97.155,97.155,0.0,97.155,0
2026-03-30T03:45:00Z,97.155,97.155,97.15,97.15,64.0,97.1515,8
2026-03-30T04:00:00Z,97.15,97.15,97.15,97.15,0.0,97.15,0
2026-03-30T04:15:00Z,97.15,97.15,97.15,97.15,0.0,97.15,0
2026-03-30T04:30:00Z,97.15,97.15,97.15,97.15,0.0,97.15,0
2026-03-30T04:45:00Z,97.15,97.15,97.15,97.15,537.0,97.15,21
2026-03-30T05:00:00Z,97.15,97.15,97.15,97.15,3.0,97.15,1
2026-03-30T05:15:00Z,97.155,97.155,97.155,97.155,113.0,97.155,14
2026-03-30T05:30:00Z,97.155,97.155,97.15,97.155,284.0,97.155,32
2026-03-30T05:45:00Z,97.155,97.155,97.15,97.155,570.0,97.1515,96
2026-03-30T06:00:00Z,97.15,97.165,97.15,97.165,1285.0,97.158,214
2026-03-30T06:15:00Z,97.165,97.165,97.16,97.16,527.0,97.1615,79
2026-03-30T06:30:00Z,97.16,97.165,97.155,97.155,1676.0,97.1585,144
2026-03-30T06:45:00Z,97.155,97.165,97.14,97.14,2569.0,97.151,333
2026-03-30T07:00:00Z,97.135,97.135,97.13,97.135,2967.0,97.134,379
2026-03-30T07:15:00Z,97.135,97.135,97.12,97.12,1145.0,97.1325,147
2026-03-30T07:30:00Z,97.12,97.12,97.115,97.12,1029.0,97.1195,217
2026-03-30T07:45:00Z,97.12,97.13,97.12,97.125,2046.0,97.1235,313
2026-03-30T08:00:00Z,97.125,97.125,97.115,97.125,3529.0,97.122,608
2026-03-30T08:15:00Z,97.12,97.125,97.12,97.12,1297.0,97.121,232
2026-03-30T08:30:00Z,97.12,97.135,97.12,97.125,949.0,97.1285,187
2026-03-30T08:45:00Z,97.125,97.125,97.115,97.125,1028.0,97.1205,177
2026-03-30T09:00:00Z,97.125,97.125,97.12,97.12,2600.0,97.1235,234
2026-03-30T09:15:00Z,97.12,97.12,97.105,97.105,3970.0,97.1115,602
2026-03-30T09:30:00Z,97.105,97.11,97.095,97.095,1587.0,97.102,305
2026-03-30T09:45:00Z,97.095,97.105,97.095,97.095,885.0,97.0985,281
2026-03-30T10:00:00Z,97.095,97.1,97.095,97.1,1179.0,97.099,276
2026-03-30T10:15:00Z,97.1,97.11,97.1,97.105,2234.0,97.1075,251
2026-03-30T10:30:00Z,97.105,97.105,97.1,97.105,1091.0,97.1045,124
2026-03-30T10:45:00Z,97.11,97.11,97.105,97.11,1500.0,97.11,118
2026-03-30T11:00:00Z,97.11,97.11,97.11,97.11,1381.0,97.11,188
2026-03-30T11:15:00Z,97.115,97.16,97.105,97.125,8484.0,97.126,1031
2026-03-30T11:30:00Z,97.125,97.13,97.115,97.125,4146.0,97.1235,393
2026-03-30T11:45:00Z,97.125,97.135,97.12,97.135,2453.0,97.133,331
2026-03-30T12:00:00Z,97.135,97.15,97.135,97.145,3730.0,97.1415,329
2026-03-30T12:15:00Z,97.145,97.16,97.145,97.155,2295.0,97.1505,317
2026-03-30T12:30:00Z,97.155,97.165,97.155,97.165,1041.0,97.157,161
2026-03-30T12:45:00Z,97.165,97.165,97.155,97.16,1796.0,97.1615,229
2026-03-30T13:00:00Z,97.16,97.17,97.155,97.16,4752.0,97.16,475
2026-03-30T13:15:00Z,97.165,97.17,97.16,97.165,3892.0,97.1645,397
2026-03-30T13:30:00Z,97.17,97.17,97.16,97.16,3203.0,97.1675,384
2026-03-30T13:45:00Z,97.16,97.17,97.16,97.165,2210.0,97.166,217
2026-03-30T14:00:00Z,97.165,97.17,97.16,97.165,3161.0,97.164,350
2026-03-30T14:15:00Z,97.165,97.17,97.16,97.17,3389.0,97.166,284
2026-03-30T14:30:00Z,97.17,97.175,97.165,97.175,2369.0,97.1695,293
2026-03-30T14:45:00Z,97.175,97.185,97.165,97.185,4803.0,97.174,411
2026-03-30T15:00:00Z,97.185,97.185,97.17,97.18,3232.0,97.18,577
2026-03-30T15:15:00Z,97.175,97.18,97.17,97.18,2467.0,97.1755,320
2026-03-30T15:30:00Z,97.18,97.185,97.175,97.185,1772.0,97.183,377
2026-03-30T15:45:00Z,97.185,97.19,97.18,97.185,3433.0,97.185,325
2026-03-30T16:00:00Z,97.185,97.19,97.185,97.185,1723.0,97.1855,180
2026-03-30T16:15:00Z,97.185,97.19,97.185,97.185,1457.0,97.1895,127
2026-03-30T16:30:00Z,97.19,97.19,97.185,97.185,626.0,97.1895,52
2026-03-30T16:45:00Z,97.19,97.19,97.185,97.185,24.0,97.185,12
2026-03-30T17:00:00Z,97.185,97.185,97.185,97.185,2190.0,97.185,122
2026-03-30T17:15:00Z,97.18,97.18,97.175,97.175,614.0,97.176,111
2026-03-30T17:30:00Z,97.175,97.175,97.175,97.175,1099.0,97.175,125
2026-03-30T17:45:00Z,97.175,97.175,97.17,97.17,461.0,97.1735,62
2026-03-30T18:00:00Z,97.17,97.175,97.17,97.175,183.0,97.17,28
2026-03-30T18:15:00Z,97.17,97.17,97.17,97.17,525.0,97.17,34
2026-03-30T18:30:00Z,97.165,97.165,97.165,97.165,12.0,97.165,7
2026-03-30T18:45:00Z,97.17,97.17,97.17,97.17,42.0,97.17,7
2026-03-30T19:00:00Z,97.165,97.165,97.165,97.165,403.0,97.165,52
2026-03-30T19:15:00Z,97.165,97.17,97.165,97.17,169.0,97.1695,102
2026-03-30T19:30:00Z,97.17,97.17,97.17,97.17,0.0,97.17,0
2026-03-30T19:45:00Z,97.165,97.17,97.165,97.17,246.0,97.165,13
2026-03-31T00:00:00Z,97.165,97.165,97.155,97.155,475.0,97.1555,26
2026-03-31T00:15:00Z,97.155,97.155,97.155,97.155,58.0,97.155,7
2026-03-31T00:30:00Z,97.16,97.17,97.16,97.165,870.0,97.164,75
2026-03-31T00:45:00Z,97.17,97.18,97.17,97.175,238.0,97.1765,38
2026-03-31T01:00:00Z,97.175,97.175,97.17,97.17,20.0,97.171,10
2026-03-31T01:15:00Z,97.175,97.175,97.175,97.175,26.0,97.175,6
2026-03-31T01:30:00Z,97.185,97.19,97.185,97.19,1181.0,97.189,80
2026-03-31T01:45:00Z,97.19,97.195,97.19,97.19,1096.0,97.191,112
2026-03-31T02:00:00Z,97.19,97.19,97.19,97.19,37.0,97.19,8
2026-03-31T02:15:00Z,97.19,97.19,97.19,97.19,0.0,97.19,0
2026-03-31T02:30:00Z,97.19,97.19,97.19,97.19,67.0,97.19,7
2026-03-31T02:45:00Z,97.195,97.195,97.195,97.195,136.0,97.195,4
2026-03-31T03:00:00Z,97.195,97.2,97.195,97.2,396.0,97.195,58
2026-03-31T03:15:00Z,97.2,97.2,97.195,97.195,405.0,97.195,13
2026-03-31T03:30:00Z,97.195,97.195,97.195,97.195,27.0,97.195,5
2026-03-31T03:45:00Z,97.19,97.19,97.19,97.19,94.0,97.19,5
2026-03-31T04:00:00Z,97.19,97.19,97.19,97.19,0.0,97.19,0
2026-03-31T04:15:00Z,97.19,97.19,97.19,97.19,0.0,97.19,0
2026-03-31T04:30:00Z,97.19,97.19,97.19,97.19,0.0,97.19,0
2026-03-31T04:45:00Z,97.2,97.2,97.2,97.2,1560.0,97.2,15
2026-03-31T05:00:00Z,97.2,97.205,97.2,97.205,408.0,97.2005,20
2026-03-31T05:15:00Z,97.205,97.205,97.2,97.2,107.0,97.205,9
2026-03-31T05:30:00Z,97.2,97.2,97.2,97.2,8.0,97.2,6
2026-03-31T05:45:00Z,97.205,97.205,97.205,97.205,90.0,97.205,24
2026-03-31T06:00:00Z,97.205,97.21,97.195,97.195,986.0,97.201,205
2026-03-31T06:15:00Z,97.195,97.2,97.195,97.195,1639.0,97.1955,224
2026-03-31T06:30:00Z,97.2,97.2,97.185,97.185,792.0,97.1895,111
2026-03-31T06:45:00Z,97.185,97.19,97.185,97.185,1340.0,97.187,320
2026-03-31T07:00:00Z,97.185,97.185,97.16,97.16,3022.0,97.168,336
2026-03-31T07:15:00Z,97.155,97.175,97.155,97.175,3474.0,97.1625,349
2026-03-31T07:30:00Z,97.175,97.19,97.175,97.19,2614.0,97.182,308
2026-03-31T07:45:00Z,97.19,97.215,97.18,97.205,11710.0,97.197,1086
2026-03-31T08:00:00Z,97.205,97.205,97.19,97.195,1530.0,97.197,217
2026-03-31T08:15:00Z,97.195,97.195,97.185,97.19,1763.0,97.1915,247
2026-03-31T08:30:00Z,97.19,97.19,97.175,97.18,1080.0,97.183,164
2026-03-31T08:45:00Z,97.18,97.185,97.17,97.18,2332.0,97.1795,304
2026-03-31T09:00:00Z,97.185,97.195,97.17,97.18,2718.0,97.1805,316
2026-03-31T09:15:00Z,97.18,97.185,97.175,97.175,1935.0,97.179,340
2026-03-31T09:30:00Z,97.18,97.18,97.17,97.175,2236.0,97.176,350
2026-03-31T09:45:00Z,97.17,97.175,97.17,97.17,1426.0,97.171,173
2026-03-31T10:00:00Z,97.175,97.175,97.17,97.17,1571.0,97.171,203
2026-03-31T10:15:00Z,97.17,97.17,97.165,97.17,1403.0,97.1675,236
2026-03-31T10:30:00Z,97.17,97.17,97.14,97.145,2190.0,97.154,322
2026-03-31T10:45:00Z,97.14,97.16,97.14,97.16,6783.0,97.154,473
2026-03-31T11:00:00Z,97.16,97.18,97.14,97.155,9737.0,97.1525,894
2026-03-31T11:15:00Z,97.155,97.18,97.155,97.18,4599.0,97.1705,527
2026-03-31T11:30:00Z,97.175,97.195,97.17,97.195,3381.0,97.1795,355
2026-03-31T11:45:00Z,97.19,97.195,97.18,97.18,3221.0,97.1855,346
2026-03-31T12:00:00Z,97.185,97.19,97.17,97.17,5764.0,97.179,528
2026-03-31T12:15:00Z,97.175,97.195,97.175,97.195,5073.0,97.1855,657
2026-03-31T12:30:00Z,97.19,97.195,97.185,97.19,2487.0,97.1915,283
2026-03-31T12:45:00Z,97.185,97.19,97.185,97.185,2912.0,97.1865,183
2026-03-31T13:00:00Z,97.19,97.19,97.18,97.185,1505.0,97.1865,202
2026-03-31T13:15:00Z,97.19,97.2,97.19,97.195,2485.0,97.1945,343
2026-03-31T13:30:00Z,97.195,97.2,97.19,97.195,3427.0,97.197,464
2026-03-31T13:45:00Z,97.2,97.205,97.195,97.2,2768.0,97.2005,384
2026-03-31T14:00:00Z,97.2,97.2,97.19,97.2,5829.0,97.197,357
2026-03-31T14:15:00Z,97.2,97.205,97.185,97.185,6044.0,97.193,656
2026-03-31T14:30:00Z,97.185,97.19,97.17,97.18,3516.0,97.1795,541
2026-03-31T14:45:00Z,97.18,97.19,97.175,97.185,2387.0,97.18,376
2026-03-31T15:00:00Z,97.18,97.19,97.17,97.18,8981.0,97.182,2136
2026-03-31T15:15:00Z,97.185,97.195,97.18,97.19,6547.0,97.19,1005
2026-03-31T15:30:00Z,97.19,97.195,97.185,97.19,3000.0,97.1905,406
2026-03-31T15:45:00Z,97.19,97.195,97.19,97.19,3532.0,97.1925,377
2026-03-31T16:00:00Z,97.19,97.195,97.19,97.19,1131.0,97.1925,164
2026-03-31T16:15:00Z,97.19,97.19,97.185,97.19,1340.0,97.19,60
2026-03-31T16:30:00Z,97.185,97.275,97.185,97.245,24635.0,97.2435,2364
2026-03-31T16:45:00Z,97.245,97.28,97.225,97.25,10935.0,97.2505,1208
2026-03-31T17:00:00Z,97.255,97.265,97.24,97.25,4499.0,97.252,606
2026-03-31T17:15:00Z,97.25,97.26,97.25,97.25,8217.0,97.2525,484
2026-03-31T17:30:00Z,97.25,97.255,97.24,97.245,2165.0,97.2465,165
2026-03-31T17:45:00Z,97.25,97.25,97.24,97.24,1084.0,97.2455,94
2026-03-31T18:00:00Z,97.24,97.25,97.24,97.25,502.0,97.244,46
2026-03-31T18:15:00Z,97.25,97.255,97.25,97.255,592.0,97.25,64
2026-03-31T18:30:00Z,97.255,97.255,97.25,97.25,1393.0,97.254,63
2026-03-31T18:45:00Z,97.25,97.255,97.245,97.255,1492.0,97.2545,130
2026-03-31T19:00:00Z,97.25,97.25,97.24,97.25,541.0,97.249,47
2026-03-31T19:15:00Z,97.25,97.25,97.25,97.25,289.0,97.25,33
2026-03-31T19:30:00Z,97.255,97.255,97.25,97.25,1678.0,97.2515,98
2026-03-31T19:45:00Z,97.25,97.255,97.25,97.25,2316.0,97.25,107
2026-04-01T00:00:00Z,97.25,97.26,97.25,97.26,1537.0,97.2565,122
2026-04-01T00:15:00Z,97.26,97.26,97.255,97.255,751.0,97.2565,73
2026-04-01T00:30:00Z,97.26,97.26,97.26,97.26,889.0,97.26,39
2026-04-01T00:45:00Z,97.26,97.26,97.26,97.26,151.0,97.26,11
2026-04-01T01:00:00Z,97.26,97.26,97.255,97.255,419.0,97.258,56
2026-04-01T01:15:00Z,97.255,97.255,97.255,97.255,740.0,97.255,44
2026-04-01T01:30:00Z,97.255,97.255,97.255,97.255,1331.0,97.255,96
2026-04-01T01:45:00Z,97.255,97.26,97.255,97.26,134.0,97.2555,12
2026-04-01T02:00:00Z,97.26,97.26,97.26,97.26,94.0,97.26,6
2026-04-01T02:15:00Z,97.265,97.265,97.26,97.26,297.0,97.2605,13
2026-04-01T02:30:00Z,97.26,97.26,97.26,97.26,9.0,97.26,1
2026-04-01T02:45:00Z,97.255,97.26,97.255,97.26,151.0,97.26,9
2026-04-01T03:00:00Z,97.255,97.255,97.255,97.255,23.0,97.255,13
2026-04-01T03:15:00Z,97.255,97.255,97.255,97.255,0.0,97.255,0
2026-04-01T03:30:00Z,97.265,97.265,97.265,97.265,100.0,97.265,14
2026-04-01T03:45:00Z,97.265,97.265,97.265,97.265,0.0,97.265,0
2026-04-01T04:00:00Z,97.265,97.265,97.265,97.265,0.0,97.265,0
2026-04-01T04:15:00Z,97.265,97.265,97.265,97.265,234.0,97.265,28
2026-04-01T04:30:00Z,97.265,97.265,97.265,97.265,31.0,97.265,3
2026-04-01T04:45:00Z,97.265,97.265,97.265,97.265,84.0,97.265,4
2026-04-01T05:00:00Z,97.265,97.265,97.265,97.265,19.0,97.265,1
2026-04-01T05:15:00Z,97.27,97.27,97.27,97.27,456.0,97.27,103
2026-04-01T05:30:00Z,97.27,97.28,97.27,97.28,872.0,97.2785,76
2026-04-01T05:45:00Z,97.285,97.305,97.285,97.295,5171.0,97.297,241
2026-04-01T06:00:00Z,97.295,97.295,97.28,97.28,2581.0,97.2815,266
2026-04-01T06:15:00Z,97.285,97.295,97.27,97.29,4435.0,97.281,445
2026-04-01T06:30:00Z,97.29,97.33,97.29,97.33,11439.0,97.3125,1051
2026-04-01T06:45:00Z,97.325,97.33,97.32,97.33,6122.0,97.327,782
2026-04-01T07:00:00Z,97.33,97.33,97.31,97.315,8637.0,97.3165,926
2026-04-01T07:15:00Z,97.315,97.325,97.31,97.315,5767.0,97.32,605
2026-04-01T07:30:00Z,97.315,97.315,97.305,97.31,3960.0,97.309,546
2026-04-01T07:45:00Z,97.31,97.31,97.265,97.265,9311.0,97.2825,921
2026-04-01T08:00:00Z,97.26,97.285,97.26,97.285,3913.0,97.273,389
2026-04-01T08:15:00Z,97.285,97.3,97.28,97.29,3534.0,97.2915,460
2026-04-01T08:30:00Z,97.29,97.295,97.285,97.295,2025.0,97.2885,236
2026-04-01T08:45:00Z,97.29,97.29,97.275,97.28,2856.0,97.2855,437
2026-04-01T09:00:00Z,97.285,97.29,97.275,97.28,1576.0,97.2805,171
2026-04-01T09:15:00Z,97.28,97.285,97.27,97.27,3555.0,97.273,477
2026-04-01T09:30:00Z,97.265,97.285,97.265,97.28,2583.0,97.2755,280
2026-04-01T09:45:00Z,97.28,97.29,97.275,97.28,3760.0,97.2825,331
2026-04-01T10:00:00Z,97.28,97.285,97.275,97.275,4443.0,97.276,317
2026-04-01T10:15:00Z,97.27,97.285,97.27,97.28,2408.0,97.277,200
2026-04-01T10:30:00Z,97.285,97.29,97.28,97.29,1602.0,97.2835,189
2026-04-01T10:45:00Z,97.285,97.29,97.28,97.285,3762.0,97.2875,337
2026-04-01T11:00:00Z,97.29,97.29,97.28,97.285,899.0,97.285,118
2026-04-01T11:15:00Z,97.285,97.29,97.285,97.29,1319.0,97.2875,115
2026-04-01T11:30:00Z,97.29,97.305,97.29,97.295,2825.0,97.299,510
2026-04-01T11:45:00Z,97.295,97.3,97.295,97.295,1312.0,97.2965,205
2026-04-01T12:00:00Z,97.295,97.295,97.275,97.28,4412.0,97.2865,365
2026-04-01T12:15:00Z,97.28,97.28,97.26,97.27,6950.0,97.269,820
2026-04-01T12:30:00Z,97.275,97.3,97.26,97.29,8166.0,97.2695,690
2026-04-01T12:45:00Z,97.28,97.29,97.245,97.245,10336.0,97.2615,1071
2026-04-01T13:00:00Z,97.25,97.255,97.24,97.25,3392.0,97.2475,414
2026-04-01T13:15:00Z,97.25,97.25,97.235,97.24,2600.0,97.2415,379
2026-04-01T13:30:00Z,97.24,97.255,97.235,97.24,5532.0,97.246,689
2026-04-01T13:45:00Z,97.24,97.245,97.225,97.235,5148.0,97.2335,518
2026-04-01T14:00:00Z,97.235,97.235,97.225,97.225,2619.0,97.2285,366
2026-04-01T14:15:00Z,97.225,97.235,97.22,97.23,2641.0,97.227,396
2026-04-01T14:30:00Z,97.23,97.24,97.23,97.23,5447.0,97.2345,682
2026-04-01T14:45:00Z,97.23,97.24,97.23,97.235,2861.0,97.2345,416
2026-04-01T15:00:00Z,97.235,97.25,97.235,97.24,4301.0,97.2445,1074
2026-04-01T15:15:00Z,97.24,97.25,97.235,97.24,5561.0,97.2425,597
2026-04-01T15:30:00Z,97.235,97.245,97.235,97.24,1360.0,97.2385,364
2026-04-01T15:45:00Z,97.24,97.25,97.235,97.245,2614.0,97.2405,848
2026-04-01T16:00:00Z,97.245,97.25,97.24,97.24,2126.0,97.245,507
2026-04-01T16:15:00Z,97.24,97.25,97.235,97.25,3036.0,97.241,286
2026-04-01T16:30:00Z,97.25,97.25,97.245,97.25,278.0,97.25,56
2026-04-01T16:45:00Z,97.25,97.25,97.25,97.25,171.0,97.25,44
2026-04-01T17:00:00Z,97.25,97.25,97.245,97.25,599.0,97.2485,107
2026-04-01T17:15:00Z,97.25,97.25,97.25,97.25,32.0,97.25,8
2026-04-01T17:30:00Z,97.245,97.25,97.24,97.25,611.0,97.247,37
2026-04-01T17:45:00Z,97.245,97.255,97.245,97.25,380.0,97.25,51
2026-04-01T18:00:00Z,97.25,97.25,97.245,97.245,163.0,97.247,21
2026-04-01T18:15:00Z,97.245,97.245,97.245,97.245,164.0,97.245,25
2026-04-01T18:30:00Z,97.24,97.245,97.24,97.245,170.0,97.241,25
2026-04-01T18:45:00Z,97.245,97.245,97.245,97.245,7.0,97.245,5
2026-04-01T19:00:00Z,97.245,97.245,97.24,97.24,21.0,97.2445,11
2026-04-01T19:15:00Z,97.24,97.24,97.24,97.24,155.0,97.24,17
2026-04-01T19:30:00Z,97.24,97.245,97.24,97.245,180.0,97.2405,55
2026-04-01T19:45:00Z,97.24,97.245,97.24,97.245,422.0,97.2425,117
2026-04-02T00:00:00Z,97.25,97.25,97.245,97.245,15.0,97.246,7
2026-04-02T00:15:00Z,97.245,97.25,97.245,97.25,34.0,97.245,3
2026-04-02T00:30:00Z,97.25,97.25,97.25,97.25,19.0,97.25,11
2026-04-02T00:45:00Z,97.255,97.255,97.255,97.255,193.0,97.255,23
2026-04-02T01:00:00Z,97.255,97.255,97.22,97.24,1631.0,97.2335,178
2026-04-02T01:15:00Z,97.23,97.235,97.19,97.195,2555.0,97.202,290
2026-04-02T01:30:00Z,97.195,97.195,97.185,97.185,973.0,97.1865,112
2026-04-02T01:45:00Z,97.18,97.185,97.175,97.175,891.0,97.1785,174
2026-04-02T02:00:00Z,97.175,97.175,97.17,97.17,242.0,97.17,16
2026-04-02T02:15:00Z,97.175,97.18,97.175,97.175,1175.0,97.177,85
2026-04-02T02:30:00Z,97.175,97.18,97.175,97.18,88.0,97.175,9
2026-04-02T02:45:00Z,97.18,97.18,97.18,97.18,55.0,97.18,7
2026-04-02T03:00:00Z,97.175,97.175,97.17,97.17,408.0,97.172,45
2026-04-02T03:15:00Z,97.17,97.17,97.17,97.17,454.0,97.17,15
2026-04-02T03:30:00Z,97.17,97.17,97.165,97.165,47.0,97.165,19
2026-04-02T03:45:00Z,97.17,97.17,97.165,97.165,224.0,97.165,31
2026-04-02T04:00:00Z,97.17,97.17,97.16,97.16,306.0,97.162,32
2026-04-02T04:15:00Z,97.165,97.165,97.16,97.16,361.0,97.16,66
2026-04-02T04:30:00Z,97.16,97.16,97.16,97.16,240.0,97.16,23
2026-04-02T04:45:00Z,97.16,97.16,97.16,97.16,24.0,97.16,12
2026-04-02T05:00:00Z,97.16,97.16,97.16,97.16,276.0,97.16,19
2026-04-02T05:15:00Z,97.16,97.165,97.16,97.16,56.0,97.16,14
2026-04-02T05:30:00Z,97.165,97.165,97.16,97.16,177.0,97.16,52
2026-04-02T05:45:00Z,97.16,97.17,97.16,97.165,538.0,97.164,125
2026-04-02T06:00:00Z,97.16,97.175,97.16,97.17,952.0,97.1725,153
2026-04-02T06:15:00Z,97.17,97.18,97.17,97.17,3070.0,97.172,312
2026-04-02T06:30:00Z,97.165,97.175,97.165,97.17,2168.0,97.168,294
2026-04-02T06:45:00Z,97.17,97.17,97.15,97.16,1090.0,97.157,220
2026-04-02T07:00:00Z,97.16,97.165,97.15,97.16,2090.0,97.1605,293
2026-04-02T07:15:00Z,97.16,97.185,97.16,97.18,2771.0,97.1725,303
2026-04-02T07:30:00Z,97.18,97.2,97.175,97.19,2051.0,97.1855,246
2026-04-02T07:45:00Z,97.19,97.2,97.185,97.195,893.0,97.1895,187
2026-04-02T08:00:00Z,97.195,97.195,97.185,97.19,1836.0,97.19,250
2026-04-02T08:15:00Z,97.19,97.195,97.185,97.185,1083.0,97.189,152
2026-04-02T08:30:00Z,97.19,97.2,97.19,97.19,897.0,97.194,115
2026-04-02T08:45:00Z,97.19,97.195,97.18,97.185,1135.0,97.1885,134
2026-04-02T09:00:00Z,97.185,97.19,97.185,97.19,954.0,97.1875,308
2026-04-02T09:15:00Z,97.185,97.195,97.185,97.195,1282.0,97.189,294
2026-04-02T09:30:00Z,97.195,97.2,97.185,97.19,1781.0,97.193,204
2026-04-02T09:45:00Z,97.19,97.205,97.19,97.205,1030.0,97.1995,178
2026-04-02T10:00:00Z,97.205,97.205,97.195,97.195,1909.0,97.1995,394
2026-04-02T10:15:00Z,97.195,97.195,97.18,97.18,244.0,97.188,64
2026-04-02T10:30:00Z,97.185,97.185,97.175,97.18,3943.0,97.177,399
2026-04-02T10:45:00Z,97.175,97.18,97.165,97.17,1188.0,97.172,211
2026-04-02T11:00:00Z,97.17,97.17,97.155,97.16,4209.0,97.166,345
2026-04-02T11:15:00Z,97.16,97.16,97.145,97.145,5211.0,97.153,609
2026-04-02T11:30:00Z,97.145,97.145,97.14,97.145,4670.0,97.145,491
2026-04-02T11:45:00Z,97.14,97.16,97.14,97.15,3091.0,97.15,541
2026-04-02T12:00:00Z,97.155,97.16,97.155,97.155,4230.0,97.159,418
2026-04-02T12:15:00Z,97.155,97.16,97.145,97.15,3463.0,97.154,359
2026-04-02T12:30:00Z,97.15,97.155,97.145,97.15,1517.0,97.1495,148
2026-04-02T12:45:00Z,97.15,97.15,97.14,97.14,1570.0,97.143,244
2026-04-02T13:00:00Z,97.135,97.14,97.135,97.14,3500.0,97.1375,225
2026-04-02T13:15:00Z,97.14,97.15,97.14,97.145,2512.0,97.148,240
2026-04-02T13:30:00Z,97.145,97.155,97.145,97.145,2643.0,97.1475,782
2026-04-02T13:45:00Z,97.15,97.175,97.145,97.175,5302.0,97.1615,445
2026-04-02T14:00:00Z,97.175,97.18,97.17,97.175,2358.0,97.173,269
2026-04-02T14:15:00Z,97.175,97.185,97.175,97.18,4689.0,97.1795,492
2026-04-02T14:30:00Z,97.18,97.23,97.175,97.215,11931.0,97.208,1332
2026-04-02T14:45:00Z,97.215,97.215,97.2,97.205,8470.0,97.2085,569
2026-04-02T15:00:00Z,97.2,97.215,97.195,97.2,5419.0,97.2035,942
2026-04-02T15:15:00Z,97.205,97.215,97.195,97.2,3008.0,97.203,456
2026-04-02T15:30:00Z,97.2,97.22,97.2,97.22,4336.0,97.209,389
2026-04-02T15:45:00Z,97.215,97.215,97.205,97.21,3668.0,97.209,281
2026-04-02T16:00:00Z,97.21,97.21,97.195,97.195,2002.0,97.201,476
2026-04-02T16:15:00Z,97.195,97.21,97.195,97.205,2052.0,97.201,242
2026-04-02T16:30:00Z,97.205,97.205,97.2,97.2,2365.0,97.202,227
2026-04-02T16:45:00Z,97.2,97.205,97.195,97.2,1265.0,97.2,81
2026-04-02T17:00:00Z,97.205,97.21,97.2,97.21,595.0,97.205,115
2026-04-02T17:15:00Z,97.205,97.21,97.205,97.205,1318.0,97.205,74
2026-04-02T17:30:00Z,97.205,97.205,97.205,97.205,14.0,97.205,10
2026-04-02T17:45:00Z,97.205,97.205,97.2,97.2,541.0,97.202,89
2026-04-02T18:00:00Z,97.2,97.2,97.2,97.2,45.0,97.2,6
2026-04-02T18:15:00Z,97.195,97.195,97.195,97.195,116.0,97.195,11
2026-04-02T18:30:00Z,97.195,97.195,97.195,97.195,164.0,97.195,14
2026-04-02T18:45:00Z,97.19,97.2,97.19,97.2,665.0,97.195,136
2026-04-02T19:00:00Z,97.2,97.2,97.2,97.2,555.0,97.2,54
2026-04-02T19:15:00Z,97.2,97.205,97.2,97.2,64.0,97.2,6
2026-04-02T19:30:00Z,97.2,97.205,97.195,97.195,62.0,97.1995,19
2026-04-02T19:45:00Z,97.2,97.21,97.195,97.205,865.0,97.2035,172
2026-04-07T00:00:00Z,97.185,97.19,97.175,97.175,941.0,97.1835,108
2026-04-07T00:15:00Z,97.18,97.2,97.18,97.195,707.0,97.186,80
2026-04-07T00:30:00Z,97.19,97.19,97.18,97.185,368.0,97.1865,58
2026-04-07T00:45:00Z,97.19,97.195,97.19,97.195,144.0,97.1925,50
2026-04-07T01:00:00Z,97.19,97.2,97.19,97.19,182.0,97.1965,40
2026-04-07T01:15:00Z,97.19,97.195,97.19,97.19,127.0,97.1915,47
2026-04-07T01:30:00Z,97.19,97.19,97.175,97.18,391.0,97.18,59
2026-04-07T01:45:00Z,97.18,97.18,97.17,97.17,391.0,97.1755,63
2026-04-07T02:00:00Z,97.17,97.17,97.17,97.17,133.0,97.17,48
2026-04-07T02:15:00Z,97.17,97.17,97.17,97.17,124.0,97.17,20
2026-04-07T02:30:00Z,97.165,97.17,97.165,97.165,105.0,97.166,39
2026-04-07T02:45:00Z,97.165,97.165,97.165,97.165,121.0,97.165,51
2026-04-07T03:00:00Z,97.17,97.17,97.16,97.16,140.0,97.165,45
2026-04-07T03:15:00Z,97.17,97.17,97.17,97.17,73.0,97.17,3
2026-04-07T03:30:00Z,97.17,97.17,97.17,97.17,0.0,97.17,0
2026-04-07T03:45:00Z,97.17,97.17,97.17,97.17,0.0,97.17,0
2026-04-07T04:00:00Z,97.165,97.165,97.165,97.165,2.0,97.165,2
2026-04-07T04:15:00Z,97.165,97.165,97.165,97.165,90.0,97.165,15
2026-04-07T04:30:00Z,97.17,97.17,97.165,97.165,673.0,97.165,35
2026-04-07T04:45:00Z,97.165,97.165,97.165,97.165,30.0,97.165,10
2026-04-07T05:00:00Z,97.165,97.165,97.165,97.165,59.0,97.165,10
2026-04-07T05:15:00Z,97.165,97.165,97.165,97.165,103.0,97.165,27
2026-04-07T05:30:00Z,97.16,97.16,97.16,97.16,235.0,97.16,35
2026-04-07T05:45:00Z,97.165,97.165,97.165,97.165,19.0,97.165,4
2026-04-07T06:00:00Z,97.165,97.17,97.15,97.16,2019.0,97.16,264
2026-04-07T06:15:00Z,97.16,97.17,97.16,97.165,509.0,97.1625,100
2026-04-07T06:30:00Z,97.165,97.17,97.155,97.165,1577.0,97.161,160
2026-04-07T06:45:00Z,97.16,97.165,97.16,97.165,969.0,97.164,194
2026-04-07T07:00:00Z,97.165,97.175,97.16,97.165,2569.0,97.167,272
2026-04-07T07:15:00Z,97.165,97.17,97.155,97.155,1367.0,97.164,242
2026-04-07T07:30:00Z,97.16,97.165,97.15,97.15,1590.0,97.1595,195
2026-04-07T07:45:00Z,97.155,97.155,97.14,97.145,1817.0,97.1465,296
2026-04-07T08:00:00Z,97.15,97.18,97.15,97.17,5582.0,97.163,631
2026-04-07T08:15:00Z,97.165,97.175,97.16,97.165,2765.0,97.1705,400
2026-04-07T08:30:00Z,97.165,97.18,97.165,97.175,1884.0,97.174,300
2026-04-07T08:45:00Z,97.175,97.185,97.17,97.18,5385.0,97.1775,456
2026-04-07T09:00:00Z,97.18,97.19,97.175,97.19,5002.0,97.1845,620
2026-04-07T09:15:00Z,97.185,97.19,97.185,97.19,2676.0,97.189,387
2026-04-07T09:30:00Z,97.185,97.205,97.185,97.205,7305.0,97.1945,697
2026-04-07T09:45:00Z,97.205,97.205,97.195,97.205,8591.0,97.203,723
2026-04-07T10:00:00Z,97.2,97.2,97.16,97.19,6326.0,97.186,669
2026-04-07T10:15:00Z,97.19,97.19,97.16,97.175,3222.0,97.172,386
2026-04-07T10:30:00Z,97.175,97.175,97.15,97.16,1550.0,97.1655,192
2026-04-07T10:45:00Z,97.16,97.16,97.15,97.155,795.0,97.1545,164
2026-04-07T11:00:00Z,97.155,97.16,97.15,97.155,1750.0,97.158,284
2026-04-07T11:15:00Z,97.16,97.16,97.15,97.15,2898.0,97.1555,334
2026-04-07T11:30:00Z,97.15,97.16,97.145,97.16,1671.0,97.149,232
2026-04-07T11:45:00Z,97.155,97.155,97.145,97.145,1519.0,97.1475,187
2026-04-07T12:00:00Z,97.145,97.155,97.13,97.145,5092.0,97.1405,664
2026-04-07T12:15:00Z,97.14,97.155,97.135,97.155,3898.0,97.15,429
2026-04-07T12:30:00Z,97.155,97.16,97.145,97.145,3195.0,97.152,371
2026-04-07T12:45:00Z,97.145,97.15,97.13,97.13,5597.0,97.1405,590
2026-04-07T13:00:00Z,97.13,97.14,97.13,97.135,3329.0,97.1345,347
2026-04-07T13:15:00Z,97.135,97.135,97.125,97.13,2034.0,97.1315,288
2026-04-07T13:30:00Z,97.135,97.135,97.11,97.11,4342.0,97.1185,616
2026-04-07T13:45:00Z,97.11,97.12,97.105,97.11,2614.0,97.1135,310
2026-04-07T14:00:00Z,97.105,97.11,97.095,97.095,3004.0,97.1015,495
2026-04-07T14:15:00Z,97.095,97.105,97.09,97.09,2965.0,97.0975,483
2026-04-07T14:30:00Z,97.09,97.11,97.085,97.085,5763.0,97.0975,720
2026-04-07T14:45:00Z,97.09,97.1,97.07,97.07,6219.0,97.0875,522
2026-04-07T15:00:00Z,97.07,97.08,97.065,97.07,13252.0,97.07,1264
2026-04-07T15:15:00Z,97.07,97.09,97.07,97.085,6384.0,97.0835,762
2026-04-07T15:30:00Z,97.085,97.095,97.085,97.095,4924.0,97.087,629
2026-04-07T15:45:00Z,97.09,97.1,97.09,97.1,3114.0,97.0975,300
2026-04-07T16:00:00Z,97.1,97.105,97.095,97.095,8741.0,97.1,626
2026-04-07T16:15:00Z,97.095,97.115,97.085,97.1,2971.0,97.097,424
2026-04-07T16:30:00Z,97.105,97.115,97.105,97.11,3565.0,97.109,254
2026-04-07T16:45:00Z,97.11,97.12,97.11,97.11,5611.0,97.1145,443
2026-04-07T17:00:00Z,97.11,97.125,97.11,97.125,1538.0,97.116,118
2026-04-07T17:15:00Z,97.125,97.125,97.12,97.125,466.0,97.124,64
2026-04-07T17:30:00Z,97.13,97.14,97.13,97.135,674.0,97.133,123
2026-04-07T17:45:00Z,97.13,97.135,97.13,97.13,311.0,97.1305,40
2026-04-07T18:00:00Z,97.13,97.135,97.13,97.13,234.0,97.1305,50
2026-04-07T18:15:00Z,97.13,97.135,97.13,97.13,232.0,97.132,32
2026-04-07T18:30:00Z,97.13,97.13,97.125,97.125,816.0,97.125,50
2026-04-07T18:45:00Z,97.12,97.13,97.12,97.125,352.0,97.123,46
2026-04-07T19:00:00Z,97.125,97.135,97.125,97.125,1324.0,97.128,102
2026-04-07T19:15:00Z,97.13,97.15,97.13,97.135,2155.0,97.1415,177
2026-04-07T19:30:00Z,97.135,97.145,97.135,97.145,534.0,97.1395,35
2026-04-07T19:45:00Z,97.145,97.225,97.145,97.17,13699.0,97.1845,1652
2026-04-08T00:00:00Z,97.325,97.385,97.32,97.365,7035.0,97.359,789
2026-04-08T00:15:00Z,97.365,97.385,97.36,97.365,3909.0,97.3695,249
2026-04-08T00:30:00Z,97.36,97.38,97.35,97.375,7361.0,97.361,811
2026-04-08T00:45:00Z,97.375,97.39,97.375,97.375,1306.0,97.378,205
2026-04-08T01:00:00Z,97.38,97.385,97.375,97.375,1009.0,97.3795,174
2026-04-08T01:15:00Z,97.375,97.38,97.36,97.365,1472.0,97.375,144
2026-04-08T01:30:00Z,97.365,97.385,97.365,97.38,624.0,97.3775,82
2026-04-08T01:45:00Z,97.38,97.38,97.365,97.375,1157.0,97.375,112
2026-04-08T02:00:00Z,97.38,97.385,97.365,97.365,596.0,97.379,112
2026-04-08T02:15:00Z,97.37,97.375,97.365,97.37,528.0,97.37,67
2026-04-08T02:30:00Z,97.37,97.38,97.37,97.375,1099.0,97.372,106
2026-04-08T02:45:00Z,97.37,97.38,97.37,97.375,555.0,97.3755,93
2026-04-08T03:00:00Z,97.38,97.38,97.37,97.37,176.0,97.375,29
2026-04-08T03:15:00Z,97.37,97.375,97.365,97.375,261.0,97.3745,40
2026-04-08T03:30:00Z,97.375,97.38,97.37,97.37,432.0,97.375,59
2026-04-08T03:45:00Z,97.37,97.375,97.365,97.37,1128.0,97.37,66
2026-04-08T04:00:00Z,97.37,97.375,97.37,97.37,237.0,97.3725,44
2026-04-08T04:15:00Z,97.37,97.37,97.365,97.365,279.0,97.3665,64
2026-04-08T04:30:00Z,97.37,97.375,97.37,97.37,204.0,97.3715,48
2026-04-08T04:45:00Z,97.37,97.4,97.37,97.39,8428.0,97.3915,848
2026-04-08T05:00:00Z,97.395,97.4,97.38,97.38,748.0,97.3875,121
2026-04-08T05:15:00Z,97.38,97.395,97.38,97.39,1222.0,97.385,392
2026-04-08T05:30:00Z,97.39,97.415,97.385,97.415,2594.0,97.404,584
2026-04-08T05:45:00Z,97.415,97.42,97.4,97.415,1997.0,97.41,493
2026-04-08T06:00:00Z,97.41,97.41,97.385,97.385,5155.0,97.393,1241
2026-04-08T06:15:00Z,97.39,97.415,97.39,97.41,4912.0,97.404,697
2026-04-08T06:30:00Z,97.41,97.41,97.35,97.37,10795.0,97.373,2008
2026-04-08T06:45:00Z,97.375,97.375,97.36,97.365,5033.0,97.367,567
2026-04-08T07:00:00Z,97.365,97.37,97.345,97.355,6357.0,97.3535,1041
2026-04-08T07:15:00Z,97.35,97.39,97.35,97.39,6004.0,97.3685,723
2026-04-08T07:30:00Z,97.385,97.395,97.385,97.395,5863.0,97.3895,1124
2026-04-08T07:45:00Z,97.39,97.4,97.39,97.39,6353.0,97.394,1480
2026-04-08T08:00:00Z,97.39,97.4,97.39,97.395,3492.0,97.3935,450
2026-04-08T08:15:00Z,97.395,97.4,97.385,97.385,3334.0,97.3905,415
2026-04-08T08:30:00Z,97.385,97.385,97.355,97.36,9072.0,97.37,845
2026-04-08T08:45:00Z,97.365,97.38,97.36,97.375,5488.0,97.368,603
2026-04-08T09:00:00Z,97.375,97.385,97.37,97.385,2919.0,97.3785,435
2026-04-08T09:15:00Z,97.385,97.39,97.375,97.375,2687.0,97.3855,336
2026-04-08T09:30:00Z,97.375,97.385,97.355,97.355,4714.0,97.3715,561
2026-04-08T09:45:00Z,97.36,97.365,97.35,97.36,4561.0,97.3605,429
2026-04-08T10:00:00Z,97.36,97.37,97.355,97.36,3437.0,97.364,327
2026-04-08T10:15:00Z,97.36,97.375,97.355,97.375,3330.0,97.3635,180
2026-04-08T10:30:00Z,97.375,97.385,97.375,97.38,897.0,97.3815,163
2026-04-08T10:45:00Z,97.385,97.385,97.38,97.385,2585.0,97.384,231
2026-04-08T11:00:00Z,97.38,97.39,97.375,97.385,3213.0,97.379,271
2026-04-08T11:15:00Z,97.385,97.41,97.385,97.405,12290.0,97.3985,907
2026-04-08T11:30:00Z,97.4,97.41,97.395,97.405,3360.0,97.3995,451
2026-04-08T11:45:00Z,97.405,97.415,97.4,97.405,2760.0,97.4055,300
2026-04-08T12:00:00Z,97.405,97.42,97.4,97.41,11100.0,97.4085,1083
2026-04-08T12:15:00Z,97.41,97.41,97.385,97.395,10077.0,97.4,984
2026-04-08T12:30:00Z,97.395,97.41,97.395,97.405,6033.0,97.407,605
2026-04-08T12:45:00Z,97.405,97.415,97.4,97.405,10712.0,97.407,1106
2026-04-08T13:00:00Z,97.405,97.435,97.4,97.435,9394.0,97.416,1172
2026-04-08T13:15:00Z,97.435,97.44,97.42,97.425,6816.0,97.4295,1073
2026-04-08T13:30:00Z,97.43,97.43,97.395,97.405,13655.0,97.409,1757
2026-04-08T13:45:00Z,97.405,97.42,97.395,97.4,6948.0,97.407,693
2026-04-08T14:00:00Z,97.4,97.415,97.4,97.405,6789.0,97.409,702
2026-04-08T14:15:00Z,97.405,97.405,97.385,97.39,6817.0,97.3995,955
2026-04-08T14:30:00Z,97.39,97.4,97.38,97.395,7045.0,97.39,1247
2026-04-08T14:45:00Z,97.395,97.4,97.375,97.385,7920.0,97.389,857
2026-04-08T15:00:00Z,97.39,97.4,97.385,97.395,7363.0,97.391,1423
2026-04-08T15:15:00Z,97.395,97.4,97.385,97.385,6939.0,97.393,709
2026-04-08T15:30:00Z,97.385,97.395,97.38,97.39,3320.0,97.387,607
2026-04-08T15:45:00Z,97.39,97.395,97.38,97.385,2611.0,97.3895,257
2026-04-08T16:00:00Z,97.385,97.395,97.385,97.385,2329.0,97.3865,252
2026-04-08T16:15:00Z,97.38,97.385,97.37,97.385,2467.0,97.3805,249
2026-04-08T16:30:00Z,97.385,97.395,97.385,97.39,2687.0,97.3895,234
2026-04-08T16:45:00Z,97.39,97.4,97.39,97.395,2826.0,97.399,194
2026-04-08T17:00:00Z,97.4,97.4,97.395,97.4,2585.0,97.399,168
2026-04-08T17:15:00Z,97.405,97.405,97.385,97.39,1897.0,97.3995,246
2026-04-08T17:30:00Z,97.39,97.4,97.39,97.39,2888.0,97.3925,216
2026-04-08T17:45:00Z,97.39,97.395,97.385,97.385,223.0,97.3885,51
2026-04-08T18:00:00Z,97.38,97.385,97.38,97.385,295.0,97.3825,48
2026-04-08T18:15:00Z,97.39,97.39,97.35,97.36,2238.0,97.3655,210
2026-04-08T18:30:00Z,97.36,97.365,97.35,97.35,1654.0,97.357,129
2026-04-08T18:45:00Z,97.355,97.355,97.35,97.35,2177.0,97.353,188
2026-04-08T19:00:00Z,97.345,97.355,97.345,97.355,734.0,97.35,58
2026-04-08T19:15:00Z,97.35,97.35,97.345,97.345,307.0,97.349,40
2026-04-08T19:30:00Z,97.345,97.365,97.345,97.36,674.0,97.3555,122
2026-04-08T19:45:00Z,97.36,97.37,97.36,97.365,1944.0,97.365,146
2026-04-09T00:00:00Z,97.37,97.37,97.355,97.355,133.0,97.3625,10
2026-04-09T00:15:00Z,97.355,97.365,97.355,97.365,323.0,97.359,27
2026-04-09T00:30:00Z,97.355,97.355,97.355,97.355,58.0,97.355,18
2026-04-09T00:45:00Z,97.345,97.35,97.345,97.35,13.0,97.3475,3
2026-04-09T01:00:00Z,97.35,97.35,97.34,97.345,309.0,97.345,16
2026-04-09T01:15:00Z,97.345,97.345,97.33,97.33,2311.0,97.333,195
2026-04-09T01:30:00Z,97.335,97.335,97.335,97.335,55.0,97.335,7
2026-04-09T01:45:00Z,97.34,97.34,97.335,97.335,26.0,97.3395,7
2026-04-09T02:00:00Z,97.335,97.34,97.335,97.34,171.0,97.335,8
2026-04-09T02:15:00Z,97.34,97.34,97.34,97.34,0.0,97.34,0
2026-04-09T02:30:00Z,97.34,97.34,97.34,97.34,10.0,97.34,4
2026-04-09T02:45:00Z,97.34,97.34,97.34,97.34,0.0,97.34,0
2026-04-09T03:00:00Z,97.33,97.34,97.33,97.34,933.0,97.333,66
2026-04-09T03:15:00Z,97.34,97.34,97.34,97.34,0.0,97.34,0
2026-04-09T03:30:00Z,97.34,97.34,97.34,97.34,53.0,97.34,4
2026-04-09T03:45:00Z,97.34,97.34,97.34,97.34,136.0,97.34,4
2026-04-09T04:00:00Z,97.345,97.345,97.345,97.345,21.0,97.345,3
2026-04-09T04:15:00Z,97.345,97.345,97.345,97.345,86.0,97.345,20
2026-04-09T04:30:00Z,97.345,97.345,97.345,97.345,100.0,97.345,6
2026-04-09T04:45:00Z,97.345,97.345,97.345,97.345,0.0,97.345,0
2026-04-09T05:00:00Z,97.345,97.345,97.345,97.345,137.0,97.345,11
2026-04-09T05:15:00Z,97.35,97.36,97.35,97.36,480.0,97.3595,66
2026-04-09T05:30:00Z,97.355,97.355,97.355,97.355,246.0,97.355,24
2026-04-09T05:45:00Z,97.35,97.35,97.345,97.35,297.0,97.3485,27
2026-04-09T06:00:00Z,97.355,97.36,97.34,97.34,1567.0,97.3515,279
2026-04-09T06:15:00Z,97.345,97.345,97.335,97.34,1029.0,97.3405,191
2026-04-09T06:30:00Z,97.345,97.345,97.325,97.325,3345.0,97.331,650
2026-04-09T06:45:00Z,97.32,97.34,97.32,97.34,2953.0,97.3265,514
2026-04-09T07:00:00Z,97.34,97.34,97.325,97.33,3147.0,97.33,494
2026-04-09T07:15:00Z,97.325,97.33,97.315,97.325,2739.0,97.3215,375
2026-04-09T07:30:00Z,97.32,97.345,97.315,97.34,3077.0,97.333,373
2026-04-09T07:45:00Z,97.345,97.345,97.335,97.34,1954.0,97.3395,269
2026-04-09T08:00:00Z,97.345,97.345,97.33,97.335,3545.0,97.338,438
2026-04-09T08:15:00Z,97.335,97.335,97.31,97.31,2380.0,97.3215,377
2026-04-09T08:30:00Z,97.31,97.32,97.305,97.32,2031.0,97.311,274
2026-04-09T08:45:00Z,97.315,97.32,97.3,97.3,5160.0,97.312,607
2026-04-09T09:00:00Z,97.3,97.31,97.295,97.305,4999.0,97.3025,725
2026-04-09T09:15:00Z,97.305,97.315,97.3,97.315,8125.0,97.3075,733
2026-04-09T09:30:00Z,97.315,97.32,97.31,97.32,4467.0,97.3165,493
2026-04-09T09:45:00Z,97.325,97.33,97.32,97.32,1904.0,97.323,310
2026-04-09T10:00:00Z,97.315,97.32,97.31,97.315,2914.0,97.3155,315
2026-04-09T10:15:00Z,97.31,97.32,97.31,97.32,3878.0,97.315,295
2026-04-09T10:30:00Z,97.315,97.32,97.31,97.315,946.0,97.3145,111
2026-04-09T10:45:00Z,97.315,97.315,97.31,97.315,919.0,97.3145,100
2026-04-09T11:00:00Z,97.315,97.325,97.315,97.325,2273.0,97.3235,209
2026-04-09T11:15:00Z,97.32,97.33,97.315,97.33,2845.0,97.3215,268
2026-04-09T11:30:00Z,97.33,97.33,97.325,97.33,3096.0,97.3285,463
2026-04-09T11:45:00Z,97.33,97.33,97.325,97.33,2046.0,97.3295,211
2026-04-09T12:00:00Z,97.33,97.33,97.32,97.32,3296.0,97.328,440
2026-04-09T12:15:00Z,97.32,97.33,97.315,97.325,2535.0,97.3245,328
2026-04-09T12:30:00Z,97.33,97.33,97.31,97.31,4057.0,97.317,455
2026-04-09T12:45:00Z,97.31,97.315,97.305,97.315,5921.0,97.314,443
2026-04-09T13:00:00Z,97.315,97.32,97.31,97.315,4288.0,97.313,408
2026-04-09T13:15:00Z,97.315,97.315,97.3,97.3,3695.0,97.307,334
2026-04-09T13:30:00Z,97.305,97.325,97.305,97.32,5082.0,97.314,507
2026-04-09T13:45:00Z,97.32,97.325,97.31,97.31,10804.0,97.3165,699
2026-04-09T14:00:00Z,97.31,97.315,97.31,97.315,3300.0,97.3135,417
2026-04-09T14:15:00Z,97.315,97.325,97.305,97.305,14412.0,97.312,1119
2026-04-09T14:30:00Z,97.31,97.32,97.305,97.31,9636.0,97.315,1139
2026-04-09T14:45:00Z,97.305,97.31,97.3,97.31,3077.0,97.306,453
2026-04-09T15:00:00Z,97.31,97.315,97.305,97.315,8729.0,97.309,1049
2026-04-09T15:15:00Z,97.31,97.34,97.31,97.335,10450.0,97.3305,1016
2026-04-09T15:30:00Z,97.33,97.365,97.33,97.355,17210.0,97.356,1307
2026-04-09T15:45:00Z,97.355,97.365,97.35,97.36,6669.0,97.36,544
2026-04-09T16:00:00Z,97.365,97.37,97.355,97.355,4175.0,97.368,418
2026-04-09T16:15:00Z,97.355,97.36,97.355,97.355,5018.0,97.3595,400
2026-04-09T16:30:00Z,97.36,97.36,97.355,97.355,2356.0,97.357,155
2026-04-09T16:45:00Z,97.355,97.36,97.355,97.355,2098.0,97.3575,125
2026-04-09T17:00:00Z,97.36,97.37,97.36,97.365,3225.0,97.365,175
2026-04-09T17:15:00Z,97.365,97.365,97.36,97.36,1140.0,97.361,51
2026-04-09T17:30:00Z,97.36,97.365,97.36,97.365,2065.0,97.362,117
2026-04-09T17:45:00Z,97.365,97.365,97.365,97.365,522.0,97.365,16
2026-04-09T18:00:00Z,97.365,97.365,97.35,97.355,2328.0,97.357,128
2026-04-09T18:15:00Z,97.35,97.355,97.345,97.35,763.0,97.351,54
2026-04-09T18:30:00Z,97.345,97.35,97.345,97.35,397.0,97.3485,29
2026-04-09T18:45:00Z,97.35,97.35,97.345,97.345,427.0,97.346,91
2026-04-09T19:00:00Z,97.34,97.345,97.34,97.345,683.0,97.342,63
2026-04-09T19:15:00Z,97.345,97.345,97.34,97.34,318.0,97.341,13
2026-04-09T19:30:00Z,97.345,97.35,97.345,97.345,62.0,97.3495,19
2026-04-09T19:45:00Z,97.35,97.35,97.345,97.345,295.0,97.347,26
2026-04-10T00:00:00Z,97.34,97.34,97.34,97.34,288.0,97.34,11
2026-04-10T00:15:00Z,97.345,97.345,97.34,97.34,24.0,97.341,16
2026-04-10T00:30:00Z,97.335,97.335,97.335,97.335,11.0,97.335,10
2026-04-10T00:45:00Z,97.335,97.335,97.33,97.33,27.0,97.334,9
2026-04-10T01:00:00Z,97.335,97.335,97.335,97.335,4.0,97.335,4
2026-04-10T01:15:00Z,97.335,97.335,97.335,97.335,0.0,97.335,0
2026-04-10T01:30:00Z,97.335,97.335,97.335,97.335,80.0,97.335,9
2026-04-10T01:45:00Z,97.335,97.335,97.33,97.33,39.0,97.334,14
2026-04-10T02:00:00Z,97.335,97.335,97.335,97.335,69.0,97.335,3
2026-04-10T02:15:00Z,97.335,97.335,97.335,97.335,15.0,97.335,3
2026-04-10T02:30:00Z,97.335,97.335,97.335,97.335,0.0,97.335,0
2026-04-10T02:45:00Z,97.335,97.335,97.335,97.335,0.0,97.335,0
2026-04-10T03:00:00Z,97.33,97.33,97.33,97.33,3.0,97.33,3
2026-04-10T03:15:00Z,97.33,97.33,97.325,97.325,28.0,97.33,4
2026-04-10T03:30:00Z,97.325,97.33,97.325,97.33,148.0,97.326,17
2026-04-10T03:45:00Z,97.33,97.33,97.33,97.33,45.0,97.33,2
2026-04-10T04:00:00Z,97.33,97.33,97.33,97.33,2.0,97.33,2
2026-04-10T04:15:00Z,97.33,97.33,97.33,97.33,0.0,97.33,0
2026-04-10T04:30:00Z,97.33,97.33,97.33,97.33,0.0,97.33,0
2026-04-10T04:45:00Z,97.325,97.325,97.325,97.325,5.0,97.325,5
2026-04-10T05:00:00Z,97.325,97.325,97.325,97.325,71.0,97.325,6
2026-04-10T05:15:00Z,97.32,97.32,97.32,97.32,169.0,97.32,26
2026-04-10T05:30:00Z,97.32,97.33,97.32,97.325,485.0,97.322,17
2026-04-10T05:45:00Z,97.325,97.33,97.325,97.33,582.0,97.329,47
2026-04-10T06:00:00Z,97.335,97.335,97.33,97.335,1218.0,97.335,75
2026-04-10T06:15:00Z,97.33,97.335,97.33,97.335,1598.0,97.335,75
2026-04-10T06:30:00Z,97.335,97.345,97.33,97.335,1047.0,97.3405,96
2026-04-10T06:45:00Z,97.335,97.345,97.335,97.34,486.0,97.34,58
2026-04-10T07:00:00Z,97.34,97.34,97.325,97.335,2106.0,97.3325,198
2026-04-10T07:15:00Z,97.33,97.335,97.325,97.325,1370.0,97.3295,155
2026-04-10T07:30:00Z,97.325,97.325,97.32,97.32,1600.0,97.3215,212
2026-04-10T07:45:00Z,97.32,97.32,97.31,97.315,1926.0,97.315,248
2026-04-10T08:00:00Z,97.315,97.315,97.31,97.315,2398.0,97.315,186
2026-04-10T08:15:00Z,97.315,97.32,97.315,97.315,2986.0,97.315,165
2026-04-10T08:30:00Z,97.315,97.315,97.315,97.315,3279.0,97.315,300
2026-04-10T08:45:00Z,97.31,97.31,97.3,97.3,3578.0,97.304,260
2026-04-10T09:00:00Z,97.3,97.305,97.295,97.305,7466.0,97.3,314
2026-04-10T09:15:00Z,97.31,97.325,97.305,97.325,5258.0,97.317,599
2026-04-10T09:30:00Z,97.32,97.325,97.32,97.325,1292.0,97.3225,117
2026-04-10T09:45:00Z,97.325,97.325,97.32,97.32,2391.0,97.3235,150
2026-04-10T10:00:00Z,97.325,97.325,97.315,97.315,1970.0,97.319,172
2026-04-10T10:15:00Z,97.315,97.325,97.315,97.325,2023.0,97.3235,160
2026-04-10T10:30:00Z,97.325,97.33,97.315,97.325,2290.0,97.3205,229
2026-04-10T10:45:00Z,97.325,97.33,97.325,97.325,513.0,97.325,50
2026-04-10T11:00:00Z,97.325,97.335,97.32,97.32,2373.0,97.3275,155
2026-04-10T11:15:00Z,97.325,97.325,97.32,97.325,1026.0,97.325,81
2026-04-10T11:30:00Z,97.32,97.325,97.315,97.325,1459.0,97.323,130
2026-04-10T11:45:00Z,97.32,97.325,97.32,97.325,3745.0,97.321,236
2026-04-10T12:00:00Z,97.325,97.335,97.325,97.335,3642.0,97.3275,267
2026-04-10T12:15:00Z,97.335,97.335,97.33,97.33,4192.0,97.3335,330
2026-04-10T12:30:00Z,97.335,97.34,97.325,97.325,6211.0,97.3315,502
2026-04-10T12:45:00Z,97.33,97.33,97.32,97.32,1928.0,97.3245,203
2026-04-10T13:00:00Z,97.32,97.325,97.315,97.315,498.0,97.3205,92
2026-04-10T13:15:00Z,97.315,97.32,97.31,97.315,1400.0,97.316,138
2026-04-10T13:30:00Z,97.315,97.315,97.31,97.31,2664.0,97.3135,226
2026-04-10T13:45:00Z,97.31,97.31,97.295,97.305,3080.0,97.3015,555
2026-04-10T14:00:00Z,97.3,97.3,97.3,97.3,2724.0,97.3,185
2026-04-10T14:15:00Z,97.3,97.305,97.3,97.305,2898.0,97.301,338
2026-04-10T14:30:00Z,97.305,97.305,97.285,97.29,4832.0,97.299,361
2026-04-10T14:45:00Z,97.285,97.295,97.285,97.29,3317.0,97.2885,403
2026-04-10T15:00:00Z,97.29,97.3,97.285,97.295,4434.0,97.2915,521
2026-04-10T15:15:00Z,97.3,97.3,97.285,97.29,5049.0,97.2925,350
2026-04-10T15:30:00Z,97.29,97.29,97.265,97.265,3993.0,97.2775,312
2026-04-10T15:45:00Z,97.27,97.27,97.26,97.265,4296.0,97.2645,307
2026-04-10T16:00:00Z,97.26,97.27,97.26,97.27,2550.0,97.2645,188
2026-04-10T16:15:00Z,97.265,97.27,97.265,97.265,615.0,97.266,106
2026-04-10T16:30:00Z,97.265,97.265,97.25,97.25,1697.0,97.2605,159
2026-04-10T16:45:00Z,97.255,97.265,97.255,97.26,3108.0,97.257,137
2026-04-10T17:00:00Z,97.26,97.26,97.255,97.255,1535.0,97.255,62
2026-04-10T17:15:00Z,97.255,97.26,97.255,97.26,3304.0,97.2565,128
2026-04-10T17:30:00Z,97.26,97.26,97.26,97.26,537.0,97.26,24
2026-04-10T17:45:00Z,97.26,97.27,97.26,97.27,3671.0,97.269,87
2026-04-10T18:00:00Z,97.27,97.275,97.27,97.27,2703.0,97.27,248
2026-04-10T18:15:00Z,97.275,97.285,97.275,97.28,1685.0,97.2795,89
2026-04-10T18:30:00Z,97.28,97.29,97.28,97.285,1318.0,97.2895,102
2026-04-10T18:45:00Z,97.285,97.285,97.285,97.285,285.0,97.285,23
2026-04-10T19:00:00Z,97.285,97.295,97.285,97.29,3892.0,97.29,174
2026-04-10T19:15:00Z,97.295,97.295,97.29,97.29,2372.0,97.29,188
2026-04-10T19:30:00Z,97.29,97.29,97.29,97.29,484.0,97.29,94
2026-04-10T19:45:00Z,97.29,97.3,97.29,97.3,1124.0,97.2965,149
2026-04-13T00:00:00Z,97.215,97.24,97.215,97.225,4388.0,97.2255,318
2026-04-13T00:15:00Z,97.225,97.23,97.225,97.23,616.0,97.228,177
2026-04-13T00:30:00Z,97.23,97.23,97.225,97.225,373.0,97.2265,65
2026-04-13T00:45:00Z,97.225,97.235,97.225,97.235,79.0,97.2295,22
2026-04-13T01:00:00Z,97.235,97.24,97.235,97.24,551.0,97.239,81
2026-04-13T01:15:00Z,97.235,97.235,97.235,97.235,42.0,97.235,6
2026-04-13T01:30:00Z,97.235,97.235,97.235,97.235,31.0,97.235,4
2026-04-13T01:45:00Z,97.235,97.235,97.235,97.235,16.0,97.235,8
2026-04-13T02:00:00Z,97.235,97.235,97.23,97.23,302.0,97.2345,38
2026-04-13T02:15:00Z,97.235,97.235,97.235,97.235,7.0,97.235,2
2026-04-13T02:30:00Z,97.235,97.235,97.23,97.23,379.0,97.2325,45
2026-04-13T02:45:00Z,97.225,97.225,97.225,97.225,46.0,97.225,7
2026-04-13T03:00:00Z,97.225,97.225,97.225,97.225,43.0,97.225,9
2026-04-13T03:15:00Z,97.225,97.225,97.225,97.225,353.0,97.225,17
2026-04-13T03:30:00Z,97.225,97.225,97.225,97.225,154.0,97.225,29
2026-04-13T03:45:00Z,97.225,97.225,97.225,97.225,27.0,97.225,22
2026-04-13T04:00:00Z,97.225,97.225,97.225,97.225,19.0,97.225,2
2026-04-13T04:15:00Z,97.225,97.225,97.225,97.225,216.0,97.225,28
2026-04-13T04:30:00Z,97.225,97.225,97.225,97.225,25.0,97.225,6
2026-04-13T04:45:00Z,97.225,97.23,97.225,97.23,167.0,97.2255,22
2026-04-13T05:00:00Z,97.225,97.225,97.225,97.225,198.0,97.225,37
2026-04-13T05:15:00Z,97.225,97.225,97.22,97.22,216.0,97.22,34
2026-04-13T05:30:00Z,97.215,97.22,97.205,97.21,1336.0,97.2085,138
2026-04-13T05:45:00Z,97.21,97.22,97.21,97.22,678.0,97.2195,112
2026-04-13T06:00:00Z,97.22,97.23,97.22,97.225,1577.0,97.2265,241
2026-04-13T06:15:00Z,97.225,97.235,97.225,97.235,2026.0,97.2335,153
2026-04-13T06:30:00Z,97.235,97.24,97.23,97.235,1675.0,97.2335,183
2026-04-13T06:45:00Z,97.24,97.24,97.235,97.235,2000.0,97.238,157
2026-04-13T07:00:00Z,97.235,97.245,97.235,97.245,7616.0,97.241,612
2026-04-13T07:15:00Z,97.245,97.25,97.24,97.245,2927.0,97.245,446
2026-04-13T07:30:00Z,97.245,97.245,97.23,97.24,2788.0,97.2385,197
2026-04-13T07:45:00Z,97.245,97.25,97.245,97.25,2601.0,97.2485,180
2026-04-13T08:00:00Z,97.25,97.255,97.245,97.245,2869.0,97.248,228
2026-04-13T08:15:00Z,97.245,97.245,97.235,97.24,3879.0,97.237,226
2026-04-13T08:30:00Z,97.24,97.24,97.235,97.235,2781.0,97.2385,229
2026-04-13T08:45:00Z,97.235,97.245,97.235,97.245,1849.0,97.2375,160
2026-04-13T09:00:00Z,97.24,97.245,97.24,97.24,1215.0,97.2405,143
2026-04-13T09:15:00Z,97.24,97.245,97.23,97.23,3159.0,97.236,258
2026-04-13T09:30:00Z,97.225,97.23,97.225,97.23,1007.0,97.228,138
2026-04-13T09:45:00Z,97.23,97.23,97.225,97.23,1186.0,97.225,188
2026-04-13T10:00:00Z,97.225,97.235,97.225,97.23,1422.0,97.23,98
2026-04-13T10:15:00Z,97.23,97.235,97.225,97.235,1772.0,97.229,150
2026-04-13T10:30:00Z,97.235,97.24,97.235,97.24,8824.0,97.2395,417
2026-04-13T10:45:00Z,97.245,97.245,97.235,97.24,3499.0,97.24,191
2026-04-13T11:00:00Z,97.24,97.245,97.24,97.24,907.0,97.2415,100
2026-04-13T11:15:00Z,97.24,97.24,97.23,97.23,1731.0,97.2355,189
2026-04-13T11:30:00Z,97.235,97.235,97.215,97.22,5304.0,97.2245,294
2026-04-13T11:45:00Z,97.22,97.22,97.21,97.21,2236.0,97.215,226
2026-04-13T12:00:00Z,97.21,97.215,97.205,97.215,4333.0,97.212,338
2026-04-13T12:15:00Z,97.215,97.22,97.215,97.215,817.0,97.215,65
2026-04-13T12:30:00Z,97.22,97.225,97.22,97.225,1306.0,97.2235,157
2026-04-13T12:45:00Z,97.23,97.24,97.23,97.23,2720.0,97.236,221
2026-04-13T13:00:00Z,97.23,97.24,97.23,97.235,1391.0,97.234,230
2026-04-13T13:15:00Z,97.235,97.235,97.235,97.235,1629.0,97.235,104
2026-04-13T13:30:00Z,97.235,97.245,97.235,97.24,1423.0,97.238,137
2026-04-13T13:45:00Z,97.24,97.265,97.24,97.25,10629.0,97.254,836
2026-04-13T14:00:00Z,97.25,97.25,97.24,97.245,2808.0,97.243,265
2026-04-13T14:15:00Z,97.24,97.245,97.225,97.235,3536.0,97.236,310
2026-04-13T14:30:00Z,97.23,97.235,97.225,97.23,3049.0,97.2305,423
2026-04-13T14:45:00Z,97.23,97.23,97.22,97.22,3877.0,97.223,524
2026-04-13T15:00:00Z,97.215,97.225,97.205,97.21,8848.0,97.217,891
2026-04-13T15:15:00Z,97.215,97.22,97.205,97.22,2122.0,97.2125,315
2026-04-13T15:30:00Z,97.215,97.22,97.21,97.215,1926.0,97.2165,275
2026-04-13T15:45:00Z,97.215,97.215,97.2,97.205,2351.0,97.208,197
2026-04-13T16:00:00Z,97.2,97.215,97.2,97.205,3650.0,97.2065,427
2026-04-13T16:15:00Z,97.205,97.225,97.205,97.22,3100.0,97.2145,317
2026-04-13T16:30:00Z,97.225,97.24,97.225,97.24,7639.0,97.2345,473
2026-04-13T16:45:00Z,97.235,97.25,97.23,97.245,5931.0,97.2425,339
2026-04-13T17:00:00Z,97.245,97.275,97.245,97.27,6258.0,97.26,396
2026-04-13T17:15:00Z,97.265,97.265,97.26,97.26,762.0,97.263,49
2026-04-13T17:30:00Z,97.265,97.265,97.26,97.265,2794.0,97.263,139
2026-04-13T17:45:00Z,97.26,97.26,97.26,97.26,7.0,97.26,3
2026-04-13T18:00:00Z,97.265,97.265,97.265,97.265,263.0,97.265,38
2026-04-13T18:15:00Z,97.265,97.265,97.26,97.26,186.0,97.2635,36
2026-04-13T18:30:00Z,97.26,97.26,97.26,97.26,36.0,97.26,14
2026-04-13T18:45:00Z,97.265,97.27,97.265,97.27,486.0,97.265,46
2026-04-13T19:00:00Z,97.27,97.27,97.265,97.265,1832.0,97.2695,66
2026-04-13T19:15:00Z,97.265,97.265,97.265,97.265,125.0,97.265,4
2026-04-13T19:30:00Z,97.27,97.27,97.265,97.265,214.0,97.2675,17
2026-04-13T19:45:00Z,97.265,97.27,97.265,97.27,333.0,97.2695,58
2026-04-14T00:00:00Z,97.265,97.285,97.265,97.28,877.0,97.278,71
2026-04-14T00:15:00Z,97.275,97.28,97.275,97.28,893.0,97.279,71
2026-04-14T00:30:00Z,97.28,97.28,97.28,97.28,14.0,97.28,2
2026-04-14T00:45:00Z,97.28,97.28,97.28,97.28,2.0,97.28,2
2026-04-14T01:00:00Z,97.28,97.28,97.275,97.275,58.0,97.276,12
2026-04-14T01:15:00Z,97.275,97.275,97.275,97.275,5.0,97.275,1
2026-04-14T01:30:00Z,97.275,97.28,97.275,97.28,219.0,97.275,42
2026-04-14T01:45:00Z,97.28,97.28,97.28,97.28,0.0,97.28,0
2026-04-14T02:00:00Z,97.28,97.28,97.28,97.28,0.0,97.28,0
2026-04-14T02:15:00Z,97.28,97.28,97.28,97.28,15.0,97.28,4
2026-04-14T02:30:00Z,97.28,97.28,97.28,97.28,0.0,97.28,0
2026-04-14T02:45:00Z,97.28,97.28,97.28,97.28,0.0,97.28,0
2026-04-14T03:00:00Z,97.28,97.28,97.28,97.28,0.0,97.28,0
2026-04-14T03:15:00Z,97.275,97.275,97.275,97.275,159.0,97.275,9
2026-04-14T03:30:00Z,97.275,97.275,97.275,97.275,0.0,97.275,0
2026-04-14T03:45:00Z,97.285,97.285,97.285,97.285,23.0,97.285,2
2026-04-14T04:00:00Z,97.28,97.285,97.28,97.285,37.0,97.284,11
2026-04-14T04:15:00Z,97.285,97.285,97.285,97.285,171.0,97.285,2
2026-04-14T04:30:00Z,97.28,97.28,97.28,97.28,5.0,97.28,3
2026-04-14T04:45:00Z,97.28,97.285,97.28,97.285,125.0,97.2805,22
2026-04-14T05:00:00Z,97.29,97.29,97.285,97.285,532.0,97.2875,38
2026-04-14T05:15:00Z,97.285,97.285,97.28,97.28,201.0,97.285,12
2026-04-14T05:30:00Z,97.275,97.275,97.275,97.275,250.0,97.275,15
2026-04-14T05:45:00Z,97.275,97.28,97.275,97.28,406.0,97.28,20
2026-04-14T06:00:00Z,97.28,97.28,97.27,97.27,718.0,97.275,126
2026-04-14T06:15:00Z,97.27,97.27,97.27,97.27,412.0,97.27,35
2026-04-14T06:30:00Z,97.27,97.275,97.27,97.275,1086.0,97.272,93
2026-04-14T06:45:00Z,97.275,97.275,97.265,97.27,979.0,97.2725,67
2026-04-14T07:00:00Z,97.265,97.29,97.265,97.28,5013.0,97.2795,535
2026-04-14T07:15:00Z,97.285,97.285,97.275,97.28,2617.0,97.278,241
2026-04-14T07:30:00Z,97.28,97.285,97.28,97.28,1845.0,97.2835,191
2026-04-14T07:45:00Z,97.285,97.285,97.275,97.28,1543.0,97.2795,155
2026-04-14T08:00:00Z,97.275,97.285,97.275,97.28,2236.0,97.2805,165
2026-04-14T08:15:00Z,97.28,97.285,97.28,97.28,1234.0,97.282,131
2026-04-14T08:30:00Z,97.28,97.29,97.28,97.285,4750.0,97.285,479
2026-04-14T08:45:00Z,97.285,97.285,97.28,97.28,931.0,97.2835,99
2026-04-14T09:00:00Z,97.28,97.285,97.275,97.28,1530.0,97.28,118
2026-04-14T09:15:00Z,97.28,97.28,97.275,97.28,5029.0,97.28,214
2026-04-14T09:30:00Z,97.28,97.28,97.275,97.28,1814.0,97.28,84
2026-04-14T09:45:00Z,97.28,97.28,97.275,97.275,1547.0,97.275,154
2026-04-14T10:00:00Z,97.275,97.28,97.275,97.28,1142.0,97.2795,113
2026-04-14T10:15:00Z,97.28,97.29,97.28,97.285,579.0,97.285,88
2026-04-14T10:30:00Z,97.285,97.285,97.28,97.28,1204.0,97.283,143
2026-04-14T10:45:00Z,97.28,97.285,97.28,97.28,657.0,97.2815,99
2026-04-14T11:00:00Z,97.28,97.28,97.275,97.275,3678.0,97.2765,375
2026-04-14T11:15:00Z,97.275,97.28,97.275,97.275,1858.0,97.275,292
2026-04-14T11:30:00Z,97.275,97.28,97.27,97.28,3385.0,97.2785,257
2026-04-14T11:45:00Z,97.28,97.295,97.275,97.29,3359.0,97.287,258
2026-04-14T12:00:00Z,97.29,97.295,97.285,97.29,1946.0,97.289,321
2026-04-14T12:15:00Z,97.29,97.295,97.28,97.285,2524.0,97.2865,195
2026-04-14T12:30:00Z,97.285,97.295,97.285,97.285,1914.0,97.2895,251
2026-04-14T12:45:00Z,97.285,97.29,97.285,97.285,2100.0,97.285,167
2026-04-14T13:00:00Z,97.285,97.295,97.28,97.295,1661.0,97.2905,182
2026-04-14T13:15:00Z,97.295,97.3,97.29,97.29,2601.0,97.2925,182
2026-04-14T13:30:00Z,97.285,97.3,97.285,97.3,2431.0,97.287,293
2026-04-14T13:45:00Z,97.295,97.305,97.295,97.305,1850.0,97.299,207
2026-04-14T14:00:00Z,97.305,97.36,97.3,97.345,30472.0,97.336,2152
2026-04-14T14:15:00Z,97.35,97.35,97.33,97.335,8601.0,97.3375,699
2026-04-14T14:30:00Z,97.335,97.345,97.33,97.33,5641.0,97.3365,475
2026-04-14T14:45:00Z,97.335,97.34,97.335,97.335,2603.0,97.337,175
2026-04-14T15:00:00Z,97.335,97.345,97.33,97.335,4452.0,97.3375,783
2026-04-14T15:15:00Z,97.335,97.355,97.335,97.345,3739.0,97.346,550
2026-04-14T15:30:00Z,97.345,97.35,97.345,97.35,4665.0,97.35,369
2026-04-14T15:45:00Z,97.35,97.355,97.35,97.35,2223.0,97.3515,253
2026-04-14T16:00:00Z,97.355,97.36,97.35,97.355,1970.0,97.3555,230
2026-04-14T16:15:00Z,97.35,97.36,97.35,97.355,2771.0,97.355,236
2026-04-14T16:30:00Z,97.36,97.365,97.36,97.36,1007.0,97.36,61
2026-04-14T16:45:00Z,97.36,97.365,97.36,97.365,611.0,97.364,97
2026-04-14T17:00:00Z,97.365,97.365,97.36,97.365,788.0,97.362,73
2026-04-14T17:15:00Z,97.365,97.365,97.36,97.365,1253.0,97.3635,135
2026-04-14T17:30:00Z,97.365,97.365,97.365,97.365,0.0,97.365,0
2026-04-14T17:45:00Z,97.365,97.365,97.36,97.36,129.0,97.3605,19
2026-04-14T18:00:00Z,97.36,97.37,97.36,97.365,1287.0,97.3645,48
2026-04-14T18:15:00Z,97.365,97.365,97.365,97.365,111.0,97.365,6
2026-04-14T18:30:00Z,97.365,97.365,97.365,97.365,0.0,97.365,0
2026-04-14T18:45:00Z,97.36,97.36,97.36,97.36,690.0,97.36,32
2026-04-14T19:00:00Z,97.36,97.36,97.355,97.355,167.0,97.3585,28
2026-04-14T19:15:00Z,97.36,97.36,97.36,97.36,191.0,97.36,19
2026-04-14T19:30:00Z,97.36,97.365,97.36,97.365,32.0,97.3605,11
2026-04-14T19:45:00Z,97.36,97.36,97.36,97.36,205.0,97.36,46
2026-04-15T00:00:00Z,97.365,97.37,97.365,97.37,256.0,97.366,7
2026-04-15T00:15:00Z,97.365,97.37,97.365,97.37,340.0,97.367,17
2026-04-15T00:30:00Z,97.37,97.37,97.37,97.37,28.0,97.37,5
2026-04-15T00:45:00Z,97.37,97.37,97.37,97.37,69.0,97.37,8
2026-04-15T01:00:00Z,97.365,97.365,97.365,97.365,26.0,97.365,3
2026-04-15T01:15:00Z,97.37,97.37,97.37,97.37,13.0,97.37,12
2026-04-15T01:30:00Z,97.37,97.37,97.37,97.37,0.0,97.37,0
2026-04-15T01:45:00Z,97.37,97.37,97.37,97.37,0.0,97.37,0
2026-04-15T02:00:00Z,97.37,97.37,97.37,97.37,85.0,97.37,2
2026-04-15T02:15:00Z,97.37,97.37,97.37,97.37,0.0,97.37,0
2026-04-15T02:30:00Z,97.365,97.365,97.365,97.365,144.0,97.365,3
2026-04-15T02:45:00Z,97.365,97.365,97.365,97.365,0.0,97.365,0
2026-04-15T03:00:00Z,97.365,97.365,97.365,97.365,0.0,97.365,0
2026-04-15T03:15:00Z,97.365,97.365,97.365,97.365,250.0,97.365,5
2026-04-15T03:30:00Z,97.365,97.365,97.365,97.365,0.0,97.365,0
2026-04-15T03:45:00Z,97.365,97.365,97.365,97.365,0.0,97.365,0
2026-04-15T04:00:00Z,97.37,97.37,97.37,97.37,8.0,97.37,6
2026-04-15T04:15:00Z,97.365,97.365,97.365,97.365,6.0,97.365,1
2026-04-15T04:30:00Z,97.365,97.365,97.36,97.36,120.0,97.361,12
2026-04-15T04:45:00Z,97.36,97.365,97.36,97.365,68.0,97.361,6
2026-04-15T05:00:00Z,97.365,97.37,97.365,97.37,212.0,97.365,18
2026-04-15T05:15:00Z,97.37,97.37,97.37,97.37,25.0,97.37,17
2026-04-15T05:30:00Z,97.37,97.37,97.37,97.37,261.0,97.37,19
2026-04-15T05:45:00Z,97.37,97.37,97.37,97.37,10.0,97.37,2
2026-04-15T06:00:00Z,97.37,97.37,97.36,97.37,2863.0,97.3665,149
2026-04-15T06:15:00Z,97.375,97.375,97.37,97.375,1948.0,97.3745,149
2026-04-15T06:30:00Z,97.38,97.38,97.37,97.375,1134.0,97.377,110
2026-04-15T06:45:00Z,97.38,97.38,97.375,97.38,2882.0,97.3795,150
2026-04-15T07:00:00Z,97.38,97.39,97.38,97.385,1734.0,97.383,213
2026-04-15T07:15:00Z,97.385,97.385,97.365,97.37,1820.0,97.375,148
2026-04-15T07:30:00Z,97.37,97.37,97.36,97.36,2397.0,97.363,204
2026-04-15T07:45:00Z,97.36,97.36,97.35,97.355,1350.0,97.356,239
2026-04-15T08:00:00Z,97.355,97.365,97.355,97.36,1159.0,97.36,135
2026-04-15T08:15:00Z,97.36,97.36,97.355,97.36,1795.0,97.3575,199
2026-04-15T08:30:00Z,97.36,97.365,97.36,97.365,1797.0,97.361,137
2026-04-15T08:45:00Z,97.365,97.37,97.36,97.37,3504.0,97.3665,144
2026-04-15T09:00:00Z,97.37,97.37,97.34,97.345,7611.0,97.3485,643
2026-04-15T09:15:00Z,97.345,97.355,97.345,97.35,1730.0,97.3475,204
2026-04-15T09:30:00Z,97.35,97.36,97.35,97.35,4543.0,97.355,248
2026-04-15T09:45:00Z,97.35,97.355,97.35,97.35,1002.0,97.35,77
2026-04-15T10:00:00Z,97.355,97.36,97.355,97.355,1424.0,97.357,89
2026-04-15T10:15:00Z,97.355,97.355,97.34,97.34,2380.0,97.345,194
2026-04-15T10:30:00Z,97.34,97.36,97.335,97.355,9512.0,97.343,504
2026-04-15T10:45:00Z,97.355,97.355,97.35,97.35,2433.0,97.354,175
2026-04-15T11:00:00Z,97.35,97.355,97.345,97.345,608.0,97.3495,138
2026-04-15T11:15:00Z,97.345,97.345,97.345,97.345,700.0,97.345,175
2026-04-15T11:30:00Z,97.345,97.345,97.335,97.34,3609.0,97.3405,230
2026-04-15T11:45:00Z,97.34,97.35,97.34,97.345,3941.0,97.345,360
2026-04-15T12:00:00Z,97.345,97.35,97.34,97.35,3008.0,97.3455,341
2026-04-15T12:15:00Z,97.35,97.355,97.35,97.35,1129.0,97.35,91
2026-04-15T12:30:00Z,97.35,97.35,97.345,97.35,2684.0,97.35,350
2026-04-15T12:45:00Z,97.35,97.355,97.35,97.355,1557.0,97.3535,192
2026-04-15T13:00:00Z,97.355,97.36,97.35,97.36,3480.0,97.359,359
2026-04-15T13:15:00Z,97.36,97.37,97.36,97.37,2296.0,97.362,201
2026-04-15T13:30:00Z,97.37,97.37,97.36,97.36,4597.0,97.367,377
2026-04-15T13:45:00Z,97.36,97.365,97.36,97.36,2516.0,97.3615,238
2026-04-15T14:00:00Z,97.36,97.365,97.36,97.365,3034.0,97.363,345
2026-04-15T14:15:00Z,97.365,97.375,97.36,97.375,5989.0,97.3715,441
2026-04-15T14:30:00Z,97.37,97.37,97.355,97.36,2189.0,97.3645,334
2026-04-15T14:45:00Z,97.365,97.365,97.355,97.36,607.0,97.3625,147
2026-04-15T15:00:00Z,97.355,97.36,97.345,97.355,7961.0,97.352,876
2026-04-15T15:15:00Z,97.35,97.355,97.345,97.35,1909.0,97.3505,207
2026-04-15T15:30:00Z,97.35,97.355,97.345,97.35,3177.0,97.35,301
2026-04-15T15:45:00Z,97.35,97.35,97.34,97.345,1876.0,97.345,189
2026-04-15T16:00:00Z,97.345,97.345,97.34,97.34,667.0,97.343,105
2026-04-15T16:15:00Z,97.34,97.35,97.335,97.35,1531.0,97.344,190
2026-04-15T16:30:00Z,97.35,97.355,97.35,97.35,3165.0,97.352,220
2026-04-15T16:45:00Z,97.35,97.35,97.35,97.35,1143.0,97.35,47
2026-04-15T17:00:00Z,97.35,97.35,97.345,97.35,1328.0,97.3465,93
2026-04-15T17:15:00Z,97.35,97.35,97.35,97.35,203.0,97.35,18
2026-04-15T17:30:00Z,97.35,97.35,97.35,97.35,113.0,97.35,12
2026-04-15T17:45:00Z,97.345,97.345,97.345,97.345,1107.0,97.345,47
2026-04-15T18:00:00Z,97.345,97.35,97.345,97.35,636.0,97.347,43
2026-04-15T18:15:00Z,97.35,97.35,97.35,97.35,149.0,97.35,34
2026-04-15T18:30:00Z,97.355,97.355,97.355,97.355,163.0,97.355,24
2026-04-15T18:45:00Z,97.355,97.355,97.355,97.355,104.0,97.355,13
2026-04-15T19:00:00Z,97.355,97.355,97.355,97.355,422.0,97.355,21
2026-04-15T19:15:00Z,97.355,97.36,97.355,97.36,394.0,97.357,14
2026-04-15T19:30:00Z,97.355,97.36,97.355,97.355,87.0,97.3575,18
2026-04-15T19:45:00Z,97.355,97.36,97.355,97.355,100.0,97.358,29
2026-04-16T00:00:00Z,97.38,97.395,97.375,97.39,1463.0,97.3815,184
2026-04-16T00:15:00Z,97.385,97.39,97.38,97.39,385.0,97.384,91
2026-04-16T00:30:00Z,97.39,97.39,97.39,97.39,51.0,97.39,7
2026-04-16T00:45:00Z,97.39,97.39,97.39,97.39,397.0,97.39,6
2026-04-16T01:00:00Z,97.39,97.39,97.39,97.39,42.0,97.39,13
2026-04-16T01:15:00Z,97.39,97.39,97.39,97.39,40.0,97.39,6
2026-04-16T01:30:00Z,97.39,97.39,97.39,97.39,545.0,97.39,28
2026-04-16T01:45:00Z,97.39,97.39,97.39,97.39,343.0,97.39,12
2026-04-16T02:00:00Z,97.39,97.39,97.39,97.39,0.0,97.39,0
2026-04-16T02:15:00Z,97.39,97.39,97.39,97.39,0.0,97.39,0
2026-04-16T02:30:00Z,97.39,97.39,97.39,97.39,0.0,97.39,0
2026-04-16T02:45:00Z,97.39,97.39,97.39,97.39,8.0,97.39,1
2026-04-16T03:00:00Z,97.395,97.395,97.395,97.395,550.0,97.395,9
2026-04-16T03:15:00Z,97.395,97.395,97.395,97.395,6.0,97.395,3
2026-04-16T03:30:00Z,97.395,97.395,97.395,97.395,0.0,97.395,0
2026-04-16T03:45:00Z,97.395,97.395,97.395,97.395,1.0,97.395,1
2026-04-16T04:00:00Z,97.39,97.39,97.39,97.39,16.0,97.39,13
2026-04-16T04:15:00Z,97.39,97.39,97.39,97.39,0.0,97.39,0
2026-04-16T04:30:00Z,97.39,97.39,97.39,97.39,45.0,97.39,18
2026-04-16T04:45:00Z,97.39,97.39,97.39,97.39,191.0,97.39,26
2026-04-16T05:00:00Z,97.39,97.39,97.39,97.39,4.0,97.39,4
2026-04-16T05:15:00Z,97.395,97.395,97.39,97.39,412.0,97.395,36
2026-04-16T05:30:00Z,97.39,97.395,97.39,97.39,146.0,97.39,32
2026-04-16T05:45:00Z,97.39,97.39,97.39,97.39,370.0,97.39,20
2026-04-16T06:00:00Z,97.39,97.395,97.39,97.395,1765.0,97.395,126
2026-04-16T06:15:00Z,97.39,97.4,97.39,97.4,242.0,97.395,20
2026-04-16T06:30:00Z,97.395,97.415,97.395,97.41,8720.0,97.4045,462
2026-04-16T06:45:00Z,97.41,97.415,97.405,97.41,4061.0,97.41,612
2026-04-16T07:00:00Z,97.41,97.41,97.4,97.405,4147.0,97.406,581
2026-04-16T07:15:00Z,97.4,97.41,97.4,97.405,1831.0,97.405,230
2026-04-16T07:30:00Z,97.405,97.41,97.395,97.405,2531.0,97.402,196
2026-04-16T07:45:00Z,97.41,97.41,97.395,97.4,2912.0,97.402,146
2026-04-16T08:00:00Z,97.4,97.4,97.39,97.395,2117.0,97.394,174
2026-04-16T08:15:00Z,97.395,97.4,97.395,97.395,1995.0,97.3975,127
2026-04-16T08:30:00Z,97.395,97.4,97.385,97.395,1550.0,97.391,172
2026-04-16T08:45:00Z,97.39,97.395,97.385,97.385,685.0,97.39,146
2026-04-16T09:00:00Z,97.385,97.39,97.385,97.39,1590.0,97.385,176
2026-04-16T09:15:00Z,97.39,97.395,97.385,97.39,1623.0,97.3895,137
2026-04-16T09:30:00Z,97.39,97.4,97.39,97.395,774.0,97.395,162
2026-04-16T09:45:00Z,97.4,97.4,97.39,97.39,1572.0,97.3905,102
2026-04-16T10:00:00Z,97.39,97.4,97.39,97.4,1108.0,97.397,93
2026-04-16T10:15:00Z,97.405,97.405,97.4,97.4,679.0,97.401,97
2026-04-16T10:30:00Z,97.4,97.405,97.395,97.4,1579.0,97.4,108
2026-04-16T10:45:00Z,97.405,97.405,97.4,97.405,960.0,97.4025,111
2026-04-16T11:00:00Z,97.405,97.41,97.405,97.405,1564.0,97.4055,134
2026-04-16T11:15:00Z,97.41,97.41,97.405,97.405,1584.0,97.407,188
2026-04-16T11:30:00Z,97.405,97.415,97.405,97.415,1454.0,97.411,179
2026-04-16T11:45:00Z,97.415,97.425,97.415,97.425,7724.0,97.4175,497
2026-04-16T12:00:00Z,97.42,97.425,97.41,97.415,5854.0,97.414,481
2026-04-16T12:15:00Z,97.415,97.415,97.405,97.41,381.0,97.409,81
2026-04-16T12:30:00Z,97.405,97.415,97.405,97.405,2116.0,97.4095,268
2026-04-16T12:45:00Z,97.405,97.41,97.405,97.41,206.0,97.408,55
2026-04-16T13:00:00Z,97.405,97.41,97.405,97.405,6724.0,97.405,370
2026-04-16T13:15:00Z,97.405,97.405,97.4,97.405,745.0,97.4005,32
2026-04-16T13:30:00Z,97.405,97.405,97.395,97.395,4442.0,97.4015,383
2026-04-16T13:45:00Z,97.395,97.395,97.37,97.375,14210.0,97.38,896
2026-04-16T14:00:00Z,97.375,97.385,97.37,97.38,9235.0,97.376,583
2026-04-16T14:15:00Z,97.375,97.38,97.355,97.365,5324.0,97.3635,552
2026-04-16T14:30:00Z,97.36,97.365,97.355,97.36,2339.0,97.3605,304
2026-04-16T14:45:00Z,97.365,97.37,97.36,97.365,2131.0,97.363,127
2026-04-16T15:00:00Z,97.37,97.385,97.37,97.375,7756.0,97.376,736
2026-04-16T15:15:00Z,97.375,97.38,97.375,97.375,1407.0,97.3765,219
2026-04-16T15:30:00Z,97.375,97.385,97.36,97.375,4808.0,97.371,499
2026-04-16T15:45:00Z,97.375,97.38,97.375,97.375,491.0,97.3785,55
2026-04-16T16:00:00Z,97.38,97.38,97.375,97.375,1587.0,97.3765,95
2026-04-16T16:15:00Z,97.38,97.38,97.37,97.37,699.0,97.378,106
2026-04-16T16:30:00Z,97.37,97.37,97.355,97.355,1993.0,97.3635,175
2026-04-16T16:45:00Z,97.36,97.365,97.36,97.36,502.0,97.36,39
2026-04-16T17:00:00Z,97.36,97.36,97.355,97.355,62.0,97.3575,13
2026-04-16T17:15:00Z,97.355,97.355,97.355,97.355,887.0,97.355,65
2026-04-16T17:30:00Z,97.355,97.355,97.34,97.34,3166.0,97.3415,135
2026-04-16T17:45:00Z,97.34,97.35,97.335,97.345,1110.0,97.3415,74
2026-04-16T18:00:00Z,97.345,97.35,97.345,97.345,304.0,97.346,28
2026-04-16T18:15:00Z,97.345,97.35,97.34,97.345,623.0,97.3465,77
2026-04-16T18:30:00Z,97.34,97.345,97.34,97.345,1553.0,97.34,119
2026-04-16T18:45:00Z,97.34,97.34,97.335,97.34,273.0,97.3395,11
2026-04-16T19:00:00Z,97.34,97.345,97.34,97.34,604.0,97.34,41
2026-04-16T19:15:00Z,97.34,97.34,97.34,97.34,5.0,97.34,4
2026-04-16T19:30:00Z,97.34,97.34,97.33,97.335,657.0,97.3375,54
2026-04-16T19:45:00Z,97.34,97.34,97.34,97.34,746.0,97.34,70
2026-04-17T00:00:00Z,97.335,97.335,97.335,97.335,1.0,97.335,1
2026-04-17T00:15:00Z,97.34,97.34,97.34,97.34,3.0,97.34,3
2026-04-17T00:30:00Z,97.345,97.345,97.345,97.345,100.0,97.345,2
2026-04-17T00:45:00Z,97.345,97.345,97.345,97.345,0.0,97.345,0
2026-04-17T01:00:00Z,97.345,97.345,97.345,97.345,0.0,97.345,0
2026-04-17T01:15:00Z,97.34,97.34,97.34,97.34,11.0,97.34,1
2026-04-17T01:30:00Z,97.34,97.34,97.34,97.34,11.0,97.34,1
2026-04-17T01:45:00Z,97.34,97.34,97.34,97.34,0.0,97.34,0
2026-04-17T02:00:00Z,97.34,97.34,97.34,97.34,0.0,97.34,0
2026-04-17T02:15:00Z,97.34,97.34,97.34,97.34,0.0,97.34,0
2026-04-17T02:30:00Z,97.34,97.34,97.34,97.34,0.0,97.34,0
2026-04-17T02:45:00Z,97.34,97.34,97.34,97.34,0.0,97.34,0
2026-04-17T03:00:00Z,97.345,97.345,97.34,97.34,60.0,97.341,7
2026-04-17T03:15:00Z,97.34,97.34,97.34,97.34,66.0,97.34,1
2026-04-17T03:30:00Z,97.335,97.335,97.335,97.335,51.0,97.335,10
2026-04-17T03:45:00Z,97.335,97.335,97.335,97.335,65.0,97.335,1
2026-04-17T04:00:00Z,97.335,97.335,97.335,97.335,0.0,97.335,0
2026-04-17T04:15:00Z,97.335,97.34,97.335,97.34,9.0,97.3395,2
2026-04-17T04:30:00Z,97.34,97.34,97.34,97.34,0.0,97.34,0
2026-04-17T04:45:00Z,97.34,97.34,97.34,97.34,2.0,97.34,1
2026-04-17T05:00:00Z,97.34,97.34,97.34,97.34,1.0,97.34,1
2026-04-17T05:15:00Z,97.34,97.34,97.34,97.34,444.0,97.34,12
2026-04-17T05:30:00Z,97.345,97.345,97.345,97.345,546.0,97.345,14
2026-04-17T05:45:00Z,97.35,97.35,97.35,97.35,42.0,97.35,11
2026-04-17T06:00:00Z,97.35,97.35,97.35,97.35,342.0,97.35,49
2026-04-17T06:15:00Z,97.35,97.35,97.345,97.345,404.0,97.3455,49
2026-04-17T06:30:00Z,97.35,97.35,97.345,97.35,176.0,97.346,44
2026-04-17T06:45:00Z,97.35,97.35,97.345,97.35,289.0,97.35,37
2026-04-17T07:00:00Z,97.35,97.36,97.35,97.355,1004.0,97.3545,100
2026-04-17T07:15:00Z,97.36,97.36,97.36,97.36,1657.0,97.36,157
2026-04-17T07:30:00Z,97.36,97.37,97.36,97.365,1366.0,97.365,229
2026-04-17T07:45:00Z,97.365,97.37,97.36,97.365,668.0,97.365,86
2026-04-17T08:00:00Z,97.365,97.37,97.365,97.365,1357.0,97.368,123
2026-04-17T08:15:00Z,97.365,97.375,97.365,97.37,1405.0,97.37,77
2026-04-17T08:30:00Z,97.375,97.38,97.37,97.375,1529.0,97.3725,153
2026-04-17T08:45:00Z,97.37,97.38,97.37,97.38,592.0,97.3745,89
2026-04-17T09:00:00Z,97.375,97.38,97.375,97.38,1455.0,97.38,110
2026-04-17T09:15:00Z,97.38,97.38,97.375,97.38,2171.0,97.3765,176
2026-04-17T09:30:00Z,97.385,97.385,97.38,97.38,600.0,97.38,56
2026-04-17T09:45:00Z,97.38,97.385,97.38,97.385,332.0,97.3805,49
2026-04-17T10:00:00Z,97.38,97.385,97.38,97.385,2377.0,97.383,211
2026-04-17T10:15:00Z,97.385,97.385,97.38,97.38,1123.0,97.38,85
2026-04-17T10:30:00Z,97.38,97.38,97.375,97.375,1149.0,97.3775,109
2026-04-17T10:45:00Z,97.375,97.38,97.37,97.37,2150.0,97.372,226
2026-04-17T11:00:00Z,97.375,97.375,97.365,97.365,603.0,97.368,113
2026-04-17T11:15:00Z,97.365,97.365,97.36,97.365,1504.0,97.3615,142
2026-04-17T11:30:00Z,97.365,97.365,97.365,97.365,448.0,97.365,26
2026-04-17T11:45:00Z,97.365,97.37,97.365,97.37,5315.0,97.368,271
2026-04-17T12:00:00Z,97.375,97.375,97.37,97.37,1293.0,97.371,103
2026-04-17T12:15:00Z,97.375,97.39,97.37,97.385,3917.0,97.3815,418
2026-04-17T12:30:00Z,97.385,97.405,97.385,97.4,5165.0,97.3965,377
2026-04-17T12:45:00Z,97.4,97.545,97.395,97.505,44248.0,97.4805,3698
2026-04-17T13:00:00Z,97.505,97.51,97.475,97.48,27351.0,97.4875,1815
2026-04-17T13:15:00Z,97.48,97.485,97.46,97.47,17245.0,97.4735,1299
2026-04-17T13:30:00Z,97.475,97.48,97.465,97.475,4839.0,97.475,506
2026-04-17T13:45:00Z,97.48,97.49,97.465,97.49,6309.0,97.476,471
2026-04-17T14:00:00Z,97.49,97.51,97.485,97.51,12624.0,97.4985,772
2026-04-17T14:15:00Z,97.51,97.515,97.495,97.51,6332.0,97.5075,626
2026-04-17T14:30:00Z,97.51,97.525,97.505,97.52,18230.0,97.5115,1200
2026-04-17T14:45:00Z,97.52,97.535,97.52,97.525,8894.0,97.528,571
2026-04-17T15:00:00Z,97.52,97.525,97.485,97.505,18626.0,97.5075,2617
2026-04-17T15:15:00Z,97.5,97.505,97.495,97.495,3600.0,97.4995,522
2026-04-17T15:30:00Z,97.5,97.515,97.5,97.51,4941.0,97.507,638
2026-04-17T15:45:00Z,97.51,97.525,97.51,97.515,7932.0,97.519,515
2026-04-17T16:00:00Z,97.515,97.53,97.515,97.53,2083.0,97.5235,315
2026-04-17T16:15:00Z,97.535,97.545,97.53,97.54,4770.0,97.5385,364
2026-04-17T16:30:00Z,97.535,97.545,97.535,97.535,2578.0,97.5385,350
2026-04-17T16:45:00Z,97.54,97.55,97.535,97.54,2380.0,97.5425,194
2026-04-17T17:00:00Z,97.535,97.535,97.505,97.52,1907.0,97.524,157
2026-04-17T17:15:00Z,97.52,97.525,97.505,97.51,2636.0,97.5145,224
2026-04-17T17:30:00Z,97.51,97.51,97.505,97.505,3077.0,97.507,159
2026-04-17T17:45:00Z,97.51,97.515,97.51,97.515,1789.0,97.512,104
2026-04-17T18:00:00Z,97.51,97.51,97.505,97.505,328.0,97.5065,32
2026-04-17T18:15:00Z,97.51,97.515,97.51,97.51,358.0,97.512,32
2026-04-17T18:30:00Z,97.51,97.51,97.51,97.51,214.0,97.51,13
2026-04-17T18:45:00Z,97.51,97.51,97.5,97.505,553.0,97.5065,42
2026-04-17T19:00:00Z,97.505,97.51,97.505,97.51,471.0,97.505,33
2026-04-17T19:15:00Z,97.505,97.505,97.5,97.5,488.0,97.5,48
2026-04-17T19:30:00Z,97.505,97.51,97.505,97.51,369.0,97.5085,57
2026-04-17T19:45:00Z,97.51,97.515,97.505,97.51,1520.0,97.5085,196
2026-04-20T00:00:00Z,97.445,97.46,97.43,97.43,2982.0,97.4465,272
2026-04-20T00:15:00Z,97.43,97.465,97.43,97.455,1927.0,97.447,230
2026-04-20T00:30:00Z,97.455,97.465,97.455,97.465,661.0,97.4605,65
2026-04-20T00:45:00Z,97.465,97.465,97.46,97.46,609.0,97.4605,53
2026-04-20T01:00:00Z,97.46,97.46,97.46,97.46,213.0,97.46,26
2026-04-20T01:15:00Z,97.46,97.46,97.46,97.46,56.0,97.46,3
2026-04-20T01:30:00Z,97.46,97.465,97.46,97.465,261.0,97.4605,24
2026-04-20T01:45:00Z,97.465,97.465,97.465,97.465,0.0,97.465,0
2026-04-20T02:00:00Z,97.46,97.46,97.46,97.46,36.0,97.46,4
2026-04-20T02:15:00Z,97.46,97.46,97.46,97.46,14.0,97.46,5
2026-04-20T02:30:00Z,97.46,97.46,97.46,97.46,253.0,97.46,20
2026-04-20T02:45:00Z,97.455,97.455,97.455,97.455,553.0,97.455,18
2026-04-20T03:00:00Z,97.46,97.46,97.46,97.46,267.0,97.46,7
2026-04-20T03:15:00Z,97.46,97.46,97.46,97.46,0.0,97.46,0
2026-04-20T03:30:00Z,97.46,97.46,97.46,97.46,2.0,97.46,1
2026-04-20T03:45:00Z,97.46,97.46,97.46,97.46,1.0,97.46,1
2026-04-20T04:00:00Z,97.46,97.46,97.46,97.46,0.0,97.46,0
2026-04-20T04:15:00Z,97.46,97.46,97.46,97.46,0.0,97.46,0
2026-04-20T04:30:00Z,97.46,97.46,97.46,97.46,0.0,97.46,0
2026-04-20T04:45:00Z,97.45,97.455,97.45,97.455,96.0,97.4515,11
2026-04-20T05:00:00Z,97.45,97.45,97.445,97.445,424.0,97.4455,30
2026-04-20T05:15:00Z,97.445,97.445,97.44,97.44,978.0,97.4415,74
2026-04-20T05:30:00Z,97.435,97.44,97.43,97.43,1403.0,97.4325,69
2026-04-20T05:45:00Z,97.43,97.435,97.43,97.435,592.0,97.431,38
2026-04-20T06:00:00Z,97.44,97.45,97.44,97.445,2486.0,97.444,307
2026-04-20T06:15:00Z,97.44,97.44,97.43,97.435,1245.0,97.435,165
2026-04-20T06:30:00Z,97.44,97.445,97.43,97.435,5575.0,97.4395,556
2026-04-20T06:45:00Z,97.435,97.44,97.435,97.44,4289.0,97.439,230
2026-04-20T07:00:00Z,97.445,97.445,97.43,97.445,3384.0,97.4405,218
2026-04-20T07:15:00Z,97.445,97.45,97.435,97.435,2428.0,97.4435,203
2026-04-20T07:30:00Z,97.44,97.44,97.425,97.43,3648.0,97.43,382
2026-04-20T07:45:00Z,97.43,97.435,97.425,97.435,1914.0,97.429,295
2026-04-20T08:00:00Z,97.435,97.44,97.425,97.43,4084.0,97.432,304
2026-04-20T08:15:00Z,97.425,97.435,97.425,97.435,3378.0,97.4265,212
2026-04-20T08:30:00Z,97.435,97.435,97.425,97.425,475.0,97.4255,75
2026-04-20T08:45:00Z,97.43,97.44,97.43,97.44,780.0,97.436,145
2026-04-20T09:00:00Z,97.44,97.455,97.44,97.45,2250.0,97.448,230
2026-04-20T09:15:00Z,97.45,97.45,97.45,97.45,2273.0,97.45,93
2026-04-20T09:30:00Z,97.45,97.45,97.445,97.45,2109.0,97.4465,306
2026-04-20T09:45:00Z,97.445,97.45,97.445,97.445,1464.0,97.4485,991
2026-04-20T10:00:00Z,97.445,97.46,97.445,97.455,2518.0,97.452,188
2026-04-20T10:15:00Z,97.45,97.455,97.45,97.45,468.0,97.45,75
2026-04-20T10:30:00Z,97.45,97.455,97.445,97.445,2035.0,97.447,118
2026-04-20T10:45:00Z,97.45,97.45,97.45,97.45,1049.0,97.45,44
2026-04-20T11:00:00Z,97.445,97.445,97.435,97.44,1186.0,97.439,339
2026-04-20T11:15:00Z,97.44,97.445,97.44,97.445,1572.0,97.4415,320
2026-04-20T11:30:00Z,97.445,97.45,97.445,97.45,981.0,97.446,206
2026-04-20T11:45:00Z,97.45,97.46,97.45,97.455,2572.0,97.456,391
2026-04-20T12:00:00Z,97.455,97.46,97.45,97.46,3510.0,97.456,570
2026-04-20T12:15:00Z,97.46,97.465,97.46,97.465,1406.0,97.4625,100
2026-04-20T12:30:00Z,97.465,97.465,97.455,97.46,2558.0,97.4615,166
2026-04-20T12:45:00Z,97.465,97.465,97.455,97.46,1837.0,97.4595,234
2026-04-20T13:00:00Z,97.46,97.475,97.455,97.47,5499.0,97.466,457
2026-04-20T13:15:00Z,97.465,97.48,97.465,97.48,1552.0,97.4725,222
2026-04-20T13:30:00Z,97.48,97.48,97.475,97.475,1440.0,97.478,261
2026-04-20T13:45:00Z,97.48,97.48,97.47,97.475,2263.0,97.477,241
2026-04-20T14:00:00Z,97.475,97.475,97.45,97.455,4707.0,97.461,321
2026-04-20T14:15:00Z,97.455,97.465,97.455,97.46,1942.0,97.4595,215
2026-04-20T14:30:00Z,97.455,97.46,97.45,97.455,1665.0,97.455,302
2026-04-20T14:45:00Z,97.46,97.46,97.435,97.455,4125.0,97.4495,415
2026-04-20T15:00:00Z,97.46,97.46,97.45,97.455,2644.0,97.4535,919
2026-04-20T15:15:00Z,97.455,97.47,97.455,97.465,2121.0,97.4605,426
2026-04-20T15:30:00Z,97.465,97.47,97.455,97.46,2610.0,97.4615,659
2026-04-20T15:45:00Z,97.455,97.46,97.45,97.45,1685.0,97.455,298
2026-04-20T16:00:00Z,97.455,97.455,97.445,97.45,1283.0,97.4495,402
2026-04-20T16:15:00Z,97.45,97.45,97.445,97.445,2512.0,97.4465,202
2026-04-20T16:30:00Z,97.45,97.455,97.445,97.45,1488.0,97.4475,71
2026-04-20T16:45:00Z,97.45,97.455,97.45,97.455,332.0,97.453,49
2026-04-20T17:00:00Z,97.455,97.455,97.455,97.455,531.0,97.455,43
2026-04-20T17:15:00Z,97.455,97.455,97.455,97.455,3.0,97.455,3
2026-04-20T17:30:00Z,97.45,97.455,97.45,97.455,36.0,97.455,4
2026-04-20T17:45:00Z,97.455,97.455,97.455,97.455,45.0,97.455,8
2026-04-20T18:00:00Z,97.455,97.455,97.45,97.45,32.0,97.454,12
2026-04-20T18:15:00Z,97.455,97.455,97.455,97.455,571.0,97.455,21
2026-04-20T18:30:00Z,97.455,97.455,97.455,97.455,7.0,97.455,3
2026-04-20T18:45:00Z,97.455,97.46,97.455,97.46,30.0,97.456,7
2026-04-20T19:00:00Z,97.46,97.46,97.46,97.46,7.0,97.46,4
2026-04-20T19:15:00Z,97.46,97.46,97.455,97.455,341.0,97.455,18
2026-04-20T19:30:00Z,97.46,97.46,97.455,97.455,110.0,97.4555,11
2026-04-20T19:45:00Z,97.455,97.455,97.45,97.45,219.0,97.455,18
2026-04-21T00:00:00Z,97.455,97.455,97.455,97.455,104.0,97.455,32
2026-04-21T00:15:00Z,97.46,97.46,97.455,97.455,83.0,97.46,5
2026-04-21T00:30:00Z,97.455,97.455,97.455,97.455,0.0,97.455,0
2026-04-21T00:45:00Z,97.455,97.46,97.455,97.46,100.0,97.4595,18
2026-04-21T01:00:00Z,97.45,97.45,97.45,97.45,1.0,97.45,1
2026-04-21T01:15:00Z,97.45,97.45,97.45,97.45,6.0,97.45,1
2026-04-21T01:30:00Z,97.455,97.46,97.455,97.46,545.0,97.46,30
2026-04-21T01:45:00Z,97.46,97.46,97.46,97.46,0.0,97.46,0
2026-04-21T02:00:00Z,97.455,97.455,97.455,97.455,20.0,97.455,4
2026-04-21T02:15:00Z,97.455,97.455,97.455,97.455,0.0,97.455,0
2026-04-21T02:30:00Z,97.455,97.455,97.455,97.455,256.0,97.455,17
2026-04-21T02:45:00Z,97.46,97.46,97.46,97.46,4.0,97.46,1
2026-04-21T03:00:00Z,97.46,97.46,97.46,97.46,745.0,97.46,33
2026-04-21T03:15:00Z,97.455,97.455,97.455,97.455,125.0,97.455,7
2026-04-21T03:30:00Z,97.455,97.455,97.455,97.455,0.0,97.455,0
2026-04-21T03:45:00Z,97.455,97.455,97.455,97.455,0.0,97.455,0
2026-04-21T04:00:00Z,97.455,97.455,97.455,97.455,0.0,97.455,0
2026-04-21T04:15:00Z,97.46,97.46,97.46,97.46,11.0,97.46,3
2026-04-21T04:30:00Z,97.46,97.46,97.46,97.46,0.0,97.46,0
2026-04-21T04:45:00Z,97.46,97.46,97.46,97.46,25.0,97.46,4
2026-04-21T05:00:00Z,97.46,97.47,97.46,97.47,62.0,97.47,16
2026-04-21T05:15:00Z,97.47,97.47,97.47,97.47,0.0,97.47,0
2026-04-21T05:30:00Z,97.465,97.465,97.465,97.465,33.0,97.465,10
2026-04-21T05:45:00Z,97.465,97.465,97.46,97.465,134.0,97.463,11
2026-04-21T06:00:00Z,97.47,97.47,97.46,97.46,654.0,97.461,91
2026-04-21T06:15:00Z,97.46,97.46,97.455,97.455,297.0,97.4575,48
2026-04-21T06:30:00Z,97.46,97.46,97.455,97.46,423.0,97.4575,81
2026-04-21T06:45:00Z,97.465,97.465,97.46,97.465,634.0,97.465,81
2026-04-21T07:00:00Z,97.46,97.46,97.45,97.45,1664.0,97.451,147
2026-04-21T07:15:00Z,97.445,97.45,97.445,97.45,979.0,97.4465,111
2026-04-21T07:30:00Z,97.45,97.455,97.45,97.455,1816.0,97.4505,214
2026-04-21T07:45:00Z,97.455,97.47,97.455,97.455,2803.0,97.4625,269
2026-04-21T08:00:00Z,97.455,97.455,97.44,97.445,1824.0,97.4485,266
2026-04-21T08:15:00Z,97.45,97.46,97.45,97.46,1552.0,97.454,159
2026-04-21T08:30:00Z,97.455,97.46,97.455,97.46,3026.0,97.4565,391
2026-04-21T08:45:00Z,97.46,97.46,97.45,97.45,1444.0,97.452,124
2026-04-21T09:00:00Z,97.45,97.455,97.45,97.45,1197.0,97.45,111
2026-04-21T09:15:00Z,97.45,97.45,97.445,97.445,634.0,97.45,108
2026-04-21T09:30:00Z,97.445,97.45,97.44,97.445,1312.0,97.4445,176
2026-04-21T09:45:00Z,97.445,97.445,97.435,97.435,1028.0,97.4425,170
2026-04-21T10:00:00Z,97.435,97.44,97.435,97.435,1020.0,97.4355,168
2026-04-21T10:15:00Z,97.44,97.445,97.44,97.44,455.0,97.44,72
2026-04-21T10:30:00Z,97.44,97.445,97.44,97.44,1625.0,97.4415,185
2026-04-21T10:45:00Z,97.445,97.445,97.435,97.44,1115.0,97.44,209
2026-04-21T11:00:00Z,97.44,97.445,97.425,97.43,4273.0,97.4325,397
2026-04-21T11:15:00Z,97.435,97.435,97.425,97.43,1319.0,97.4275,118
2026-04-21T11:30:00Z,97.43,97.435,97.425,97.43,1509.0,97.43,192
2026-04-21T11:45:00Z,97.425,97.43,97.425,97.43,271.0,97.4265,73
2026-04-21T12:00:00Z,97.43,97.43,97.425,97.425,1399.0,97.429,236
2026-04-21T12:15:00Z,97.425,97.425,97.415,97.425,2300.0,97.4195,151
2026-04-21T12:30:00Z,97.42,97.425,97.41,97.415,5878.0,97.4185,518
2026-04-21T12:45:00Z,97.42,97.425,97.42,97.42,2067.0,97.422,308
2026-04-21T13:00:00Z,97.42,97.425,97.42,97.42,1090.0,97.424,283
2026-04-21T13:15:00Z,97.42,97.425,97.42,97.42,1212.0,97.42,104
2026-04-21T13:30:00Z,97.42,97.425,97.41,97.42,895.0,97.4185,125
2026-04-21T13:45:00Z,97.42,97.43,97.42,97.42,1399.0,97.4245,181
2026-04-21T14:00:00Z,97.42,97.42,97.415,97.415,1357.0,97.4175,209
2026-04-21T14:15:00Z,97.415,97.415,97.395,97.4,3740.0,97.4035,346
2026-04-21T14:30:00Z,97.395,97.4,97.395,97.395,1318.0,97.3965,245
2026-04-21T14:45:00Z,97.395,97.395,97.375,97.38,6023.0,97.3855,388
2026-04-21T15:00:00Z,97.38,97.39,97.375,97.38,8284.0,97.38,829
2026-04-21T15:15:00Z,97.385,97.385,97.375,97.375,7378.0,97.377,559
2026-04-21T15:30:00Z,97.375,97.375,97.365,97.37,6013.0,97.3705,662
2026-04-21T15:45:00Z,97.37,97.38,97.365,97.37,4070.0,97.375,361
2026-04-21T16:00:00Z,97.37,97.38,97.365,97.365,3478.0,97.3745,231
2026-04-21T16:15:00Z,97.365,97.37,97.36,97.365,2501.0,97.3665,222
2026-04-21T16:30:00Z,97.365,97.365,97.35,97.35,1852.0,97.359,325
2026-04-21T16:45:00Z,97.35,97.36,97.345,97.35,4057.0,97.351,242
2026-04-21T17:00:00Z,97.35,97.35,97.325,97.33,5587.0,97.3385,388
2026-04-21T17:15:00Z,97.335,97.34,97.33,97.34,1983.0,97.3325,97
2026-04-21T17:30:00Z,97.335,97.365,97.335,97.365,9002.0,97.347,592
2026-04-21T17:45:00Z,97.365,97.365,97.335,97.34,8542.0,97.349,479
2026-04-21T18:00:00Z,97.345,97.345,97.335,97.335,1177.0,97.3425,69
2026-04-21T18:15:00Z,97.34,97.34,97.325,97.33,2824.0,97.3285,195
2026-04-21T18:30:00Z,97.335,97.34,97.335,97.335,319.0,97.3355,28
2026-04-21T18:45:00Z,97.335,97.345,97.33,97.34,5535.0,97.3395,406
2026-04-21T19:00:00Z,97.345,97.355,97.34,97.34,5486.0,97.348,205
2026-04-21T19:15:00Z,97.345,97.36,97.345,97.36,2100.0,97.3575,117
2026-04-21T19:30:00Z,97.36,97.36,97.31,97.31,5678.0,97.3325,334
2026-04-21T19:45:00Z,97.31,97.325,97.295,97.3,9558.0,97.308,412
2026-04-22T00:00:00Z,97.32,97.34,97.31,97.34,1584.0,97.328,153
2026-04-22T00:15:00Z,97.335,97.345,97.335,97.345,914.0,97.3435,112
2026-04-22T00:30:00Z,97.34,97.345,97.34,97.345,250.0,97.345,10
2026-04-22T00:45:00Z,97.34,97.34,97.34,97.34,4.0,97.34,4
2026-04-22T01:00:00Z,97.345,97.345,97.345,97.345,5.0,97.345,1
2026-04-22T01:15:00Z,97.34,97.34,97.34,97.34,202.0,97.34,9
2026-04-22T01:30:00Z,97.34,97.345,97.34,97.34,173.0,97.343,15
2026-04-22T01:45:00Z,97.34,97.34,97.335,97.34,44.0,97.34,6
2026-04-22T02:00:00Z,97.34,97.34,97.335,97.34,15.0,97.3395,4
2026-04-22T02:15:00Z,97.34,97.34,97.34,97.34,2.0,97.34,1
2026-04-22T02:30:00Z,97.34,97.34,97.34,97.34,138.0,97.34,10
2026-04-22T02:45:00Z,97.34,97.34,97.34,97.34,83.0,97.34,13
2026-04-22T03:00:00Z,97.34,97.34,97.34,97.34,200.0,97.34,20
2026-04-22T03:15:00Z,97.335,97.34,97.335,97.34,9.0,97.3385,8
2026-04-22T03:30:00Z,97.34,97.34,97.34,97.34,179.0,97.34,15
2026-04-22T03:45:00Z,97.34,97.34,97.34,97.34,5.0,97.34,5
2026-04-22T04:00:00Z,97.345,97.345,97.345,97.345,73.0,97.345,3
2026-04-22T04:15:00Z,97.345,97.345,97.345,97.345,27.0,97.345,2
2026-04-22T04:30:00Z,97.35,97.355,97.35,97.355,1070.0,97.35,166
2026-04-22T04:45:00Z,97.355,97.355,97.35,97.35,3111.0,97.355,119
2026-04-22T05:00:00Z,97.355,97.355,97.355,97.355,9.0,97.355,3
2026-04-22T05:15:00Z,97.355,97.375,97.355,97.375,1359.0,97.368,89
2026-04-22T05:30:00Z,97.37,97.38,97.37,97.38,1836.0,97.3795,114
2026-04-22T05:45:00Z,97.375,97.38,97.37,97.37,1030.0,97.3765,46
2026-04-22T06:00:00Z,97.37,97.385,97.36,97.385,1852.0,97.376,280
2026-04-22T06:15:00Z,97.385,97.385,97.375,97.38,4520.0,97.38,174
2026-04-22T06:30:00Z,97.38,97.39,97.38,97.39,1359.0,97.3895,288
2026-04-22T06:45:00Z,97.39,97.395,97.39,97.39,2027.0,97.391,152
2026-04-22T07:00:00Z,97.39,97.4,97.39,97.39,1433.0,97.393,162
2026-04-22T07:15:00Z,97.385,97.39,97.38,97.385,2764.0,97.385,192
2026-04-22T07:30:00Z,97.38,97.385,97.37,97.375,1710.0,97.3795,130
2026-04-22T07:45:00Z,97.375,97.38,97.37,97.37,1722.0,97.373,198
2026-04-22T08:00:00Z,97.37,97.375,97.365,97.37,1541.0,97.37,225
2026-04-22T08:15:00Z,97.37,97.37,97.35,97.355,2439.0,97.359,231
2026-04-22T08:30:00Z,97.35,97.355,97.35,97.35,3533.0,97.3515,209
2026-04-22T08:45:00Z,97.35,97.355,97.345,97.355,4422.0,97.3515,259
2026-04-22T09:00:00Z,97.355,97.365,97.355,97.365,4342.0,97.3595,205
2026-04-22T09:15:00Z,97.365,97.37,97.365,97.37,2265.0,97.3675,170
2026-04-22T09:30:00Z,97.37,97.375,97.37,97.375,1067.0,97.371,108
2026-04-22T09:45:00Z,97.375,97.375,97.36,97.365,2868.0,97.3675,328
2026-04-22T10:00:00Z,97.365,97.37,97.34,97.345,8304.0,97.3515,582
2026-04-22T10:15:00Z,97.35,97.365,97.35,97.365,4353.0,97.353,205
2026-04-22T10:30:00Z,97.365,97.37,97.36,97.36,3563.0,97.364,205
2026-04-22T10:45:00Z,97.36,97.365,97.36,97.36,1112.0,97.36,106
2026-04-22T11:00:00Z,97.36,97.37,97.36,97.365,2553.0,97.361,185
2026-04-22T11:15:00Z,97.365,97.37,97.36,97.365,1112.0,97.365,158
2026-04-22T11:30:00Z,97.365,97.37,97.365,97.365,273.0,97.366,40
2026-04-22T11:45:00Z,97.37,97.375,97.37,97.37,765.0,97.3705,69
2026-04-22T12:00:00Z,97.37,97.375,97.37,97.375,5659.0,97.373,434
2026-04-22T12:15:00Z,97.375,97.38,97.365,97.365,5284.0,97.3725,217
2026-04-22T12:30:00Z,97.36,97.365,97.35,97.355,6357.0,97.3585,409
2026-04-22T12:45:00Z,97.36,97.36,97.35,97.35,1812.0,97.351,206
2026-04-22T13:00:00Z,97.35,97.36,97.35,97.355,3216.0,97.354,310
2026-04-22T13:15:00Z,97.355,97.365,97.35,97.36,4586.0,97.358,394
2026-04-22T13:30:00Z,97.36,97.365,97.35,97.36,2633.0,97.358,422
2026-04-22T13:45:00Z,97.36,97.365,97.36,97.36,1087.0,97.36,114
2026-04-22T14:00:00Z,97.36,97.365,97.355,97.355,2385.0,97.3585,197
2026-04-22T14:15:00Z,97.36,97.365,97.36,97.365,1680.0,97.3635,288
2026-04-22T14:30:00Z,97.365,97.365,97.345,97.345,5175.0,97.353,465
2026-04-22T14:45:00Z,97.345,97.35,97.335,97.335,3854.0,97.341,274
2026-04-22T15:00:00Z,97.335,97.34,97.33,97.34,2622.0,97.3365,410
2026-04-22T15:15:00Z,97.34,97.34,97.33,97.335,3942.0,97.3345,590
2026-04-22T15:30:00Z,97.335,97.335,97.325,97.325,3225.0,97.3275,761
2026-04-22T15:45:00Z,97.325,97.33,97.32,97.33,7996.0,97.325,295
2026-04-22T16:00:00Z,97.33,97.33,97.32,97.325,2218.0,97.3255,326
2026-04-22T16:15:00Z,97.32,97.325,97.31,97.315,1937.0,97.317,228
2026-04-22T16:30:00Z,97.31,97.315,97.305,97.31,938.0,97.3105,98
2026-04-22T16:45:00Z,97.31,97.315,97.305,97.305,1411.0,97.31,108
2026-04-22T17:00:00Z,97.31,97.325,97.31,97.325,4207.0,97.3225,210
2026-04-22T17:15:00Z,97.325,97.325,97.315,97.325,512.0,97.321,46
2026-04-22T17:30:00Z,97.325,97.325,97.325,97.325,241.0,97.325,25
2026-04-22T17:45:00Z,97.325,97.34,97.325,97.34,6118.0,97.332,362
2026-04-22T18:00:00Z,97.335,97.335,97.335,97.335,158.0,97.335,14
2026-04-22T18:15:00Z,97.335,97.335,97.33,97.33,204.0,97.3305,19
2026-04-22T18:30:00Z,97.33,97.33,97.33,97.33,1.0,97.33,1
2026-04-22T18:45:00Z,97.33,97.34,97.33,97.335,1034.0,97.3325,85
2026-04-22T19:00:00Z,97.335,97.335,97.335,97.335,156.0,97.335,9
2026-04-22T19:15:00Z,97.335,97.335,97.335,97.335,15.0,97.335,4
2026-04-22T19:30:00Z,97.335,97.335,97.335,97.335,0.0,97.335,0
2026-04-22T19:45:00Z,97.34,97.34,97.335,97.335,358.0,97.338,62
2026-04-23T00:00:00Z,97.335,97.34,97.315,97.315,2387.0,97.3285,117
2026-04-23T00:15:00Z,97.31,97.33,97.285,97.33,3090.0,97.3075,339
2026-04-23T00:30:00Z,97.33,97.33,97.325,97.325,340.0,97.3295,25
2026-04-23T00:45:00Z,97.325,97.325,97.325,97.325,0.0,97.325,0
2026-04-23T01:00:00Z,97.32,97.32,97.315,97.315,651.0,97.3185,38
2026-04-23T01:15:00Z,97.315,97.315,97.31,97.31,31.0,97.313,8
2026-04-23T01:30:00Z,97.31,97.31,97.31,97.31,10.0,97.31,1
2026-04-23T01:45:00Z,97.315,97.315,97.315,97.315,21.0,97.315,2
2026-04-23T02:00:00Z,97.31,97.31,97.305,97.305,443.0,97.3065,23
2026-04-23T02:15:00Z,97.305,97.305,97.305,97.305,270.0,97.305,10
2026-04-23T02:30:00Z,97.305,97.305,97.305,97.305,1.0,97.305,1
2026-04-23T02:45:00Z,97.305,97.305,97.305,97.305,180.0,97.305,9
2026-04-23T03:00:00Z,97.305,97.305,97.3,97.3,471.0,97.3015,45
2026-04-23T03:15:00Z,97.3,97.3,97.295,97.295,539.0,97.296,84
2026-04-23T03:30:00Z,97.295,97.295,97.295,97.295,14.0,97.295,4
2026-04-23T03:45:00Z,97.295,97.295,97.295,97.295,725.0,97.295,36
2026-04-23T04:00:00Z,97.295,97.295,97.295,97.295,8.0,97.295,1
2026-04-23T04:15:00Z,97.295,97.295,97.295,97.295,150.0,97.295,3
2026-04-23T04:30:00Z,97.295,97.295,97.295,97.295,168.0,97.295,18
2026-04-23T04:45:00Z,97.295,97.295,97.295,97.295,217.0,97.295,11
2026-04-23T05:00:00Z,97.3,97.3,97.295,97.295,50.0,97.295,7
2026-04-23T05:15:00Z,97.295,97.295,97.29,97.29,604.0,97.2915,53
2026-04-23T05:30:00Z,97.295,97.3,97.295,97.3,436.0,97.2955,13
2026-04-23T05:45:00Z,97.3,97.3,97.3,97.3,400.0,97.3,11
2026-04-23T06:00:00Z,97.295,97.305,97.295,97.3,1280.0,97.302,108
2026-04-23T06:15:00Z,97.305,97.305,97.295,97.3,874.0,97.3,81
2026-04-23T06:30:00Z,97.3,97.3,97.295,97.295,468.0,97.299,40
2026-04-23T06:45:00Z,97.29,97.295,97.28,97.295,1573.0,97.2875,161
2026-04-23T07:00:00Z,97.295,97.3,97.29,97.3,3651.0,97.2975,292
2026-04-23T07:15:00Z,97.305,97.32,97.3,97.315,2581.0,97.311,295
2026-04-23T07:30:00Z,97.315,97.33,97.315,97.325,7202.0,97.3215,592
2026-04-23T07:45:00Z,97.325,97.33,97.325,97.325,1356.0,97.326,220
2026-04-23T08:00:00Z,97.325,97.33,97.315,97.315,1718.0,97.3205,225
2026-04-23T08:15:00Z,97.315,97.325,97.31,97.315,2952.0,97.3155,295
2026-04-23T08:30:00Z,97.31,97.315,97.3,97.3,3127.0,97.308,235
2026-04-23T08:45:00Z,97.3,97.305,97.3,97.305,2378.0,97.305,128
2026-04-23T09:00:00Z,97.3,97.3,97.28,97.29,6734.0,97.292,494
2026-04-23T09:15:00Z,97.295,97.3,97.295,97.295,3431.0,97.2965,384
2026-04-23T09:30:00Z,97.3,97.305,97.3,97.3,2162.0,97.3,194
2026-04-23T09:45:00Z,97.3,97.3,97.29,97.29,1779.0,97.2945,135
2026-04-23T10:00:00Z,97.29,97.295,97.29,97.29,1062.0,97.2925,120
2026-04-23T10:15:00Z,97.29,97.3,97.29,97.3,1160.0,97.297,146
2026-04-23T10:30:00Z,97.3,97.3,97.295,97.3,1204.0,97.2985,132
2026-04-23T10:45:00Z,97.3,97.305,97.295,97.305,1223.0,97.3005,108
2026-04-23T11:00:00Z,97.305,97.305,97.3,97.3,858.0,97.3045,89
2026-04-23T11:15:00Z,97.3,97.305,97.29,97.29,5664.0,97.298,271
2026-04-23T11:30:00Z,97.29,97.3,97.29,97.3,4424.0,97.294,182
2026-04-23T11:45:00Z,97.3,97.32,97.3,97.32,8608.0,97.3105,539
2026-04-23T12:00:00Z,97.32,97.345,97.32,97.335,6865.0,97.3355,867
2026-04-23T12:15:00Z,97.33,97.335,97.32,97.33,4279.0,97.3265,371
2026-04-23T12:30:00Z,97.33,97.34,97.325,97.325,1722.0,97.3335,134
2026-04-23T12:45:00Z,97.325,97.335,97.31,97.33,5742.0,97.3195,623
2026-04-23T13:00:00Z,97.335,97.34,97.315,97.32,2770.0,97.3305,250
2026-04-23T13:15:00Z,97.32,97.335,97.32,97.325,1494.0,97.328,281
2026-04-23T13:30:00Z,97.325,97.325,97.315,97.32,1831.0,97.322,366
2026-04-23T13:45:00Z,97.315,97.325,97.31,97.315,2499.0,97.318,216
2026-04-23T14:00:00Z,97.31,97.32,97.305,97.315,3487.0,97.309,394
2026-04-23T14:15:00Z,97.315,97.32,97.31,97.315,1274.0,97.316,223
2026-04-23T14:30:00Z,97.32,97.32,97.305,97.31,1328.0,97.31,301
2026-04-23T14:45:00Z,97.315,97.335,97.315,97.33,9985.0,97.3255,673
2026-04-23T15:00:00Z,97.33,97.33,97.325,97.325,4241.0,97.325,555
2026-04-23T15:15:00Z,97.33,97.335,97.325,97.33,3950.0,97.3295,429
2026-04-23T15:30:00Z,97.33,97.335,97.325,97.325,5948.0,97.326,410
2026-04-23T15:45:00Z,97.325,97.33,97.315,97.325,3974.0,97.3205,832
2026-04-23T16:00:00Z,97.325,97.325,97.32,97.32,421.0,97.3205,105
2026-04-23T16:15:00Z,97.325,97.33,97.32,97.32,885.0,97.325,79
2026-04-23T16:30:00Z,97.325,97.33,97.325,97.33,244.0,97.325,22
2026-04-23T16:45:00Z,97.33,97.335,97.32,97.32,2897.0,97.3255,155
2026-04-23T17:00:00Z,97.325,97.325,97.27,97.275,9163.0,97.288,667
2026-04-23T17:15:00Z,97.265,97.265,97.235,97.245,8204.0,97.2485,474
2026-04-23T17:30:00Z,97.245,97.26,97.22,97.225,5689.0,97.24,504
2026-04-23T17:45:00Z,97.225,97.27,97.215,97.27,13332.0,97.242,760
2026-04-23T18:00:00Z,97.27,97.28,97.265,97.275,5906.0,97.274,346
2026-04-23T18:15:00Z,97.28,97.28,97.27,97.27,1460.0,97.2725,84
2026-04-23T18:30:00Z,97.27,97.285,97.27,97.27,1323.0,97.2765,45
2026-04-23T18:45:00Z,97.27,97.275,97.26,97.26,1103.0,97.268,28
2026-04-23T19:00:00Z,97.265,97.265,97.255,97.265,2340.0,97.2575,137
2026-04-23T19:15:00Z,97.265,97.265,97.265,97.265,73.0,97.265,12
2026-04-23T19:30:00Z,97.265,97.27,97.265,97.27,826.0,97.265,22
2026-04-23T19:45:00Z,97.27,97.27,97.265,97.265,393.0,97.267,51
2026-04-24T00:00:00Z,97.255,97.265,97.255,97.265,341.0,97.259,14
2026-04-24T00:15:00Z,97.265,97.275,97.26,97.27,147.0,97.2685,13
2026-04-24T00:30:00Z,97.265,97.265,97.26,97.26,16.0,97.2605,3
2026-04-24T00:45:00Z,97.26,97.26,97.26,97.26,70.0,97.26,2
2026-04-24T01:00:00Z,97.265,97.265,97.265,97.265,280.0,97.265,10
2026-04-24T01:15:00Z,97.265,97.265,97.265,97.265,0.0,97.265,0
2026-04-24T01:30:00Z,97.26,97.26,97.26,97.26,12.0,97.26,2
2026-04-24T01:45:00Z,97.26,97.26,97.26,97.26,0.0,97.26,0
2026-04-24T02:00:00Z,97.26,97.26,97.26,97.26,82.0,97.26,2
2026-04-24T02:15:00Z,97.26,97.26,97.26,97.26,0.0,97.26,0
2026-04-24T02:30:00Z,97.26,97.26,97.26,97.26,0.0,97.26,0
2026-04-24T02:45:00Z,97.255,97.255,97.255,97.255,24.0,97.255,17
2026-04-24T03:00:00Z,97.255,97.255,97.255,97.255,52.0,97.255,5
2026-04-24T03:15:00Z,97.255,97.255,97.255,97.255,0.0,97.255,0
2026-04-24T03:30:00Z,97.255,97.255,97.255,97.255,0.0,97.255,0
2026-04-24T03:45:00Z,97.255,97.255,97.255,97.255,0.0,97.255,0
2026-04-24T04:00:00Z,97.25,97.25,97.245,97.245,2.0,97.2475,2
2026-04-24T04:15:00Z,97.255,97.255,97.255,97.255,11.0,97.255,2
2026-04-24T04:30:00Z,97.255,97.255,97.255,97.255,414.0,97.255,71
2026-04-24T04:45:00Z,97.26,97.26,97.26,97.26,273.0,97.26,15
2026-04-24T05:00:00Z,97.255,97.255,97.255,97.255,132.0,97.255,7
2026-04-24T05:15:00Z,97.25,97.26,97.25,97.26,142.0,97.257,18
2026-04-24T05:30:00Z,97.26,97.265,97.26,97.26,369.0,97.262,23
2026-04-24T05:45:00Z,97.265,97.265,97.265,97.265,565.0,97.265,25
2026-04-24T06:00:00Z,97.26,97.27,97.26,97.27,2388.0,97.2645,231
2026-04-24T06:15:00Z,97.27,97.27,97.255,97.26,2498.0,97.2595,163
2026-04-24T06:30:00Z,97.26,97.275,97.255,97.275,1331.0,97.265,130
2026-04-24T06:45:00Z,97.275,97.275,97.26,97.265,926.0,97.27,84
2026-04-24T07:00:00Z,97.265,97.28,97.265,97.28,4053.0,97.2725,273
2026-04-24T07:15:00Z,97.275,97.28,97.27,97.275,3386.0,97.274,256
2026-04-24T07:30:00Z,97.28,97.28,97.265,97.265,5129.0,97.267,410
2026-04-24T07:45:00Z,97.26,97.265,97.255,97.265,1081.0,97.262,133
2026-04-24T08:00:00Z,97.26,97.26,97.25,97.25,2984.0,97.253,327
2026-04-24T08:15:00Z,97.255,97.27,97.255,97.255,3926.0,97.2615,262
2026-04-24T08:30:00Z,97.255,97.26,97.25,97.255,2349.0,97.253,239
2026-04-24T08:45:00Z,97.255,97.26,97.25,97.255,1413.0,97.2525,111
2026-04-24T09:00:00Z,97.255,97.27,97.25,97.27,2160.0,97.26,169
2026-04-24T09:15:00Z,97.27,97.27,97.265,97.265,2130.0,97.2665,163
2026-04-24T09:30:00Z,97.265,97.265,97.265,97.265,701.0,97.265,43
2026-04-24T09:45:00Z,97.27,97.27,97.26,97.26,2318.0,97.263,109
2026-04-24T10:00:00Z,97.255,97.26,97.255,97.255,979.0,97.259,111
2026-04-24T10:15:00Z,97.255,97.26,97.255,97.26,2342.0,97.257,241
2026-04-24T10:30:00Z,97.265,97.265,97.26,97.26,1184.0,97.2605,65
2026-04-24T10:45:00Z,97.26,97.27,97.26,97.265,1028.0,97.265,58
2026-04-24T11:00:00Z,97.265,97.3,97.265,97.295,8349.0,97.288,865
2026-04-24T11:15:00Z,97.295,97.33,97.29,97.33,16517.0,97.312,1832
2026-04-24T11:30:00Z,97.335,97.335,97.3,97.3,6566.0,97.32,443
2026-04-24T11:45:00Z,97.3,97.31,97.295,97.31,5721.0,97.3005,404
2026-04-24T12:00:00Z,97.305,97.315,97.305,97.31,4147.0,97.31,248
2026-04-24T12:15:00Z,97.31,97.31,97.295,97.3,3023.0,97.301,259
2026-04-24T12:30:00Z,97.3,97.3,97.28,97.28,4055.0,97.292,177
2026-04-24T12:45:00Z,97.28,97.285,97.265,97.285,3194.0,97.275,332
2026-04-24T13:00:00Z,97.285,97.3,97.285,97.295,2680.0,97.2935,215
2026-04-24T13:15:00Z,97.295,97.3,97.285,97.285,4346.0,97.291,319
2026-04-24T13:30:00Z,97.29,97.29,97.28,97.285,1147.0,97.2875,117
2026-04-24T13:45:00Z,97.285,97.3,97.285,97.3,3744.0,97.2955,237
2026-04-24T14:00:00Z,97.3,97.32,97.295,97.315,2739.0,97.311,315
2026-04-24T14:15:00Z,97.31,97.315,97.31,97.31,3662.0,97.311,291
2026-04-24T14:30:00Z,97.31,97.33,97.31,97.325,5934.0,97.3205,336
2026-04-24T14:45:00Z,97.325,97.325,97.32,97.325,1778.0,97.323,99
2026-04-24T15:00:00Z,97.32,97.325,97.31,97.31,3039.0,97.3165,377
2026-04-24T15:15:00Z,97.315,97.315,97.305,97.305,2485.0,97.3095,243
2026-04-24T15:30:00Z,97.31,97.34,97.31,97.335,4523.0,97.3215,316
2026-04-24T15:45:00Z,97.335,97.35,97.33,97.345,13178.0,97.338,709
2026-04-24T16:00:00Z,97.345,97.345,97.335,97.34,1676.0,97.34,121
2026-04-24T16:15:00Z,97.335,97.345,97.335,97.335,1696.0,97.3375,119
2026-04-24T16:30:00Z,97.34,97.34,97.33,97.33,1338.0,97.338,87
2026-04-24T16:45:00Z,97.335,97.34,97.335,97.34,766.0,97.3355,63
2026-04-24T17:00:00Z,97.345,97.35,97.34,97.34,1369.0,97.3485,110
2026-04-24T17:15:00Z,97.34,97.345,97.335,97.335,1198.0,97.3395,122
2026-04-24T17:30:00Z,97.34,97.345,97.335,97.34,601.0,97.34,66
2026-04-24T17:45:00Z,97.34,97.355,97.34,97.345,192.0,97.3455,78
2026-04-24T18:00:00Z,97.34,97.34,97.34,97.34,97.0,97.34,8
2026-04-24T18:15:00Z,97.34,97.34,97.335,97.335,588.0,97.3355,45
2026-04-24T18:30:00Z,97.335,97.335,97.335,97.335,0.0,97.335,0
2026-04-24T18:45:00Z,97.34,97.34,97.34,97.34,907.0,97.34,46
2026-04-24T19:00:00Z,97.335,97.345,97.335,97.345,788.0,97.339,67
2026-04-24T19:15:00Z,97.345,97.345,97.345,97.345,147.0,97.345,12
2026-04-24T19:30:00Z,97.34,97.34,97.34,97.34,183.0,97.34,30
2026-04-24T19:45:00Z,97.34,97.34,97.335,97.34,331.0,97.338,52
2026-04-27T00:00:00Z,97.31,97.32,97.31,97.32,909.0,97.316,237
2026-04-27T00:15:00Z,97.32,97.32,97.315,97.315,229.0,97.315,23
2026-04-27T00:30:00Z,97.315,97.315,97.315,97.315,37.0,97.315,2
2026-04-27T00:45:00Z,97.315,97.315,97.315,97.315,400.0,97.315,9
2026-04-27T01:00:00Z,97.32,97.33,97.32,97.32,1086.0,97.3205,65
2026-04-27T01:15:00Z,97.325,97.325,97.325,97.325,1.0,97.325,1
2026-04-27T01:30:00Z,97.325,97.325,97.32,97.32,443.0,97.3225,40
2026-04-27T01:45:00Z,97.325,97.325,97.325,97.325,412.0,97.325,4
2026-04-27T02:00:00Z,97.325,97.325,97.325,97.325,0.0,97.325,0
2026-04-27T02:15:00Z,97.33,97.33,97.325,97.325,317.0,97.325,12
2026-04-27T02:30:00Z,97.325,97.325,97.325,97.325,7.0,97.325,7
2026-04-27T02:45:00Z,97.325,97.325,97.325,97.325,0.0,97.325,0
2026-04-27T03:00:00Z,97.325,97.325,97.325,97.325,90.0,97.325,11
2026-04-27T03:15:00Z,97.325,97.325,97.325,97.325,0.0,97.325,0
2026-04-27T03:30:00Z,97.325,97.325,97.325,97.325,0.0,97.325,0
2026-04-27T03:45:00Z,97.32,97.32,97.32,97.32,616.0,97.32,23
2026-04-27T04:00:00Z,97.32,97.32,97.32,97.32,12.0,97.32,2
2026-04-27T04:15:00Z,97.32,97.32,97.32,97.32,23.0,97.32,2
2026-04-27T04:30:00Z,97.32,97.32,97.32,97.32,5.0,97.32,1
2026-04-27T04:45:00Z,97.32,97.32,97.315,97.315,101.0,97.32,4
2026-04-27T05:00:00Z,97.31,97.31,97.31,97.31,349.0,97.31,20
2026-04-27T05:15:00Z,97.31,97.31,97.31,97.31,4.0,97.31,2
2026-04-27T05:30:00Z,97.31,97.31,97.31,97.31,50.0,97.31,4
2026-04-27T05:45:00Z,97.31,97.31,97.31,97.31,0.0,97.31,0
2026-04-27T06:00:00Z,97.31,97.33,97.31,97.325,659.0,97.3155,113
2026-04-27T06:15:00Z,97.325,97.325,97.31,97.32,1188.0,97.322,103
2026-04-27T06:30:00Z,97.32,97.32,97.32,97.32,1432.0,97.32,111
2026-04-27T06:45:00Z,97.32,97.325,97.32,97.325,1551.0,97.3205,184
2026-04-27T07:00:00Z,97.325,97.325,97.315,97.32,2040.0,97.3225,329
2026-04-27T07:15:00Z,97.32,97.335,97.315,97.33,874.0,97.3255,120
2026-04-27T07:30:00Z,97.335,97.335,97.33,97.33,383.0,97.335,67
2026-04-27T07:45:00Z,97.335,97.335,97.325,97.325,1562.0,97.329,198
2026-04-27T08:00:00Z,97.32,97.325,97.32,97.325,2611.0,97.3205,266
2026-04-27T08:15:00Z,97.33,97.33,97.325,97.33,344.0,97.33,122
2026-04-27T08:30:00Z,97.325,97.335,97.325,97.335,292.0,97.331,95
2026-04-27T08:45:00Z,97.335,97.34,97.335,97.335,2923.0,97.336,169
2026-04-27T09:00:00Z,97.335,97.35,97.335,97.345,2800.0,97.3415,200
2026-04-27T09:15:00Z,97.345,97.345,97.335,97.335,2181.0,97.34,148
2026-04-27T09:30:00Z,97.34,97.34,97.335,97.34,460.0,97.3375,95
2026-04-27T09:45:00Z,97.34,97.345,97.34,97.345,1124.0,97.34,81
2026-04-27T10:00:00Z,97.34,97.34,97.335,97.34,1353.0,97.339,97
2026-04-27T10:15:00Z,97.34,97.345,97.335,97.345,586.0,97.3405,46
2026-04-27T10:30:00Z,97.345,97.355,97.345,97.35,1423.0,97.347,189
2026-04-27T10:45:00Z,97.35,97.355,97.345,97.35,1016.0,97.3465,156
2026-04-27T11:00:00Z,97.35,97.35,97.345,97.345,1080.0,97.345,82
2026-04-27T11:15:00Z,97.345,97.35,97.345,97.35,2486.0,97.3485,204
2026-04-27T11:30:00Z,97.35,97.355,97.35,97.35,1097.0,97.35,113
2026-04-27T11:45:00Z,97.35,97.35,97.34,97.34,391.0,97.3475,70
2026-04-27T12:00:00Z,97.34,97.345,97.34,97.345,1149.0,97.3435,140
2026-04-27T12:15:00Z,97.345,97.345,97.335,97.34,567.0,97.3405,82
2026-04-27T12:30:00Z,97.34,97.345,97.33,97.33,2106.0,97.3355,158
2026-04-27T12:45:00Z,97.33,97.335,97.315,97.315,2297.0,97.324,182
2026-04-27T13:00:00Z,97.32,97.335,97.32,97.32,3996.0,97.326,265
2026-04-27T13:15:00Z,97.32,97.325,97.31,97.31,2572.0,97.319,246
2026-04-27T13:30:00Z,97.31,97.315,97.31,97.31,2364.0,97.313,171
2026-04-27T13:45:00Z,97.31,97.32,97.31,97.32,801.0,97.314,106
2026-04-27T14:00:00Z,97.32,97.325,97.315,97.315,904.0,97.3205,78
2026-04-27T14:15:00Z,97.315,97.315,97.31,97.315,1395.0,97.315,80
2026-04-27T14:30:00Z,97.315,97.325,97.315,97.315,632.0,97.3195,143
2026-04-27T14:45:00Z,97.32,97.32,97.315,97.315,937.0,97.32,92
2026-04-27T15:00:00Z,97.315,97.315,97.3,97.3,2881.0,97.305,514
2026-04-27T15:15:00Z,97.305,97.305,97.295,97.3,2797.0,97.3035,180
2026-04-27T15:30:00Z,97.305,97.305,97.3,97.305,636.0,97.3025,136
2026-04-27T15:45:00Z,97.305,97.31,97.3,97.305,2142.0,97.302,249
2026-04-27T16:00:00Z,97.305,97.305,97.305,97.305,1398.0,97.305,128
2026-04-27T16:15:00Z,97.305,97.31,97.305,97.305,1330.0,97.3065,154
2026-04-27T16:30:00Z,97.305,97.31,97.305,97.305,277.0,97.3085,43
2026-04-27T16:45:00Z,97.305,97.305,97.295,97.295,2321.0,97.303,240
2026-04-27T17:00:00Z,97.295,97.3,97.285,97.285,723.0,97.29,76
2026-04-27T17:15:00Z,97.285,97.29,97.28,97.29,421.0,97.2875,47
2026-04-27T17:30:00Z,97.29,97.295,97.29,97.29,721.0,97.2945,52
2026-04-27T17:45:00Z,97.295,97.295,97.295,97.295,4.0,97.295,3
2026-04-27T18:00:00Z,97.29,97.29,97.29,97.29,151.0,97.29,26
2026-04-27T18:15:00Z,97.29,97.29,97.29,97.29,6.0,97.29,1
2026-04-27T18:30:00Z,97.29,97.29,97.29,97.29,0.0,97.29,0
2026-04-27T18:45:00Z,97.29,97.29,97.29,97.29,2.0,97.29,2
2026-04-27T19:00:00Z,97.29,97.29,97.29,97.29,8.0,97.29,2
2026-04-27T19:15:00Z,97.29,97.295,97.29,97.295,66.0,97.295,7
2026-04-27T19:30:00Z,97.295,97.295,97.295,97.295,124.0,97.295,5
2026-04-27T19:45:00Z,97.295,97.305,97.29,97.295,491.0,97.2975,63
2026-04-28T00:00:00Z,97.305,97.305,97.29,97.295,144.0,97.2935,9
2026-04-28T00:15:00Z,97.295,97.295,97.29,97.29,153.0,97.295,24
2026-04-28T00:30:00Z,97.295,97.295,97.295,97.295,7.0,97.295,5
2026-04-28T00:45:00Z,97.295,97.295,97.295,97.295,0.0,97.295,0
2026-04-28T01:00:00Z,97.29,97.29,97.285,97.285,144.0,97.2895,18
2026-04-28T01:15:00Z,97.29,97.29,97.29,97.29,18.0,97.29,2
2026-04-28T01:30:00Z,97.29,97.29,97.29,97.29,25.0,97.29,3
2026-04-28T01:45:00Z,97.29,97.29,97.29,97.29,0.0,97.29,0
2026-04-28T02:00:00Z,97.28,97.28,97.28,97.28,300.0,97.28,24
2026-04-28T02:15:00Z,97.28,97.28,97.28,97.28,0.0,97.28,0
2026-04-28T02:30:00Z,97.28,97.28,97.28,97.28,0.0,97.28,0
2026-04-28T02:45:00Z,97.28,97.28,97.28,97.28,0.0,97.28,0
2026-04-28T03:00:00Z,97.28,97.28,97.28,97.28,50.0,97.28,3
2026-04-28T03:15:00Z,97.28,97.28,97.28,97.28,0.0,97.28,0
2026-04-28T03:30:00Z,97.28,97.28,97.28,97.28,0.0,97.28,0
2026-04-28T03:45:00Z,97.28,97.28,97.28,97.28,0.0,97.28,0
2026-04-28T04:00:00Z,97.28,97.28,97.28,97.28,0.0,97.28,0
2026-04-28T04:15:00Z,97.28,97.28,97.28,97.28,31.0,97.28,13
2026-04-28T04:30:00Z,97.28,97.28,97.28,97.28,0.0,97.28,0
2026-04-28T04:45:00Z,97.28,97.28,97.28,97.28,0.0,97.28,0
2026-04-28T05:00:00Z,97.28,97.28,97.28,97.28,0.0,97.28,0
2026-04-28T05:15:00Z,97.285,97.285,97.28,97.28,159.0,97.282,25
2026-04-28T05:30:00Z,97.28,97.28,97.275,97.28,189.0,97.2775,18
2026-04-28T05:45:00Z,97.28,97.28,97.275,97.275,151.0,97.275,7
2026-04-28T06:00:00Z,97.275,97.285,97.275,97.28,554.0,97.28,89
2026-04-28T06:15:00Z,97.28,97.285,97.28,97.285,309.0,97.2805,63
2026-04-28T06:30:00Z,97.285,97.285,97.28,97.28,55.0,97.282,19
2026-04-28T06:45:00Z,97.28,97.285,97.275,97.28,756.0,97.28,55
2026-04-28T07:00:00Z,97.28,97.285,97.28,97.28,1366.0,97.2805,277
2026-04-28T07:15:00Z,97.28,97.28,97.275,97.275,890.0,97.2765,111
2026-04-28T07:30:00Z,97.275,97.285,97.275,97.28,1994.0,97.2805,253
2026-04-28T07:45:00Z,97.285,97.285,97.275,97.28,2997.0,97.282,329
2026-04-28T08:00:00Z,97.28,97.28,97.21,97.22,21087.0,97.2405,2007
2026-04-28T08:15:00Z,97.225,97.25,97.225,97.25,7543.0,97.2385,730
2026-04-28T08:30:00Z,97.255,97.255,97.235,97.235,5607.0,97.2435,437
2026-04-28T08:45:00Z,97.235,97.245,97.235,97.245,3635.0,97.238,293
2026-04-28T09:00:00Z,97.245,97.245,97.235,97.24,2183.0,97.243,314
2026-04-28T09:15:00Z,97.24,97.245,97.235,97.235,1794.0,97.24,179
2026-04-28T09:30:00Z,97.235,97.24,97.23,97.24,2843.0,97.236,231
2026-04-28T09:45:00Z,97.24,97.245,97.235,97.24,607.0,97.2385,108
2026-04-28T10:00:00Z,97.24,97.25,97.235,97.24,2610.0,97.243,304
2026-04-28T10:15:00Z,97.24,97.245,97.235,97.24,2844.0,97.2375,255
2026-04-28T10:30:00Z,97.24,97.245,97.24,97.24,3085.0,97.241,177
2026-04-28T10:45:00Z,97.24,97.24,97.23,97.235,1348.0,97.234,227
2026-04-28T11:00:00Z,97.23,97.23,97.21,97.21,8675.0,97.2225,635
2026-04-28T11:15:00Z,97.21,97.215,97.205,97.21,6074.0,97.209,361
2026-04-28T11:30:00Z,97.215,97.215,97.185,97.19,12483.0,97.195,704
2026-04-28T11:45:00Z,97.19,97.195,97.17,97.19,10586.0,97.182,845
2026-04-28T12:00:00Z,97.19,97.2,97.19,97.2,8035.0,97.1955,735
2026-04-28T12:15:00Z,97.2,97.205,97.18,97.195,19522.0,97.191,1542
2026-04-28T12:30:00Z,97.195,97.195,97.18,97.195,5549.0,97.189,393
2026-04-28T12:45:00Z,97.195,97.22,97.195,97.21,6364.0,97.206,572
2026-04-28T13:00:00Z,97.205,97.215,97.2,97.21,2812.0,97.2095,317
2026-04-28T13:15:00Z,97.21,97.225,97.205,97.22,9097.0,97.2155,865
2026-04-28T13:30:00Z,97.22,97.22,97.205,97.22,6638.0,97.2145,693
2026-04-28T13:45:00Z,97.22,97.225,97.215,97.22,3889.0,97.2195,320
2026-04-28T14:00:00Z,97.215,97.215,97.195,97.2,4744.0,97.2025,472
2026-04-28T14:15:00Z,97.195,97.21,97.19,97.205,2842.0,97.204,438
2026-04-28T14:30:00Z,97.205,97.21,97.195,97.2,3362.0,97.2025,328
2026-04-28T14:45:00Z,97.205,97.22,97.2,97.22,4375.0,97.2115,473
2026-04-28T15:00:00Z,97.22,97.23,97.21,97.21,6208.0,97.2205,747
2026-04-28T15:15:00Z,97.215,97.22,97.21,97.21,2833.0,97.2135,313
2026-04-28T15:30:00Z,97.21,97.21,97.19,97.195,3564.0,97.198,326
2026-04-28T15:45:00Z,97.19,97.2,97.19,97.2,1177.0,97.196,145
2026-04-28T16:00:00Z,97.195,97.2,97.195,97.2,709.0,97.1965,125
2026-04-28T16:15:00Z,97.2,97.2,97.19,97.195,1558.0,97.191,171
2026-04-28T16:30:00Z,97.195,97.195,97.19,97.195,668.0,97.194,77
2026-04-28T16:45:00Z,97.195,97.195,97.19,97.19,475.0,97.1945,64
2026-04-28T17:00:00Z,97.195,97.195,97.185,97.185,1203.0,97.1885,75
2026-04-28T17:15:00Z,97.18,97.18,97.18,97.18,531.0,97.18,47
2026-04-28T17:30:00Z,97.18,97.18,97.18,97.18,105.0,97.18,14
2026-04-28T17:45:00Z,97.18,97.18,97.175,97.18,96.0,97.1795,10
2026-04-28T18:00:00Z,97.18,97.18,97.18,97.18,4.0,97.18,1
2026-04-28T18:15:00Z,97.18,97.185,97.18,97.185,1340.0,97.182,59
2026-04-28T18:30:00Z,97.185,97.185,97.185,97.185,4.0,97.185,2
2026-04-28T18:45:00Z,97.185,97.19,97.185,97.19,565.0,97.187,109
2026-04-28T19:00:00Z,97.185,97.19,97.185,97.19,47.0,97.19,25
2026-04-28T19:15:00Z,97.185,97.185,97.18,97.18,293.0,97.1825,22
2026-04-28T19:30:00Z,97.18,97.18,97.175,97.18,83.0,97.18,15
2026-04-28T19:45:00Z,97.175,97.185,97.175,97.18,373.0,97.18,29
2026-04-29T00:00:00Z,97.185,97.185,97.18,97.18,300.0,97.18,46
2026-04-29T00:15:00Z,97.18,97.195,97.18,97.18,205.0,97.188,44
2026-04-29T00:30:00Z,97.18,97.185,97.18,97.185,257.0,97.18,17
2026-04-29T00:45:00Z,97.18,97.18,97.18,97.18,14.0,97.18,14
2026-04-29T01:00:00Z,97.185,97.19,97.175,97.18,908.0,97.1815,86
2026-04-29T01:15:00Z,97.18,97.18,97.175,97.175,76.0,97.18,10
2026-04-29T01:30:00Z,97.18,97.19,97.18,97.19,807.0,97.1885,94
2026-04-29T01:45:00Z,97.185,97.185,97.185,97.185,9.0,97.185,9
2026-04-29T02:00:00Z,97.185,97.19,97.185,97.19,92.0,97.1895,16
2026-04-29T02:15:00Z,97.195,97.195,97.195,97.195,111.0,97.195,11
2026-04-29T02:30:00Z,97.195,97.195,97.19,97.19,5.0,97.191,5
2026-04-29T02:45:00Z,97.19,97.195,97.19,97.19,15.0,97.1935,9
2026-04-29T03:00:00Z,97.19,97.195,97.19,97.195,6.0,97.1925,5
2026-04-29T03:15:00Z,97.19,97.19,97.19,97.19,1.0,97.19,1
2026-04-29T03:30:00Z,97.19,97.19,97.19,97.19,1.0,97.19,1
2026-04-29T03:45:00Z,97.19,97.195,97.19,97.195,13.0,97.194,6
2026-04-29T04:00:00Z,97.195,97.195,97.195,97.195,40.0,97.195,10
2026-04-29T04:15:00Z,97.19,97.195,97.19,97.195,11.0,97.193,11
2026-04-29T04:30:00Z,97.19,97.195,97.19,97.195,6.0,97.194,6
2026-04-29T04:45:00Z,97.195,97.195,97.195,97.195,43.0,97.195,8
2026-04-29T05:00:00Z,97.19,97.195,97.19,97.195,42.0,97.195,9
2026-04-29T05:15:00Z,97.19,97.195,97.19,97.19,15.0,97.1925,12
2026-04-29T05:30:00Z,97.19,97.195,97.19,97.19,24.0,97.193,12
2026-04-29T05:45:00Z,97.19,97.195,97.19,97.195,31.0,97.195,23
2026-04-29T06:00:00Z,97.195,97.21,97.19,97.21,1198.0,97.2005,258
2026-04-29T06:15:00Z,97.21,97.21,97.195,97.195,564.0,97.2035,181
2026-04-29T06:30:00Z,97.195,97.2,97.185,97.195,2123.0,97.1915,316
2026-04-29T06:45:00Z,97.2,97.2,97.185,97.195,3368.0,97.1945,276
2026-04-29T07:00:00Z,97.195,97.205,97.18,97.18,3770.0,97.197,384
2026-04-29T07:15:00Z,97.175,97.18,97.17,97.175,3633.0,97.175,224
2026-04-29T07:30:00Z,97.18,97.185,97.155,97.16,4192.0,97.1695,376
2026-04-29T07:45:00Z,97.16,97.16,97.15,97.155,4273.0,97.1555,411
2026-04-29T08:00:00Z,97.16,97.185,97.16,97.175,10626.0,97.1745,983
2026-04-29T08:15:00Z,97.17,97.175,97.17,97.17,2205.0,97.1705,228
2026-04-29T08:30:00Z,97.17,97.17,97.155,97.155,3449.0,97.1585,393
2026-04-29T08:45:00Z,97.16,97.16,97.145,97.155,3973.0,97.153,344
2026-04-29T09:00:00Z,97.15,97.165,97.15,97.16,6108.0,97.1595,403
2026-04-29T09:15:00Z,97.165,97.17,97.15,97.155,6007.0,97.155,383
2026-04-29T09:30:00Z,97.155,97.16,97.155,97.155,15465.0,97.157,627
2026-04-29T09:45:00Z,97.155,97.16,97.145,97.145,3572.0,97.1505,333
2026-04-29T10:00:00Z,97.15,97.16,97.145,97.155,3278.0,97.153,328
2026-04-29T10:15:00Z,97.155,97.165,97.155,97.16,2712.0,97.1595,152
2026-04-29T10:30:00Z,97.165,97.17,97.15,97.15,8906.0,97.16,609
2026-04-29T10:45:00Z,97.15,97.155,97.145,97.15,7242.0,97.15,471
2026-04-29T11:00:00Z,97.15,97.155,97.145,97.155,2811.0,97.149,331
2026-04-29T11:15:00Z,97.155,97.155,97.14,97.14,10350.0,97.1455,634
2026-04-29T11:30:00Z,97.14,97.155,97.14,97.15,4447.0,97.1475,358
2026-04-29T11:45:00Z,97.15,97.15,97.145,97.145,2015.0,97.147,355
2026-04-29T12:00:00Z,97.15,97.155,97.145,97.155,3462.0,97.1495,362
2026-04-29T12:15:00Z,97.15,97.155,97.15,97.155,14508.0,97.1505,647
2026-04-29T12:30:00Z,97.15,97.155,97.14,97.15,3685.0,97.1475,402
2026-04-29T12:45:00Z,97.145,97.15,97.145,97.15,1144.0,97.1455,149
2026-04-29T13:00:00Z,97.155,97.16,97.15,97.155,1496.0,97.1565,253
2026-04-29T13:15:00Z,97.155,97.155,97.135,97.14,4152.0,97.1435,516
2026-04-29T13:30:00Z,97.135,97.135,97.12,97.125,4321.0,97.1275,413
2026-04-29T13:45:00Z,97.12,97.135,97.12,97.125,4283.0,97.1235,378
2026-04-29T14:00:00Z,97.13,97.14,97.12,97.14,3346.0,97.1305,325
2026-04-29T14:15:00Z,97.135,97.14,97.13,97.13,2543.0,97.1345,303
2026-04-29T14:30:00Z,97.13,97.13,97.125,97.13,2620.0,97.1295,251
2026-04-29T14:45:00Z,97.13,97.13,97.12,97.12,4887.0,97.1215,390
2026-04-29T15:00:00Z,97.12,97.125,97.115,97.115,7060.0,97.1165,1256
2026-04-29T15:15:00Z,97.115,97.12,97.11,97.115,5405.0,97.115,523
2026-04-29T15:30:00Z,97.115,97.115,97.095,97.095,3619.0,97.1035,352
2026-04-29T15:45:00Z,97.1,97.1,97.075,97.08,7325.0,97.0835,693
2026-04-29T16:00:00Z,97.08,97.1,97.08,97.085,6906.0,97.09,443
2026-04-29T16:15:00Z,97.09,97.09,97.08,97.08,564.0,97.0825,102
2026-04-29T16:30:00Z,97.08,97.08,97.07,97.07,4800.0,97.0755,465
2026-04-29T16:45:00Z,97.07,97.08,97.07,97.075,1104.0,97.075,167
2026-04-29T17:00:00Z,97.075,97.075,97.07,97.075,2430.0,97.075,153
2026-04-29T17:15:00Z,97.08,97.085,97.08,97.08,2047.0,97.081,180
2026-04-29T17:30:00Z,97.08,97.085,97.08,97.08,871.0,97.084,115
2026-04-29T17:45:00Z,97.085,97.085,97.075,97.075,1551.0,97.0795,146
2026-04-29T18:00:00Z,97.08,97.08,97.06,97.065,2664.0,97.07,370
2026-04-29T18:15:00Z,97.065,97.075,97.065,97.07,1102.0,97.071,147
2026-04-29T18:30:00Z,97.07,97.085,97.06,97.06,1586.0,97.0715,268
2026-04-29T18:45:00Z,97.06,97.07,97.055,97.07,1632.0,97.0605,231
2026-04-29T19:00:00Z,97.075,97.08,97.075,97.08,770.0,97.078,287
2026-04-29T19:15:00Z,97.085,97.085,97.075,97.075,127.0,97.0795,25
2026-04-29T19:30:00Z,97.075,97.08,97.065,97.075,2476.0,97.074,172
2026-04-29T19:45:00Z,97.075,97.08,97.075,97.08,839.0,97.08,94
2026-04-30T00:00:00Z,97.08,97.085,97.08,97.085,236.0,97.083,28
2026-04-30T00:15:00Z,97.085,97.085,97.085,97.085,120.0,97.085,40
2026-04-30T00:30:00Z,97.09,97.09,97.09,97.09,121.0,97.09,7
2026-04-30T00:45:00Z,97.09,97.09,97.09,97.09,0.0,97.09,0
2026-04-30T01:00:00Z,97.09,97.09,97.09,97.09,36.0,97.09,9
2026-04-30T01:15:00Z,97.09,97.1,97.09,97.095,850.0,97.096,97
2026-04-30T01:30:00Z,97.095,97.095,97.095,97.095,772.0,97.095,22
2026-04-30T01:45:00Z,97.095,97.095,97.09,97.095,68.0,97.095,10
2026-04-30T02:00:00Z,97.095,97.095,97.095,97.095,10.0,97.095,3
2026-04-30T02:15:00Z,97.095,97.095,97.095,97.095,0.0,97.095,0
2026-04-30T02:30:00Z,97.09,97.09,97.085,97.09,712.0,97.0875,56
2026-04-30T02:45:00Z,97.09,97.09,97.09,97.09,0.0,97.09,0
2026-04-30T03:00:00Z,97.085,97.085,97.085,97.085,91.0,97.085,18
2026-04-30T03:15:00Z,97.085,97.085,97.085,97.085,9.0,97.085,2
2026-04-30T03:30:00Z,97.085,97.085,97.085,97.085,10.0,97.085,4
2026-04-30T03:45:00Z,97.085,97.085,97.085,97.085,0.0,97.085,0
2026-04-30T04:00:00Z,97.085,97.085,97.08,97.08,188.0,97.082,22
2026-04-30T04:15:00Z,97.08,97.08,97.07,97.075,709.0,97.0745,60
2026-04-30T04:30:00Z,97.07,97.07,97.07,97.07,5.0,97.07,4
2026-04-30T04:45:00Z,97.07,97.07,97.07,97.07,134.0,97.07,24
2026-04-30T05:00:00Z,97.075,97.075,97.075,97.075,102.0,97.075,10
2026-04-30T05:15:00Z,97.07,97.08,97.07,97.075,228.0,97.0735,28
2026-04-30T05:30:00Z,97.075,97.08,97.075,97.075,607.0,97.077,48
2026-04-30T05:45:00Z,97.07,97.07,97.065,97.065,126.0,97.0675,28
2026-04-30T06:00:00Z,97.065,97.075,97.065,97.07,2669.0,97.0705,291
2026-04-30T06:15:00Z,97.07,97.075,97.06,97.07,3353.0,97.0665,237
2026-04-30T06:30:00Z,97.07,97.085,97.07,97.08,2547.0,97.0825,272
2026-04-30T06:45:00Z,97.075,97.085,97.07,97.085,1031.0,97.0745,190
2026-04-30T07:00:00Z,97.08,97.095,97.08,97.095,2340.0,97.0895,257
2026-04-30T07:15:00Z,97.1,97.1,97.095,97.1,1979.0,97.098,177
2026-04-30T07:30:00Z,97.1,97.115,97.095,97.11,4968.0,97.1055,446
2026-04-30T07:45:00Z,97.11,97.13,97.11,97.12,3687.0,97.1215,291
2026-04-30T08:00:00Z,97.12,97.125,97.12,97.125,1952.0,97.124,268
2026-04-30T08:15:00Z,97.12,97.125,97.115,97.12,1986.0,97.122,285
2026-04-30T08:30:00Z,97.125,97.125,97.1,97.1,14365.0,97.1065,1027
2026-04-30T08:45:00Z,97.1,97.105,97.085,97.09,4962.0,97.1005,845
2026-04-30T09:00:00Z,97.09,97.105,97.09,97.105,12197.0,97.1,700
2026-04-30T09:15:00Z,97.105,97.11,97.1,97.11,6408.0,97.105,363
2026-04-30T09:30:00Z,97.11,97.125,97.11,97.12,11423.0,97.118,716
2026-04-30T09:45:00Z,97.125,97.14,97.125,97.14,4394.0,97.133,421
2026-04-30T10:00:00Z,97.135,97.14,97.125,97.135,11230.0,97.1345,846
2026-04-30T10:15:00Z,97.135,97.14,97.125,97.13,9141.0,97.1315,592
2026-04-30T10:30:00Z,97.135,97.145,97.135,97.14,6555.0,97.14,604
2026-04-30T10:45:00Z,97.14,97.14,97.125,97.125,5047.0,97.136,781
2026-04-30T11:00:00Z,97.13,97.165,97.13,97.15,7157.0,97.152,708
2026-04-30T11:15:00Z,97.15,97.165,97.145,97.165,1499.0,97.155,204
2026-04-30T11:30:00Z,97.16,97.16,97.15,97.15,7361.0,97.1555,607
2026-04-30T11:45:00Z,97.155,97.165,97.15,97.155,4239.0,97.1575,342
2026-04-30T12:00:00Z,97.155,97.155,97.14,97.145,2900.0,97.148,378
2026-04-30T12:15:00Z,97.15,97.18,97.15,97.165,10720.0,97.171,1158
2026-04-30T12:30:00Z,97.17,97.18,97.165,97.17,3179.0,97.1705,480
2026-04-30T12:45:00Z,97.175,97.2,97.17,97.18,8718.0,97.1815,663
2026-04-30T13:00:00Z,97.18,97.21,97.17,97.175,18097.0,97.1865,1487
2026-04-30T13:15:00Z,97.175,97.19,97.175,97.185,8710.0,97.1835,646
2026-04-30T13:30:00Z,97.18,97.19,97.165,97.175,9915.0,97.179,807
2026-04-30T13:45:00Z,97.175,97.175,97.17,97.17,2932.0,97.172,365
2026-04-30T14:00:00Z,97.17,97.175,97.16,97.17,2524.0,97.1695,340
2026-04-30T14:15:00Z,97.165,97.18,97.165,97.18,1977.0,97.1705,260
2026-04-30T14:30:00Z,97.18,97.18,97.155,97.17,5506.0,97.1645,486
2026-04-30T14:45:00Z,97.17,97.175,97.165,97.17,5316.0,97.1715,419
2026-04-30T15:00:00Z,97.17,97.18,97.17,97.18,3707.0,97.1755,686
2026-04-30T15:15:00Z,97.175,97.19,97.17,97.19,4870.0,97.1815,826
2026-04-30T15:30:00Z,97.19,97.195,97.175,97.18,7878.0,97.185,454
2026-04-30T15:45:00Z,97.175,97.18,97.17,97.18,6893.0,97.1745,666
2026-04-30T16:00:00Z,97.175,97.185,97.17,97.185,5003.0,97.179,706
2026-04-30T16:15:00Z,97.185,97.185,97.175,97.18,1817.0,97.1785,215
2026-04-30T16:30:00Z,97.18,97.18,97.17,97.18,2067.0,97.175,163
2026-04-30T16:45:00Z,97.175,97.18,97.175,97.18,296.0,97.175,41
2026-04-30T17:00:00Z,97.18,97.18,97.18,97.18,737.0,97.18,50
2026-04-30T17:15:00Z,97.18,97.18,97.18,97.18,390.0,97.18,35
2026-04-30T17:30:00Z,97.18,97.185,97.18,97.18,162.0,97.181,38
2026-04-30T17:45:00Z,97.185,97.185,97.18,97.185,96.0,97.1845,24
2026-04-30T18:00:00Z,97.185,97.19,97.18,97.185,62.0,97.1855,32
2026-04-30T18:15:00Z,97.185,97.185,97.18,97.18,994.0,97.181,63
2026-04-30T18:30:00Z,97.18,97.185,97.175,97.175,1581.0,97.1785,105
2026-04-30T18:45:00Z,97.175,97.18,97.175,97.175,1037.0,97.175,27
2026-04-30T19:00:00Z,97.175,97.185,97.175,97.18,545.0,97.18,94
2026-04-30T19:15:00Z,97.18,97.18,97.18,97.18,76.0,97.18,12
2026-04-30T19:30:00Z,97.18,97.18,97.175,97.175,2059.0,97.175,102
2026-04-30T19:45:00Z,97.175,97.175,97.165,97.17,1008.0,97.171,120
2026-05-04T00:00:00Z,97.18,97.19,97.175,97.18,2889.0,97.1805,173
2026-05-04T00:15:00Z,97.185,97.185,97.18,97.18,893.0,97.1805,60
2026-05-04T00:30:00Z,97.185,97.185,97.185,97.185,100.0,97.185,3
2026-05-04T00:45:00Z,97.19,97.19,97.19,97.19,82.0,97.19,17
2026-05-04T01:00:00Z,97.185,97.185,97.185,97.185,369.0,97.185,29
2026-05-04T01:15:00Z,97.185,97.185,97.185,97.185,199.0,97.185,18
2026-05-04T01:30:00Z,97.185,97.19,97.185,97.19,638.0,97.185,40
2026-05-04T01:45:00Z,97.185,97.19,97.185,97.19,136.0,97.185,20
2026-05-04T02:00:00Z,97.19,97.19,97.19,97.19,0.0,97.19,0
2026-05-04T02:15:00Z,97.19,97.19,97.18,97.18,606.0,97.18,40
2026-05-04T02:30:00Z,97.18,97.18,97.18,97.18,64.0,97.18,6
2026-05-04T02:45:00Z,97.185,97.185,97.185,97.185,123.0,97.185,17
2026-05-04T03:00:00Z,97.185,97.185,97.185,97.185,0.0,97.185,0
2026-05-04T03:15:00Z,97.185,97.185,97.185,97.185,0.0,97.185,0
2026-05-04T03:30:00Z,97.18,97.18,97.18,97.18,368.0,97.18,18
2026-05-04T03:45:00Z,97.18,97.18,97.18,97.18,20.0,97.18,1
2026-05-04T04:00:00Z,97.18,97.18,97.18,97.18,0.0,97.18,0
2026-05-04T04:15:00Z,97.18,97.18,97.18,97.18,2.0,97.18,2
2026-05-04T04:30:00Z,97.18,97.18,97.18,97.18,6.0,97.18,1
2026-05-04T04:45:00Z,97.18,97.18,97.18,97.18,54.0,97.18,6
2026-05-04T05:00:00Z,97.185,97.185,97.185,97.185,114.0,97.185,11
2026-05-04T05:15:00Z,97.19,97.2,97.19,97.195,1640.0,97.194,204
2026-05-04T05:30:00Z,97.2,97.2,97.195,97.195,223.0,97.1995,16
2026-05-04T05:45:00Z,97.2,97.2,97.195,97.195,9.0,97.198,4
2026-05-04T06:00:00Z,97.2,97.2,97.185,97.185,2465.0,97.192,325
2026-05-04T06:15:00Z,97.185,97.185,97.185,97.185,1582.0,97.185,261
2026-05-04T06:30:00Z,97.19,97.19,97.18,97.18,2278.0,97.1805,287
2026-05-04T06:45:00Z,97.18,97.18,97.175,97.175,1621.0,97.1775,165
2026-05-04T07:00:00Z,97.175,97.175,97.16,97.16,1985.0,97.163,273
2026-05-04T07:15:00Z,97.16,97.165,97.16,97.16,599.0,97.16,65
2026-05-04T07:30:00Z,97.165,97.17,97.16,97.17,972.0,97.1665,166
2026-05-04T07:45:00Z,97.17,97.175,97.165,97.17,1145.0,97.1665,132
2026-05-04T08:00:00Z,97.165,97.165,97.16,97.16,290.0,97.165,92
2026-05-04T08:15:00Z,97.16,97.16,97.155,97.16,792.0,97.16,126
2026-05-04T08:30:00Z,97.16,97.165,97.15,97.15,1152.0,97.1585,96
2026-05-04T08:45:00Z,97.15,97.155,97.15,97.155,721.0,97.1545,139
2026-05-04T09:00:00Z,97.15,97.155,97.15,97.155,736.0,97.1545,75
2026-05-04T09:15:00Z,97.15,97.155,97.145,97.145,1168.0,97.148,126
2026-05-04T09:30:00Z,97.15,97.15,97.14,97.145,859.0,97.1445,105
2026-05-04T09:45:00Z,97.15,97.15,97.145,97.145,419.0,97.147,83
2026-05-04T10:00:00Z,97.145,97.145,97.1,97.105,7233.0,97.117,948
2026-05-04T10:15:00Z,97.105,97.11,97.095,97.105,7307.0,97.1065,674
2026-05-04T10:30:00Z,97.105,97.125,97.105,97.12,6236.0,97.1215,653
2026-05-04T10:45:00Z,97.12,97.125,97.12,97.12,1034.0,97.12,129
2026-05-04T11:00:00Z,97.125,97.135,97.12,97.135,4453.0,97.1295,321
2026-05-04T11:15:00Z,97.135,97.14,97.135,97.14,2579.0,97.137,209
2026-05-04T11:30:00Z,97.135,97.14,97.13,97.135,2916.0,97.136,224
2026-05-04T11:45:00Z,97.135,97.145,97.13,97.14,975.0,97.14,103
2026-05-04T12:00:00Z,97.145,97.145,97.145,97.145,1107.0,97.145,180
2026-05-04T12:15:00Z,97.145,97.16,97.145,97.16,1677.0,97.1555,227
2026-05-04T12:30:00Z,97.155,97.16,97.15,97.155,868.0,97.1555,148
2026-05-04T12:45:00Z,97.15,97.15,97.145,97.145,1338.0,97.1465,145
2026-05-04T13:00:00Z,97.14,97.155,97.125,97.145,8117.0,97.138,651
2026-05-04T13:15:00Z,97.15,97.15,97.14,97.145,482.0,97.1455,92
2026-05-04T13:30:00Z,97.145,97.145,97.14,97.14,482.0,97.1445,97
2026-05-04T13:45:00Z,97.14,97.14,97.135,97.135,618.0,97.14,122
2026-05-04T14:00:00Z,97.135,97.145,97.135,97.14,1351.0,97.1395,143
2026-05-04T14:15:00Z,97.14,97.15,97.14,97.145,1419.0,97.1455,219
2026-05-04T14:30:00Z,97.145,97.145,97.14,97.14,1245.0,97.1445,127
2026-05-04T14:45:00Z,97.14,97.14,97.13,97.13,1845.0,97.1335,280
2026-05-04T15:00:00Z,97.13,97.135,97.115,97.115,2857.0,97.126,388
2026-05-04T15:15:00Z,97.12,97.125,97.09,97.095,8786.0,97.0985,680
2026-05-04T15:30:00Z,97.09,97.09,97.085,97.09,2125.0,97.0875,205
2026-05-04T15:45:00Z,97.095,97.095,97.075,97.08,2061.0,97.083,231
2026-05-04T16:00:00Z,97.08,97.08,97.06,97.06,4362.0,97.0695,416
2026-05-04T16:15:00Z,97.06,97.09,97.06,97.08,3803.0,97.076,331
2026-05-04T16:30:00Z,97.075,97.08,97.07,97.08,1870.0,97.077,133
2026-05-04T16:45:00Z,97.08,97.08,97.075,97.08,1492.0,97.076,100
2026-05-04T17:00:00Z,97.08,97.095,97.08,97.09,1492.0,97.0885,77
2026-05-04T17:15:00Z,97.09,97.105,97.09,97.095,1530.0,97.097,135
2026-05-04T17:30:00Z,97.095,97.095,97.09,97.09,536.0,97.09,29
2026-05-04T17:45:00Z,97.095,97.095,97.095,97.095,70.0,97.095,14
2026-05-04T18:00:00Z,97.095,97.1,97.095,97.095,149.0,97.095,12
2026-05-04T18:15:00Z,97.095,97.095,97.09,97.09,223.0,97.0935,26
2026-05-04T18:30:00Z,97.09,97.09,97.09,97.09,271.0,97.09,17
2026-05-04T18:45:00Z,97.09,97.095,97.085,97.095,407.0,97.09,29
2026-05-04T19:00:00Z,97.1,97.105,97.095,97.105,255.0,97.099,31
2026-05-04T19:15:00Z,97.1,97.1,97.09,97.095,283.0,97.0955,26
2026-05-04T19:30:00Z,97.1,97.105,97.095,97.1,7.0,97.1,6
2026-05-04T19:45:00Z,97.1,97.1,97.095,97.095,115.0,97.0955,39
2026-05-05T00:00:00Z,97.085,97.09,97.085,97.09,112.0,97.085,5
2026-05-05T00:15:00Z,97.095,97.095,97.095,97.095,22.0,97.095,10
2026-05-05T00:30:00Z,97.095,97.095,97.095,97.095,0.0,97.095,0
2026-05-05T00:45:00Z,97.09,97.095,97.09,97.095,3.0,97.0935,3
2026-05-05T01:00:00Z,97.09,97.09,97.09,97.09,50.0,97.09,4
2026-05-05T01:15:00Z,97.09,97.09,97.09,97.09,0.0,97.09,0
2026-05-05T01:30:00Z,97.09,97.095,97.09,97.095,68.0,97.091,8
2026-05-05T01:45:00Z,97.095,97.095,97.095,97.095,0.0,97.095,0
2026-05-05T02:00:00Z,97.095,97.095,97.095,97.095,0.0,97.095,0
2026-05-05T02:15:00Z,97.095,97.095,97.095,97.095,0.0,97.095,0
2026-05-05T02:30:00Z,97.095,97.095,97.095,97.095,0.0,97.095,0
2026-05-05T02:45:00Z,97.095,97.095,97.095,97.095,0.0,97.095,0
2026-05-05T03:00:00Z,97.095,97.095,97.095,97.095,95.0,97.095,4
2026-05-05T03:15:00Z,97.095,97.095,97.095,97.095,6.0,97.095,1
2026-05-05T03:30:00Z,97.095,97.095,97.095,97.095,65.0,97.095,3
2026-05-05T03:45:00Z,97.095,97.095,97.095,97.095,0.0,97.095,0
2026-05-05T04:00:00Z,97.095,97.095,97.095,97.095,0.0,97.095,0
2026-05-05T04:15:00Z,97.095,97.095,97.095,97.095,53.0,97.095,5
2026-05-05T04:30:00Z,97.095,97.095,97.09,97.09,36.0,97.095,2
2026-05-05T04:45:00Z,97.1,97.105,97.1,97.1,748.0,97.105,39
2026-05-05T05:00:00Z,97.09,97.09,97.09,97.09,1.0,97.09,1
2026-05-05T05:15:00Z,97.095,97.1,97.095,97.1,87.0,97.095,10
2026-05-05T05:30:00Z,97.095,97.105,97.095,97.105,412.0,97.099,15
2026-05-05T05:45:00Z,97.1,97.1,97.1,97.1,50.0,97.1,4
2026-05-05T06:00:00Z,97.1,97.105,97.09,97.09,253.0,97.1,76
2026-05-05T06:15:00Z,97.095,97.095,97.09,97.09,439.0,97.093,60
2026-05-05T06:30:00Z,97.09,97.11,97.09,97.11,4344.0,97.1015,382
2026-05-05T06:45:00Z,97.11,97.12,97.11,97.11,1486.0,97.1135,143
2026-05-05T07:00:00Z,97.115,97.12,97.115,97.12,1565.0,97.1165,109
2026-05-05T07:15:00Z,97.115,97.125,97.115,97.115,1751.0,97.1185,264
2026-05-05T07:30:00Z,97.115,97.13,97.115,97.125,982.0,97.1225,158
2026-05-05T07:45:00Z,97.125,97.135,97.125,97.125,3452.0,97.126,339
2026-05-05T08:00:00Z,97.13,97.135,97.125,97.125,829.0,97.1315,202
2026-05-05T08:15:00Z,97.13,97.13,97.125,97.13,2701.0,97.13,212
2026-05-05T08:30:00Z,97.13,97.14,97.13,97.14,1908.0,97.1365,325
2026-05-05T08:45:00Z,97.14,97.145,97.14,97.14,3001.0,97.1425,303
2026-05-05T09:00:00Z,97.14,97.14,97.135,97.135,1583.0,97.1395,201
2026-05-05T09:15:00Z,97.135,97.14,97.13,97.135,1197.0,97.1345,167
2026-05-05T09:30:00Z,97.135,97.14,97.135,97.135,856.0,97.138,84
2026-05-05T09:45:00Z,97.135,97.14,97.13,97.13,262.0,97.1345,37
2026-05-05T10:00:00Z,97.135,97.135,97.125,97.13,997.0,97.132,83
2026-05-05T10:15:00Z,97.125,97.135,97.125,97.13,749.0,97.13,116
2026-05-05T10:30:00Z,97.13,97.14,97.13,97.13,1584.0,97.1355,204
2026-05-05T10:45:00Z,97.125,97.13,97.125,97.125,704.0,97.125,85
2026-05-05T11:00:00Z,97.125,97.125,97.115,97.12,2910.0,97.1205,288
2026-05-05T11:15:00Z,97.12,97.12,97.11,97.12,3022.0,97.1165,217
2026-05-05T11:30:00Z,97.12,97.125,97.115,97.12,2663.0,97.12,175
2026-05-05T11:45:00Z,97.12,97.12,97.11,97.11,1016.0,97.1145,150
2026-05-05T12:00:00Z,97.11,97.125,97.105,97.125,4187.0,97.1155,423
2026-05-05T12:15:00Z,97.13,97.14,97.125,97.14,3220.0,97.1335,397
2026-05-05T12:30:00Z,97.14,97.145,97.125,97.125,2546.0,97.131,389
2026-05-05T12:45:00Z,97.13,97.13,97.125,97.13,1174.0,97.127,143
2026-05-05T13:00:00Z,97.125,97.135,97.12,97.13,829.0,97.1285,117
2026-05-05T13:15:00Z,97.13,97.13,97.125,97.13,467.0,97.13,71
2026-05-05T13:30:00Z,97.135,97.135,97.125,97.125,331.0,97.131,46
2026-05-05T13:45:00Z,97.13,97.145,97.13,97.135,1344.0,97.1365,165
2026-05-05T14:00:00Z,97.14,97.155,97.135,97.135,4518.0,97.146,404
2026-05-05T14:15:00Z,97.135,97.135,97.125,97.135,4838.0,97.1335,399
2026-05-05T14:30:00Z,97.135,97.135,97.125,97.125,3130.0,97.1325,261
2026-05-05T14:45:00Z,97.125,97.135,97.125,97.13,3241.0,97.127,357
2026-05-05T15:00:00Z,97.13,97.14,97.13,97.14,3621.0,97.1375,327
2026-05-05T15:15:00Z,97.135,97.145,97.135,97.145,2520.0,97.1425,313
2026-05-05T15:30:00Z,97.145,97.165,97.145,97.16,8369.0,97.155,843
2026-05-05T15:45:00Z,97.155,97.16,97.155,97.155,2284.0,97.1555,106
2026-05-05T16:00:00Z,97.155,97.16,97.155,97.16,917.0,97.1585,121
2026-05-05T16:15:00Z,97.16,97.16,97.155,97.155,1393.0,97.159,173
2026-05-05T16:30:00Z,97.155,97.155,97.15,97.15,1436.0,97.153,163
2026-05-05T16:45:00Z,97.15,97.15,97.145,97.145,544.0,97.1495,58
2026-05-05T17:00:00Z,97.145,97.15,97.145,97.145,401.0,97.146,43
2026-05-05T17:15:00Z,97.15,97.15,97.145,97.15,611.0,97.15,74
2026-05-05T17:30:00Z,97.15,97.155,97.15,97.155,1722.0,97.155,78
2026-05-05T17:45:00Z,97.15,97.15,97.15,97.15,60.0,97.15,9
2026-05-05T18:00:00Z,97.15,97.15,97.15,97.15,5.0,97.15,3
2026-05-05T18:15:00Z,97.15,97.15,97.15,97.15,192.0,97.15,20
2026-05-05T18:30:00Z,97.15,97.15,97.15,97.15,27.0,97.15,6
2026-05-05T18:45:00Z,97.15,97.15,97.15,97.15,0.0,97.15,0
2026-05-05T19:00:00Z,97.15,97.15,97.145,97.145,587.0,97.15,22
2026-05-05T19:15:00Z,97.145,97.145,97.145,97.145,650.0,97.145,34
2026-05-05T19:30:00Z,97.145,97.145,97.145,97.145,567.0,97.145,22
2026-05-05T19:45:00Z,97.145,97.145,97.14,97.14,200.0,97.1445,20
2026-05-06T00:00:00Z,97.16,97.16,97.15,97.15,1153.0,97.1545,130
2026-05-06T00:15:00Z,97.155,97.155,97.15,97.155,590.0,97.155,63
2026-05-06T00:30:00Z,97.15,97.15,97.15,97.15,3.0,97.15,3
2026-05-06T00:45:00Z,97.155,97.165,97.15,97.165,1410.0,97.161,191
2026-05-06T01:00:00Z,97.17,97.175,97.165,97.17,771.0,97.1705,85
2026-05-06T01:15:00Z,97.17,97.17,97.165,97.17,181.0,97.17,13
2026-05-06T01:30:00Z,97.17,97.17,97.17,97.17,400.0,97.17,23
2026-05-06T01:45:00Z,97.17,97.17,97.17,97.17,2.0,97.17,2
2026-05-06T02:00:00Z,97.17,97.17,97.17,97.17,4.0,97.17,4
2026-05-06T02:15:00Z,97.17,97.17,97.17,97.17,5.0,97.17,5
2026-05-06T02:30:00Z,97.17,97.17,97.17,97.17,170.0,97.17,6
2026-05-06T02:45:00Z,97.165,97.17,97.165,97.17,51.0,97.17,11
2026-05-06T03:00:00Z,97.165,97.165,97.165,97.165,4.0,97.165,3
2026-05-06T03:15:00Z,97.165,97.165,97.165,97.165,36.0,97.165,2
2026-05-06T03:30:00Z,97.165,97.185,97.165,97.185,214.0,97.175,44
2026-05-06T03:45:00Z,97.185,97.185,97.18,97.185,184.0,97.185,21
2026-05-06T04:00:00Z,97.19,97.19,97.185,97.185,186.0,97.185,23
2026-05-06T04:15:00Z,97.185,97.19,97.185,97.19,116.0,97.19,8
2026-05-06T04:30:00Z,97.19,97.19,97.19,97.19,508.0,97.19,22
2026-05-06T04:45:00Z,97.19,97.19,97.19,97.19,524.0,97.19,11
2026-05-06T05:00:00Z,97.19,97.195,97.19,97.19,697.0,97.1925,75
2026-05-06T05:15:00Z,97.19,97.195,97.19,97.195,713.0,97.192,54
2026-05-06T05:30:00Z,97.195,97.205,97.195,97.205,1126.0,97.2,155
2026-05-06T05:45:00Z,97.21,97.215,97.21,97.215,344.0,97.212,63
2026-05-06T06:00:00Z,97.21,97.215,97.19,97.195,6978.0,97.204,624
2026-05-06T06:15:00Z,97.195,97.2,97.195,97.2,780.0,97.198,110
2026-05-06T06:30:00Z,97.2,97.205,97.2,97.205,1818.0,97.201,171
2026-05-06T06:45:00Z,97.205,97.21,97.195,97.2,3128.0,97.201,242
2026-05-06T07:00:00Z,97.2,97.205,97.195,97.195,2512.0,97.2,371
2026-05-06T07:15:00Z,97.2,97.21,97.195,97.21,2495.0,97.2035,468
2026-05-06T07:30:00Z,97.21,97.21,97.2,97.2,2668.0,97.2025,437
2026-05-06T07:45:00Z,97.205,97.23,97.205,97.23,4410.0,97.221,516
2026-05-06T08:00:00Z,97.23,97.235,97.225,97.225,4542.0,97.2305,369
2026-05-06T08:15:00Z,97.225,97.23,97.22,97.225,1044.0,97.2235,191
2026-05-06T08:30:00Z,97.225,97.23,97.225,97.23,2886.0,97.225,154
2026-05-06T08:45:00Z,97.23,97.3,97.23,97.29,24896.0,97.278,2167
2026-05-06T09:00:00Z,97.285,97.295,97.27,97.27,7511.0,97.274,583
2026-05-06T09:15:00Z,97.275,97.28,97.265,97.265,3327.0,97.2745,511
2026-05-06T09:30:00Z,97.265,97.29,97.265,97.275,3533.0,97.2785,587
2026-05-06T09:45:00Z,97.28,97.285,97.275,97.285,4239.0,97.2815,508
2026-05-06T10:00:00Z,97.285,97.29,97.28,97.285,2714.0,97.2855,321
2026-05-06T10:15:00Z,97.285,97.3,97.28,97.295,3760.0,97.2915,601
2026-05-06T10:30:00Z,97.295,97.325,97.295,97.325,13145.0,97.3085,1130
2026-05-06T10:45:00Z,97.325,97.39,97.32,97.37,22015.0,97.349,2692
2026-05-06T11:00:00Z,97.365,97.375,97.345,97.35,19056.0,97.357,1875
2026-05-06T11:15:00Z,97.355,97.36,97.34,97.345,9863.0,97.35,965
2026-05-06T11:30:00Z,97.34,97.355,97.33,97.33,5054.0,97.3425,628
2026-05-06T11:45:00Z,97.33,97.335,97.315,97.315,6632.0,97.322,950
2026-05-06T12:00:00Z,97.315,97.315,97.275,97.29,10990.0,97.296,1113
2026-05-06T12:15:00Z,97.29,97.315,97.275,97.315,10956.0,97.295,1286
2026-05-06T12:30:00Z,97.315,97.315,97.305,97.31,6244.0,97.3125,608
2026-05-06T12:45:00Z,97.315,97.315,97.305,97.305,4436.0,97.307,492
2026-05-06T13:00:00Z,97.305,97.315,97.275,97.3,6060.0,97.297,871
2026-05-06T13:15:00Z,97.3,97.31,97.295,97.295,3899.0,97.298,1020
2026-05-06T13:30:00Z,97.295,97.305,97.295,97.3,6441.0,97.3015,1170
2026-05-06T13:45:00Z,97.3,97.305,97.295,97.3,2297.0,97.2995,214
2026-05-06T14:00:00Z,97.3,97.315,97.3,97.315,2626.0,97.3055,380
2026-05-06T14:15:00Z,97.31,97.32,97.295,97.295,7743.0,97.3095,691
2026-05-06T14:30:00Z,97.3,97.31,97.295,97.31,9168.0,97.306,1127
2026-05-06T14:45:00Z,97.31,97.315,97.3,97.31,7362.0,97.308,746
2026-05-06T15:00:00Z,97.31,97.315,97.3,97.31,4260.0,97.3105,405
2026-05-06T15:15:00Z,97.305,97.315,97.305,97.31,2002.0,97.3115,316
2026-05-06T15:30:00Z,97.315,97.315,97.3,97.305,6093.0,97.31,751
2026-05-06T15:45:00Z,97.31,97.31,97.305,97.31,1934.0,97.3065,133
2026-05-06T16:00:00Z,97.31,97.31,97.3,97.305,1857.0,97.304,219
2026-05-06T16:15:00Z,97.305,97.315,97.305,97.315,1952.0,97.312,227
2026-05-06T16:30:00Z,97.315,97.315,97.315,97.315,314.0,97.315,50
2026-05-06T16:45:00Z,97.31,97.31,97.295,97.3,1793.0,97.3025,159
2026-05-06T17:00:00Z,97.3,97.305,97.3,97.3,786.0,97.3015,77
2026-05-06T17:15:00Z,97.3,97.3,97.295,97.3,461.0,97.2975,69
2026-05-06T17:30:00Z,97.305,97.305,97.3,97.3,1085.0,97.3025,115
2026-05-06T17:45:00Z,97.3,97.3,97.3,97.3,702.0,97.3,36
2026-05-06T18:00:00Z,97.3,97.305,97.3,97.305,2820.0,97.305,115
2026-05-06T18:15:00Z,97.305,97.305,97.3,97.3,1876.0,97.304,101
2026-05-06T18:30:00Z,97.3,97.3,97.3,97.3,0.0,97.3,0
2026-05-06T18:45:00Z,97.3,97.305,97.3,97.305,1010.0,97.305,25
2026-05-06T19:00:00Z,97.305,97.305,97.3,97.305,4365.0,97.305,172
2026-05-06T19:15:00Z,97.305,97.305,97.305,97.305,770.0,97.305,79
2026-05-06T19:30:00Z,97.305,97.31,97.305,97.31,398.0,97.306,22
2026-05-06T19:45:00Z,97.305,97.31,97.305,97.305,79.0,97.3055,7
2026-05-07T00:00:00Z,97.3,97.3,97.285,97.295,773.0,97.295,65
2026-05-07T00:15:00Z,97.3,97.305,97.295,97.295,267.0,97.297,21
2026-05-07T00:30:00Z,97.295,97.295,97.29,97.29,190.0,97.292,19
2026-05-07T00:45:00Z,97.29,97.29,97.29,97.29,111.0,97.29,4
2026-05-07T01:00:00Z,97.295,97.31,97.295,97.31,10.0,97.2965,3
2026-05-07T01:15:00Z,97.305,97.305,97.305,97.305,75.0,97.305,6
2026-05-07T01:30:00Z,97.305,97.305,97.3,97.305,10.0,97.3045,4
2026-05-07T01:45:00Z,97.305,97.305,97.305,97.305,16.0,97.305,3
2026-05-07T02:00:00Z,97.295,97.3,97.295,97.3,237.0,97.2995,29
2026-05-07T02:15:00Z,97.295,97.295,97.29,97.29,176.0,97.2905,9
2026-05-07T02:30:00Z,97.29,97.29,97.29,97.29,3.0,97.29,1
2026-05-07T02:45:00Z,97.29,97.29,97.29,97.29,50.0,97.29,7
2026-05-07T03:00:00Z,97.29,97.29,97.29,97.29,72.0,97.29,2
2026-05-07T03:15:00Z,97.29,97.29,97.29,97.29,0.0,97.29,0
2026-05-07T03:30:00Z,97.29,97.29,97.29,97.29,18.0,97.29,2
2026-05-07T03:45:00Z,97.29,97.29,97.29,97.29,0.0,97.29,0
2026-05-07T04:00:00Z,97.285,97.285,97.285,97.285,200.0,97.285,16
2026-05-07T04:15:00Z,97.285,97.285,97.285,97.285,0.0,97.285,0
2026-05-07T04:30:00Z,97.285,97.285,97.285,97.285,0.0,97.285,0
2026-05-07T04:45:00Z,97.285,97.285,97.285,97.285,0.0,97.285,0
2026-05-07T05:00:00Z,97.295,97.295,97.29,97.29,9.0,97.2935,2
2026-05-07T05:15:00Z,97.29,97.29,97.29,97.29,134.0,97.29,16
2026-05-07T05:30:00Z,97.29,97.29,97.29,97.29,149.0,97.29,8
2026-05-07T05:45:00Z,97.29,97.29,97.29,97.29,121.0,97.29,7
2026-05-07T06:00:00Z,97.295,97.295,97.29,97.295,886.0,97.2945,154
2026-05-07T06:15:00Z,97.295,97.3,97.295,97.3,754.0,97.299,83
2026-05-07T06:30:00Z,97.305,97.36,97.3,97.355,12174.0,97.34,1085
2026-05-07T06:45:00Z,97.355,97.36,97.33,97.335,4967.0,97.3445,412
2026-05-07T07:00:00Z,97.335,97.36,97.325,97.36,11125.0,97.3465,904
2026-05-07T07:15:00Z,97.36,97.365,97.35,97.35,7466.0,97.3575,641
2026-05-07T07:30:00Z,97.355,97.36,97.345,97.345,4990.0,97.3515,611
2026-05-07T07:45:00Z,97.34,97.34,97.335,97.34,3959.0,97.3385,356
2026-05-07T08:00:00Z,97.34,97.345,97.335,97.335,2754.0,97.3385,527
2026-05-07T08:15:00Z,97.34,97.34,97.32,97.325,6162.0,97.325,640
2026-05-07T08:30:00Z,97.325,97.335,97.32,97.32,2382.0,97.3305,194
2026-05-07T08:45:00Z,97.32,97.325,97.315,97.315,1673.0,97.3175,211
2026-05-07T09:00:00Z,97.315,97.32,97.31,97.32,2345.0,97.315,243
2026-05-07T09:15:00Z,97.32,97.32,97.315,97.315,1779.0,97.32,169
2026-05-07T09:30:00Z,97.315,97.33,97.315,97.325,1352.0,97.3215,150
2026-05-07T09:45:00Z,97.325,97.325,97.32,97.32,3272.0,97.3235,277
2026-05-07T10:00:00Z,97.325,97.33,97.32,97.325,1770.0,97.325,205
2026-05-07T10:15:00Z,97.33,97.34,97.33,97.33,2732.0,97.333,181
2026-05-07T10:30:00Z,97.33,97.33,97.32,97.325,2739.0,97.3245,376
2026-05-07T10:45:00Z,97.325,97.325,97.32,97.325,1378.0,97.323,138
2026-05-07T11:00:00Z,97.325,97.335,97.325,97.33,1560.0,97.3295,110
2026-05-07T11:15:00Z,97.335,97.34,97.33,97.34,3449.0,97.3375,1419
2026-05-07T11:30:00Z,97.335,97.34,97.33,97.34,2454.0,97.336,163
2026-05-07T11:45:00Z,97.34,97.34,97.33,97.335,1059.0,97.3335,92
2026-05-07T12:00:00Z,97.335,97.335,97.33,97.335,5015.0,97.332,187
2026-05-07T12:15:00Z,97.335,97.35,97.335,97.345,3392.0,97.344,242
2026-05-07T12:30:00Z,97.345,97.355,97.345,97.355,5162.0,97.353,299
2026-05-07T12:45:00Z,97.355,97.375,97.355,97.365,5719.0,97.3625,381
2026-05-07T13:00:00Z,97.36,97.36,97.335,97.335,7417.0,97.342,491
2026-05-07T13:15:00Z,97.335,97.345,97.335,97.345,6124.0,97.3385,385
2026-05-07T13:30:00Z,97.34,97.35,97.34,97.345,2449.0,97.345,344
2026-05-07T13:45:00Z,97.345,97.345,97.325,97.33,4647.0,97.3315,338
2026-05-07T14:00:00Z,97.33,97.335,97.325,97.33,7296.0,97.3295,435
2026-05-07T14:15:00Z,97.33,97.33,97.315,97.32,3185.0,97.3215,444
2026-05-07T14:30:00Z,97.32,97.325,97.305,97.315,6473.0,97.314,481
2026-05-07T14:45:00Z,97.31,97.32,97.31,97.32,3342.0,97.3165,227
2026-05-07T15:00:00Z,97.32,97.32,97.305,97.31,7863.0,97.312,525
2026-05-07T15:15:00Z,97.31,97.315,97.285,97.295,14543.0,97.296,903
2026-05-07T15:30:00Z,97.295,97.3,97.295,97.295,3282.0,97.295,316
2026-05-07T15:45:00Z,97.295,97.295,97.28,97.285,4418.0,97.2865,296
2026-05-07T16:00:00Z,97.28,97.28,97.275,97.275,1434.0,97.276,106
2026-05-07T16:15:00Z,97.27,97.275,97.265,97.275,4339.0,97.2705,315
2026-05-07T16:30:00Z,97.27,97.275,97.265,97.265,3112.0,97.2685,138
2026-05-07T16:45:00Z,97.265,97.27,97.26,97.27,2240.0,97.268,110
2026-05-07T17:00:00Z,97.27,97.27,97.26,97.26,748.0,97.2665,94
2026-05-07T17:15:00Z,97.26,97.27,97.225,97.245,7926.0,97.2525,512
2026-05-07T17:30:00Z,97.24,97.245,97.24,97.24,3725.0,97.242,196
2026-05-07T17:45:00Z,97.24,97.255,97.24,97.255,3120.0,97.2465,220
2026-05-07T18:00:00Z,97.255,97.265,97.255,97.26,2249.0,97.2595,167
2026-05-07T18:15:00Z,97.26,97.26,97.255,97.255,575.0,97.26,22
2026-05-07T18:30:00Z,97.26,97.265,97.245,97.245,667.0,97.2515,66
2026-05-07T18:45:00Z,97.25,97.26,97.245,97.26,774.0,97.251,51
2026-05-07T19:00:00Z,97.26,97.26,97.26,97.26,213.0,97.26,14
2026-05-07T19:15:00Z,97.255,97.255,97.24,97.245,1783.0,97.2465,58
2026-05-07T19:30:00Z,97.25,97.255,97.25,97.255,118.0,97.2525,15
2026-05-07T19:45:00Z,97.255,97.255,97.24,97.245,1829.0,97.249,152
2026-05-08T00:00:00Z,97.245,97.26,97.245,97.26,330.0,97.253,32
2026-05-08T00:15:00Z,97.255,97.255,97.255,97.255,101.0,97.255,7
2026-05-08T00:30:00Z,97.255,97.26,97.255,97.26,48.0,97.256,4
2026-05-08T00:45:00Z,97.255,97.255,97.255,97.255,2.0,97.255,2
2026-05-08T01:00:00Z,97.265,97.265,97.265,97.265,140.0,97.265,6
2026-05-08T01:15:00Z,97.265,97.265,97.265,97.265,0.0,97.265,0
2026-05-08T01:30:00Z,97.26,97.26,97.26,97.26,53.0,97.26,6
2026-05-08T01:45:00Z,97.26,97.26,97.26,97.26,0.0,97.26,0
2026-05-08T02:00:00Z,97.26,97.26,97.26,97.26,0.0,97.26,0
2026-05-08T02:15:00Z,97.26,97.26,97.26,97.26,0.0,97.26,0
2026-05-08T02:30:00Z,97.26,97.26,97.255,97.255,261.0,97.2575,3
2026-05-08T02:45:00Z,97.255,97.255,97.255,97.255,0.0,97.255,0
2026-05-08T03:00:00Z,97.255,97.255,97.255,97.255,0.0,97.255,0
2026-05-08T03:15:00Z,97.255,97.255,97.255,97.255,61.0,97.255,4
2026-05-08T03:30:00Z,97.26,97.26,97.26,97.26,109.0,97.26,7
2026-05-08T03:45:00Z,97.255,97.255,97.255,97.255,40.0,97.255,4
2026-05-08T04:00:00Z,97.255,97.255,97.255,97.255,0.0,97.255,0
2026-05-08T04:15:00Z,97.255,97.255,97.255,97.255,100.0,97.255,22
2026-05-08T04:30:00Z,97.255,97.255,97.25,97.25,55.0,97.2545,7
2026-05-08T04:45:00Z,97.255,97.255,97.255,97.255,6.0,97.255,1
2026-05-08T05:00:00Z,97.255,97.255,97.255,97.255,103.0,97.255,8
2026-05-08T05:15:00Z,97.255,97.26,97.255,97.255,76.0,97.2585,15
2026-05-08T05:30:00Z,97.26,97.26,97.255,97.255,192.0,97.2595,32
2026-05-08T05:45:00Z,97.26,97.26,97.26,97.26,738.0,97.26,28
2026-05-08T06:00:00Z,97.26,97.26,97.255,97.26,1333.0,97.258,115
2026-05-08T06:15:00Z,97.265,97.27,97.265,97.27,1995.0,97.267,161
2026-05-08T06:30:00Z,97.27,97.28,97.265,97.28,1564.0,97.274,126
2026-05-08T06:45:00Z,97.275,97.275,97.27,97.27,770.0,97.274,77
2026-05-08T07:00:00Z,97.27,97.27,97.245,97.25,2805.0,97.2565,459
2026-05-08T07:15:00Z,97.25,97.26,97.245,97.255,3083.0,97.2535,347
2026-05-08T07:30:00Z,97.255,97.265,97.255,97.265,1540.0,97.2615,172
2026-05-08T07:45:00Z,97.265,97.27,97.265,97.265,3603.0,97.265,229
2026-05-08T08:00:00Z,97.27,97.27,97.255,97.265,3098.0,97.2635,286
2026-05-08T08:15:00Z,97.27,97.29,97.27,97.285,8305.0,97.2845,517
2026-05-08T08:30:00Z,97.285,97.29,97.285,97.285,979.0,97.286,108
2026-05-08T08:45:00Z,97.285,97.29,97.28,97.285,2453.0,97.2835,145
2026-05-08T09:00:00Z,97.285,97.295,97.285,97.295,2253.0,97.29,166
2026-05-08T09:15:00Z,97.285,97.29,97.285,97.29,1103.0,97.289,112
2026-05-08T09:30:00Z,97.29,97.29,97.285,97.285,896.0,97.288,58
2026-05-08T09:45:00Z,97.285,97.285,97.265,97.275,4719.0,97.2735,313
2026-05-08T10:00:00Z,97.28,97.285,97.28,97.28,2532.0,97.283,159
2026-05-08T10:15:00Z,97.28,97.285,97.28,97.28,390.0,97.28,72
2026-05-08T10:30:00Z,97.285,97.29,97.285,97.285,3083.0,97.285,141
2026-05-08T10:45:00Z,97.285,97.285,97.28,97.285,3450.0,97.285,169
2026-05-08T11:00:00Z,97.285,97.285,97.28,97.28,1062.0,97.282,105
2026-05-08T11:15:00Z,97.28,97.28,97.275,97.275,1146.0,97.278,105
2026-05-08T11:30:00Z,97.27,97.275,97.265,97.27,2876.0,97.2705,148
2026-05-08T11:45:00Z,97.265,97.27,97.265,97.27,2051.0,97.266,164
2026-05-08T12:00:00Z,97.27,97.275,97.27,97.27,1278.0,97.272,89
2026-05-08T12:15:00Z,97.275,97.28,97.27,97.275,2031.0,97.2745,204
2026-05-08T12:30:00Z,97.265,97.295,97.265,97.285,4890.0,97.283,322
2026-05-08T12:45:00Z,97.285,97.295,97.28,97.29,3758.0,97.288,246
2026-05-08T13:00:00Z,97.29,97.29,97.28,97.28,1105.0,97.284,100
2026-05-08T13:15:00Z,97.285,97.295,97.285,97.29,1353.0,97.29,133
2026-05-08T13:30:00Z,97.29,97.295,97.29,97.295,2523.0,97.2935,252
2026-05-08T13:45:00Z,97.3,97.3,97.295,97.3,2480.0,97.3,251
2026-05-08T14:00:00Z,97.3,97.3,97.285,97.285,2995.0,97.292,253
2026-05-08T14:15:00Z,97.285,97.285,97.28,97.285,1995.0,97.284,393
2026-05-08T14:30:00Z,97.285,97.285,97.275,97.275,2142.0,97.28,222
2026-05-08T14:45:00Z,97.28,97.285,97.275,97.275,1938.0,97.28,221
2026-05-08T15:00:00Z,97.275,97.28,97.275,97.275,2389.0,97.2765,532
2026-05-08T15:15:00Z,97.275,97.275,97.27,97.27,4356.0,97.271,269
2026-05-08T15:30:00Z,97.27,97.275,97.26,97.26,2405.0,97.271,182
2026-05-08T15:45:00Z,97.265,97.275,97.265,97.27,1081.0,97.268,127
2026-05-08T16:00:00Z,97.27,97.27,97.265,97.265,2092.0,97.27,113
2026-05-08T16:15:00Z,97.265,97.275,97.265,97.27,1250.0,97.2675,173
2026-05-08T16:30:00Z,97.27,97.27,97.27,97.27,264.0,97.27,42
2026-05-08T16:45:00Z,97.265,97.275,97.265,97.27,584.0,97.27,44
2026-05-08T17:00:00Z,97.275,97.28,97.27,97.28,1271.0,97.278,88
2026-05-08T17:15:00Z,97.28,97.285,97.28,97.285,604.0,97.284,56
2026-05-08T17:30:00Z,97.285,97.285,97.285,97.285,475.0,97.285,5
2026-05-08T17:45:00Z,97.285,97.285,97.285,97.285,0.0,97.285,0
2026-05-08T18:00:00Z,97.285,97.295,97.285,97.29,2006.0,97.2875,108
2026-05-08T18:15:00Z,97.29,97.29,97.29,97.29,0.0,97.29,0
2026-05-08T18:30:00Z,97.29,97.29,97.29,97.29,817.0,97.29,73
2026-05-08T18:45:00Z,97.29,97.29,97.285,97.285,352.0,97.2885,41
2026-05-08T19:00:00Z,97.285,97.285,97.285,97.285,547.0,97.285,26
2026-05-08T19:15:00Z,97.285,97.285,97.285,97.285,496.0,97.285,6
2026-05-08T19:30:00Z,97.28,97.29,97.28,97.29,1055.0,97.285,47
2026-05-08T19:45:00Z,97.29,97.295,97.29,97.295,1876.0,97.291,130
2026-05-11T00:00:00Z,97.265,97.28,97.255,97.255,3156.0,97.266,673
2026-05-11T00:15:00Z,97.255,97.255,97.245,97.245,462.0,97.252,97
2026-05-11T00:30:00Z,97.245,97.245,97.245,97.245,407.0,97.245,32
2026-05-11T00:45:00Z,97.24,97.24,97.225,97.24,715.0,97.233,53
2026-05-11T01:00:00Z,97.245,97.245,97.24,97.24,168.0,97.2415,30
2026-05-11T01:15:00Z,97.24,97.24,97.24,97.24,0.0,97.24,0
2026-05-11T01:30:00Z,97.24,97.245,97.24,97.24,591.0,97.241,30
2026-05-11T01:45:00Z,97.24,97.24,97.24,97.24,17.0,97.24,1
2026-05-11T02:00:00Z,97.24,97.24,97.24,97.24,0.0,97.24,0
2026-05-11T02:15:00Z,97.24,97.24,97.24,97.24,0.0,97.24,0
2026-05-11T02:30:00Z,97.24,97.24,97.24,97.24,103.0,97.24,2
2026-05-11T02:45:00Z,97.24,97.24,97.24,97.24,0.0,97.24,0
2026-05-11T03:00:00Z,97.235,97.235,97.235,97.235,216.0,97.235,6
2026-05-11T03:15:00Z,97.23,97.235,97.23,97.235,268.0,97.2305,35
2026-05-11T03:30:00Z,97.235,97.235,97.235,97.235,380.0,97.235,18
2026-05-11T03:45:00Z,97.235,97.235,97.235,97.235,0.0,97.235,0
2026-05-11T04:00:00Z,97.235,97.235,97.235,97.235,73.0,97.235,5
2026-05-11T04:15:00Z,97.235,97.235,97.235,97.235,309.0,97.235,15
2026-05-11T04:30:00Z,97.235,97.235,97.235,97.235,55.0,97.235,8
2026-05-11T04:45:00Z,97.235,97.235,97.235,97.235,53.0,97.235,10
2026-05-11T05:00:00Z,97.23,97.24,97.23,97.24,169.0,97.234,26
2026-05-11T05:15:00Z,97.235,97.24,97.235,97.24,619.0,97.235,50
2026-05-11T05:30:00Z,97.235,97.235,97.235,97.235,78.0,97.235,15
2026-05-11T05:45:00Z,97.235,97.235,97.23,97.23,168.0,97.2315,40
2026-05-11T06:00:00Z,97.235,97.235,97.23,97.235,1084.0,97.231,125
2026-05-11T06:15:00Z,97.235,97.24,97.23,97.235,1375.0,97.235,133
2026-05-11T06:30:00Z,97.235,97.25,97.235,97.25,2823.0,97.239,163
2026-05-11T06:45:00Z,97.245,97.255,97.245,97.255,2743.0,97.254,241
2026-05-11T07:00:00Z,97.255,97.255,97.245,97.245,3053.0,97.251,202
2026-05-11T07:15:00Z,97.24,97.245,97.24,97.245,1862.0,97.2445,154
2026-05-11T07:30:00Z,97.245,97.25,97.24,97.24,1518.0,97.245,116
2026-05-11T07:45:00Z,97.245,97.245,97.24,97.245,963.0,97.2445,53
2026-05-11T08:00:00Z,97.245,97.25,97.245,97.25,2271.0,97.247,223
2026-05-11T08:15:00Z,97.255,97.255,97.25,97.255,1452.0,97.2545,153
2026-05-11T08:30:00Z,97.25,97.255,97.25,97.25,1295.0,97.25,78
2026-05-11T08:45:00Z,97.25,97.25,97.24,97.245,2325.0,97.2445,179
2026-05-11T09:00:00Z,97.24,97.24,97.23,97.235,4658.0,97.2345,285
2026-05-11T09:15:00Z,97.23,97.235,97.23,97.235,547.0,97.23,63
2026-05-11T09:30:00Z,97.23,97.235,97.23,97.23,1029.0,97.23,99
2026-05-11T09:45:00Z,97.235,97.235,97.21,97.21,4664.0,97.2165,547
2026-05-11T10:00:00Z,97.205,97.22,97.205,97.215,2079.0,97.212,194
2026-05-11T10:15:00Z,97.215,97.225,97.215,97.225,2993.0,97.222,212
2026-05-11T10:30:00Z,97.225,97.23,97.22,97.225,2493.0,97.2245,277
2026-05-11T10:45:00Z,97.225,97.235,97.22,97.225,4228.0,97.2285,357
2026-05-11T11:00:00Z,97.225,97.23,97.225,97.225,3071.0,97.2255,187
2026-05-11T11:15:00Z,97.225,97.225,97.22,97.225,340.0,97.225,43
2026-05-11T11:30:00Z,97.225,97.23,97.22,97.22,1972.0,97.223,282
2026-05-11T11:45:00Z,97.22,97.22,97.215,97.215,1964.0,97.2185,669
2026-05-11T12:00:00Z,97.22,97.22,97.215,97.22,2017.0,97.22,143
2026-05-11T12:15:00Z,97.215,97.23,97.215,97.23,1527.0,97.226,204
2026-05-11T12:30:00Z,97.23,97.235,97.225,97.23,1681.0,97.2315,186
2026-05-11T12:45:00Z,97.23,97.23,97.215,97.22,2484.0,97.2235,261
2026-05-11T13:00:00Z,97.225,97.235,97.22,97.235,3090.0,97.2265,254
2026-05-11T13:15:00Z,97.23,97.235,97.23,97.235,42.0,97.235,14
2026-05-11T13:30:00Z,97.23,97.23,97.23,97.23,1347.0,97.23,117
2026-05-11T13:45:00Z,97.23,97.24,97.23,97.235,4114.0,97.236,285
2026-05-11T14:00:00Z,97.23,97.23,97.225,97.225,1756.0,97.2275,108
2026-05-11T14:15:00Z,97.225,97.23,97.22,97.22,1321.0,97.222,125
2026-05-11T14:30:00Z,97.22,97.22,97.21,97.215,5346.0,97.2155,550
2026-05-11T14:45:00Z,97.215,97.22,97.21,97.21,1091.0,97.212,281
2026-05-11T15:00:00Z,97.205,97.215,97.205,97.21,2715.0,97.2085,437
2026-05-11T15:15:00Z,97.205,97.215,97.205,97.215,2107.0,97.214,181
2026-05-11T15:30:00Z,97.215,97.22,97.215,97.215,1597.0,97.215,204
2026-05-11T15:45:00Z,97.215,97.215,97.215,97.215,1869.0,97.215,111
2026-05-11T16:00:00Z,97.215,97.22,97.215,97.22,1546.0,97.2165,132
2026-05-11T16:15:00Z,97.215,97.215,97.21,97.21,1666.0,97.215,116
2026-05-11T16:30:00Z,97.21,97.21,97.195,97.205,2218.0,97.204,295
2026-05-11T16:45:00Z,97.2,97.205,97.2,97.2,229.0,97.2,77
2026-05-11T17:00:00Z,97.2,97.205,97.195,97.2,593.0,97.1995,75
2026-05-11T17:15:00Z,97.195,97.2,97.195,97.2,209.0,97.2,20
2026-05-11T17:30:00Z,97.2,97.2,97.2,97.2,169.0,97.2,12
2026-05-11T17:45:00Z,97.205,97.205,97.205,97.205,24.0,97.205,10
2026-05-11T18:00:00Z,97.205,97.205,97.205,97.205,100.0,97.205,12
2026-05-11T18:15:00Z,97.2,97.2,97.2,97.2,58.0,97.2,5
2026-05-11T18:30:00Z,97.2,97.2,97.2,97.2,204.0,97.2,11
2026-05-11T18:45:00Z,97.2,97.2,97.2,97.2,0.0,97.2,0
2026-05-11T19:00:00Z,97.195,97.195,97.195,97.195,811.0,97.195,25
2026-05-11T19:15:00Z,97.195,97.195,97.195,97.195,0.0,97.195,0
2026-05-11T19:30:00Z,97.195,97.195,97.195,97.195,250.0,97.195,8
2026-05-11T19:45:00Z,97.19,97.2,97.19,97.195,1074.0,97.195,33
2026-05-12T00:00:00Z,97.195,97.2,97.195,97.195,172.0,97.195,4
2026-05-12T00:15:00Z,97.195,97.195,97.195,97.195,133.0,97.195,3
2026-05-12T00:30:00Z,97.195,97.195,97.195,97.195,0.0,97.195,0
2026-05-12T00:45:00Z,97.195,97.195,97.195,97.195,651.0,97.195,20
2026-05-12T01:00:00Z,97.195,97.195,97.195,97.195,0.0,97.195,0
2026-05-12T01:15:00Z,97.19,97.19,97.185,97.185,100.0,97.186,18
2026-05-12T01:30:00Z,97.185,97.185,97.18,97.185,432.0,97.1845,23
2026-05-12T01:45:00Z,97.185,97.185,97.185,97.185,42.0,97.185,14
2026-05-12T02:00:00Z,97.185,97.185,97.185,97.185,41.0,97.185,12
2026-05-12T02:15:00Z,97.185,97.185,97.185,97.185,11.0,97.185,5
2026-05-12T02:30:00Z,97.185,97.185,97.185,97.185,63.0,97.185,24
2026-05-12T02:45:00Z,97.185,97.185,97.185,97.185,212.0,97.185,17
2026-05-12T03:00:00Z,97.185,97.185,97.185,97.185,55.0,97.185,10
2026-05-12T03:15:00Z,97.185,97.185,97.185,97.185,200.0,97.185,9
2026-05-12T03:30:00Z,97.185,97.185,97.185,97.185,768.0,97.185,16
2026-05-12T03:45:00Z,97.185,97.185,97.185,97.185,0.0,97.185,0
2026-05-12T04:00:00Z,97.185,97.185,97.185,97.185,100.0,97.185,1
2026-05-12T04:15:00Z,97.185,97.185,97.185,97.185,0.0,97.185,0
2026-05-12T04:30:00Z,97.185,97.185,97.185,97.185,0.0,97.185,0
2026-05-12T04:45:00Z,97.185,97.185,97.185,97.185,0.0,97.185,0
2026-05-12T05:00:00Z,97.185,97.185,97.185,97.185,14.0,97.185,4
2026-05-12T05:15:00Z,97.185,97.185,97.185,97.185,0.0,97.185,0
2026-05-12T05:30:00Z,97.19,97.19,97.185,97.185,209.0,97.1885,23
2026-05-12T05:45:00Z,97.185,97.185,97.185,97.185,50.0,97.185,6
2026-05-12T06:00:00Z,97.185,97.19,97.175,97.175,3083.0,97.1805,175
2026-05-12T06:15:00Z,97.17,97.17,97.155,97.155,5769.0,97.163,338
2026-05-12T06:30:00Z,97.155,97.16,97.145,97.15,7373.0,97.154,774
2026-05-12T06:45:00Z,97.15,97.15,97.135,97.14,8358.0,97.141,450
2026-05-12T07:00:00Z,97.14,97.155,97.135,97.145,5329.0,97.1465,395
2026-05-12T07:15:00Z,97.145,97.16,97.145,97.16,4696.0,97.1495,328
2026-05-12T07:30:00Z,97.155,97.155,97.15,97.155,2326.0,97.155,212
2026-05-12T07:45:00Z,97.16,97.16,97.15,97.15,4488.0,97.159,200
2026-05-12T08:00:00Z,97.15,97.15,97.14,97.15,3897.0,97.1495,299
2026-05-12T08:15:00Z,97.145,97.155,97.14,97.145,5144.0,97.1455,495
2026-05-12T08:30:00Z,97.145,97.15,97.14,97.145,3434.0,97.145,442
2026-05-12T08:45:00Z,97.15,97.16,97.15,97.15,3272.0,97.154,292
2026-05-12T09:00:00Z,97.155,97.155,97.145,97.15,2782.0,97.153,218
2026-05-12T09:15:00Z,97.15,97.15,97.145,97.15,1475.0,97.15,122
2026-05-12T09:30:00Z,97.155,97.16,97.15,97.16,3960.0,97.1565,280
2026-05-12T09:45:00Z,97.16,97.16,97.155,97.16,1200.0,97.157,163
2026-05-12T10:00:00Z,97.16,97.17,97.16,97.17,2894.0,97.1655,413
2026-05-12T10:15:00Z,97.17,97.175,97.165,97.175,6169.0,97.172,612
2026-05-12T10:30:00Z,97.175,97.175,97.165,97.165,1320.0,97.1695,84
2026-05-12T10:45:00Z,97.165,97.165,97.16,97.165,1754.0,97.1615,133
2026-05-12T11:00:00Z,97.17,97.17,97.165,97.17,2280.0,97.166,100
2026-05-12T11:15:00Z,97.165,97.17,97.16,97.16,2101.0,97.1625,151
2026-05-12T11:30:00Z,97.16,97.16,97.16,97.16,837.0,97.16,95
2026-05-12T11:45:00Z,97.16,97.16,97.155,97.16,2327.0,97.159,117
2026-05-12T12:00:00Z,97.16,97.16,97.155,97.155,2655.0,97.156,197
2026-05-12T12:15:00Z,97.15,97.16,97.15,97.155,3933.0,97.156,283
2026-05-12T12:30:00Z,97.16,97.18,97.155,97.175,4199.0,97.1705,579
2026-05-12T12:45:00Z,97.175,97.175,97.165,97.17,2883.0,97.171,182
2026-05-12T13:00:00Z,97.17,97.17,97.16,97.16,4380.0,97.1605,178
2026-05-12T13:15:00Z,97.16,97.165,97.16,97.16,4983.0,97.16,293
2026-05-12T13:30:00Z,97.16,97.165,97.155,97.16,5309.0,97.159,453
2026-05-12T13:45:00Z,97.16,97.16,97.15,97.155,3803.0,97.155,231
2026-05-12T14:00:00Z,97.155,97.16,97.155,97.16,1965.0,97.1555,290
2026-05-12T14:15:00Z,97.155,97.165,97.15,97.15,2188.0,97.157,252
2026-05-12T14:30:00Z,97.15,97.16,97.15,97.16,4494.0,97.1555,376
2026-05-12T14:45:00Z,97.16,97.16,97.16,97.16,2088.0,97.16,181
2026-05-12T15:00:00Z,97.16,97.16,97.155,97.155,901.0,97.1585,315
2026-05-12T15:15:00Z,97.155,97.16,97.15,97.15,2871.0,97.1545,272
2026-05-12T15:30:00Z,97.155,97.16,97.155,97.155,4357.0,97.155,208
2026-05-12T15:45:00Z,97.155,97.155,97.15,97.15,2031.0,97.1525,112
2026-05-12T16:00:00Z,97.145,97.15,97.14,97.145,1688.0,97.145,131
2026-05-12T16:15:00Z,97.145,97.145,97.14,97.14,3303.0,97.141,155
2026-05-12T16:30:00Z,97.14,97.145,97.14,97.145,963.0,97.142,85
2026-05-12T16:45:00Z,97.145,97.145,97.14,97.145,744.0,97.1435,89
2026-05-12T17:00:00Z,97.15,97.15,97.15,97.15,228.0,97.15,17
2026-05-12T17:15:00Z,97.15,97.15,97.15,97.15,1242.0,97.15,48
2026-05-12T17:30:00Z,97.15,97.15,97.145,97.15,231.0,97.149,14
2026-05-12T17:45:00Z,97.15,97.15,97.145,97.145,857.0,97.146,65
2026-05-12T18:00:00Z,97.145,97.145,97.145,97.145,187.0,97.145,15
2026-05-12T18:15:00Z,97.15,97.15,97.145,97.145,6.0,97.149,5
2026-05-12T18:30:00Z,97.145,97.145,97.145,97.145,66.0,97.145,16
2026-05-12T18:45:00Z,97.145,97.15,97.145,97.145,288.0,97.145,16
2026-05-12T19:00:00Z,97.145,97.15,97.145,97.145,126.0,97.145,10
2026-05-12T19:15:00Z,97.145,97.15,97.145,97.145,706.0,97.149,58
2026-05-12T19:30:00Z,97.145,97.145,97.145,97.145,0.0,97.145,0
2026-05-12T19:45:00Z,97.15,97.15,97.145,97.145,365.0,97.15,36
2026-05-13T00:00:00Z,97.135,97.15,97.135,97.14,184.0,97.1475,13
2026-05-13T00:15:00Z,97.14,97.145,97.135,97.145,631.0,97.1425,34
2026-05-13T00:30:00Z,97.14,97.145,97.14,97.145,165.0,97.145,7
2026-05-13T00:45:00Z,97.145,97.145,97.145,97.145,32.0,97.145,7
2026-05-13T01:00:00Z,97.145,97.145,97.145,97.145,0.0,97.145,0
2026-05-13T01:15:00Z,97.145,97.145,97.145,97.145,1.0,97.145,1
2026-05-13T01:30:00Z,97.145,97.145,97.145,97.145,0.0,97.145,0
2026-05-13T01:45:00Z,97.15,97.15,97.145,97.15,5.0,97.149,4
2026-05-13T02:00:00Z,97.15,97.15,97.15,97.15,0.0,97.15,0
2026-05-13T02:15:00Z,97.15,97.15,97.15,97.15,0.0,97.15,0
2026-05-13T02:30:00Z,97.15,97.15,97.15,97.15,0.0,97.15,0
2026-05-13T02:45:00Z,97.15,97.15,97.15,97.15,62.0,97.15,7
2026-05-13T03:00:00Z,97.155,97.155,97.155,97.155,340.0,97.155,11
2026-05-13T03:15:00Z,97.15,97.15,97.15,97.15,1.0,97.15,1
2026-05-13T03:30:00Z,97.155,97.155,97.155,97.155,440.0,97.155,18
2026-05-13T03:45:00Z,97.155,97.155,97.155,97.155,0.0,97.155,0
2026-05-13T04:00:00Z,97.155,97.155,97.155,97.155,0.0,97.155,0
2026-05-13T04:15:00Z,97.155,97.155,97.155,97.155,0.0,97.155,0
2026-05-13T04:30:00Z,97.16,97.16,97.16,97.16,6.0,97.16,3
2026-05-13T04:45:00Z,97.16,97.16,97.16,97.16,0.0,97.16,0
2026-05-13T05:00:00Z,97.16,97.16,97.16,97.16,0.0,97.16,0
2026-05-13T05:15:00Z,97.155,97.155,97.155,97.155,80.0,97.155,4
2026-05-13T05:30:00Z,97.155,97.16,97.155,97.16,213.0,97.1555,22
2026-05-13T05:45:00Z,97.16,97.16,97.16,97.16,463.0,97.16,56
2026-05-13T06:00:00Z,97.155,97.16,97.15,97.16,1925.0,97.1595,104
2026-05-13T06:15:00Z,97.16,97.17,97.16,97.17,1327.0,97.165,116
2026-05-13T06:30:00Z,97.17,97.175,97.165,97.175,905.0,97.1705,159
2026-05-13T06:45:00Z,97.17,97.18,97.17,97.18,2295.0,97.176,299
2026-05-13T07:00:00Z,97.18,97.19,97.175,97.185,1367.0,97.184,287
2026-05-13T07:15:00Z,97.185,97.185,97.18,97.18,2788.0,97.1815,176
2026-05-13T07:30:00Z,97.18,97.185,97.18,97.185,3012.0,97.1815,267
2026-05-13T07:45:00Z,97.18,97.18,97.18,97.18,1312.0,97.18,174
2026-05-13T08:00:00Z,97.18,97.18,97.175,97.18,3187.0,97.18,246
2026-05-13T08:15:00Z,97.18,97.185,97.175,97.18,1845.0,97.18,219
2026-05-13T08:30:00Z,97.18,97.185,97.175,97.18,7192.0,97.183,279
2026-05-13T08:45:00Z,97.18,97.18,97.17,97.175,2241.0,97.1785,213
2026-05-13T09:00:00Z,97.18,97.18,97.18,97.18,4285.0,97.18,293
2026-05-13T09:15:00Z,97.18,97.185,97.18,97.18,1992.0,97.18,109
2026-05-13T09:30:00Z,97.18,97.18,97.175,97.175,4410.0,97.1795,465
2026-05-13T09:45:00Z,97.175,97.185,97.17,97.185,477.0,97.176,58
2026-05-13T10:00:00Z,97.18,97.185,97.175,97.175,2704.0,97.1795,246
2026-05-13T10:15:00Z,97.175,97.18,97.175,97.175,1229.0,97.1755,131
2026-05-13T10:30:00Z,97.17,97.175,97.17,97.175,1408.0,97.172,93
2026-05-13T10:45:00Z,97.175,97.175,97.17,97.17,902.0,97.1725,77
2026-05-13T11:00:00Z,97.17,97.17,97.155,97.155,1528.0,97.16,151
2026-05-13T11:15:00Z,97.155,97.155,97.155,97.155,2106.0,97.155,256
2026-05-13T11:30:00Z,97.155,97.165,97.155,97.165,2306.0,97.163,256
2026-05-13T11:45:00Z,97.165,97.165,97.165,97.165,954.0,97.165,347
2026-05-13T12:00:00Z,97.165,97.17,97.165,97.17,2782.0,97.1695,248
2026-05-13T12:15:00Z,97.165,97.17,97.16,97.165,1315.0,97.165,255
2026-05-13T12:30:00Z,97.16,97.16,97.15,97.15,3092.0,97.152,422
2026-05-13T12:45:00Z,97.155,97.165,97.15,97.165,1199.0,97.158,141
2026-05-13T13:00:00Z,97.165,97.165,97.16,97.16,1170.0,97.163,124
2026-05-13T13:15:00Z,97.16,97.165,97.16,97.165,425.0,97.1625,258
2026-05-13T13:30:00Z,97.165,97.18,97.165,97.175,6724.0,97.168,589
2026-05-13T13:45:00Z,97.175,97.175,97.17,97.175,1207.0,97.175,115
2026-05-13T14:00:00Z,97.17,97.18,97.17,97.17,3149.0,97.1735,323
2026-05-13T14:15:00Z,97.165,97.17,97.155,97.16,1925.0,97.163,190
2026-05-13T14:30:00Z,97.16,97.165,97.16,97.165,1450.0,97.16,294
2026-05-13T14:45:00Z,97.165,97.165,97.155,97.16,6428.0,97.1615,436
2026-05-13T15:00:00Z,97.16,97.165,97.16,97.16,2349.0,97.163,331
2026-05-13T15:15:00Z,97.165,97.165,97.155,97.155,4591.0,97.1585,357
2026-05-13T15:30:00Z,97.155,97.165,97.15,97.165,8841.0,97.161,509
2026-05-13T15:45:00Z,97.165,97.165,97.16,97.16,1479.0,97.1625,179
2026-05-13T16:00:00Z,97.165,97.165,97.16,97.165,2092.0,97.1645,303
2026-05-13T16:15:00Z,97.165,97.195,97.165,97.19,3132.0,97.182,376
2026-05-13T16:30:00Z,97.185,97.185,97.18,97.18,4742.0,97.1815,352
2026-05-13T16:45:00Z,97.18,97.185,97.18,97.18,2712.0,97.18,188
2026-05-13T17:00:00Z,97.18,97.18,97.18,97.18,158.0,97.18,37
2026-05-13T17:15:00Z,97.18,97.18,97.18,97.18,340.0,97.18,17
2026-05-13T17:30:00Z,97.18,97.18,97.18,97.18,246.0,97.18,19
2026-05-13T17:45:00Z,97.175,97.18,97.175,97.18,28.0,97.1795,6
2026-05-13T18:00:00Z,97.18,97.18,97.18,97.18,290.0,97.18,8
2026-05-13T18:15:00Z,97.175,97.175,97.175,97.175,808.0,97.175,30
2026-05-13T18:30:00Z,97.175,97.175,97.175,97.175,0.0,97.175,0
2026-05-13T18:45:00Z,97.18,97.18,97.18,97.18,292.0,97.18,18
2026-05-13T19:00:00Z,97.18,97.185,97.18,97.185,587.0,97.18,23
2026-05-13T19:15:00Z,97.185,97.185,97.185,97.185,484.0,97.185,32
2026-05-13T19:30:00Z,97.185,97.185,97.18,97.185,193.0,97.184,29
2026-05-13T19:45:00Z,97.18,97.185,97.18,97.18,124.0,97.1845,37
2026-05-14T00:00:00Z,97.335,97.335,97.335,97.335,80.0,97.33495786463126,2
2026-05-14T00:15:00Z,97.18,97.185,97.18,97.185,292.0,97.1805,11
2026-05-14T00:30:00Z,97.19,97.19,97.19,97.19,162.0,97.19,4
2026-05-14T00:45:00Z,97.195,97.195,97.195,97.195,83.0,97.195,9
2026-05-14T01:00:00Z,97.195,97.195,97.195,97.195,93.0,97.195,3
2026-05-14T01:15:00Z,97.195,97.195,97.195,97.195,11.0,97.195,2
2026-05-14T01:30:00Z,97.195,97.195,97.195,97.195,0.0,97.195,0
2026-05-14T01:45:00Z,97.195,97.195,97.19,97.19,56.0,97.1905,10
2026-05-14T02:00:00Z,97.19,97.19,97.19,97.19,0.0,97.19,0
2026-05-14T02:15:00Z,97.19,97.19,97.19,97.19,0.0,97.19,0
2026-05-14T02:30:00Z,97.19,97.19,97.19,97.19,0.0,97.19,0
2026-05-14T02:45:00Z,97.19,97.19,97.19,97.19,0.0,97.19,0
2026-05-14T03:00:00Z,97.195,97.195,97.195,97.195,5.0,97.195,1
2026-05-14T03:15:00Z,97.195,97.195,97.195,97.195,0.0,97.195,0
2026-05-14T03:30:00Z,97.195,97.195,97.195,97.195,0.0,97.195,0
2026-05-14T03:45:00Z,97.195,97.195,97.195,97.195,0.0,97.195,0
2026-05-14T04:00:00Z,97.19,97.19,97.19,97.19,74.0,97.19,9
2026-05-14T04:15:00Z,97.19,97.19,97.19,97.19,5.0,97.19,1
2026-05-14T04:30:00Z,97.19,97.19,97.19,97.19,8.0,97.19,4
2026-05-14T04:45:00Z,97.19,97.19,97.19,97.19,0.0,97.19,0
2026-05-14T05:00:00Z,97.19,97.19,97.19,97.19,0.0,97.19,0
2026-05-14T05:15:00Z,97.185,97.185,97.185,97.185,36.0,97.185,6
2026-05-14T05:30:00Z,97.185,97.185,97.185,97.185,475.0,97.185,27
2026-05-14T05:45:00Z,97.185,97.185,97.185,97.185,27.0,97.185,1
2026-05-14T06:00:00Z,97.185,97.2,97.185,97.195,986.0,97.1935,124
2026-05-14T06:15:00Z,97.19,97.195,97.185,97.185,794.0,97.187,66
2026-05-14T06:30:00Z,97.185,97.2,97.185,97.2,393.0,97.1925,85
2026-05-14T06:45:00Z,97.2,97.205,97.19,97.19,2462.0,97.198,243
2026-05-14T07:00:00Z,97.19,97.195,97.185,97.19,2462.0,97.1915,268
2026-05-14T07:15:00Z,97.195,97.195,97.19,97.19,589.0,97.191,116
2026-05-14T07:30:00Z,97.19,97.2,97.19,97.2,2766.0,97.197,237
2026-05-14T07:45:00Z,97.195,97.195,97.175,97.175,1049.0,97.1825,129
2026-05-14T08:00:00Z,97.18,97.185,97.18,97.185,2371.0,97.1835,274
2026-05-14T08:15:00Z,97.185,97.185,97.185,97.185,2051.0,97.185,175
2026-05-14T08:30:00Z,97.185,97.195,97.185,97.19,5368.0,97.1935,483
2026-05-14T08:45:00Z,97.195,97.195,97.19,97.195,2440.0,97.195,128
2026-05-14T09:00:00Z,97.195,97.195,97.19,97.195,4695.0,97.195,331
2026-05-14T09:15:00Z,97.195,97.2,97.195,97.2,1742.0,97.1995,110
2026-05-14T09:30:00Z,97.205,97.205,97.195,97.2,1013.0,97.1965,80
2026-05-14T09:45:00Z,97.205,97.21,97.205,97.205,3551.0,97.208,256
2026-05-14T10:00:00Z,97.205,97.21,97.205,97.21,1950.0,97.2085,162
2026-05-14T10:15:00Z,97.21,97.215,97.205,97.215,1451.0,97.2105,119
2026-05-14T10:30:00Z,97.21,97.21,97.205,97.205,565.0,97.2085,63
2026-05-14T10:45:00Z,97.205,97.21,97.205,97.21,3964.0,97.208,205
2026-05-14T11:00:00Z,97.21,97.22,97.205,97.215,2366.0,97.2085,198
2026-05-14T11:15:00Z,97.215,97.23,97.215,97.22,3228.0,97.2235,213
2026-05-14T11:30:00Z,97.225,97.225,97.22,97.225,3739.0,97.2215,394
2026-05-14T11:45:00Z,97.225,97.23,97.225,97.225,5872.0,97.226,377
2026-05-14T12:00:00Z,97.225,97.235,97.225,97.23,6241.0,97.229,238
2026-05-14T12:15:00Z,97.23,97.23,97.23,97.23,1325.0,97.23,185
2026-05-14T12:30:00Z,97.23,97.23,97.225,97.225,3054.0,97.2275,291
2026-05-14T12:45:00Z,97.225,97.225,97.22,97.22,1092.0,97.22,105
2026-05-14T13:00:00Z,97.22,97.225,97.22,97.225,3859.0,97.2205,262
2026-05-14T13:15:00Z,97.22,97.225,97.22,97.225,1573.0,97.225,95
2026-05-14T13:30:00Z,97.225,97.225,97.215,97.22,1344.0,97.2185,216
2026-05-14T13:45:00Z,97.225,97.23,97.225,97.225,2900.0,97.227,207
2026-05-14T14:00:00Z,97.22,97.225,97.22,97.22,4492.0,97.2205,206
2026-05-14T14:15:00Z,97.22,97.22,97.205,97.21,3527.0,97.2125,338
2026-05-14T14:30:00Z,97.215,97.22,97.21,97.215,1209.0,97.215,93
2026-05-14T14:45:00Z,97.22,97.23,97.22,97.225,3575.0,97.224,271
2026-05-14T15:00:00Z,97.225,97.23,97.215,97.215,3191.0,97.222,530
2026-05-14T15:15:00Z,97.22,97.225,97.215,97.225,2057.0,97.221,148
2026-05-14T15:30:00Z,97.225,97.23,97.225,97.225,514.0,97.226,167
2026-05-14T15:45:00Z,97.23,97.235,97.225,97.23,3123.0,97.23,203
2026-05-14T16:00:00Z,97.235,97.24,97.23,97.235,4726.0,97.2335,275
2026-05-14T16:15:00Z,97.23,97.24,97.23,97.235,633.0,97.235,73
2026-05-14T16:30:00Z,97.235,97.235,97.23,97.23,2177.0,97.232,113
2026-05-14T16:45:00Z,97.23,97.23,97.23,97.23,134.0,97.23,38
2026-05-14T17:00:00Z,97.23,97.23,97.225,97.225,406.0,97.2285,51
2026-05-14T17:15:00Z,97.23,97.23,97.23,97.23,88.0,97.23,8
2026-05-14T17:30:00Z,97.225,97.23,97.22,97.22,2814.0,97.223,81
2026-05-14T17:45:00Z,97.22,97.22,97.22,97.22,362.0,97.22,23
2026-05-14T18:00:00Z,97.22,97.22,97.21,97.21,2157.0,97.214,121
2026-05-14T18:15:00Z,97.21,97.21,97.21,97.21,666.0,97.21,76
2026-05-14T18:30:00Z,97.205,97.205,97.205,97.205,3487.0,97.205,206
2026-05-14T18:45:00Z,97.2,97.2,97.2,97.2,83.0,97.2,14
2026-05-14T19:00:00Z,97.2,97.2,97.2,97.2,491.0,97.2,43
2026-05-14T19:15:00Z,97.2,97.2,97.195,97.195,95.0,97.196,22
2026-05-14T19:30:00Z,97.195,97.195,97.19,97.19,342.0,97.19,48
2026-05-14T19:45:00Z,97.19,97.19,97.19,97.19,530.0,97.19,21
2026-05-15T00:00:00Z,97.185,97.19,97.18,97.18,415.0,97.184,30
2026-05-15T00:15:00Z,97.18,97.18,97.18,97.18,656.0,97.18,61
2026-05-15T00:30:00Z,97.18,97.18,97.18,97.18,0.0,97.18,0
2026-05-15T00:45:00Z,97.175,97.175,97.175,97.175,8.0,97.175,2
2026-05-15T01:00:00Z,97.175,97.175,97.17,97.17,49.0,97.1745,9
2026-05-15T01:15:00Z,97.17,97.17,97.16,97.16,634.0,97.1625,57
2026-05-15T01:30:00Z,97.16,97.16,97.16,97.16,215.0,97.16,20
2026-05-15T01:45:00Z,97.16,97.16,97.16,97.16,51.0,97.16,2
2026-05-15T02:00:00Z,97.16,97.16,97.16,97.16,0.0,97.16,0
2026-05-15T02:15:00Z,97.16,97.16,97.16,97.16,0.0,97.16,0
2026-05-15T02:30:00Z,97.16,97.16,97.16,97.16,0.0,97.16,0
2026-05-15T02:45:00Z,97.155,97.165,97.155,97.165,82.0,97.164,6
2026-05-15T03:00:00Z,97.165,97.165,97.165,97.165,68.0,97.165,6
2026-05-15T03:15:00Z,97.165,97.165,97.165,97.165,1.0,97.165,1
2026-05-15T03:30:00Z,97.16,97.16,97.16,97.16,30.0,97.16,9
2026-05-15T03:45:00Z,97.16,97.16,97.16,97.16,22.0,97.16,1
2026-05-15T04:00:00Z,97.16,97.16,97.16,97.16,5.0,97.16,2
2026-05-15T04:15:00Z,97.16,97.16,97.155,97.155,710.0,97.1565,48
2026-05-15T04:30:00Z,97.16,97.16,97.145,97.145,1574.0,97.146,47
2026-05-15T04:45:00Z,97.145,97.15,97.145,97.15,452.0,97.1485,17
2026-05-15T05:00:00Z,97.15,97.15,97.15,97.15,1030.0,97.15,36
2026-05-15T05:15:00Z,97.15,97.155,97.15,97.155,698.0,97.155,33
2026-05-15T05:30:00Z,97.155,97.16,97.155,97.155,722.0,97.158,47
2026-05-15T05:45:00Z,97.155,97.16,97.155,97.16,1678.0,97.1565,104
2026-05-15T06:00:00Z,97.165,97.17,97.16,97.16,3198.0,97.164,239
2026-05-15T06:15:00Z,97.16,97.165,97.16,97.165,2493.0,97.164,238
2026-05-15T06:30:00Z,97.165,97.175,97.165,97.17,2599.0,97.1685,392
2026-05-15T06:45:00Z,97.17,97.175,97.165,97.17,412.0,97.17,74
2026-05-15T07:00:00Z,97.17,97.18,97.17,97.18,1967.0,97.1775,198
2026-05-15T07:15:00Z,97.185,97.19,97.18,97.185,2980.0,97.1845,595
2026-05-15T07:30:00Z,97.185,97.185,97.175,97.18,1182.0,97.182,201
2026-05-15T07:45:00Z,97.175,97.18,97.175,97.18,2394.0,97.178,241
2026-05-15T08:00:00Z,97.175,97.175,97.165,97.17,2240.0,97.1735,220
2026-05-15T08:15:00Z,97.17,97.17,97.16,97.165,1948.0,97.165,204
2026-05-15T08:30:00Z,97.16,97.17,97.16,97.165,2894.0,97.165,299
2026-05-15T08:45:00Z,97.165,97.165,97.165,97.165,0.0,97.165,0
2026-05-15T09:00:00Z,97.165,97.165,97.155,97.165,3602.0,97.1595,256
2026-05-15T09:15:00Z,97.165,97.17,97.165,97.165,1693.0,97.165,133
2026-05-15T09:30:00Z,97.17,97.17,97.165,97.165,1267.0,97.165,93
2026-05-15T09:45:00Z,97.165,97.165,97.16,97.165,3213.0,97.1645,265
2026-05-15T10:00:00Z,97.165,97.175,97.16,97.175,2594.0,97.1705,201
2026-05-15T10:15:00Z,97.175,97.18,97.17,97.17,1751.0,97.1745,106
2026-05-15T10:30:00Z,97.17,97.18,97.165,97.18,2687.0,97.1745,236
2026-05-15T10:45:00Z,97.18,97.2,97.18,97.19,13524.0,97.1935,871
2026-05-15T11:00:00Z,97.19,97.19,97.18,97.18,5887.0,97.1845,362
2026-05-15T11:15:00Z,97.18,97.185,97.18,97.18,1052.0,97.18,106
2026-05-15T11:30:00Z,97.18,97.18,97.175,97.175,928.0,97.1775,85
2026-05-15T11:45:00Z,97.175,97.175,97.16,97.16,1454.0,97.1665,150
2026-05-15T12:00:00Z,97.16,97.16,97.155,97.155,3853.0,97.1595,310
2026-05-15T12:15:00Z,97.16,97.165,97.155,97.155,3118.0,97.1585,219
2026-05-15T12:30:00Z,97.15,97.155,97.15,97.155,2388.0,97.155,318
2026-05-15T12:45:00Z,97.15,97.16,97.15,97.155,2151.0,97.1525,175
2026-05-15T13:00:00Z,97.155,97.17,97.155,97.165,11868.0,97.162,489
2026-05-15T13:15:00Z,97.165,97.175,97.165,97.165,6397.0,97.1685,263
2026-05-15T13:30:00Z,97.165,97.165,97.16,97.16,7721.0,97.1645,322
2026-05-15T13:45:00Z,97.16,97.16,97.15,97.155,4981.0,97.155,585
2026-05-15T14:00:00Z,97.155,97.165,97.155,97.16,3080.0,97.1575,322
2026-05-15T14:15:00Z,97.16,97.17,97.16,97.165,4127.0,97.1655,243
2026-05-15T14:30:00Z,97.165,97.165,97.155,97.16,2818.0,97.163,222
2026-05-15T14:45:00Z,97.16,97.16,97.155,97.16,2523.0,97.159,301
2026-05-15T15:00:00Z,97.16,97.165,97.155,97.16,1723.0,97.1595,383
2026-05-15T15:15:00Z,97.155,97.165,97.155,97.155,2123.0,97.1585,263
2026-05-15T15:30:00Z,97.16,97.16,97.145,97.145,3007.0,97.152,227
2026-05-15T15:45:00Z,97.145,97.15,97.145,97.15,2010.0,97.146,272
2026-05-15T16:00:00Z,97.15,97.15,97.145,97.145,3550.0,97.146,239
2026-05-15T16:15:00Z,97.15,97.15,97.145,97.145,2356.0,97.15,158
2026-05-15T16:30:00Z,97.15,97.15,97.145,97.15,2272.0,97.15,175
2026-05-15T16:45:00Z,97.15,97.15,97.15,97.15,1178.0,97.15,83
2026-05-15T17:00:00Z,97.15,97.155,97.15,97.155,255.0,97.1525,60
2026-05-15T17:15:00Z,97.15,97.155,97.15,97.15,610.0,97.1535,97
2026-05-15T17:30:00Z,97.15,97.155,97.15,97.155,209.0,97.155,38
2026-05-15T17:45:00Z,97.15,97.15,97.15,97.15,33.0,97.15,11
2026-05-15T18:00:00Z,97.15,97.15,97.15,97.15,347.0,97.15,63
2026-05-15T18:15:00Z,97.15,97.15,97.15,97.15,101.0,97.15,7
2026-05-15T18:30:00Z,97.15,97.15,97.15,97.15,138.0,97.15,22
2026-05-15T18:45:00Z,97.15,97.15,97.15,97.15,38.0,97.15,11
2026-05-15T19:00:00Z,97.15,97.15,97.15,97.15,116.0,97.15,8
2026-05-15T19:15:00Z,97.15,97.15,97.15,97.15,4.0,97.15,2
2026-05-15T19:30:00Z,97.15,97.15,97.15,97.15,564.0,97.15,83
2026-05-15T19:45:00Z,97.15,97.15,97.145,97.15,853.0,97.15,55
2026-05-18T00:00:00Z,97.14,97.15,97.14,97.15,141.0,97.1445,20
2026-05-18T00:15:00Z,97.145,97.15,97.145,97.15,603.0,97.1475,45
2026-05-18T00:30:00Z,97.15,97.15,97.145,97.15,499.0,97.15,48
2026-05-18T00:45:00Z,97.14,97.14,97.14,97.14,24.0,97.14,3
2026-05-18T01:00:00Z,97.14,97.14,97.13,97.135,269.0,97.1325,27
2026-05-18T01:15:00Z,97.13,97.13,97.13,97.13,11.0,97.13,1
2026-05-18T01:30:00Z,97.13,97.13,97.13,97.13,0.0,97.13,0
2026-05-18T01:45:00Z,97.135,97.135,97.135,97.135,51.0,97.135,4
2026-05-18T02:00:00Z,97.135,97.135,97.135,97.135,0.0,97.135,0
2026-05-18T02:15:00Z,97.135,97.135,97.135,97.135,0.0,97.135,0
2026-05-18T02:30:00Z,97.135,97.135,97.135,97.135,1.0,97.135,1
2026-05-18T02:45:00Z,97.135,97.135,97.135,97.135,0.0,97.135,0
2026-05-18T03:00:00Z,97.135,97.135,97.135,97.135,34.0,97.135,2
2026-05-18T03:15:00Z,97.135,97.135,97.135,97.135,0.0,97.135,0
2026-05-18T03:30:00Z,97.135,97.135,97.135,97.135,0.0,97.135,0
2026-05-18T03:45:00Z,97.135,97.135,97.135,97.135,0.0,97.135,0
2026-05-18T04:00:00Z,97.135,97.135,97.135,97.135,0.0,97.135,0
2026-05-18T04:15:00Z,97.135,97.135,97.135,97.135,0.0,97.135,0
2026-05-18T04:30:00Z,97.135,97.135,97.135,97.135,0.0,97.135,0
2026-05-18T04:45:00Z,97.135,97.135,97.135,97.135,0.0,97.135,0
2026-05-18T05:00:00Z,97.14,97.14,97.14,97.14,35.0,97.14,5
2026-05-18T05:15:00Z,97.14,97.14,97.14,97.14,1.0,97.14,1
2026-05-18T05:30:00Z,97.14,97.145,97.14,97.145,56.0,97.14,12
2026-05-18T05:45:00Z,97.145,97.145,97.145,97.145,45.0,97.145,4
2026-05-18T06:00:00Z,97.145,97.15,97.145,97.15,1246.0,97.1495,152
2026-05-18T06:15:00Z,97.155,97.155,97.15,97.15,2644.0,97.15,112
2026-05-18T06:30:00Z,97.145,97.15,97.145,97.145,383.0,97.1475,45
2026-05-18T06:45:00Z,97.15,97.15,97.15,97.15,1474.0,97.15,87
2026-05-18T07:00:00Z,97.145,97.15,97.14,97.14,1936.0,97.145,155
2026-05-18T07:15:00Z,97.14,97.15,97.13,97.15,7160.0,97.14,288
2026-05-18T07:30:00Z,97.15,97.155,97.15,97.155,4311.0,97.154,361
2026-05-18T07:45:00Z,97.16,97.16,97.155,97.16,1804.0,97.16,204
2026-05-18T08:00:00Z,97.16,97.16,97.155,97.155,2722.0,97.16,189
2026-05-18T08:15:00Z,97.155,97.16,97.155,97.16,1961.0,97.1575,214
2026-05-18T08:30:00Z,97.16,97.16,97.155,97.16,2848.0,97.16,190
2026-05-18T08:45:00Z,97.165,97.165,97.16,97.165,2081.0,97.165,184
2026-05-18T09:00:00Z,97.165,97.165,97.16,97.16,4711.0,97.1605,191
2026-05-18T09:15:00Z,97.16,97.16,97.155,97.16,1767.0,97.1585,178
2026-05-18T09:30:00Z,97.155,97.16,97.15,97.155,1983.0,97.1565,148
2026-05-18T09:45:00Z,97.155,97.155,97.145,97.15,1650.0,97.1535,87
2026-05-18T10:00:00Z,97.15,97.15,97.145,97.15,3281.0,97.1495,209
2026-05-18T10:15:00Z,97.15,97.15,97.15,97.15,361.0,97.15,57
2026-05-18T10:30:00Z,97.15,97.16,97.15,97.16,2170.0,97.1545,140
2026-05-18T10:45:00Z,97.155,97.155,97.15,97.15,1076.0,97.152,87
2026-05-18T11:00:00Z,97.15,97.155,97.145,97.155,2774.0,97.149,398
2026-05-18T11:15:00Z,97.155,97.155,97.15,97.15,1223.0,97.154,121
2026-05-18T11:30:00Z,97.15,97.195,97.15,97.185,8837.0,97.178,794
2026-05-18T11:45:00Z,97.185,97.185,97.18,97.18,5186.0,97.183,309
2026-05-18T12:00:00Z,97.18,97.19,97.18,97.18,5424.0,97.1835,414
2026-05-18T12:15:00Z,97.18,97.18,97.17,97.175,1426.0,97.1755,209
2026-05-18T12:30:00Z,97.175,97.225,97.175,97.22,11848.0,97.197,659
2026-05-18T12:45:00Z,97.22,97.225,97.205,97.22,11707.0,97.2175,580
2026-05-18T13:00:00Z,97.215,97.215,97.2,97.21,5029.0,97.208,286
2026-05-18T13:15:00Z,97.21,97.215,97.205,97.215,5776.0,97.2115,634
2026-05-18T13:30:00Z,97.215,97.22,97.21,97.21,7282.0,97.2125,607
2026-05-18T13:45:00Z,97.21,97.225,97.21,97.22,5394.0,97.22,404
2026-05-18T14:00:00Z,97.215,97.22,97.205,97.205,9708.0,97.2075,511
2026-05-18T14:15:00Z,97.205,97.21,97.195,97.2,5688.0,97.2035,344
2026-05-18T14:30:00Z,97.2,97.2,97.19,97.195,4582.0,97.1925,307
2026-05-18T14:45:00Z,97.195,97.2,97.195,97.195,2779.0,97.197,237
2026-05-18T15:00:00Z,97.195,97.195,97.17,97.175,10809.0,97.1805,699
2026-05-18T15:15:00Z,97.175,97.18,97.17,97.175,2369.0,97.1755,204
2026-05-18T15:30:00Z,97.175,97.185,97.175,97.175,4115.0,97.18,205
2026-05-18T15:45:00Z,97.175,97.19,97.175,97.185,1602.0,97.1855,150
2026-05-18T16:00:00Z,97.185,97.185,97.18,97.18,1911.0,97.184,316
2026-05-18T16:15:00Z,97.18,97.185,97.175,97.175,2795.0,97.179,341
2026-05-18T16:30:00Z,97.175,97.185,97.175,97.185,417.0,97.1845,40
2026-05-18T16:45:00Z,97.18,97.185,97.18,97.185,1960.0,97.18,93
2026-05-18T17:00:00Z,97.18,97.19,97.18,97.19,2918.0,97.1855,77
2026-05-18T17:15:00Z,97.19,97.19,97.185,97.185,789.0,97.1855,112
2026-05-18T17:30:00Z,97.185,97.185,97.185,97.185,235.0,97.185,21
2026-05-18T17:45:00Z,97.185,97.185,97.185,97.185,84.0,97.185,9
2026-05-18T18:00:00Z,97.18,97.18,97.18,97.18,1389.0,97.18,89
2026-05-18T18:15:00Z,97.175,97.175,97.17,97.17,1015.0,97.171,159
2026-05-18T18:30:00Z,97.175,97.175,97.175,97.175,278.0,97.175,23
2026-05-18T18:45:00Z,97.175,97.175,97.175,97.175,72.0,97.175,8
2026-05-18T19:00:00Z,97.17,97.21,97.17,97.2,6047.0,97.1955,366
2026-05-18T19:15:00Z,97.195,97.2,97.195,97.2,595.0,97.198,40
2026-05-18T19:30:00Z,97.2,97.205,97.2,97.2,279.0,97.2035,35
2026-05-18T19:45:00Z,97.2,97.205,97.2,97.2,401.0,97.2005,57
2026-05-19T00:00:00Z,97.205,97.21,97.2,97.2,213.0,97.209,16
2026-05-19T00:15:00Z,97.2,97.2,97.19,97.195,785.0,97.197,71
2026-05-19T00:30:00Z,97.195,97.195,97.19,97.195,9.0,97.1945,4
2026-05-19T00:45:00Z,97.195,97.2,97.195,97.195,48.0,97.1995,20
2026-05-19T01:00:00Z,97.195,97.2,97.195,97.2,152.0,97.1965,23
2026-05-19T01:15:00Z,97.19,97.2,97.19,97.2,44.0,97.1995,23
2026-05-19T01:30:00Z,97.2,97.21,97.195,97.21,31.0,97.2045,16
2026-05-19T01:45:00Z,97.205,97.205,97.2,97.2,58.0,97.2035,25
2026-05-19T02:00:00Z,97.2,97.2,97.2,97.2,43.0,97.2,16
2026-05-19T02:15:00Z,97.2,97.2,97.2,97.2,42.0,97.2,12
2026-05-19T02:30:00Z,97.2,97.2,97.195,97.195,50.0,97.1995,14
2026-05-19T02:45:00Z,97.2,97.2,97.2,97.2,43.0,97.2,21
2026-05-19T03:00:00Z,97.195,97.2,97.19,97.2,53.0,97.1975,23
2026-05-19T03:15:00Z,97.2,97.2,97.2,97.2,43.0,97.2,21
2026-05-19T03:30:00Z,97.2,97.2,97.2,97.2,42.0,97.2,21
2026-05-19T03:45:00Z,97.195,97.195,97.19,97.195,108.0,97.195,15
2026-05-19T04:00:00Z,97.195,97.2,97.19,97.19,251.0,97.195,27
2026-05-19T04:15:00Z,97.195,97.195,97.19,97.195,46.0,97.1945,21
2026-05-19T04:30:00Z,97.195,97.195,97.19,97.195,390.0,97.1905,41
2026-05-19T04:45:00Z,97.195,97.2,97.195,97.2,49.0,97.195,19
2026-05-19T05:00:00Z,97.195,97.195,97.195,97.195,44.0,97.195,11
2026-05-19T05:15:00Z,97.195,97.195,97.19,97.195,231.0,97.1925,40
2026-05-19T05:30:00Z,97.195,97.195,97.19,97.195,82.0,97.1925,19
2026-05-19T05:45:00Z,97.19,97.195,97.19,97.195,566.0,97.1905,46
2026-05-19T06:00:00Z,97.19,97.2,97.19,97.2,847.0,97.1955,92
2026-05-19T06:15:00Z,97.2,97.21,97.2,97.2,1239.0,97.204,120
2026-05-19T06:30:00Z,97.2,97.21,97.2,97.21,2827.0,97.2085,472
2026-05-19T06:45:00Z,97.21,97.21,97.205,97.21,590.0,97.209,349
2026-05-19T07:00:00Z,97.205,97.21,97.2,97.205,2393.0,97.206,202
2026-05-19T07:15:00Z,97.205,97.21,97.2,97.21,2575.0,97.2055,224
2026-05-19T07:30:00Z,97.21,97.21,97.205,97.205,1261.0,97.209,292
2026-05-19T07:45:00Z,97.21,97.22,97.21,97.21,2962.0,97.2125,373
2026-05-19T08:00:00Z,97.21,97.215,97.205,97.205,4134.0,97.2075,350
2026-05-19T08:15:00Z,97.205,97.205,97.2,97.2,1322.0,97.2015,119
2026-05-19T08:30:00Z,97.2,97.205,97.2,97.2,1608.0,97.2,139
2026-05-19T08:45:00Z,97.2,97.2,97.195,97.195,1186.0,97.2,74
2026-05-19T09:00:00Z,97.195,97.195,97.19,97.19,2113.0,97.195,302
2026-05-19T09:15:00Z,97.195,97.2,97.19,97.195,1851.0,97.1955,172
2026-05-19T09:30:00Z,97.195,97.195,97.19,97.19,914.0,97.1925,253
2026-05-19T09:45:00Z,97.195,97.2,97.19,97.195,1908.0,97.195,191
2026-05-19T10:00:00Z,97.195,97.195,97.19,97.19,2161.0,97.1915,238
2026-05-19T10:15:00Z,97.19,97.195,97.19,97.19,1844.0,97.19,131
2026-05-19T10:30:00Z,97.19,97.195,97.175,97.175,10226.0,97.185,531
2026-05-19T10:45:00Z,97.175,97.19,97.175,97.19,2722.0,97.1835,338
2026-05-19T11:00:00Z,97.19,97.19,97.18,97.185,1426.0,97.185,135
2026-05-19T11:15:00Z,97.18,97.18,97.175,97.18,859.0,97.18,83
2026-05-19T11:30:00Z,97.185,97.185,97.18,97.185,1836.0,97.185,168
2026-05-19T11:45:00Z,97.18,97.185,97.175,97.175,5794.0,97.1805,406
2026-05-19T12:00:00Z,97.17,97.18,97.17,97.18,1563.0,97.1795,166
2026-05-19T12:15:00Z,97.18,97.185,97.175,97.18,2529.0,97.1805,163
2026-05-19T12:30:00Z,97.185,97.185,97.175,97.18,4548.0,97.18,271
2026-05-19T12:45:00Z,97.18,97.185,97.175,97.18,3031.0,97.18,276
2026-05-19T13:00:00Z,97.18,97.18,97.165,97.175,4762.0,97.177,425
2026-05-19T13:15:00Z,97.175,97.175,97.155,97.155,5804.0,97.1645,507
2026-05-19T13:30:00Z,97.16,97.175,97.155,97.165,5087.0,97.1655,394
2026-05-19T13:45:00Z,97.17,97.18,97.165,97.175,3945.0,97.174,521
2026-05-19T14:00:00Z,97.17,97.185,97.165,97.165,10391.0,97.1725,648
2026-05-19T14:15:00Z,97.165,97.17,97.155,97.16,3718.0,97.162,317
2026-05-19T14:30:00Z,97.16,97.175,97.16,97.165,3382.0,97.166,252
2026-05-19T14:45:00Z,97.16,97.165,97.155,97.155,2450.0,97.158,243
2026-05-19T15:00:00Z,97.16,97.17,97.155,97.165,2904.0,97.164,329
2026-05-19T15:15:00Z,97.165,97.175,97.165,97.17,2410.0,97.17,276
2026-05-19T15:30:00Z,97.17,97.17,97.165,97.165,2325.0,97.17,193
2026-05-19T15:45:00Z,97.165,97.17,97.16,97.16,2555.0,97.165,148
2026-05-19T16:00:00Z,97.165,97.165,97.16,97.16,713.0,97.162,123
2026-05-19T16:15:00Z,97.16,97.17,97.16,97.17,1422.0,97.168,136
2026-05-19T16:30:00Z,97.17,97.17,97.165,97.165,1204.0,97.169,60
2026-05-19T16:45:00Z,97.17,97.17,97.165,97.17,239.0,97.1695,106
2026-05-19T17:00:00Z,97.17,97.17,97.17,97.17,395.0,97.17,34
2026-05-19T17:15:00Z,97.17,97.17,97.17,97.17,2.0,97.17,2
2026-05-19T17:30:00Z,97.17,97.175,97.17,97.17,359.0,97.175,42
2026-05-19T17:45:00Z,97.175,97.175,97.17,97.17,1467.0,97.175,74
2026-05-19T18:00:00Z,97.175,97.18,97.175,97.18,294.0,97.176,59
2026-05-19T18:15:00Z,97.175,97.175,97.17,97.17,1416.0,97.173,103
2026-05-19T18:30:00Z,97.165,97.17,97.165,97.17,403.0,97.1675,27
2026-05-19T18:45:00Z,97.17,97.17,97.165,97.165,262.0,97.168,15
2026-05-19T19:00:00Z,97.17,97.17,97.165,97.17,113.0,97.17,17
2026-05-19T19:15:00Z,97.17,97.17,97.17,97.17,74.0,97.17,9
2026-05-19T19:30:00Z,97.17,97.17,97.17,97.17,0.0,97.17,0
2026-05-19T19:45:00Z,97.175,97.175,97.17,97.17,140.0,97.174,24
2026-05-20T00:00:00Z,97.18,97.18,97.175,97.18,292.0,97.18,19
2026-05-20T00:15:00Z,97.18,97.185,97.18,97.185,287.0,97.181,25
2026-05-20T00:30:00Z,97.185,97.185,97.185,97.185,0.0,97.185,0
2026-05-20T00:45:00Z,97.19,97.195,97.19,97.19,86.0,97.193,43
2026-05-20T01:00:00Z,97.185,97.185,97.185,97.185,91.0,97.185,17
2026-05-20T01:15:00Z,97.185,97.185,97.18,97.18,233.0,97.183,5
2026-05-20T01:30:00Z,97.18,97.18,97.175,97.175,60.0,97.1795,7
2026-05-20T01:45:00Z,97.18,97.195,97.18,97.19,753.0,97.1885,49
2026-05-20T02:00:00Z,97.19,97.19,97.19,97.19,23.0,97.19,4
2026-05-20T02:15:00Z,97.195,97.195,97.185,97.185,419.0,97.1905,19
2026-05-20T02:30:00Z,97.185,97.185,97.18,97.185,480.0,97.1845,21
2026-05-20T02:45:00Z,97.185,97.185,97.185,97.185,0.0,97.185,0
2026-05-20T03:00:00Z,97.18,97.18,97.18,97.18,1.0,97.18,1
2026-05-20T03:15:00Z,97.185,97.185,97.185,97.185,400.0,97.185,18
2026-05-20T03:30:00Z,97.19,97.195,97.19,97.195,317.0,97.193,8
2026-05-20T03:45:00Z,97.19,97.195,97.19,97.195,127.0,97.1945,7
2026-05-20T04:00:00Z,97.195,97.195,97.195,97.195,988.0,97.195,34
2026-05-20T04:15:00Z,97.19,97.19,97.19,97.19,425.0,97.19,25
2026-05-20T04:30:00Z,97.19,97.19,97.19,97.19,49.0,97.19,5
2026-05-20T04:45:00Z,97.19,97.19,97.19,97.19,0.0,97.19,0
2026-05-20T05:00:00Z,97.19,97.19,97.19,97.19,0.0,97.19,0
2026-05-20T05:15:00Z,97.19,97.19,97.19,97.19,186.0,97.19,21
2026-05-20T05:30:00Z,97.19,97.19,97.185,97.185,70.0,97.187,4
2026-05-20T05:45:00Z,97.185,97.185,97.18,97.18,1007.0,97.18,34
2026-05-20T06:00:00Z,97.185,97.195,97.185,97.195,1648.0,97.194,237
2026-05-20T06:15:00Z,97.195,97.205,97.195,97.2,3738.0,97.202,264
2026-05-20T06:30:00Z,97.205,97.205,97.2,97.2,2632.0,97.201,756
2026-05-20T06:45:00Z,97.2,97.205,97.195,97.195,1331.0,97.1995,100
2026-05-20T07:00:00Z,97.195,97.2,97.185,97.185,1820.0,97.1955,217
2026-05-20T07:15:00Z,97.185,97.2,97.185,97.195,1435.0,97.1925,164
2026-05-20T07:30:00Z,97.195,97.195,97.19,97.195,1112.0,97.191,104
2026-05-20T07:45:00Z,97.19,97.195,97.19,97.19,685.0,97.19,81
2026-05-20T08:00:00Z,97.19,97.2,97.19,97.2,1196.0,97.1985,224
2026-05-20T08:15:00Z,97.2,97.205,97.19,97.2,8142.0,97.1965,587
2026-05-20T08:30:00Z,97.205,97.21,97.2,97.205,3562.0,97.2055,271
2026-05-20T08:45:00Z,97.205,97.21,97.205,97.205,2248.0,97.205,277
2026-05-20T09:00:00Z,97.205,97.205,97.195,97.2,2250.0,97.2035,273
2026-05-20T09:15:00Z,97.2,97.205,97.2,97.205,1797.0,97.2005,209
2026-05-20T09:30:00Z,97.205,97.205,97.205,97.205,741.0,97.205,47
2026-05-20T09:45:00Z,97.205,97.205,97.2,97.2,1348.0,97.202,155
2026-05-20T10:00:00Z,97.2,97.2,97.195,97.195,1171.0,97.199,131
2026-05-20T10:15:00Z,97.2,97.205,97.2,97.2,939.0,97.2,62
2026-05-20T10:30:00Z,97.2,97.21,97.2,97.205,2376.0,97.2045,232
2026-05-20T10:45:00Z,97.205,97.21,97.205,97.205,375.0,97.205,40
2026-05-20T11:00:00Z,97.2,97.205,97.2,97.205,1044.0,97.2035,162
2026-05-20T11:15:00Z,97.205,97.205,97.2,97.2,4707.0,97.2,208
2026-05-20T11:30:00Z,97.2,97.21,97.2,97.2,1942.0,97.202,233
2026-05-20T11:45:00Z,97.205,97.205,97.195,97.195,2128.0,97.1955,157
2026-05-20T12:00:00Z,97.195,97.205,97.195,97.205,298.0,97.199,57
2026-05-20T12:15:00Z,97.205,97.205,97.2,97.205,2668.0,97.2035,276
2026-05-20T12:30:00Z,97.21,97.21,97.205,97.205,3122.0,97.2065,174
2026-05-20T12:45:00Z,97.205,97.205,97.2,97.2,810.0,97.201,115
2026-05-20T13:00:00Z,97.2,97.21,97.2,97.205,2122.0,97.2045,196
2026-05-20T13:15:00Z,97.205,97.21,97.195,97.195,1258.0,97.202,157
2026-05-20T13:30:00Z,97.195,97.2,97.195,97.195,3146.0,97.1975,267
2026-05-20T13:45:00Z,97.2,97.205,97.195,97.195,1526.0,97.198,84
2026-05-20T14:00:00Z,97.195,97.205,97.185,97.2,8408.0,97.194,647
2026-05-20T14:15:00Z,97.195,97.25,97.195,97.23,27181.0,97.2335,1673
2026-05-20T14:30:00Z,97.23,97.26,97.23,97.25,13979.0,97.2515,851
2026-05-20T14:45:00Z,97.255,97.27,97.24,97.255,29864.0,97.258,1614
2026-05-20T15:00:00Z,97.255,97.26,97.25,97.255,5398.0,97.256,609
2026-05-20T15:15:00Z,97.255,97.315,97.255,97.265,26722.0,97.284,1794
2026-05-20T15:30:00Z,97.265,97.28,97.265,97.27,5493.0,97.272,469
2026-05-20T15:45:00Z,97.27,97.28,97.265,97.265,7151.0,97.268,720
2026-05-20T16:00:00Z,97.265,97.28,97.265,97.275,3017.0,97.27,287
2026-05-20T16:15:00Z,97.275,97.275,97.25,97.255,5577.0,97.261,743
2026-05-20T16:30:00Z,97.255,97.265,97.25,97.265,6888.0,97.256,1353
2026-05-20T16:45:00Z,97.265,97.265,97.26,97.26,1520.0,97.263,308
2026-05-20T17:00:00Z,97.26,97.275,97.26,97.27,2811.0,97.265,267
2026-05-20T17:15:00Z,97.27,97.27,97.265,97.27,117.0,97.267,21
2026-05-20T17:30:00Z,97.27,97.275,97.265,97.265,1688.0,97.269,115
2026-05-20T17:45:00Z,97.265,97.27,97.26,97.265,91.0,97.266,20
2026-05-20T18:00:00Z,97.265,97.265,97.26,97.26,175.0,97.2605,30
2026-05-20T18:15:00Z,97.265,97.265,97.26,97.26,579.0,97.264,89
2026-05-20T18:30:00Z,97.265,97.265,97.26,97.26,699.0,97.265,78
2026-05-20T18:45:00Z,97.255,97.265,97.255,97.265,353.0,97.26,43
2026-05-20T19:00:00Z,97.265,97.265,97.265,97.265,1185.0,97.265,89
2026-05-20T19:15:00Z,97.27,97.27,97.27,97.27,4.0,97.27,3
2026-05-20T19:30:00Z,97.27,97.28,97.27,97.27,1890.0,97.271,208
2026-05-20T19:45:00Z,97.27,97.27,97.265,97.27,402.0,97.27,76
2026-05-21T00:00:00Z,97.265,97.265,97.25,97.25,697.0,97.251,42
2026-05-21T00:15:00Z,97.25,97.255,97.25,97.25,170.0,97.25,33
2026-05-21T00:30:00Z,97.255,97.255,97.255,97.255,5.0,97.255,2
2026-05-21T00:45:00Z,97.255,97.255,97.255,97.255,0.0,97.255,0
2026-05-21T01:00:00Z,97.255,97.255,97.255,97.255,13.0,97.255,3
2026-05-21T01:15:00Z,97.255,97.255,97.255,97.255,38.0,97.255,9
2026-05-21T01:30:00Z,97.255,97.26,97.255,97.26,116.0,97.26,10
2026-05-21T01:45:00Z,97.265,97.265,97.265,97.265,33.0,97.265,6
2026-05-21T02:00:00Z,97.26,97.26,97.26,97.26,30.0,97.26,5
2026-05-21T02:15:00Z,97.26,97.26,97.26,97.26,0.0,97.26,0
2026-05-21T02:30:00Z,97.26,97.26,97.26,97.26,0.0,97.26,0
2026-05-21T02:45:00Z,97.255,97.255,97.255,97.255,12.0,97.255,2
2026-05-21T03:00:00Z,97.255,97.255,97.255,97.255,0.0,97.255,0
2026-05-21T03:15:00Z,97.255,97.255,97.255,97.255,0.0,97.255,0
2026-05-21T03:30:00Z,97.255,97.255,97.255,97.255,12.0,97.255,1
2026-05-21T03:45:00Z,97.25,97.255,97.25,97.255,26.0,97.25,3
2026-05-21T04:00:00Z,97.255,97.255,97.255,97.255,230.0,97.255,9
2026-05-21T04:15:00Z,97.255,97.255,97.255,97.255,102.0,97.255,12
2026-05-21T04:30:00Z,97.255,97.255,97.255,97.255,33.0,97.255,8
2026-05-21T04:45:00Z,97.255,97.26,97.255,97.255,59.0,97.259,17
2026-05-21T05:00:00Z,97.255,97.255,97.255,97.255,129.0,97.255,3
2026-05-21T05:15:00Z,97.255,97.255,97.25,97.25,56.0,97.253,15
2026-05-21T05:30:00Z,97.25,97.25,97.25,97.25,14.0,97.25,5
2026-05-21T05:45:00Z,97.245,97.245,97.24,97.245,1407.0,97.242,75
2026-05-21T06:00:00Z,97.245,97.25,97.245,97.245,476.0,97.247,85
2026-05-21T06:15:00Z,97.245,97.25,97.235,97.245,2457.0,97.2445,167
2026-05-21T06:30:00Z,97.245,97.245,97.24,97.24,1279.0,97.2415,141
2026-05-21T06:45:00Z,97.235,97.24,97.235,97.24,1292.0,97.237,137
2026-05-21T07:00:00Z,97.24,97.25,97.24,97.245,2045.0,97.242,218
2026-05-21T07:15:00Z,97.25,97.285,97.245,97.275,16048.0,97.272,1120
2026-05-21T07:30:00Z,97.27,97.275,97.26,97.27,4776.0,97.269,414
2026-05-21T07:45:00Z,97.27,97.27,97.265,97.27,710.0,97.267,84
2026-05-21T08:00:00Z,97.27,97.3,97.27,97.295,6955.0,97.2845,582
2026-05-21T08:15:00Z,97.295,97.3,97.275,97.28,6262.0,97.284,582
2026-05-21T08:30:00Z,97.285,97.285,97.275,97.275,3181.0,97.28,361
2026-05-21T08:45:00Z,97.275,97.28,97.27,97.27,3913.0,97.2725,490
2026-05-21T09:00:00Z,97.275,97.285,97.27,97.28,1065.0,97.278,134
2026-05-21T09:15:00Z,97.285,97.285,97.28,97.285,731.0,97.2825,107
2026-05-21T09:30:00Z,97.285,97.29,97.275,97.275,2694.0,97.283,235
2026-05-21T09:45:00Z,97.275,97.275,97.27,97.27,963.0,97.273,112
2026-05-21T10:00:00Z,97.27,97.27,97.265,97.265,2265.0,97.27,179
2026-05-21T10:15:00Z,97.27,97.27,97.23,97.235,6877.0,97.2485,639
2026-05-21T10:30:00Z,97.235,97.24,97.205,97.22,11316.0,97.22,601
2026-05-21T10:45:00Z,97.215,97.225,97.21,97.215,4224.0,97.2165,337
2026-05-21T11:00:00Z,97.215,97.23,97.215,97.23,2645.0,97.2235,194
2026-05-21T11:15:00Z,97.23,97.235,97.225,97.23,2341.0,97.228,164
2026-05-21T11:30:00Z,97.23,97.23,97.22,97.225,1067.0,97.225,131
2026-05-21T11:45:00Z,97.225,97.235,97.225,97.225,1887.0,97.226,187
2026-05-21T12:00:00Z,97.23,97.235,97.225,97.23,3005.0,97.2285,279
2026-05-21T12:15:00Z,97.23,97.23,97.215,97.215,2516.0,97.222,289
2026-05-21T12:30:00Z,97.215,97.24,97.215,97.23,9911.0,97.2315,594
2026-05-21T12:45:00Z,97.235,97.24,97.235,97.235,1669.0,97.239,133
2026-05-21T13:00:00Z,97.23,97.235,97.22,97.22,1407.0,97.2275,132
2026-05-21T13:15:00Z,97.22,97.225,97.22,97.225,1176.0,97.2225,109
2026-05-21T13:30:00Z,97.225,97.225,97.21,97.21,3032.0,97.2165,308
2026-05-21T13:45:00Z,97.21,97.245,97.21,97.24,8088.0,97.231,760
2026-05-21T14:00:00Z,97.245,97.25,97.23,97.24,4835.0,97.236,398
2026-05-21T14:15:00Z,97.24,97.25,97.23,97.245,4872.0,97.2395,253
2026-05-21T14:30:00Z,97.25,97.25,97.23,97.23,4664.0,97.245,287
2026-05-21T14:45:00Z,97.235,97.24,97.235,97.24,3703.0,97.239,319
2026-05-21T15:00:00Z,97.235,97.24,97.215,97.23,3497.0,97.228,502
2026-05-21T15:15:00Z,97.225,97.235,97.225,97.23,3943.0,97.23,207
2026-05-21T15:30:00Z,97.23,97.23,97.225,97.225,1719.0,97.23,165
2026-05-21T15:45:00Z,97.225,97.225,97.22,97.225,1935.0,97.224,211
2026-05-21T16:00:00Z,97.23,97.245,97.225,97.225,2261.0,97.2365,340
2026-05-21T16:15:00Z,97.225,97.235,97.22,97.235,2634.0,97.2265,356
2026-05-21T16:30:00Z,97.23,97.235,97.23,97.235,1877.0,97.23,238
2026-05-21T16:45:00Z,97.235,97.24,97.235,97.24,1099.0,97.2365,119
2026-05-21T17:00:00Z,97.235,97.285,97.23,97.275,16837.0,97.262,1176
2026-05-21T17:15:00Z,97.275,97.295,97.27,97.295,5399.0,97.285,396
2026-05-21T17:30:00Z,97.29,97.305,97.29,97.3,5598.0,97.2995,216
2026-05-21T17:45:00Z,97.3,97.31,97.29,97.29,4698.0,97.301,255
2026-05-21T18:00:00Z,97.295,97.3,97.28,97.285,6440.0,97.287,349
2026-05-21T18:15:00Z,97.29,97.3,97.29,97.295,997.0,97.296,88
2026-05-21T18:30:00Z,97.295,97.3,97.295,97.3,2118.0,97.2975,167
2026-05-21T18:45:00Z,97.295,97.295,97.255,97.265,12637.0,97.2765,921
2026-05-21T19:00:00Z,97.265,97.27,97.26,97.27,1491.0,97.2675,94
2026-05-21T19:15:00Z,97.275,97.275,97.275,97.275,527.0,97.275,28
2026-05-21T19:30:00Z,97.275,97.285,97.275,97.28,1115.0,97.282,63
2026-05-21T19:45:00Z,97.28,97.29,97.26,97.29,1098.0,97.281,163
2026-05-22T00:00:00Z,97.285,97.29,97.285,97.285,367.0,97.285,27
2026-05-22T00:15:00Z,97.28,97.28,97.275,97.275,181.0,97.277,29
2026-05-22T00:30:00Z,97.275,97.275,97.27,97.27,110.0,97.2705,14
2026-05-22T00:45:00Z,97.275,97.275,97.275,97.275,7.0,97.275,3
2026-05-22T01:00:00Z,97.27,97.27,97.27,97.27,35.0,97.27,11
2026-05-22T01:15:00Z,97.27,97.27,97.265,97.265,234.0,97.2655,23
2026-05-22T01:30:00Z,97.27,97.275,97.27,97.275,6.0,97.271,2
2026-05-22T01:45:00Z,97.28,97.28,97.275,97.275,90.0,97.2755,12
2026-05-22T02:00:00Z,97.275,97.275,97.275,97.275,0.0,97.275,0
2026-05-22T02:15:00Z,97.275,97.28,97.275,97.275,57.0,97.275,3
2026-05-22T02:30:00Z,97.275,97.275,97.275,97.275,0.0,97.275,0
2026-05-22T02:45:00Z,97.275,97.275,97.275,97.275,0.0,97.275,0
2026-05-22T03:00:00Z,97.275,97.275,97.275,97.275,0.0,97.275,0
2026-05-22T03:15:00Z,97.275,97.275,97.275,97.275,0.0,97.275,0
2026-05-22T03:30:00Z,97.275,97.275,97.275,97.275,224.0,97.275,19
2026-05-22T03:45:00Z,97.275,97.275,97.275,97.275,0.0,97.275,0
2026-05-22T04:00:00Z,97.28,97.28,97.28,97.28,1.0,97.28,1
2026-05-22T04:15:00Z,97.28,97.28,97.28,97.28,0.0,97.28,0
2026-05-22T04:30:00Z,97.28,97.28,97.28,97.28,0.0,97.28,0
2026-05-22T04:45:00Z,97.28,97.28,97.28,97.28,0.0,97.28,0
2026-05-22T05:00:00Z,97.28,97.285,97.28,97.28,86.0,97.2845,8
2026-05-22T05:15:00Z,97.28,97.28,97.275,97.275,721.0,97.275,29
2026-05-22T05:30:00Z,97.28,97.28,97.275,97.275,204.0,97.2785,17
2026-05-22T05:45:00Z,97.27,97.27,97.255,97.255,872.0,97.264,70
2026-05-22T06:00:00Z,97.255,97.275,97.255,97.275,1342.0,97.267,101
2026-05-22T06:15:00Z,97.275,97.28,97.265,97.27,356.0,97.272,58
2026-05-22T06:30:00Z,97.27,97.275,97.27,97.27,1116.0,97.2705,142
2026-05-22T06:45:00Z,97.27,97.27,97.265,97.27,1419.0,97.2695,152
2026-05-22T07:00:00Z,97.27,97.27,97.255,97.26,2086.0,97.2625,258
2026-05-22T07:15:00Z,97.265,97.27,97.26,97.26,1590.0,97.266,234
2026-05-22T07:30:00Z,97.265,97.265,97.255,97.26,3323.0,97.258,164
2026-05-22T07:45:00Z,97.26,97.26,97.255,97.26,1029.0,97.259,97
2026-05-22T08:00:00Z,97.26,97.26,97.255,97.255,1386.0,97.2575,214
2026-05-22T08:15:00Z,97.26,97.28,97.26,97.27,6402.0,97.2675,281
2026-05-22T08:30:00Z,97.27,97.27,97.255,97.26,4636.0,97.262,350
2026-05-22T08:45:00Z,97.265,97.27,97.26,97.26,2411.0,97.2635,123
2026-05-22T09:00:00Z,97.26,97.265,97.26,97.265,1796.0,97.262,124
2026-05-22T09:15:00Z,97.265,97.27,97.265,97.265,6941.0,97.2695,399
2026-05-22T09:30:00Z,97.26,97.265,97.26,97.26,730.0,97.2625,76
2026-05-22T09:45:00Z,97.265,97.265,97.265,97.265,581.0,97.265,51
2026-05-22T10:00:00Z,97.265,97.27,97.265,97.265,964.0,97.265,53
2026-05-22T10:15:00Z,97.265,97.265,97.26,97.26,639.0,97.26,65
2026-05-22T10:30:00Z,97.26,97.26,97.255,97.255,2601.0,97.255,191
2026-05-22T10:45:00Z,97.255,97.255,97.25,97.25,1121.0,97.252,104
2026-05-22T11:00:00Z,97.25,97.25,97.25,97.25,1767.0,97.25,190
2026-05-22T11:15:00Z,97.255,97.255,97.25,97.25,1366.0,97.251,173
2026-05-22T11:30:00Z,97.25,97.265,97.25,97.265,1376.0,97.257,153
2026-05-22T11:45:00Z,97.27,97.275,97.27,97.275,3003.0,97.2715,227
2026-05-22T12:00:00Z,97.27,97.3,97.265,97.29,12410.0,97.289,924
2026-05-22T12:15:00Z,97.295,97.3,97.28,97.285,7636.0,97.2905,518
2026-05-22T12:30:00Z,97.285,97.29,97.28,97.285,7672.0,97.2845,361
2026-05-22T12:45:00Z,97.285,97.3,97.285,97.3,2573.0,97.289,174
2026-05-22T13:00:00Z,97.3,97.305,97.29,97.305,5535.0,97.298,374
2026-05-22T13:15:00Z,97.305,97.305,97.29,97.29,13723.0,97.296,538
2026-05-22T13:30:00Z,97.29,97.295,97.275,97.285,11050.0,97.285,660
2026-05-22T13:45:00Z,97.285,97.285,97.27,97.275,2064.0,97.276,204
2026-05-22T14:00:00Z,97.27,97.27,97.255,97.26,8625.0,97.2615,453
2026-05-22T14:15:00Z,97.26,97.265,97.26,97.265,1177.0,97.265,105
2026-05-22T14:30:00Z,97.265,97.265,97.255,97.265,3000.0,97.2615,214
2026-05-22T14:45:00Z,97.265,97.275,97.265,97.27,3770.0,97.27,248
2026-05-22T15:00:00Z,97.27,97.275,97.26,97.265,1148.0,97.2675,258
2026-05-22T15:15:00Z,97.265,97.27,97.26,97.265,1865.0,97.2645,180
2026-05-22T15:30:00Z,97.265,97.27,97.26,97.27,2633.0,97.2665,211
2026-05-22T15:45:00Z,97.27,97.275,97.265,97.27,3070.0,97.268,170
2026-05-22T16:00:00Z,97.265,97.265,97.26,97.26,2816.0,97.2605,160
2026-05-22T16:15:00Z,97.26,97.26,97.255,97.255,1679.0,97.259,117
2026-05-22T16:30:00Z,97.26,97.265,97.255,97.255,1389.0,97.2565,63
2026-05-22T16:45:00Z,97.26,97.265,97.255,97.265,3611.0,97.26,103
2026-05-22T17:00:00Z,97.265,97.265,97.265,97.265,400.0,97.265,26
2026-05-22T17:15:00Z,97.27,97.29,97.26,97.29,5416.0,97.27,308
2026-05-22T17:30:00Z,97.285,97.295,97.27,97.275,2190.0,97.283,123
2026-05-22T17:45:00Z,97.27,97.28,97.27,97.28,2010.0,97.2735,117
2026-05-22T18:00:00Z,97.275,97.275,97.26,97.27,1243.0,97.2665,170
2026-05-22T18:15:00Z,97.27,97.27,97.27,97.27,480.0,97.27,21
2026-05-22T18:30:00Z,97.27,97.28,97.27,97.275,833.0,97.2715,60
2026-05-22T18:45:00Z,97.27,97.275,97.27,97.275,31.0,97.27,8
2026-05-22T19:00:00Z,97.27,97.27,97.26,97.26,1056.0,97.2655,90
2026-05-22T19:15:00Z,97.26,97.26,97.26,97.26,450.0,97.26,13
2026-05-22T19:30:00Z,97.255,97.26,97.255,97.26,872.0,97.256,62
2026-05-22T19:45:00Z,97.26,97.265,97.26,97.265,475.0,97.2615,19
2026-05-25T00:00:00Z,97.33,97.355,97.315,97.355,8778.0,97.3415,385
2026-05-25T00:15:00Z,97.35,97.35,97.335,97.34,2148.0,97.342,1147
2026-05-25T00:30:00Z,97.34,97.345,97.34,97.34,173.0,97.3435,48
2026-05-25T00:45:00Z,97.34,97.345,97.34,97.345,128.0,97.344,25
2026-05-25T01:00:00Z,97.345,97.35,97.345,97.35,48.0,97.3465,16
2026-05-25T01:15:00Z,97.35,97.35,97.345,97.35,27.0,97.35,8
2026-05-25T01:30:00Z,97.35,97.36,97.35,97.36,132.0,97.3545,17
2026-05-25T01:45:00Z,97.35,97.35,97.35,97.35,34.0,97.35,5
2026-05-25T02:00:00Z,97.35,97.35,97.35,97.35,284.0,97.35,21
2026-05-25T02:15:00Z,97.35,97.35,97.345,97.345,98.0,97.3485,43
2026-05-25T02:30:00Z,97.35,97.35,97.35,97.35,219.0,97.35,15
2026-05-25T02:45:00Z,97.35,97.35,97.35,97.35,89.0,97.35,12
2026-05-25T03:00:00Z,97.35,97.35,97.35,97.35,33.0,97.35,3
2026-05-25T03:15:00Z,97.35,97.35,97.35,97.35,165.0,97.35,12
2026-05-25T03:30:00Z,97.355,97.355,97.35,97.35,345.0,97.352,23
2026-05-25T03:45:00Z,97.35,97.35,97.345,97.345,216.0,97.3495,34
2026-05-25T04:00:00Z,97.345,97.35,97.345,97.35,66.0,97.349,11
2026-05-25T04:15:00Z,97.345,97.35,97.345,97.35,34.0,97.3455,14
2026-05-25T04:30:00Z,97.35,97.35,97.345,97.35,317.0,97.3495,31
2026-05-25T04:45:00Z,97.35,97.35,97.345,97.35,193.0,97.349,32
2026-05-25T05:00:00Z,97.35,97.36,97.35,97.355,346.0,97.3545,26
2026-05-25T05:15:00Z,97.355,97.36,97.355,97.355,630.0,97.355,60
2026-05-25T05:30:00Z,97.355,97.355,97.355,97.355,793.0,97.355,50
2026-05-25T05:45:00Z,97.355,97.355,97.355,97.355,652.0,97.355,50
2026-05-25T06:00:00Z,97.355,97.36,97.345,97.35,1857.0,97.3505,153
2026-05-25T06:15:00Z,97.345,97.345,97.34,97.345,1538.0,97.3435,126
2026-05-25T06:30:00Z,97.345,97.345,97.34,97.34,1382.0,97.3445,86
2026-05-25T06:45:00Z,97.34,97.355,97.34,97.355,1896.0,97.348,197
2026-05-25T07:00:00Z,97.355,97.36,97.35,97.35,1448.0,97.3535,133
2026-05-25T07:15:00Z,97.355,97.355,97.34,97.345,1366.0,97.345,193
2026-05-25T07:30:00Z,97.35,97.36,97.35,97.35,2678.0,97.354,219
2026-05-25T07:45:00Z,97.35,97.355,97.35,97.355,1241.0,97.35,81
2026-05-25T08:00:00Z,97.355,97.36,97.355,97.355,1888.0,97.355,180
2026-05-25T08:15:00Z,97.355,97.36,97.355,97.355,2348.0,97.355,140
2026-05-25T08:30:00Z,97.355,97.36,97.35,97.36,1051.0,97.3555,145
2026-05-25T08:45:00Z,97.36,97.36,97.355,97.355,2421.0,97.36,181
2026-05-25T09:00:00Z,97.36,97.365,97.355,97.365,1471.0,97.363,133
2026-05-25T09:15:00Z,97.37,97.37,97.36,97.36,1990.0,97.3635,154
2026-05-25T09:30:00Z,97.36,97.37,97.36,97.37,1092.0,97.3655,96
2026-05-25T09:45:00Z,97.365,97.37,97.36,97.36,2541.0,97.3655,157
2026-05-25T10:00:00Z,97.365,97.365,97.355,97.355,6991.0,97.36,336
2026-05-25T10:15:00Z,97.36,97.36,97.355,97.36,1519.0,97.3585,130
2026-05-25T10:30:00Z,97.36,97.365,97.36,97.36,1931.0,97.3625,147
2026-05-25T10:45:00Z,97.365,97.37,97.355,97.355,503.0,97.361,55
2026-05-25T11:00:00Z,97.355,97.355,97.35,97.355,2844.0,97.355,123
2026-05-25T11:15:00Z,97.355,97.355,97.355,97.355,763.0,97.355,76
2026-05-25T11:30:00Z,97.36,97.365,97.355,97.365,2980.0,97.3605,189
2026-05-25T11:45:00Z,97.365,97.365,97.36,97.36,309.0,97.3645,35
2026-05-25T12:00:00Z,97.365,97.37,97.36,97.365,1072.0,97.365,66
2026-05-25T12:15:00Z,97.365,97.37,97.36,97.37,4357.0,97.3685,279
2026-05-25T12:30:00Z,97.37,97.375,97.36,97.365,7296.0,97.367,436
2026-05-25T12:45:00Z,97.365,97.37,97.36,97.365,1177.0,97.3685,113
2026-05-25T13:00:00Z,97.365,97.37,97.365,97.37,1330.0,97.37,78
2026-05-25T13:15:00Z,97.375,97.375,97.37,97.375,1170.0,97.3735,97
2026-05-25T13:30:00Z,97.375,97.375,97.37,97.37,1421.0,97.3715,136
2026-05-25T13:45:00Z,97.37,97.375,97.37,97.37,726.0,97.3705,122
2026-05-25T14:00:00Z,97.37,97.375,97.365,97.37,975.0,97.3725,125
2026-05-25T14:15:00Z,97.37,97.375,97.37,97.375,747.0,97.374,145
2026-05-25T14:30:00Z,97.37,97.385,97.37,97.385,2526.0,97.3805,190
2026-05-25T14:45:00Z,97.38,97.385,97.38,97.38,5052.0,97.3845,267
2026-05-25T15:00:00Z,97.38,97.39,97.37,97.38,6111.0,97.383,549
2026-05-25T15:15:00Z,97.38,97.38,97.37,97.375,5781.0,97.3775,430
2026-05-25T15:30:00Z,97.375,97.385,97.375,97.385,946.0,97.3775,58
2026-05-25T15:45:00Z,97.385,97.385,97.38,97.38,182.0,97.3835,29
2026-05-25T16:00:00Z,97.385,97.39,97.385,97.385,3131.0,97.385,133
2026-05-25T16:15:00Z,97.385,97.39,97.385,97.39,231.0,97.385,21
2026-05-25T16:30:00Z,97.39,97.39,97.39,97.39,1342.0,97.39,65
2026-05-25T16:45:00Z,97.395,97.395,97.385,97.395,1045.0,97.394,84
2026-05-25T17:00:00Z,97.395,97.395,97.395,97.395,543.0,97.395,46
2026-05-25T17:15:00Z,97.4,97.405,97.4,97.4,2495.0,97.4015,78
2026-05-25T17:30:00Z,97.4,97.405,97.4,97.405,539.0,97.4045,56
2026-05-25T17:45:00Z,97.4,97.4,97.395,97.395,136.0,97.3975,27
2026-05-25T18:00:00Z,97.405,97.405,97.4,97.405,211.0,97.405,26
2026-05-25T18:15:00Z,97.405,97.405,97.405,97.405,65.0,97.405,7
2026-05-25T18:30:00Z,97.405,97.405,97.405,97.405,45.0,97.405,6
2026-05-25T18:45:00Z,97.405,97.405,97.405,97.405,455.0,97.405,10
2026-05-25T19:00:00Z,97.405,97.405,97.405,97.405,0.0,97.405,0
2026-05-25T19:15:00Z,97.405,97.405,97.405,97.405,0.0,97.405,0
2026-05-25T19:30:00Z,97.4,97.405,97.4,97.405,217.0,97.405,17
2026-05-25T19:45:00Z,97.405,97.405,97.4,97.4,108.0,97.4045,11
2026-05-26T00:00:00Z,97.385,97.395,97.37,97.375,827.0,97.3825,98
2026-05-26T00:15:00Z,97.38,97.38,97.37,97.37,650.0,97.371,55
2026-05-26T00:30:00Z,97.375,97.375,97.375,97.375,152.0,97.375,15
2026-05-26T00:45:00Z,97.37,97.37,97.37,97.37,394.0,97.37,30
2026-05-26T01:00:00Z,97.375,97.375,97.375,97.375,97.0,97.375,12
2026-05-26T01:15:00Z,97.375,97.375,97.37,97.375,71.0,97.375,8
2026-05-26T01:30:00Z,97.37,97.37,97.37,97.37,4.0,97.37,2
2026-05-26T01:45:00Z,97.375,97.375,97.37,97.37,413.0,97.375,19
2026-05-26T02:00:00Z,97.375,97.375,97.375,97.375,409.0,97.375,8
2026-05-26T02:15:00Z,97.37,97.37,97.37,97.37,1.0,97.37,1
2026-05-26T02:30:00Z,97.375,97.375,97.375,97.375,95.0,97.375,3
2026-05-26T02:45:00Z,97.375,97.375,97.375,97.375,25.0,97.375,3
2026-05-26T03:00:00Z,97.375,97.375,97.375,97.375,5.0,97.375,1
2026-05-26T03:15:00Z,97.375,97.375,97.375,97.375,0.0,97.375,0
2026-05-26T03:30:00Z,97.375,97.375,97.375,97.375,0.0,97.375,0
2026-05-26T03:45:00Z,97.375,97.375,97.375,97.375,0.0,97.375,0
2026-05-26T04:00:00Z,97.38,97.38,97.375,97.375,384.0,97.378,28
2026-05-26T04:15:00Z,97.375,97.375,97.375,97.375,58.0,97.375,10
2026-05-26T04:30:00Z,97.375,97.375,97.375,97.375,90.0,97.375,13
2026-05-26T04:45:00Z,97.375,97.375,97.37,97.375,320.0,97.372,24
2026-05-26T05:00:00Z,97.37,97.375,97.37,97.37,30.0,97.371,6
2026-05-26T05:15:00Z,97.365,97.365,97.36,97.36,860.0,97.365,54
2026-05-26T05:30:00Z,97.365,97.365,97.35,97.35,2443.0,97.3535,180
2026-05-26T05:45:00Z,97.35,97.355,97.35,97.355,940.0,97.3515,77
2026-05-26T06:00:00Z,97.355,97.365,97.355,97.365,2135.0,97.362,157
2026-05-26T06:15:00Z,97.365,97.365,97.35,97.355,3161.0,97.3585,309
2026-05-26T06:30:00Z,97.355,97.355,97.335,97.34,3018.0,97.348,265
2026-05-26T06:45:00Z,97.34,97.35,97.335,97.34,3470.0,97.341,224
2026-05-26T07:00:00Z,97.34,97.35,97.325,97.335,7631.0,97.3415,657
2026-05-26T07:15:00Z,97.335,97.34,97.33,97.33,2182.0,97.331,229
2026-05-26T07:30:00Z,97.335,97.335,97.32,97.325,6855.0,97.3265,479
2026-05-26T07:45:00Z,97.325,97.335,97.325,97.335,2587.0,97.3315,152
2026-05-26T08:00:00Z,97.335,97.335,97.33,97.335,2606.0,97.335,277
2026-05-26T08:15:00Z,97.335,97.335,97.33,97.335,1667.0,97.335,112
2026-05-26T08:30:00Z,97.335,97.335,97.325,97.325,2501.0,97.329,180
2026-05-26T08:45:00Z,97.325,97.325,97.315,97.32,6334.0,97.3205,470
2026-05-26T09:00:00Z,97.32,97.33,97.32,97.325,1312.0,97.3245,105
2026-05-26T09:15:00Z,97.325,97.34,97.325,97.34,6751.0,97.334,390
2026-05-26T09:30:00Z,97.34,97.34,97.34,97.34,3019.0,97.34,185
2026-05-26T09:45:00Z,97.335,97.35,97.335,97.345,2507.0,97.344,361
2026-05-26T10:00:00Z,97.34,97.345,97.335,97.345,1857.0,97.3405,175
2026-05-26T10:15:00Z,97.34,97.345,97.34,97.345,2491.0,97.344,156
2026-05-26T10:30:00Z,97.35,97.355,97.35,97.35,6431.0,97.352,588
2026-05-26T10:45:00Z,97.355,97.355,97.35,97.35,573.0,97.35,49
2026-05-26T11:00:00Z,97.345,97.345,97.34,97.34,899.0,97.3425,93
2026-05-26T11:15:00Z,97.335,97.345,97.335,97.34,1654.0,97.339,198
2026-05-26T11:30:00Z,97.34,97.345,97.32,97.335,5576.0,97.3285,359
2026-05-26T11:45:00Z,97.335,97.335,97.325,97.325,2682.0,97.332,406
2026-05-26T12:00:00Z,97.325,97.33,97.32,97.325,4057.0,97.324,570
2026-05-26T12:15:00Z,97.325,97.33,97.325,97.325,2549.0,97.3275,291
2026-05-26T12:30:00Z,97.325,97.33,97.325,97.325,2338.0,97.327,204
2026-05-26T12:45:00Z,97.325,97.33,97.32,97.32,2989.0,97.327,260
2026-05-26T13:00:00Z,97.32,97.325,97.315,97.32,2576.0,97.32,271
2026-05-26T13:15:00Z,97.32,97.325,97.32,97.325,2648.0,97.323,232
2026-05-26T13:30:00Z,97.325,97.335,97.32,97.33,3425.0,97.327,260
2026-05-26T13:45:00Z,97.33,97.33,97.305,97.315,6755.0,97.315,487
2026-05-26T14:00:00Z,97.315,97.325,97.31,97.315,4361.0,97.3165,345
2026-05-26T14:15:00Z,97.32,97.32,97.315,97.32,1027.0,97.3155,118
2026-05-26T14:30:00Z,97.32,97.325,97.315,97.315,4217.0,97.3195,394
2026-05-26T14:45:00Z,97.315,97.315,97.3,97.305,4782.0,97.31,367
2026-05-26T15:00:00Z,97.305,97.315,97.3,97.315,5463.0,97.3065,503
2026-05-26T15:15:00Z,97.31,97.31,97.305,97.305,3466.0,97.3075,260
2026-05-26T15:30:00Z,97.305,97.31,97.3,97.31,6305.0,97.305,312
2026-05-26T15:45:00Z,97.31,97.31,97.305,97.31,3022.0,97.31,369
2026-05-26T16:00:00Z,97.31,97.315,97.31,97.31,4021.0,97.314,216
2026-05-26T16:15:00Z,97.31,97.315,97.31,97.315,2322.0,97.314,174
2026-05-26T16:30:00Z,97.315,97.32,97.31,97.31,6793.0,97.3155,328
2026-05-26T16:45:00Z,97.315,97.315,97.31,97.315,1506.0,97.315,69
2026-05-26T17:00:00Z,97.315,97.315,97.31,97.315,1773.0,97.315,78
2026-05-26T17:15:00Z,97.31,97.31,97.305,97.305,604.0,97.31,32
2026-05-26T17:30:00Z,97.31,97.31,97.31,97.31,647.0,97.31,31
2026-05-26T17:45:00Z,97.315,97.315,97.31,97.31,13.0,97.313,7
2026-05-26T18:00:00Z,97.31,97.315,97.31,97.315,511.0,97.313,16
2026-05-26T18:15:00Z,97.315,97.315,97.315,97.315,0.0,97.315,0
2026-05-26T18:30:00Z,97.32,97.32,97.31,97.31,1790.0,97.315,122
2026-05-26T18:45:00Z,97.31,97.32,97.31,97.32,254.0,97.3195,23
2026-05-26T19:00:00Z,97.32,97.32,97.32,97.32,0.0,97.32,0
2026-05-26T19:15:00Z,97.315,97.315,97.315,97.315,82.0,97.315,8
2026-05-26T19:30:00Z,97.32,97.32,97.315,97.32,248.0,97.3195,11
2026-05-26T19:45:00Z,97.32,97.33,97.32,97.33,5300.0,97.3225,481
2026-05-27T00:00:00Z,97.33,97.33,97.33,97.33,312.0,97.33,28
2026-05-27T00:15:00Z,97.325,97.325,97.325,97.325,580.0,97.325,22
2026-05-27T00:30:00Z,97.325,97.325,97.325,97.325,35.0,97.325,2
2026-05-27T00:45:00Z,97.325,97.325,97.325,97.325,0.0,97.325,0
2026-05-27T01:00:00Z,97.325,97.33,97.325,97.33,84.0,97.33,19
2026-05-27T01:15:00Z,97.33,97.33,97.33,97.33,0.0,97.33,0
2026-05-27T01:30:00Z,97.33,97.33,97.33,97.33,1.0,97.33,1
2026-05-27T01:45:00Z,97.33,97.33,97.33,97.33,208.0,97.33,17
2026-05-27T02:00:00Z,97.325,97.325,97.325,97.325,1.0,97.325,1
2026-05-27T02:15:00Z,97.33,97.33,97.33,97.33,432.0,97.33,29
2026-05-27T02:30:00Z,97.33,97.33,97.33,97.33,0.0,97.33,0
2026-05-27T02:45:00Z,97.33,97.335,97.33,97.335,1495.0,97.331,73
2026-05-27T03:00:00Z,97.335,97.335,97.335,97.335,43.0,97.335,12
2026-05-27T03:15:00Z,97.34,97.34,97.335,97.335,625.0,97.339,47
2026-05-27T03:30:00Z,97.335,97.335,97.335,97.335,97.0,97.335,6
2026-05-27T03:45:00Z,97.335,97.335,97.335,97.335,0.0,97.335,0
2026-05-27T04:00:00Z,97.33,97.33,97.33,97.33,198.0,97.33,6
2026-05-27T04:15:00Z,97.33,97.33,97.33,97.33,16.0,97.33,2
2026-05-27T04:30:00Z,97.33,97.335,97.33,97.335,105.0,97.334,22
2026-05-27T04:45:00Z,97.33,97.33,97.33,97.33,1.0,97.33,1
2026-05-27T05:00:00Z,97.33,97.33,97.33,97.33,0.0,97.33,0
2026-05-27T05:15:00Z,97.335,97.335,97.33,97.33,141.0,97.335,10
2026-05-27T05:30:00Z,97.33,97.335,97.33,97.335,554.0,97.3345,13
2026-05-27T05:45:00Z,97.335,97.335,97.335,97.335,799.0,97.335,29
2026-05-27T06:00:00Z,97.335,97.335,97.33,97.33,1059.0,97.3335,153
2026-05-27T06:15:00Z,97.33,97.33,97.33,97.33,217.0,97.33,32
2026-05-27T06:30:00Z,97.33,97.33,97.33,97.33,504.0,97.33,61
2026-05-27T06:45:00Z,97.33,97.34,97.33,97.335,1491.0,97.3345,112
2026-05-27T07:00:00Z,97.335,97.34,97.335,97.34,4088.0,97.3395,232
2026-05-27T07:15:00Z,97.34,97.345,97.34,97.34,2869.0,97.341,175
2026-05-27T07:30:00Z,97.345,97.345,97.34,97.34,3083.0,97.342,187
2026-05-27T07:45:00Z,97.34,97.345,97.34,97.34,1367.0,97.34,164
2026-05-27T08:00:00Z,97.34,97.35,97.34,97.345,3247.0,97.3435,577
2026-05-27T08:15:00Z,97.345,97.355,97.345,97.35,1956.0,97.3495,287
2026-05-27T08:30:00Z,97.345,97.35,97.34,97.35,1491.0,97.348,228
2026-05-27T08:45:00Z,97.355,97.355,97.345,97.35,1111.0,97.35,128
2026-05-27T09:00:00Z,97.35,97.35,97.345,97.35,2361.0,97.35,171
2026-05-27T09:15:00Z,97.35,97.355,97.35,97.35,829.0,97.3505,61
2026-05-27T09:30:00Z,97.355,97.355,97.345,97.345,1437.0,97.3495,164
2026-05-27T09:45:00Z,97.345,97.35,97.34,97.35,1363.0,97.3465,135
2026-05-27T10:00:00Z,97.345,97.345,97.345,97.345,1436.0,97.345,102
2026-05-27T10:15:00Z,97.34,97.345,97.34,97.345,157.0,97.3435,33
2026-05-27T10:30:00Z,97.345,97.345,97.34,97.345,1921.0,97.3405,131
2026-05-27T10:45:00Z,97.34,97.345,97.34,97.34,656.0,97.34,68
2026-05-27T11:00:00Z,97.34,97.34,97.325,97.33,1438.0,97.3345,150
2026-05-27T11:15:00Z,97.33,97.33,97.325,97.33,1833.0,97.3295,191
2026-05-27T11:30:00Z,97.33,97.33,97.32,97.325,804.0,97.327,136
2026-05-27T11:45:00Z,97.325,97.33,97.32,97.325,985.0,97.325,119
2026-05-27T12:00:00Z,97.32,97.325,97.315,97.32,2792.0,97.3205,190
2026-05-27T12:15:00Z,97.32,97.36,97.32,97.35,22842.0,97.3495,2399
2026-05-27T12:30:00Z,97.355,97.355,97.335,97.335,4899.0,97.3435,412
2026-05-27T12:45:00Z,97.335,97.34,97.33,97.335,4043.0,97.336,212
2026-05-27T13:00:00Z,97.33,97.335,97.325,97.33,3915.0,97.33,281
2026-05-27T13:15:00Z,97.33,97.33,97.32,97.32,1719.0,97.328,164
2026-05-27T13:30:00Z,97.32,97.33,97.32,97.33,3008.0,97.327,325
2026-05-27T13:45:00Z,97.335,97.345,97.335,97.335,4189.0,97.338,312
2026-05-27T14:00:00Z,97.34,97.34,97.33,97.33,2610.0,97.333,375
2026-05-27T14:15:00Z,97.33,97.33,97.315,97.325,4799.0,97.323,641
2026-05-27T14:30:00Z,97.33,97.33,97.305,97.325,5960.0,97.3185,545
2026-05-27T14:45:00Z,97.33,97.33,97.32,97.33,851.0,97.3255,107
2026-05-27T15:00:00Z,97.325,97.335,97.32,97.325,4069.0,97.328,456
2026-05-27T15:15:00Z,97.325,97.33,97.325,97.33,704.0,97.327,101
2026-05-27T15:30:00Z,97.33,97.335,97.315,97.315,2356.0,97.329,217
2026-05-27T15:45:00Z,97.32,97.325,97.32,97.325,4748.0,97.322,188
2026-05-27T16:00:00Z,97.325,97.325,97.32,97.32,4659.0,97.3235,338
2026-05-27T16:15:00Z,97.325,97.33,97.325,97.325,829.0,97.326,140
2026-05-27T16:30:00Z,97.325,97.33,97.325,97.33,1493.0,97.3295,111
2026-05-27T16:45:00Z,97.33,97.335,97.33,97.33,574.0,97.332,27
2026-05-27T17:00:00Z,97.325,97.33,97.32,97.32,903.0,97.325,72
2026-05-27T17:15:00Z,97.32,97.32,97.32,97.32,0.0,97.32,0
2026-05-27T17:30:00Z,97.325,97.325,97.32,97.32,235.0,97.3215,29
2026-05-27T17:45:00Z,97.32,97.325,97.32,97.325,2001.0,97.325,125
2026-05-27T18:00:00Z,97.32,97.325,97.32,97.325,610.0,97.324,26
2026-05-27T18:15:00Z,97.33,97.33,97.325,97.33,1287.0,97.33,71
2026-05-27T18:30:00Z,97.33,97.33,97.325,97.325,189.0,97.33,11
2026-05-27T18:45:00Z,97.325,97.33,97.325,97.33,191.0,97.33,21
2026-05-27T19:00:00Z,97.33,97.33,97.33,97.33,59.0,97.33,13
2026-05-27T19:15:00Z,97.33,97.33,97.33,97.33,0.0,97.33,0
2026-05-27T19:30:00Z,97.33,97.33,97.33,97.33,246.0,97.33,25
2026-05-27T19:45:00Z,97.325,97.325,97.325,97.325,12.0,97.325,9
2026-05-28T00:00:00Z,97.315,97.32,97.315,97.315,350.0,97.317,58
2026-05-28T00:15:00Z,97.31,97.315,97.305,97.305,1004.0,97.3095,58
2026-05-28T00:30:00Z,97.305,97.305,97.3,97.305,631.0,97.3035,44
2026-05-28T00:45:00Z,97.305,97.305,97.305,97.305,237.0,97.305,27
2026-05-28T01:00:00Z,97.31,97.31,97.31,97.31,95.0,97.31,7
2026-05-28T01:15:00Z,97.31,97.31,97.31,97.31,0.0,97.31,0
2026-05-28T01:30:00Z,97.305,97.305,97.305,97.305,121.0,97.305,12
2026-05-28T01:45:00Z,97.305,97.305,97.305,97.305,12.0,97.305,4
2026-05-28T02:00:00Z,97.305,97.305,97.305,97.305,0.0,97.305,0
2026-05-28T02:15:00Z,97.31,97.31,97.31,97.31,243.0,97.31,11
2026-05-28T02:30:00Z,97.31,97.31,97.31,97.31,138.0,97.31,10
2026-05-28T02:45:00Z,97.305,97.305,97.305,97.305,9.0,97.305,4
2026-05-28T03:00:00Z,97.305,97.305,97.305,97.305,8.0,97.305,2
2026-05-28T03:15:00Z,97.3,97.3,97.29,97.295,1127.0,97.294,99
2026-05-28T03:30:00Z,97.29,97.29,97.285,97.285,395.0,97.2875,31
2026-05-28T03:45:00Z,97.285,97.285,97.285,97.285,28.0,97.285,6
2026-05-28T04:00:00Z,97.285,97.285,97.285,97.285,554.0,97.285,31
2026-05-28T04:15:00Z,97.285,97.285,97.285,97.285,5.0,97.285,1
2026-05-28T04:30:00Z,97.285,97.285,97.285,97.285,147.0,97.285,7
2026-05-28T04:45:00Z,97.285,97.285,97.285,97.285,256.0,97.285,10
2026-05-28T05:00:00Z,97.285,97.285,97.285,97.285,782.0,97.285,37
2026-05-28T05:15:00Z,97.285,97.29,97.28,97.29,684.0,97.2845,58
2026-05-28T05:30:00Z,97.29,97.3,97.29,97.3,20.0,97.294,11
2026-05-28T05:45:00Z,97.3,97.3,97.3,97.3,81.0,97.3,6
2026-05-28T06:00:00Z,97.3,97.3,97.29,97.295,4452.0,97.294,247
2026-05-28T06:15:00Z,97.295,97.295,97.29,97.29,1013.0,97.2915,42
2026-05-28T06:30:00Z,97.29,97.295,97.29,97.295,2221.0,97.2935,146
2026-05-28T06:45:00Z,97.295,97.295,97.29,97.29,2352.0,97.2925,111
2026-05-28T07:00:00Z,97.295,97.295,97.28,97.285,1104.0,97.291,123
2026-05-28T07:15:00Z,97.285,97.29,97.285,97.285,2728.0,97.2855,143
2026-05-28T07:30:00Z,97.285,97.29,97.285,97.285,2201.0,97.286,115
2026-05-28T07:45:00Z,97.285,97.295,97.28,97.295,1451.0,97.29,165
2026-05-28T08:00:00Z,97.295,97.305,97.295,97.305,1264.0,97.3,190
2026-05-28T08:15:00Z,97.3,97.305,97.3,97.3,3171.0,97.3,233
2026-05-28T08:30:00Z,97.3,97.3,97.295,97.3,1236.0,97.3,108
2026-05-28T08:45:00Z,97.305,97.305,97.305,97.305,780.0,97.305,87
2026-05-28T09:00:00Z,97.305,97.305,97.3,97.305,1260.0,97.304,158
2026-05-28T09:15:00Z,97.305,97.305,97.3,97.305,464.0,97.305,77
2026-05-28T09:30:00Z,97.31,97.31,97.3,97.305,1358.0,97.305,184
2026-05-28T09:45:00Z,97.305,97.31,97.305,97.31,618.0,97.31,62
2026-05-28T10:00:00Z,97.31,97.31,97.305,97.305,446.0,97.3065,44
2026-05-28T10:15:00Z,97.31,97.31,97.305,97.31,34.0,97.31,11
2026-05-28T10:30:00Z,97.31,97.31,97.3,97.3,975.0,97.3075,110
2026-05-28T10:45:00Z,97.3,97.305,97.29,97.295,9056.0,97.2975,666
2026-05-28T11:00:00Z,97.3,97.305,97.3,97.305,7704.0,97.302,408
2026-05-28T11:15:00Z,97.305,97.31,97.305,97.305,301.0,97.308,55
2026-05-28T11:30:00Z,97.305,97.31,97.305,97.305,1218.0,97.305,57
2026-05-28T11:45:00Z,97.305,97.305,97.3,97.3,1612.0,97.305,93
2026-05-28T12:00:00Z,97.3,97.305,97.3,97.305,1349.0,97.305,67
2026-05-28T12:15:00Z,97.3,97.305,97.295,97.295,3691.0,97.2995,565
2026-05-28T12:30:00Z,97.3,97.305,97.3,97.3,760.0,97.3035,105
2026-05-28T12:45:00Z,97.305,97.315,97.305,97.31,3429.0,97.31,200
2026-05-28T13:00:00Z,97.315,97.32,97.315,97.32,5215.0,97.3175,323
2026-05-28T13:15:00Z,97.315,97.32,97.315,97.32,2453.0,97.316,252
2026-05-28T13:30:00Z,97.315,97.32,97.31,97.32,2050.0,97.315,396
2026-05-28T13:45:00Z,97.32,97.33,97.32,97.33,1772.0,97.325,264
2026-05-28T14:00:00Z,97.33,97.395,97.32,97.38,18355.0,97.3575,1546
2026-05-28T14:15:00Z,97.38,97.38,97.345,97.365,13326.0,97.3615,861
2026-05-28T14:30:00Z,97.36,97.365,97.35,97.36,7684.0,97.358,717
2026-05-28T14:45:00Z,97.36,97.36,97.35,97.36,7790.0,97.3545,579
2026-05-28T15:00:00Z,97.36,97.365,97.355,97.36,4853.0,97.363,419
2026-05-28T15:15:00Z,97.36,97.36,97.355,97.36,1478.0,97.358,175
2026-05-28T15:30:00Z,97.36,97.365,97.355,97.36,3234.0,97.359,309
2026-05-28T15:45:00Z,97.36,97.36,97.35,97.355,2594.0,97.355,135
2026-05-28T16:00:00Z,97.355,97.36,97.35,97.35,5414.0,97.3545,495
2026-05-28T16:15:00Z,97.35,97.365,97.35,97.365,5697.0,97.3595,622
2026-05-28T16:30:00Z,97.365,97.365,97.365,97.365,820.0,97.365,88
2026-05-28T16:45:00Z,97.365,97.37,97.365,97.37,911.0,97.367,138
2026-05-28T17:00:00Z,97.37,97.37,97.365,97.365,3620.0,97.367,126
2026-05-28T17:15:00Z,97.365,97.365,97.365,97.365,1682.0,97.365,33
2026-05-28T17:30:00Z,97.365,97.37,97.365,97.37,218.0,97.365,20
2026-05-28T17:45:00Z,97.37,97.37,97.37,97.37,420.0,97.37,36
2026-05-28T18:00:00Z,97.37,97.37,97.36,97.36,1091.0,97.361,42
2026-05-28T18:15:00Z,97.36,97.365,97.36,97.36,538.0,97.3625,68
2026-05-28T18:30:00Z,97.36,97.36,97.36,97.36,67.0,97.36,16
2026-05-28T18:45:00Z,97.365,97.365,97.365,97.365,35.0,97.365,5
2026-05-28T19:00:00Z,97.365,97.365,97.36,97.36,136.0,97.365,16
2026-05-28T19:15:00Z,97.365,97.365,97.365,97.365,98.0,97.365,7
2026-05-28T19:30:00Z,97.365,97.37,97.365,97.37,64.0,97.369,21
2026-05-28T19:45:00Z,97.37,97.37,97.365,97.365,645.0,97.3655,125
2026-05-29T00:15:00Z,97.365,97.37,97.36,97.37,1036.0,97.369,53
2026-05-29T00:30:00Z,97.37,97.37,97.37,97.37,14.0,97.37,8
2026-05-29T00:45:00Z,97.365,97.365,97.365,97.365,165.0,97.365,13
2026-05-29T01:00:00Z,97.365,97.37,97.365,97.37,789.0,97.37,57
2026-05-29T01:15:00Z,97.37,97.37,97.365,97.365,129.0,97.366,14
2026-05-29T01:30:00Z,97.365,97.37,97.365,97.37,37.0,97.3695,13
2026-05-29T01:45:00Z,97.365,97.365,97.365,97.365,92.0,97.365,16
2026-05-29T02:00:00Z,97.365,97.365,97.365,97.365,0.0,97.365,0
2026-05-29T02:15:00Z,97.365,97.365,97.365,97.365,7.0,97.365,2
2026-05-29T02:30:00Z,97.365,97.365,97.365,97.365,13.0,97.365,4
2026-05-29T02:45:00Z,97.365,97.365,97.365,97.365,109.0,97.365,3
2026-05-29T03:00:00Z,97.37,97.37,97.37,97.37,261.0,97.37,9
2026-05-29T03:15:00Z,97.37,97.37,97.37,97.37,0.0,97.37,0
2026-05-29T03:30:00Z,97.37,97.37,97.37,97.37,97.0,97.37,6
2026-05-29T03:45:00Z,97.37,97.37,97.37,97.37,11.0,97.37,1
2026-05-29T04:00:00Z,97.37,97.37,97.37,97.37,0.0,97.37,0
2026-05-29T04:15:00Z,97.37,97.375,97.37,97.375,107.0,97.3745,9
2026-05-29T04:30:00Z,97.37,97.37,97.37,97.37,10.0,97.37,4
2026-05-29T04:45:00Z,97.37,97.37,97.37,97.37,201.0,97.37,12
2026-05-29T05:00:00Z,97.37,97.37,97.37,97.37,14.0,97.37,6
2026-05-29T05:15:00Z,97.37,97.37,97.37,97.37,16.0,97.37,2
2026-05-29T05:30:00Z,97.37,97.37,97.36,97.36,1375.0,97.366,211
2026-05-29T05:45:00Z,97.36,97.365,97.36,97.365,937.0,97.3615,189
2026-05-29T06:00:00Z,97.365,97.365,97.355,97.36,2341.0,97.36,149
2026-05-29T06:15:00Z,97.36,97.36,97.35,97.35,1645.0,97.355,93
2026-05-29T06:30:00Z,97.35,97.355,97.35,97.35,2687.0,97.3525,182
2026-05-29T06:45:00Z,97.35,97.355,97.35,97.35,1120.0,97.353,102
2026-05-29T07:00:00Z,97.35,97.35,97.345,97.35,1879.0,97.3485,191
2026-05-29T07:15:00Z,97.35,97.35,97.345,97.35,4279.0,97.35,303
2026-05-29T07:30:00Z,97.35,97.355,97.35,97.355,3421.0,97.3515,214
2026-05-29T07:45:00Z,97.355,97.365,97.355,97.365,2652.0,97.359,249
2026-05-29T08:00:00Z,97.365,97.39,97.365,97.375,8895.0,97.3785,1063
2026-05-29T08:15:00Z,97.375,97.375,97.37,97.37,5707.0,97.3705,385
2026-05-29T08:30:00Z,97.37,97.375,97.365,97.37,1894.0,97.3665,153
2026-05-29T08:45:00Z,97.37,97.375,97.365,97.375,1436.0,97.3705,99
2026-05-29T09:00:00Z,97.375,97.38,97.37,97.375,1640.0,97.375,111
2026-05-29T09:15:00Z,97.38,97.385,97.375,97.38,5785.0,97.383,337
2026-05-29T09:30:00Z,97.38,97.38,97.375,97.38,1141.0,97.38,123
2026-05-29T09:45:00Z,97.38,97.385,97.375,97.38,988.0,97.379,92
2026-05-29T10:00:00Z,97.375,97.375,97.37,97.37,1667.0,97.3725,111
2026-05-29T10:15:00Z,97.37,97.37,97.365,97.37,1366.0,97.37,180
2026-05-29T10:30:00Z,97.375,97.38,97.37,97.375,1567.0,97.375,183
2026-05-29T10:45:00Z,97.375,97.375,97.365,97.365,1184.0,97.3685,164
2026-05-29T11:00:00Z,97.365,97.365,97.365,97.365,2764.0,97.365,147
2026-05-29T11:15:00Z,97.365,97.375,97.365,97.37,1799.0,97.37,120
2026-05-29T11:30:00Z,97.365,97.37,97.365,97.37,1294.0,97.365,74
2026-05-29T11:45:00Z,97.37,97.37,97.365,97.37,6534.0,97.369,439
2026-05-29T12:00:00Z,97.37,97.375,97.365,97.365,2978.0,97.3675,230
2026-05-29T12:15:00Z,97.365,97.37,97.365,97.37,822.0,97.37,134
2026-05-29T12:30:00Z,97.37,97.37,97.36,97.365,4950.0,97.3645,461
2026-05-29T12:45:00Z,97.37,97.37,97.36,97.37,1605.0,97.3695,112
2026-05-29T13:00:00Z,97.37,97.375,97.365,97.365,5351.0,97.37,250
2026-05-29T13:15:00Z,97.36,97.365,97.36,97.365,412.0,97.36,54
2026-05-29T13:30:00Z,97.365,97.365,97.36,97.365,4013.0,97.365,220
2026-05-29T13:45:00Z,97.36,97.365,97.36,97.36,1792.0,97.36,245
2026-05-29T14:00:00Z,97.36,97.365,97.35,97.355,1593.0,97.358,205
2026-05-29T14:15:00Z,97.35,97.36,97.35,97.35,1642.0,97.3545,217
2026-05-29T14:30:00Z,97.355,97.36,97.35,97.355,2869.0,97.3545,279
2026-05-29T14:45:00Z,97.36,97.38,97.36,97.37,9342.0,97.3705,601
2026-05-29T15:00:00Z,97.37,97.39,97.37,97.39,10283.0,97.3825,1301
2026-05-29T15:15:00Z,97.39,97.395,97.38,97.38,4749.0,97.3845,379
2026-05-29T15:30:00Z,97.38,97.38,97.375,97.38,7559.0,97.3775,468
2026-05-29T15:45:00Z,97.375,97.385,97.37,97.385,3632.0,97.381,253
2026-05-29T16:00:00Z,97.385,97.385,97.38,97.385,5419.0,97.385,338
2026-05-29T16:15:00Z,97.39,97.395,97.385,97.39,1691.0,97.3905,131
2026-05-29T16:30:00Z,97.39,97.4,97.39,97.4,4495.0,97.3985,284
2026-05-29T16:45:00Z,97.4,97.4,97.39,97.39,2235.0,97.392,59
2026-05-29T17:00:00Z,97.39,97.39,97.39,97.39,686.0,97.39,81
2026-05-29T17:15:00Z,97.385,97.385,97.38,97.385,789.0,97.385,68
2026-05-29T17:30:00Z,97.385,97.385,97.38,97.38,864.0,97.3845,56
2026-05-29T17:45:00Z,97.385,97.385,97.38,97.38,4.0,97.3825,4
2026-05-29T18:00:00Z,97.38,97.38,97.38,97.38,438.0,97.38,26
2026-05-29T18:15:00Z,97.38,97.38,97.38,97.38,0.0,97.38,0
2026-05-29T18:30:00Z,97.38,97.38,97.38,97.38,0.0,97.38,0
2026-05-29T18:45:00Z,97.38,97.38,97.37,97.37,1475.0,97.378,131
2026-05-29T19:00:00Z,97.375,97.375,97.375,97.375,245.0,97.375,9
2026-05-29T19:15:00Z,97.375,97.375,97.375,97.375,163.0,97.375,15
2026-05-29T19:30:00Z,97.375,97.375,97.375,97.375,291.0,97.375,44
2026-05-29T19:45:00Z,97.375,97.38,97.375,97.38,673.0,97.38,97
2026-06-01T00:00:00Z,97.365,97.365,97.35,97.355,543.0,97.3575,87
2026-06-01T00:15:00Z,97.36,97.365,97.36,97.365,806.0,97.3615,114
2026-06-01T00:30:00Z,97.36,97.365,97.36,97.365,26.0,97.361,14
2026-06-01T00:45:00Z,97.365,97.365,97.36,97.365,13.0,97.362,11
2026-06-01T01:00:00Z,97.365,97.365,97.355,97.355,185.0,97.3585,22
2026-06-01T01:15:00Z,97.355,97.36,97.355,97.36,439.0,97.3565,25
2026-06-01T01:30:00Z,97.36,97.36,97.36,97.36,4.0,97.36,4
2026-06-01T01:45:00Z,97.36,97.36,97.36,97.36,2.0,97.36,2
2026-06-01T02:00:00Z,97.36,97.36,97.36,97.36,1.0,97.36,1
2026-06-01T02:15:00Z,97.36,97.36,97.36,97.36,1.0,97.36,1
2026-06-01T02:30:00Z,97.355,97.355,97.355,97.355,72.0,97.355,9
2026-06-01T02:45:00Z,97.355,97.355,97.355,97.355,25.0,97.355,3
2026-06-01T03:00:00Z,97.355,97.355,97.355,97.355,0.0,97.355,0
2026-06-01T03:15:00Z,97.355,97.355,97.355,97.355,60.0,97.355,5
2026-06-01T03:30:00Z,97.36,97.36,97.355,97.355,2.0,97.3575,2
2026-06-01T03:45:00Z,97.355,97.355,97.355,97.355,0.0,97.355,0
2026-06-01T04:00:00Z,97.355,97.355,97.355,97.355,1.0,97.355,1
2026-06-01T04:15:00Z,97.355,97.355,97.355,97.355,282.0,97.355,9
2026-06-01T04:30:00Z,97.355,97.355,97.355,97.355,101.0,97.355,6
2026-06-01T04:45:00Z,97.36,97.36,97.36,97.36,2.0,97.36,2
2026-06-01T05:00:00Z,97.36,97.36,97.355,97.355,5.0,97.356,3
2026-06-01T05:15:00Z,97.36,97.36,97.355,97.355,3.0,97.3565,2
2026-06-01T05:30:00Z,97.355,97.355,97.35,97.35,238.0,97.35,47
2026-06-01T05:45:00Z,97.35,97.355,97.35,97.355,298.0,97.3505,21
2026-06-01T06:00:00Z,97.355,97.355,97.345,97.35,552.0,97.35,72
2026-06-01T06:15:00Z,97.345,97.345,97.34,97.345,2111.0,97.345,126
2026-06-01T06:30:00Z,97.345,97.345,97.335,97.335,1421.0,97.3415,87
2026-06-01T06:45:00Z,97.335,97.34,97.335,97.335,1869.0,97.335,159
2026-06-01T07:00:00Z,97.335,97.34,97.335,97.34,2365.0,97.3395,166
2026-06-01T07:15:00Z,97.34,97.34,97.335,97.335,2610.0,97.337,305
2026-06-01T07:30:00Z,97.335,97.335,97.33,97.33,1844.0,97.332,165
2026-06-01T07:45:00Z,97.33,97.33,97.325,97.33,4259.0,97.3295,260
2026-06-01T08:00:00Z,97.335,97.335,97.325,97.325,2360.0,97.3335,143
2026-06-01T08:15:00Z,97.32,97.325,97.315,97.32,1017.0,97.32,88
2026-06-01T08:30:00Z,97.32,97.32,97.31,97.32,3170.0,97.3175,173
2026-06-01T08:45:00Z,97.32,97.325,97.31,97.32,2168.0,97.3195,154
2026-06-01T09:00:00Z,97.325,97.33,97.32,97.325,4150.0,97.326,314
2026-06-01T09:15:00Z,97.325,97.325,97.31,97.315,2307.0,97.3185,286
2026-06-01T09:30:00Z,97.315,97.325,97.315,97.325,3289.0,97.3205,275
2026-06-01T09:45:00Z,97.32,97.325,97.32,97.325,2125.0,97.322,135
2026-06-01T10:00:00Z,97.32,97.325,97.32,97.325,3210.0,97.325,323
2026-06-01T10:15:00Z,97.325,97.33,97.32,97.32,3279.0,97.325,398
2026-06-01T10:30:00Z,97.32,97.325,97.315,97.315,1475.0,97.32,137
2026-06-01T10:45:00Z,97.32,97.32,97.315,97.32,2276.0,97.32,195
2026-06-01T11:00:00Z,97.32,97.32,97.315,97.315,1037.0,97.32,101
2026-06-01T11:15:00Z,97.315,97.325,97.315,97.325,1379.0,97.32,175
2026-06-01T11:30:00Z,97.325,97.325,97.315,97.315,1739.0,97.32,215
2026-06-01T11:45:00Z,97.315,97.315,97.31,97.31,3111.0,97.315,307
2026-06-01T12:00:00Z,97.31,97.315,97.305,97.315,4625.0,97.3115,468
2026-06-01T12:15:00Z,97.315,97.32,97.31,97.315,8587.0,97.317,453
2026-06-01T12:30:00Z,97.32,97.33,97.315,97.33,4195.0,97.3235,341
2026-06-01T12:45:00Z,97.325,97.33,97.32,97.325,4643.0,97.3275,295
2026-06-01T13:00:00Z,97.325,97.325,97.28,97.295,18935.0,97.2995,1034
2026-06-01T13:15:00Z,97.295,97.3,97.26,97.26,25553.0,97.274,1196
2026-06-01T13:30:00Z,97.26,97.27,97.255,97.26,15431.0,97.261,1003
2026-06-01T13:45:00Z,97.255,97.265,97.25,97.25,10482.0,97.2605,719
2026-06-01T14:00:00Z,97.25,97.26,97.245,97.26,13497.0,97.255,658
2026-06-01T14:15:00Z,97.26,97.265,97.245,97.26,12857.0,97.2575,641
2026-06-01T14:30:00Z,97.26,97.265,97.255,97.255,5076.0,97.2575,352
2026-06-01T14:45:00Z,97.255,97.255,97.25,97.25,4720.0,97.2535,247
2026-06-01T15:00:00Z,97.25,97.27,97.245,97.27,10050.0,97.2585,1191
2026-06-01T15:15:00Z,97.27,97.275,97.265,97.27,8354.0,97.2685,708
2026-06-01T15:30:00Z,97.27,97.29,97.27,97.275,15560.0,97.2775,901
2026-06-01T15:45:00Z,97.275,97.275,97.265,97.27,3342.0,97.2705,155
2026-06-01T16:00:00Z,97.27,97.275,97.265,97.265,4201.0,97.2715,286
2026-06-01T16:15:00Z,97.265,97.265,97.26,97.265,2612.0,97.265,148
2026-06-01T16:30:00Z,97.265,97.275,97.265,97.27,4426.0,97.268,199
2026-06-01T16:45:00Z,97.27,97.295,97.27,97.29,4570.0,97.2835,350
2026-06-01T17:00:00Z,97.29,97.295,97.285,97.295,3979.0,97.2895,198
2026-06-01T17:15:00Z,97.295,97.3,97.29,97.3,2685.0,97.294,242
2026-06-01T17:30:00Z,97.305,97.325,97.3,97.31,6491.0,97.31,547
2026-06-01T17:45:00Z,97.305,97.31,97.305,97.305,794.0,97.307,103
2026-06-01T18:00:00Z,97.305,97.305,97.305,97.305,698.0,97.305,28
2026-06-01T18:15:00Z,97.305,97.305,97.3,97.305,631.0,97.305,40
2026-06-01T18:30:00Z,97.305,97.305,97.305,97.305,642.0,97.305,34
2026-06-01T18:45:00Z,97.305,97.305,97.3,97.305,103.0,97.305,6
2026-06-01T19:00:00Z,97.305,97.305,97.305,97.305,139.0,97.305,12
2026-06-01T19:15:00Z,97.305,97.305,97.305,97.305,0.0,97.305,0
2026-06-01T19:30:00Z,97.305,97.305,97.305,97.305,50.0,97.305,7
2026-06-01T19:45:00Z,97.305,97.31,97.305,97.31,1767.0,97.31,109
2026-06-02T00:00:00Z,97.32,97.32,97.31,97.31,15.0,97.312,9
2026-06-02T00:15:00Z,97.31,97.315,97.31,97.315,60.0,97.3105,20
2026-06-02T00:30:00Z,97.31,97.31,97.305,97.305,56.0,97.31,14
2026-06-02T00:45:00Z,97.305,97.305,97.305,97.305,0.0,97.305,0
2026-06-02T01:00:00Z,97.3,97.31,97.3,97.31,569.0,97.3035,45
2026-06-02T01:15:00Z,97.31,97.31,97.305,97.305,1115.0,97.306,72
2026-06-02T01:30:00Z,97.31,97.31,97.31,97.31,201.0,97.31,6
2026-06-02T01:45:00Z,97.31,97.31,97.31,97.31,2.0,97.31,2
2026-06-02T02:00:00Z,97.31,97.31,97.31,97.31,0.0,97.31,0
2026-06-02T02:15:00Z,97.31,97.31,97.31,97.31,37.0,97.31,12
2026-06-02T02:30:00Z,97.31,97.31,97.31,97.31,148.0,97.31,6
2026-06-02T02:45:00Z,97.31,97.31,97.31,97.31,382.0,97.31,22
2026-06-02T03:00:00Z,97.31,97.31,97.31,97.31,95.0,97.31,8
2026-06-02T03:15:00Z,97.31,97.31,97.31,97.31,0.0,97.31,0
2026-06-02T03:30:00Z,97.315,97.315,97.315,97.315,13.0,97.315,8
2026-06-02T03:45:00Z,97.315,97.315,97.315,97.315,173.0,97.315,10
2026-06-02T04:00:00Z,97.315,97.315,97.315,97.315,58.0,97.315,3
2026-06-02T04:15:00Z,97.32,97.32,97.315,97.315,19.0,97.317,11
2026-06-02T04:30:00Z,97.315,97.315,97.315,97.315,100.0,97.315,8
2026-06-02T04:45:00Z,97.32,97.32,97.32,97.32,50.0,97.32,3
2026-06-02T05:00:00Z,97.32,97.325,97.32,97.32,450.0,97.321,26
2026-06-02T05:15:00Z,97.32,97.32,97.32,97.32,43.0,97.32,9
2026-06-02T05:30:00Z,97.315,97.315,97.315,97.315,195.0,97.315,33
2026-06-02T05:45:00Z,97.315,97.315,97.31,97.31,393.0,97.3105,32
2026-06-02T06:00:00Z,97.31,97.315,97.31,97.31,819.0,97.313,80
2026-06-02T06:15:00Z,97.315,97.32,97.315,97.32,740.0,97.3155,71
2026-06-02T06:30:00Z,97.315,97.325,97.315,97.32,2976.0,97.32,235
2026-06-02T06:45:00Z,97.315,97.32,97.315,97.32,1558.0,97.3155,83
2026-06-02T07:00:00Z,97.32,97.335,97.32,97.33,4660.0,97.3265,280
2026-06-02T07:15:00Z,97.325,97.33,97.32,97.32,2145.0,97.3235,181
2026-06-02T07:30:00Z,97.32,97.325,97.315,97.32,4129.0,97.322,464
2026-06-02T07:45:00Z,97.32,97.325,97.315,97.325,1500.0,97.32,124
2026-06-02T08:00:00Z,97.32,97.325,97.315,97.32,1419.0,97.32,151
2026-06-02T08:15:00Z,97.32,97.32,97.315,97.315,1905.0,97.316,232
2026-06-02T08:30:00Z,97.315,97.315,97.31,97.315,1572.0,97.3145,186
2026-06-02T08:45:00Z,97.315,97.32,97.31,97.31,1493.0,97.315,199
2026-06-02T09:00:00Z,97.315,97.315,97.31,97.31,2821.0,97.3105,242
2026-06-02T09:15:00Z,97.31,97.315,97.305,97.305,2476.0,97.307,199
2026-06-02T09:30:00Z,97.305,97.305,97.3,97.3,3775.0,97.3,385
2026-06-02T09:45:00Z,97.305,97.305,97.3,97.3,576.0,97.302,84
2026-06-02T10:00:00Z,97.305,97.31,97.305,97.305,6166.0,97.306,307
2026-06-02T10:15:00Z,97.31,97.31,97.305,97.305,1026.0,97.305,91
2026-06-02T10:30:00Z,97.305,97.31,97.305,97.305,379.0,97.305,27
2026-06-02T10:45:00Z,97.305,97.31,97.305,97.305,85.0,97.3055,18
2026-06-02T11:00:00Z,97.31,97.31,97.31,97.31,2713.0,97.31,201
2026-06-02T11:15:00Z,97.305,97.305,97.305,97.305,2340.0,97.305,313
2026-06-02T11:30:00Z,97.305,97.31,97.305,97.31,2716.0,97.3095,239
2026-06-02T11:45:00Z,97.31,97.315,97.31,97.31,1695.0,97.311,171
2026-06-02T12:00:00Z,97.31,97.315,97.305,97.31,2213.0,97.31,181
2026-06-02T12:15:00Z,97.31,97.31,97.305,97.31,236.0,97.3095,36
2026-06-02T12:30:00Z,97.305,97.305,97.295,97.295,3025.0,97.301,246
2026-06-02T12:45:00Z,97.3,97.3,97.295,97.295,2665.0,97.295,116
2026-06-02T13:00:00Z,97.295,97.295,97.285,97.29,3822.0,97.2915,322
2026-06-02T13:15:00Z,97.29,97.29,97.285,97.285,1263.0,97.287,120
2026-06-02T13:30:00Z,97.28,97.285,97.28,97.285,1527.0,97.285,181
2026-06-02T13:45:00Z,97.285,97.285,97.275,97.275,1570.0,97.2815,283
2026-06-02T14:00:00Z,97.28,97.28,97.27,97.275,4601.0,97.275,409
2026-06-02T14:15:00Z,97.275,97.285,97.27,97.285,5951.0,97.278,352
2026-06-02T14:30:00Z,97.28,97.29,97.28,97.285,5863.0,97.287,451
2026-06-02T14:45:00Z,97.29,97.29,97.285,97.285,2379.0,97.285,159
2026-06-02T15:00:00Z,97.285,97.285,97.275,97.28,6136.0,97.281,356
2026-06-02T15:15:00Z,97.275,97.285,97.275,97.285,1260.0,97.28,129
2026-06-02T15:30:00Z,97.28,97.285,97.28,97.28,525.0,97.281,69
2026-06-02T15:45:00Z,97.285,97.285,97.275,97.275,3659.0,97.2775,216
2026-06-02T16:00:00Z,97.275,97.285,97.275,97.275,3058.0,97.277,183
2026-06-02T16:15:00Z,97.27,97.27,97.265,97.265,943.0,97.268,90
2026-06-02T16:30:00Z,97.27,97.27,97.26,97.26,1385.0,97.265,128
2026-06-02T16:45:00Z,97.265,97.27,97.265,97.27,1915.0,97.269,71
2026-06-02T17:00:00Z,97.27,97.275,97.27,97.27,2014.0,97.274,141
2026-06-02T17:15:00Z,97.27,97.275,97.27,97.27,1127.0,97.27,67
2026-06-02T17:30:00Z,97.27,97.27,97.27,97.27,1066.0,97.27,61
2026-06-02T17:45:00Z,97.27,97.27,97.265,97.27,1512.0,97.27,50
2026-06-02T18:00:00Z,97.27,97.27,97.27,97.27,0.0,97.27,0
2026-06-02T18:15:00Z,97.275,97.275,97.275,97.275,501.0,97.275,43
2026-06-02T18:30:00Z,97.275,97.275,97.275,97.275,402.0,97.275,34
2026-06-02T18:45:00Z,97.275,97.275,97.275,97.275,0.0,97.275,0
2026-06-02T19:00:00Z,97.275,97.275,97.275,97.275,250.0,97.275,12
2026-06-02T19:15:00Z,97.275,97.275,97.27,97.27,1454.0,97.2735,65
2026-06-02T19:30:00Z,97.275,97.275,97.275,97.275,2.0,97.275,1
2026-06-02T19:45:00Z,97.275,97.275,97.27,97.27,2.0,97.2725,2
2026-06-03T00:00:00Z,97.26,97.27,97.26,97.265,205.0,97.265,27
2026-06-03T00:15:00Z,97.265,97.27,97.265,97.27,294.0,97.266,27
2026-06-03T00:30:00Z,97.27,97.27,97.27,97.27,0.0,97.27,0
2026-06-03T00:45:00Z,97.27,97.27,97.27,97.27,0.0,97.27,0
2026-06-03T01:00:00Z,97.27,97.27,97.27,97.27,250.0,97.27,22
2026-06-03T01:15:00Z,97.27,97.27,97.27,97.27,0.0,97.27,0
2026-06-03T01:30:00Z,97.27,97.27,97.27,97.27,0.0,97.27,0
2026-06-03T01:45:00Z,97.27,97.27,97.27,97.27,0.0,97.27,0
2026-06-03T02:00:00Z,97.27,97.27,97.27,97.27,0.0,97.27,0
2026-06-03T02:15:00Z,97.27,97.27,97.27,97.27,0.0,97.27,0
2026-06-03T02:30:00Z,97.27,97.27,97.27,97.27,0.0,97.27,0
2026-06-03T02:45:00Z,97.275,97.275,97.275,97.275,25.0,97.275,1
2026-06-03T03:00:00Z,97.275,97.28,97.275,97.28,82.0,97.275,13
2026-06-03T03:15:00Z,97.28,97.28,97.28,97.28,0.0,97.28,0
2026-06-03T03:30:00Z,97.28,97.28,97.28,97.28,0.0,97.28,0
2026-06-03T03:45:00Z,97.28,97.28,97.28,97.28,0.0,97.28,0
2026-06-03T04:00:00Z,97.28,97.28,97.28,97.28,0.0,97.28,0
2026-06-03T04:15:00Z,97.265,97.265,97.265,97.265,150.0,97.265,32
2026-06-03T04:30:00Z,97.265,97.265,97.265,97.265,827.0,97.265,49
2026-06-03T04:45:00Z,97.265,97.265,97.265,97.265,0.0,97.265,0
2026-06-03T05:00:00Z,97.265,97.265,97.265,97.265,340.0,97.265,12
2026-06-03T05:15:00Z,97.265,97.265,97.26,97.26,179.0,97.26,14
2026-06-03T05:30:00Z,97.26,97.26,97.255,97.26,723.0,97.259,39
2026-06-03T05:45:00Z,97.26,97.26,97.25,97.25,1049.0,97.2535,123
2026-06-03T06:00:00Z,97.255,97.255,97.235,97.24,7066.0,97.248,647
2026-06-03T06:15:00Z,97.24,97.245,97.235,97.24,1455.0,97.241,99
2026-06-03T06:30:00Z,97.24,97.245,97.24,97.245,4621.0,97.2415,223
2026-06-03T06:45:00Z,97.24,97.24,97.235,97.235,1837.0,97.2375,101
2026-06-03T07:00:00Z,97.235,97.25,97.23,97.25,5169.0,97.24,331
2026-06-03T07:15:00Z,97.25,97.25,97.24,97.245,1877.0,97.247,162
2026-06-03T07:30:00Z,97.245,97.25,97.24,97.245,5315.0,97.245,796
2026-06-03T07:45:00Z,97.245,97.25,97.24,97.25,816.0,97.2465,119
2026-06-03T08:00:00Z,97.25,97.255,97.245,97.25,2812.0,97.25,389
2026-06-03T08:15:00Z,97.25,97.25,97.24,97.25,1510.0,97.2455,202
2026-06-03T08:30:00Z,97.25,97.25,97.245,97.245,1115.0,97.2465,99
2026-06-03T08:45:00Z,97.245,97.25,97.245,97.245,936.0,97.2465,180
2026-06-03T09:00:00Z,97.24,97.245,97.24,97.245,1428.0,97.245,157
2026-06-03T09:15:00Z,97.245,97.245,97.235,97.24,2266.0,97.2385,332
2026-06-03T09:30:00Z,97.24,97.245,97.24,97.245,1453.0,97.2445,165
2026-06-03T09:45:00Z,97.245,97.245,97.24,97.245,2716.0,97.2435,157
2026-06-03T10:00:00Z,97.24,97.27,97.24,97.25,7445.0,97.2535,534
2026-06-03T10:15:00Z,97.25,97.25,97.245,97.25,1576.0,97.2475,98
2026-06-03T10:30:00Z,97.25,97.255,97.245,97.245,2896.0,97.247,326
2026-06-03T10:45:00Z,97.24,97.25,97.24,97.25,333.0,97.2425,45
2026-06-03T11:00:00Z,97.25,97.25,97.245,97.245,695.0,97.2485,68
2026-06-03T11:15:00Z,97.245,97.255,97.245,97.255,3029.0,97.2505,230
2026-06-03T11:30:00Z,97.255,97.26,97.255,97.255,2317.0,97.2555,129
2026-06-03T11:45:00Z,97.255,97.265,97.255,97.26,1821.0,97.2595,129
2026-06-03T12:00:00Z,97.26,97.265,97.26,97.265,2007.0,97.26,72
2026-06-03T12:15:00Z,97.26,97.26,97.25,97.255,3296.0,97.2575,300
2026-06-03T12:30:00Z,97.255,97.255,97.25,97.255,2987.0,97.251,284
2026-06-03T12:45:00Z,97.255,97.26,97.255,97.255,2546.0,97.255,196
2026-06-03T13:00:00Z,97.255,97.26,97.255,97.26,4496.0,97.258,238
2026-06-03T13:15:00Z,97.26,97.265,97.26,97.26,3031.0,97.26,232
2026-06-03T13:30:00Z,97.26,97.265,97.26,97.265,3502.0,97.265,247
2026-06-03T13:45:00Z,97.26,97.26,97.255,97.26,6747.0,97.26,347
2026-06-03T14:00:00Z,97.26,97.265,97.255,97.265,3043.0,97.2635,185
2026-06-03T14:15:00Z,97.26,97.265,97.26,97.265,3424.0,97.2635,258
2026-06-03T14:30:00Z,97.265,97.265,97.25,97.25,4668.0,97.257,275
2026-06-03T14:45:00Z,97.255,97.255,97.25,97.255,1291.0,97.255,140
2026-06-03T15:00:00Z,97.25,97.25,97.24,97.24,5587.0,97.2455,649
2026-06-03T15:15:00Z,97.24,97.245,97.235,97.24,5410.0,97.2415,414
2026-06-03T15:30:00Z,97.24,97.245,97.235,97.235,3170.0,97.2395,290
2026-06-03T15:45:00Z,97.235,97.24,97.235,97.235,7420.0,97.235,367
2026-06-03T16:00:00Z,97.235,97.235,97.23,97.23,3166.0,97.2305,134
2026-06-03T16:15:00Z,97.225,97.235,97.225,97.23,2291.0,97.229,125
2026-06-03T16:30:00Z,97.23,97.235,97.23,97.235,749.0,97.235,38
2026-06-03T16:45:00Z,97.235,97.24,97.23,97.24,1126.0,97.236,93
2026-06-03T17:00:00Z,97.24,97.24,97.235,97.235,890.0,97.2355,50
2026-06-03T17:15:00Z,97.235,97.235,97.235,97.235,98.0,97.235,15
2026-06-03T17:30:00Z,97.235,97.235,97.235,97.235,53.0,97.235,2
2026-06-03T17:45:00Z,97.235,97.235,97.235,97.235,0.0,97.235,0
2026-06-03T18:00:00Z,97.24,97.24,97.24,97.24,5.0,97.24,3
2026-06-03T18:15:00Z,97.235,97.235,97.235,97.235,721.0,97.235,32
2026-06-03T18:30:00Z,97.235,97.235,97.235,97.235,118.0,97.235,15
2026-06-03T18:45:00Z,97.235,97.235,97.235,97.235,189.0,97.235,20
2026-06-03T19:00:00Z,97.235,97.235,97.235,97.235,0.0,97.235,0
2026-06-03T19:15:00Z,97.235,97.235,97.235,97.235,716.0,97.235,67
2026-06-03T19:30:00Z,97.235,97.24,97.235,97.24,44.0,97.235,8
2026-06-03T19:45:00Z,97.24,97.24,97.23,97.235,675.0,97.235,54
2026-06-04T00:00:00Z,97.245,97.245,97.235,97.24,144.0,97.237,16
2026-06-04T00:15:00Z,97.245,97.25,97.24,97.24,685.0,97.2425,67
2026-06-04T00:30:00Z,97.245,97.245,97.245,97.245,77.0,97.245,17
2026-06-04T00:45:00Z,97.245,97.25,97.245,97.25,375.0,97.2475,38
2026-06-04T01:00:00Z,97.25,97.255,97.25,97.25,257.0,97.25,20
2026-06-04T01:15:00Z,97.25,97.25,97.25,97.25,0.0,97.25,0
2026-06-04T01:30:00Z,97.25,97.25,97.25,97.25,160.0,97.25,15
2026-06-04T01:45:00Z,97.255,97.26,97.255,97.26,118.0,97.2555,20
2026-06-04T02:00:00Z,97.255,97.255,97.25,97.255,452.0,97.2525,29
2026-06-04T02:15:00Z,97.255,97.255,97.255,97.255,354.0,97.255,9
2026-06-04T02:30:00Z,97.255,97.255,97.255,97.255,12.0,97.255,1
2026-06-04T02:45:00Z,97.255,97.255,97.255,97.255,5.0,97.255,1
2026-06-04T03:00:00Z,97.255,97.255,97.255,97.255,75.0,97.255,9
2026-06-04T03:15:00Z,97.255,97.255,97.255,97.255,3.0,97.255,1
2026-06-04T03:30:00Z,97.25,97.25,97.25,97.25,8.0,97.25,5
2026-06-04T03:45:00Z,97.25,97.25,97.25,97.25,5.0,97.25,2
2026-06-04T04:00:00Z,97.25,97.25,97.25,97.25,0.0,97.25,0
2026-06-04T04:15:00Z,97.25,97.25,97.25,97.25,0.0,97.25,0
2026-06-04T04:30:00Z,97.255,97.255,97.255,97.255,456.0,97.255,25
2026-06-04T04:45:00Z,97.255,97.255,97.255,97.255,0.0,97.255,0
2026-06-04T05:00:00Z,97.25,97.25,97.25,97.25,52.0,97.25,4
2026-06-04T05:15:00Z,97.245,97.245,97.245,97.245,114.0,97.245,16
2026-06-04T05:30:00Z,97.245,97.245,97.245,97.245,3.0,97.245,3
2026-06-04T05:45:00Z,97.25,97.25,97.25,97.25,260.0,97.25,12
2026-06-04T06:00:00Z,97.25,97.255,97.245,97.25,638.0,97.2545,137
2026-06-04T06:15:00Z,97.245,97.245,97.24,97.245,640.0,97.245,79
2026-06-04T06:30:00Z,97.25,97.26,97.245,97.26,3139.0,97.2565,167
2026-06-04T06:45:00Z,97.255,97.26,97.255,97.255,2576.0,97.257,103
2026-06-04T07:00:00Z,97.255,97.265,97.25,97.26,1949.0,97.2585,201
2026-06-04T07:15:00Z,97.26,97.265,97.26,97.26,1528.0,97.262,169
2026-06-04T07:30:00Z,97.26,97.265,97.25,97.25,3491.0,97.256,299
2026-06-04T07:45:00Z,97.25,97.255,97.25,97.255,741.0,97.252,108
2026-06-04T08:00:00Z,97.255,97.255,97.255,97.255,1858.0,97.255,113
2026-06-04T08:15:00Z,97.255,97.26,97.245,97.26,1945.0,97.2535,219
2026-06-04T08:30:00Z,97.26,97.26,97.245,97.25,2219.0,97.2535,138
2026-06-04T08:45:00Z,97.245,97.25,97.245,97.245,5410.0,97.245,512
2026-06-04T09:00:00Z,97.245,97.25,97.245,97.25,1825.0,97.25,216
2026-06-04T09:15:00Z,97.25,97.25,97.25,97.25,1035.0,97.25,102
2026-06-04T09:30:00Z,97.25,97.255,97.25,97.255,3380.0,97.251,255
2026-06-04T09:45:00Z,97.255,97.26,97.255,97.255,2396.0,97.2555,121
2026-06-04T10:00:00Z,97.255,97.255,97.25,97.25,2980.0,97.253,220
2026-06-04T10:15:00Z,97.255,97.255,97.25,97.255,1753.0,97.2545,101
2026-06-04T10:30:00Z,97.255,97.255,97.25,97.255,551.0,97.2545,86
2026-06-04T10:45:00Z,97.25,97.255,97.25,97.255,1187.0,97.255,163
2026-06-04T11:00:00Z,97.255,97.26,97.255,97.26,1977.0,97.2585,161
2026-06-04T11:15:00Z,97.265,97.27,97.265,97.265,3871.0,97.2665,290
2026-06-04T11:30:00Z,97.265,97.275,97.265,97.275,5097.0,97.271,180
2026-06-04T11:45:00Z,97.275,97.285,97.275,97.285,6559.0,97.2795,375
2026-06-04T12:00:00Z,97.285,97.285,97.27,97.275,4088.0,97.277,339
2026-06-04T12:15:00Z,97.275,97.275,97.275,97.275,4307.0,97.275,218
2026-06-04T12:30:00Z,97.28,97.28,97.275,97.275,2467.0,97.278,108
2026-06-04T12:45:00Z,97.28,97.285,97.275,97.28,2414.0,97.2775,152
2026-06-04T13:00:00Z,97.275,97.28,97.275,97.275,1310.0,97.276,127
2026-06-04T13:15:00Z,97.275,97.275,97.265,97.265,1575.0,97.2695,110
2026-06-04T13:30:00Z,97.265,97.27,97.265,97.27,1096.0,97.267,116
2026-06-04T13:45:00Z,97.27,97.28,97.27,97.275,2094.0,97.273,211
2026-06-04T14:00:00Z,97.275,97.28,97.27,97.275,2123.0,97.2785,249
2026-06-04T14:15:00Z,97.275,97.285,97.27,97.27,2309.0,97.2795,176
2026-06-04T14:30:00Z,97.27,97.27,97.265,97.265,3983.0,97.27,488
2026-06-04T14:45:00Z,97.27,97.27,97.265,97.265,1393.0,97.266,177
2026-06-04T15:00:00Z,97.26,97.27,97.26,97.27,1552.0,97.264,294
2026-06-04T15:15:00Z,97.265,97.27,97.265,97.265,1491.0,97.2695,133
2026-06-04T15:30:00Z,97.265,97.27,97.26,97.265,1077.0,97.265,127
2026-06-04T15:45:00Z,97.265,97.27,97.265,97.265,1029.0,97.265,115
2026-06-04T16:00:00Z,97.265,97.28,97.26,97.275,516.0,97.271,132
2026-06-04T16:15:00Z,97.27,97.27,97.265,97.265,796.0,97.269,66
2026-06-04T16:30:00Z,97.27,97.275,97.27,97.27,800.0,97.2725,48
2026-06-04T16:45:00Z,97.275,97.275,97.275,97.275,416.0,97.275,38
2026-06-04T17:00:00Z,97.275,97.275,97.27,97.27,12.0,97.273,7
2026-06-04T17:15:00Z,97.27,97.275,97.27,97.27,262.0,97.27,80
2026-06-04T17:30:00Z,97.27,97.275,97.27,97.275,325.0,97.2745,42
2026-06-04T17:45:00Z,97.275,97.275,97.275,97.275,19.0,97.275,5
2026-06-04T18:00:00Z,97.27,97.275,97.265,97.265,415.0,97.271,23
2026-06-04T18:15:00Z,97.265,97.265,97.265,97.265,0.0,97.265,0
2026-06-04T18:30:00Z,97.27,97.275,97.27,97.27,249.0,97.27,7
2026-06-04T18:45:00Z,97.27,97.27,97.27,97.27,32.0,97.27,16
2026-06-04T19:00:00Z,97.27,97.27,97.27,97.27,9.0,97.27,5
2026-06-04T19:15:00Z,97.27,97.27,97.27,97.27,9.0,97.27,3
2026-06-04T19:30:00Z,97.27,97.27,97.27,97.27,90.0,97.27,14
2026-06-04T19:45:00Z,97.27,97.27,97.265,97.27,195.0,97.27,30
2026-06-05T00:00:00Z,97.275,97.275,97.275,97.275,20.0,97.275,20
2026-06-05T00:15:00Z,97.27,97.275,97.265,97.275,168.0,97.27,36
2026-06-05T00:30:00Z,97.275,97.28,97.275,97.28,229.0,97.275,35
2026-06-05T00:45:00Z,97.28,97.28,97.275,97.275,6.0,97.2775,5
2026-06-05T01:00:00Z,97.28,97.28,97.28,97.28,170.0,97.28,25
2026-06-05T01:15:00Z,97.28,97.28,97.27,97.27,406.0,97.27,35
2026-06-05T01:30:00Z,97.275,97.275,97.275,97.275,204.0,97.275,14
2026-06-05T01:45:00Z,97.275,97.275,97.275,97.275,4.0,97.275,4
2026-06-05T02:00:00Z,97.275,97.275,97.275,97.275,1.0,97.275,1
2026-06-05T02:15:00Z,97.27,97.27,97.27,97.27,98.0,97.27,16
2026-06-05T02:30:00Z,97.27,97.27,97.27,97.27,26.0,97.27,4
2026-06-05T02:45:00Z,97.27,97.27,97.27,97.27,315.0,97.27,16
2026-06-05T03:00:00Z,97.27,97.27,97.265,97.265,247.0,97.266,23
2026-06-05T03:15:00Z,97.27,97.27,97.27,97.27,24.0,97.27,7
2026-06-05T03:30:00Z,97.275,97.275,97.275,97.275,1.0,97.275,1
2026-06-05T03:45:00Z,97.275,97.275,97.275,97.275,2.0,97.275,2
2026-06-05T04:00:00Z,97.275,97.275,97.275,97.275,73.0,97.275,28
2026-06-05T04:15:00Z,97.275,97.275,97.275,97.275,2.0,97.275,2
2026-06-05T04:30:00Z,97.275,97.28,97.275,97.275,489.0,97.276,45
2026-06-05T04:45:00Z,97.28,97.28,97.28,97.28,246.0,97.28,40
2026-06-05T05:00:00Z,97.28,97.28,97.28,97.28,9.0,97.28,9
2026-06-05T05:15:00Z,97.28,97.285,97.28,97.28,96.0,97.28,26
2026-06-05T05:30:00Z,97.28,97.285,97.28,97.28,20.0,97.2805,10
2026-06-05T05:45:00Z,97.28,97.28,97.28,97.28,18.0,97.28,6
2026-06-05T06:00:00Z,97.28,97.285,97.28,97.285,683.0,97.2815,83
2026-06-05T06:15:00Z,97.28,97.28,97.27,97.27,1196.0,97.2755,88
2026-06-05T06:30:00Z,97.275,97.28,97.275,97.275,581.0,97.275,95
2026-06-05T06:45:00Z,97.275,97.275,97.27,97.27,56.0,97.2705,33
2026-06-05T07:00:00Z,97.27,97.275,97.265,97.275,660.0,97.27,86
2026-06-05T07:15:00Z,97.27,97.285,97.27,97.285,3558.0,97.279,298
2026-06-05T07:30:00Z,97.285,97.285,97.275,97.28,844.0,97.28,125
2026-06-05T07:45:00Z,97.28,97.28,97.275,97.275,689.0,97.275,74
2026-06-05T08:00:00Z,97.275,97.28,97.275,97.275,591.0,97.2755,101
2026-06-05T08:15:00Z,97.275,97.285,97.275,97.28,1114.0,97.2795,108
2026-06-05T08:30:00Z,97.28,97.285,97.28,97.285,885.0,97.28,79
2026-06-05T08:45:00Z,97.28,97.285,97.275,97.275,923.0,97.279,134
2026-06-05T09:00:00Z,97.275,97.295,97.27,97.285,5320.0,97.283,440
2026-06-05T09:15:00Z,97.285,97.285,97.28,97.28,1569.0,97.28,123
2026-06-05T09:30:00Z,97.28,97.28,97.275,97.275,908.0,97.2775,98
2026-06-05T09:45:00Z,97.275,97.28,97.275,97.275,1451.0,97.275,65
2026-06-05T10:00:00Z,97.27,97.27,97.27,97.27,1615.0,97.27,156
2026-06-05T10:15:00Z,97.27,97.275,97.27,97.27,282.0,97.27,30
2026-06-05T10:30:00Z,97.27,97.27,97.27,97.27,1013.0,97.27,141
2026-06-05T10:45:00Z,97.275,97.28,97.27,97.275,2834.0,97.275,227
2026-06-05T11:00:00Z,97.275,97.28,97.275,97.275,1647.0,97.275,132
2026-06-05T11:15:00Z,97.275,97.275,97.265,97.27,3363.0,97.273,180
2026-06-05T11:30:00Z,97.27,97.27,97.265,97.27,3945.0,97.2695,160
2026-06-05T11:45:00Z,97.27,97.275,97.27,97.27,909.0,97.27,90
2026-06-05T12:00:00Z,97.27,97.27,97.265,97.265,169.0,97.27,21
2026-06-05T12:15:00Z,97.27,97.275,97.265,97.27,3860.0,97.27,314
2026-06-05T12:30:00Z,97.265,97.265,97.24,97.25,14888.0,97.2445,1105
2026-06-05T12:45:00Z,97.245,97.245,97.23,97.24,6229.0,97.2385,561
2026-06-05T13:00:00Z,97.235,97.245,97.235,97.245,4253.0,97.2425,732
2026-06-05T13:15:00Z,97.245,97.25,97.245,97.245,6901.0,97.2465,281
2026-06-05T13:30:00Z,97.245,97.25,97.245,97.25,3289.0,97.245,259
2026-06-05T13:45:00Z,97.25,97.255,97.245,97.245,4553.0,97.251,347
2026-06-05T14:00:00Z,97.25,97.265,97.25,97.25,7628.0,97.2545,515
2026-06-05T14:15:00Z,97.25,97.25,97.235,97.24,3928.0,97.2395,323
2026-06-05T14:30:00Z,97.245,97.25,97.235,97.24,3912.0,97.2435,290
2026-06-05T14:45:00Z,97.24,97.245,97.24,97.24,3379.0,97.2405,154
2026-06-05T15:00:00Z,97.24,97.245,97.235,97.235,4201.0,97.2385,457
2026-06-05T15:15:00Z,97.235,97.24,97.23,97.235,2812.0,97.2335,286
2026-06-05T15:30:00Z,97.235,97.235,97.23,97.23,4123.0,97.235,121
2026-06-05T15:45:00Z,97.23,97.235,97.23,97.235,2831.0,97.231,333
2026-06-05T16:00:00Z,97.23,97.235,97.22,97.225,3997.0,97.227,439
2026-06-05T16:15:00Z,97.225,97.23,97.22,97.23,3882.0,97.2275,247
2026-06-05T16:30:00Z,97.23,97.24,97.23,97.24,6452.0,97.2355,317
2026-06-05T16:45:00Z,97.245,97.25,97.245,97.245,4449.0,97.245,184
2026-06-05T17:00:00Z,97.245,97.245,97.24,97.245,594.0,97.245,49
2026-06-05T17:15:00Z,97.245,97.245,97.24,97.24,597.0,97.24,44
2026-06-05T17:30:00Z,97.245,97.245,97.245,97.245,12.0,97.245,7
2026-06-05T17:45:00Z,97.24,97.24,97.24,97.24,1383.0,97.24,141
2026-06-05T18:00:00Z,97.245,97.245,97.24,97.245,1647.0,97.24,47
2026-06-05T18:15:00Z,97.24,97.25,97.24,97.245,2466.0,97.245,91
2026-06-05T18:30:00Z,97.245,97.25,97.24,97.24,877.0,97.2435,145
2026-06-05T18:45:00Z,97.24,97.26,97.24,97.25,3074.0,97.249,315
2026-06-05T19:00:00Z,97.25,97.25,97.245,97.245,149.0,97.248,16
2026-06-05T19:15:00Z,97.245,97.255,97.245,97.25,1717.0,97.247,92
2026-06-05T19:30:00Z,97.25,97.25,97.25,97.25,130.0,97.25,32
2026-06-05T19:45:00Z,97.25,97.25,97.25,97.25,160.0,97.25,33
2026-06-08T00:00:00Z,97.22,97.235,97.22,97.225,1235.0,97.228,184
2026-06-08T00:15:00Z,97.23,97.24,97.225,97.225,1349.0,97.232,246
2026-06-08T00:30:00Z,97.225,97.225,97.22,97.22,630.0,97.222,180
2026-06-08T00:45:00Z,97.22,97.225,97.22,97.22,868.0,97.222,243
2026-06-08T01:00:00Z,97.225,97.225,97.21,97.21,208.0,97.2205,33
2026-06-08T01:15:00Z,97.21,97.21,97.19,97.205,1660.0,97.2,160
2026-06-08T01:30:00Z,97.2,97.215,97.2,97.21,325.0,97.2105,31
2026-06-08T01:45:00Z,97.215,97.22,97.21,97.21,1005.0,97.211,53
2026-06-08T02:00:00Z,97.21,97.21,97.2,97.2,904.0,97.206,58
2026-06-08T02:15:00Z,97.2,97.2,97.2,97.2,339.0,97.2,61
2026-06-08T02:30:00Z,97.2,97.2,97.2,97.2,1260.0,97.2,88
2026-06-08T02:45:00Z,97.2,97.2,97.2,97.2,76.0,97.2,19
2026-06-08T03:00:00Z,97.2,97.2,97.195,97.2,219.0,97.2,27
2026-06-08T03:15:00Z,97.2,97.2,97.2,97.2,25.0,97.2,6
2026-06-08T03:30:00Z,97.205,97.205,97.2,97.205,40.0,97.2045,9
2026-06-08T03:45:00Z,97.205,97.205,97.205,97.205,0.0,97.205,0
2026-06-08T04:00:00Z,97.205,97.205,97.205,97.205,0.0,97.205,0
2026-06-08T04:15:00Z,97.205,97.205,97.205,97.205,4.0,97.205,2
2026-06-08T04:30:00Z,97.205,97.205,97.2,97.2,311.0,97.2,36
2026-06-08T04:45:00Z,97.2,97.2,97.195,97.195,226.0,97.195,15
2026-06-08T05:00:00Z,97.195,97.2,97.195,97.2,61.0,97.2,10
2026-06-08T05:15:00Z,97.195,97.2,97.195,97.2,47.0,97.1975,5
2026-06-08T05:30:00Z,97.2,97.2,97.195,97.195,804.0,97.1965,47
2026-06-08T05:45:00Z,97.195,97.195,97.19,97.19,668.0,97.19,119
2026-06-08T06:00:00Z,97.19,97.195,97.19,97.195,2903.0,97.193,363
2026-06-08T06:15:00Z,97.19,97.195,97.19,97.19,1863.0,97.193,193
2026-06-08T06:30:00Z,97.195,97.195,97.185,97.19,1799.0,97.192,201
2026-06-08T06:45:00Z,97.19,97.2,97.19,97.195,4649.0,97.191,259
2026-06-08T07:00:00Z,97.2,97.205,97.2,97.205,4274.0,97.2015,275
2026-06-08T07:15:00Z,97.205,97.215,97.2,97.215,4067.0,97.21,321
2026-06-08T07:30:00Z,97.215,97.215,97.21,97.215,1514.0,97.2125,218
2026-06-08T07:45:00Z,97.215,97.22,97.21,97.21,3260.0,97.2155,336
2026-06-08T08:00:00Z,97.21,97.21,97.205,97.21,4269.0,97.2095,712
2026-06-08T08:15:00Z,97.21,97.21,97.2,97.205,3450.0,97.206,239
2026-06-08T08:30:00Z,97.205,97.21,97.195,97.205,5305.0,97.2025,450
2026-06-08T08:45:00Z,97.205,97.205,97.2,97.205,1305.0,97.205,140
2026-06-08T09:00:00Z,97.21,97.21,97.205,97.205,6304.0,97.2055,259
2026-06-08T09:15:00Z,97.205,97.21,97.205,97.21,2655.0,97.21,140
2026-06-08T09:30:00Z,97.21,97.225,97.205,97.225,5434.0,97.217,240
2026-06-08T09:45:00Z,97.22,97.225,97.215,97.22,1898.0,97.22,166
2026-06-08T10:00:00Z,97.22,97.22,97.21,97.22,4780.0,97.2175,219
2026-06-08T10:15:00Z,97.22,97.22,97.215,97.22,4061.0,97.2155,259
2026-06-08T10:30:00Z,97.215,97.24,97.215,97.22,10446.0,97.229,672
2026-06-08T10:45:00Z,97.225,97.225,97.215,97.215,3570.0,97.216,113
2026-06-08T11:00:00Z,97.215,97.24,97.21,97.24,6721.0,97.224,359
2026-06-08T11:15:00Z,97.245,97.25,97.23,97.235,8110.0,97.24,461
2026-06-08T11:30:00Z,97.24,97.245,97.235,97.24,2262.0,97.241,198
2026-06-08T11:45:00Z,97.24,97.245,97.235,97.24,4299.0,97.2385,199
2026-06-08T12:00:00Z,97.245,97.245,97.235,97.235,3851.0,97.2425,253
2026-06-08T12:15:00Z,97.235,97.245,97.23,97.245,1952.0,97.239,195
2026-06-08T12:30:00Z,97.245,97.255,97.235,97.24,7629.0,97.2445,538
2026-06-08T12:45:00Z,97.24,97.245,97.235,97.24,1431.0,97.24,108
2026-06-08T13:00:00Z,97.24,97.24,97.23,97.23,1872.0,97.2365,123
2026-06-08T13:15:00Z,97.23,97.245,97.23,97.245,1345.0,97.2405,146
2026-06-08T13:30:00Z,97.245,97.25,97.24,97.24,2155.0,97.2445,203
2026-06-08T13:45:00Z,97.24,97.245,97.235,97.245,4458.0,97.242,359
2026-06-08T14:00:00Z,97.24,97.24,97.235,97.235,5423.0,97.236,260
2026-06-08T14:15:00Z,97.235,97.235,97.225,97.23,5519.0,97.2295,290
2026-06-08T14:30:00Z,97.225,97.225,97.22,97.22,3980.0,97.222,301
2026-06-08T14:45:00Z,97.225,97.23,97.22,97.23,4984.0,97.227,339
2026-06-08T15:00:00Z,97.23,97.23,97.22,97.225,2139.0,97.2265,382
2026-06-08T15:15:00Z,97.22,97.23,97.22,97.23,5845.0,97.228,323
2026-06-08T15:30:00Z,97.225,97.23,97.22,97.225,3716.0,97.225,233
2026-06-08T15:45:00Z,97.225,97.225,97.22,97.22,3367.0,97.2225,221
2026-06-08T16:00:00Z,97.22,97.22,97.215,97.215,380.0,97.2165,128
2026-06-08T16:15:00Z,97.215,97.22,97.21,97.215,2780.0,97.2155,238
2026-06-08T16:30:00Z,97.215,97.215,97.215,97.215,502.0,97.215,47
2026-06-08T16:45:00Z,97.22,97.22,97.22,97.22,1520.0,97.22,99
2026-06-08T17:00:00Z,97.22,97.22,97.22,97.22,0.0,97.22,0
2026-06-08T17:15:00Z,97.22,97.22,97.22,97.22,163.0,97.22,11
2026-06-08T17:30:00Z,97.22,97.22,97.215,97.22,1212.0,97.22,75
2026-06-08T17:45:00Z,97.225,97.225,97.22,97.225,966.0,97.225,86
2026-06-08T18:00:00Z,97.225,97.225,97.225,97.225,89.0,97.225,6
2026-06-08T18:15:00Z,97.225,97.225,97.225,97.225,62.0,97.225,4
2026-06-08T18:30:00Z,97.23,97.23,97.225,97.225,341.0,97.2285,36
2026-06-08T18:45:00Z,97.225,97.225,97.22,97.22,146.0,97.225,8
2026-06-08T19:00:00Z,97.22,97.22,97.22,97.22,0.0,97.22,0
2026-06-08T19:15:00Z,97.22,97.22,97.22,97.22,0.0,97.22,0
2026-06-08T19:30:00Z,97.22,97.22,97.22,97.22,9.0,97.22,4
2026-06-08T19:45:00Z,97.225,97.225,97.22,97.22,509.0,97.22,72
2026-06-09T00:00:00Z,97.215,97.215,97.21,97.215,8.0,97.2115,8
2026-06-09T00:15:00Z,97.215,97.215,97.215,97.215,694.0,97.215,79
2026-06-09T00:30:00Z,97.21,97.21,97.205,97.21,103.0,97.21,24
2026-06-09T00:45:00Z,97.21,97.21,97.21,97.21,8.0,97.21,7
2026-06-09T01:00:00Z,97.21,97.21,97.205,97.21,278.0,97.21,37
2026-06-09T01:15:00Z,97.21,97.215,97.21,97.215,622.0,97.2145,30
2026-06-09T01:30:00Z,97.215,97.215,97.215,97.215,14.0,97.215,8
2026-06-09T01:45:00Z,97.215,97.215,97.215,97.215,1.0,97.215,1
2026-06-09T02:00:00Z,97.215,97.22,97.215,97.22,19.0,97.2195,3
2026-06-09T02:15:00Z,97.22,97.22,97.22,97.22,13.0,97.22,4
2026-06-09T02:30:00Z,97.22,97.22,97.22,97.22,166.0,97.22,5
2026-06-09T02:45:00Z,97.215,97.215,97.215,97.215,9.0,97.215,8
2026-06-09T03:00:00Z,97.215,97.22,97.215,97.22,130.0,97.22,16
2026-06-09T03:15:00Z,97.22,97.22,97.22,97.22,42.0,97.22,12
2026-06-09T03:30:00Z,97.22,97.225,97.22,97.22,534.0,97.2205,34
2026-06-09T03:45:00Z,97.225,97.225,97.22,97.22,7.0,97.2245,2
2026-06-09T04:00:00Z,97.22,97.22,97.22,97.22,0.0,97.22,0
2026-06-09T04:15:00Z,97.22,97.22,97.22,97.22,0.0,97.22,0
2026-06-09T04:30:00Z,97.225,97.225,97.225,97.225,10.0,97.225,2
2026-06-09T04:45:00Z,97.225,97.225,97.225,97.225,0.0,97.225,0
2026-06-09T05:00:00Z,97.225,97.225,97.225,97.225,16.0,97.225,3
2026-06-09T05:15:00Z,97.23,97.23,97.23,97.23,207.0,97.23,11
2026-06-09T05:30:00Z,97.235,97.235,97.235,97.235,764.0,97.235,25
2026-06-09T05:45:00Z,97.235,97.235,97.235,97.235,1333.0,97.235,41
2026-06-09T06:00:00Z,97.235,97.24,97.23,97.235,2124.0,97.2385,135
2026-06-09T06:15:00Z,97.24,97.245,97.24,97.24,668.0,97.241,49
2026-06-09T06:30:00Z,97.24,97.245,97.235,97.245,1923.0,97.2435,136
2026-06-09T06:45:00Z,97.245,97.245,97.24,97.24,69.0,97.2445,23
2026-06-09T07:00:00Z,97.245,97.25,97.245,97.245,2664.0,97.2475,280
2026-06-09T07:15:00Z,97.245,97.25,97.245,97.245,1904.0,97.245,161
2026-06-09T07:30:00Z,97.245,97.25,97.245,97.245,2417.0,97.245,158
2026-06-09T07:45:00Z,97.245,97.25,97.24,97.24,2104.0,97.2435,147
2026-06-09T08:00:00Z,97.24,97.24,97.24,97.24,7241.0,97.24,460
2026-06-09T08:15:00Z,97.24,97.245,97.24,97.245,1596.0,97.242,136
2026-06-09T08:30:00Z,97.245,97.25,97.245,97.25,3797.0,97.246,330
2026-06-09T08:45:00Z,97.25,97.25,97.25,97.25,830.0,97.25,64
2026-06-09T09:00:00Z,97.25,97.255,97.245,97.255,2250.0,97.2515,159
2026-06-09T09:15:00Z,97.255,97.255,97.25,97.25,1387.0,97.2525,66
2026-06-09T09:30:00Z,97.25,97.25,97.245,97.245,424.0,97.249,48
2026-06-09T09:45:00Z,97.245,97.25,97.245,97.245,878.0,97.248,63
2026-06-09T10:00:00Z,97.245,97.245,97.235,97.24,5320.0,97.24,269
2026-06-09T10:15:00Z,97.24,97.24,97.24,97.24,600.0,97.24,38
2026-06-09T10:30:00Z,97.245,97.245,97.24,97.24,3649.0,97.24,311
2026-06-09T10:45:00Z,97.245,97.25,97.24,97.25,2696.0,97.245,211
2026-06-09T11:00:00Z,97.25,97.25,97.245,97.245,1187.0,97.249,134
2026-06-09T11:15:00Z,97.25,97.25,97.24,97.245,2714.0,97.245,155
2026-06-09T11:30:00Z,97.245,97.25,97.24,97.245,1280.0,97.245,89
2026-06-09T11:45:00Z,97.24,97.245,97.24,97.245,62.0,97.242,31
2026-06-09T12:00:00Z,97.24,97.245,97.24,97.24,2157.0,97.24,176
2026-06-09T12:15:00Z,97.24,97.245,97.24,97.245,1601.0,97.24,215
2026-06-09T12:30:00Z,97.24,97.245,97.24,97.24,2708.0,97.244,171
2026-06-09T12:45:00Z,97.24,97.245,97.235,97.24,5969.0,97.24,437
2026-06-09T13:00:00Z,97.24,97.255,97.24,97.25,12324.0,97.2475,544
2026-06-09T13:15:00Z,97.25,97.255,97.25,97.25,8681.0,97.25,321
2026-06-09T13:30:00Z,97.25,97.265,97.25,97.26,9277.0,97.2585,631
2026-06-09T13:45:00Z,97.265,97.265,97.255,97.255,6017.0,97.2625,580
2026-06-09T14:00:00Z,97.255,97.26,97.255,97.255,6223.0,97.2565,418
2026-06-09T14:15:00Z,97.255,97.26,97.255,97.26,3729.0,97.2595,214
2026-06-09T14:30:00Z,97.26,97.26,97.25,97.255,1805.0,97.253,128
2026-06-09T14:45:00Z,97.25,97.255,97.25,97.255,7468.0,97.25,437
2026-06-09T15:00:00Z,97.25,97.255,97.245,97.25,1968.0,97.25,742
2026-06-09T15:15:00Z,97.25,97.255,97.245,97.25,1026.0,97.25,109
2026-06-09T15:30:00Z,97.245,97.255,97.245,97.25,3582.0,97.2475,244
2026-06-09T15:45:00Z,97.255,97.26,97.25,97.26,2076.0,97.2545,160
2026-06-09T16:00:00Z,97.26,97.265,97.255,97.26,2592.0,97.26,277
2026-06-09T16:15:00Z,97.26,97.27,97.26,97.26,1257.0,97.2645,134
2026-06-09T16:30:00Z,97.265,97.265,97.23,97.24,18528.0,97.2435,1081
2026-06-09T16:45:00Z,97.24,97.245,97.235,97.245,4423.0,97.2405,375
2026-06-09T17:00:00Z,97.245,97.245,97.245,97.245,502.0,97.245,38
2026-06-09T17:15:00Z,97.245,97.255,97.245,97.25,1531.0,97.254,113
2026-06-09T17:30:00Z,97.25,97.25,97.25,97.25,950.0,97.25,58
2026-06-09T17:45:00Z,97.25,97.25,97.25,97.25,895.0,97.25,25
2026-06-09T18:00:00Z,97.25,97.25,97.245,97.245,1181.0,97.247,40
2026-06-09T18:15:00Z,97.245,97.25,97.245,97.25,332.0,97.2475,21
2026-06-09T18:30:00Z,97.25,97.25,97.25,97.25,148.0,97.25,22
2026-06-09T18:45:00Z,97.245,97.25,97.245,97.25,72.0,97.2465,18
2026-06-09T19:00:00Z,97.25,97.25,97.25,97.25,442.0,97.25,27
2026-06-09T19:15:00Z,97.25,97.25,97.25,97.25,28.0,97.25,4
2026-06-09T19:30:00Z,97.25,97.25,97.25,97.25,40.0,97.25,7
2026-06-09T19:45:00Z,97.245,97.25,97.245,97.25,31.0,97.247,16
2026-06-10T00:00:00Z,97.24,97.24,97.24,97.24,366.0,97.24,27
2026-06-10T00:15:00Z,97.24,97.245,97.24,97.24,450.0,97.24,31
2026-06-10T00:30:00Z,97.235,97.235,97.235,97.235,48.0,97.235,9
2026-06-10T00:45:00Z,97.235,97.235,97.235,97.235,165.0,97.235,12
2026-06-10T01:00:00Z,97.235,97.235,97.235,97.235,0.0,97.235,0
2026-06-10T01:15:00Z,97.24,97.24,97.24,97.24,96.0,97.24,8
2026-06-10T01:30:00Z,97.235,97.235,97.235,97.235,22.0,97.235,4
2026-06-10T01:45:00Z,97.235,97.235,97.235,97.235,134.0,97.235,10
2026-06-10T02:00:00Z,97.23,97.235,97.23,97.235,244.0,97.2315,24
2026-06-10T02:15:00Z,97.235,97.235,97.235,97.235,106.0,97.235,11
2026-06-10T02:30:00Z,97.235,97.235,97.235,97.235,19.0,97.235,5
2026-06-10T02:45:00Z,97.235,97.235,97.235,97.235,0.0,97.235,0
2026-06-10T03:00:00Z,97.235,97.235,97.235,97.235,0.0,97.235,0
2026-06-10T03:15:00Z,97.235,97.235,97.235,97.235,0.0,97.235,0
2026-06-10T03:30:00Z,97.235,97.235,97.235,97.235,0.0,97.235,0
2026-06-10T03:45:00Z,97.235,97.235,97.235,97.235,0.0,97.235,0
2026-06-10T04:00:00Z,97.235,97.235,97.235,97.235,0.0,97.235,0
2026-06-10T04:15:00Z,97.235,97.235,97.235,97.235,894.0,97.235,32
2026-06-10T04:30:00Z,97.235,97.235,97.235,97.235,8.0,97.235,1
2026-06-10T04:45:00Z,97.235,97.235,97.235,97.235,91.0,97.235,4
2026-06-10T05:00:00Z,97.235,97.235,97.235,97.235,0.0,97.235,0
2026-06-10T05:15:00Z,97.24,97.245,97.24,97.245,210.0,97.24,31
2026-06-10T05:30:00Z,97.245,97.245,97.245,97.245,0.0,97.245,0
2026-06-10T05:45:00Z,97.245,97.245,97.245,97.245,0.0,97.245,0
2026-06-10T06:00:00Z,97.245,97.245,97.24,97.24,716.0,97.244,120
2026-06-10T06:15:00Z,97.24,97.25,97.24,97.245,23.0,97.2465,14
2026-06-10T06:30:00Z,97.25,97.25,97.245,97.25,1466.0,97.25,142
2026-06-10T06:45:00Z,97.25,97.25,97.245,97.25,173.0,97.25,28
2026-06-10T07:00:00Z,97.25,97.25,97.245,97.25,1402.0,97.2495,195
2026-06-10T07:15:00Z,97.25,97.255,97.25,97.25,2091.0,97.252,222
2026-06-10T07:30:00Z,97.245,97.245,97.245,97.245,4281.0,97.245,460
2026-06-10T07:45:00Z,97.245,97.25,97.24,97.245,2861.0,97.245,328
2026-06-10T08:00:00Z,97.245,97.245,97.24,97.245,2511.0,97.2405,282
2026-06-10T08:15:00Z,97.245,97.245,97.24,97.24,2660.0,97.24,445
2026-06-10T08:30:00Z,97.245,97.245,97.24,97.245,3199.0,97.245,210
2026-06-10T08:45:00Z,97.245,97.25,97.24,97.24,2225.0,97.245,238
2026-06-10T09:00:00Z,97.24,97.245,97.24,97.24,2507.0,97.2445,215
2026-06-10T09:15:00Z,97.24,97.24,97.235,97.235,3506.0,97.237,305
2026-06-10T09:30:00Z,97.235,97.235,97.23,97.23,3073.0,97.233,226
2026-06-10T09:45:00Z,97.23,97.24,97.23,97.23,3131.0,97.237,165
2026-06-10T10:00:00Z,97.23,97.235,97.23,97.235,2513.0,97.2335,278
2026-06-10T10:15:00Z,97.235,97.24,97.235,97.235,3803.0,97.235,174
2026-06-10T10:30:00Z,97.235,97.235,97.23,97.235,2244.0,97.235,185
2026-06-10T10:45:00Z,97.235,97.24,97.235,97.24,4433.0,97.2395,209
2026-06-10T11:00:00Z,97.24,97.24,97.205,97.225,14122.0,97.221,1261
2026-06-10T11:15:00Z,97.225,97.23,97.21,97.215,7124.0,97.2175,562
2026-06-10T11:30:00Z,97.22,97.225,97.22,97.225,4394.0,97.222,391
2026-06-10T11:45:00Z,97.225,97.23,97.225,97.23,2270.0,97.2255,259
2026-06-10T12:00:00Z,97.23,97.235,97.225,97.23,7471.0,97.228,635
2026-06-10T12:15:00Z,97.23,97.235,97.225,97.23,4210.0,97.2285,415
2026-06-10T12:30:00Z,97.235,97.24,97.23,97.235,3632.0,97.2335,338
2026-06-10T12:45:00Z,97.24,97.245,97.235,97.235,1517.0,97.238,180
2026-06-10T13:00:00Z,97.23,97.235,97.225,97.23,3119.0,97.2295,250
2026-06-10T13:15:00Z,97.225,97.225,97.225,97.225,2077.0,97.225,187
2026-06-10T13:30:00Z,97.225,97.23,97.225,97.23,2400.0,97.2285,207
2026-06-10T13:45:00Z,97.23,97.235,97.23,97.235,2127.0,97.233,217
2026-06-10T14:00:00Z,97.235,97.235,97.225,97.235,2812.0,97.2315,256
2026-06-10T14:15:00Z,97.23,97.235,97.23,97.235,2909.0,97.23,364
2026-06-10T14:30:00Z,97.235,97.24,97.23,97.235,2040.0,97.235,188
2026-06-10T14:45:00Z,97.235,97.235,97.225,97.225,2106.0,97.2295,263
2026-06-10T15:00:00Z,97.225,97.225,97.215,97.215,3846.0,97.2225,1116
2026-06-10T15:15:00Z,97.215,97.225,97.21,97.22,3890.0,97.219,399
2026-06-10T15:30:00Z,97.22,97.22,97.215,97.215,2336.0,97.2195,157
2026-06-10T15:45:00Z,97.22,97.22,97.2,97.21,13179.0,97.2095,832
2026-06-10T16:00:00Z,97.21,97.21,97.2,97.205,1911.0,97.2065,262
2026-06-10T16:15:00Z,97.205,97.21,97.205,97.205,3900.0,97.205,263
2026-06-10T16:30:00Z,97.205,97.21,97.205,97.205,555.0,97.205,43
2026-06-10T16:45:00Z,97.205,97.205,97.2,97.2,893.0,97.2045,100
2026-06-10T17:00:00Z,97.205,97.205,97.205,97.205,465.0,97.205,38
2026-06-10T17:15:00Z,97.205,97.205,97.205,97.205,1569.0,97.205,111
2026-06-10T17:30:00Z,97.205,97.205,97.205,97.205,17.0,97.205,10
2026-06-10T17:45:00Z,97.205,97.205,97.195,97.205,4580.0,97.2,384
2026-06-10T18:00:00Z,97.21,97.215,97.21,97.215,1087.0,97.21,75
2026-06-10T18:15:00Z,97.21,97.21,97.205,97.21,140.0,97.2055,24
2026-06-10T18:30:00Z,97.21,97.21,97.21,97.21,624.0,97.21,70
2026-06-10T18:45:00Z,97.21,97.21,97.21,97.21,24.0,97.21,8
2026-06-10T19:00:00Z,97.205,97.205,97.205,97.205,287.0,97.205,10
2026-06-10T19:15:00Z,97.205,97.205,97.205,97.205,0.0,97.205,0
2026-06-10T19:30:00Z,97.205,97.205,97.205,97.205,1.0,97.205,1
2026-06-10T19:45:00Z,97.205,97.205,97.205,97.205,1283.0,97.205,100
2026-06-11T00:00:00Z,97.195,97.2,97.19,97.2,761.0,97.1955,73
2026-06-11T00:15:00Z,97.195,97.195,97.195,97.195,149.0,97.195,15
2026-06-11T00:30:00Z,97.195,97.195,97.195,97.195,64.0,97.195,12
2026-06-11T00:45:00Z,97.2,97.2,97.2,97.2,1307.0,97.2,45
2026-06-11T01:00:00Z,97.2,97.205,97.2,97.205,749.0,97.203,36
2026-06-11T01:15:00Z,97.205,97.205,97.205,97.205,17.0,97.205,3
2026-06-11T01:30:00Z,97.21,97.21,97.21,97.21,773.0,97.21,33
2026-06-11T01:45:00Z,97.205,97.205,97.205,97.205,35.0,97.205,3
2026-06-11T02:00:00Z,97.205,97.205,97.205,97.205,0.0,97.205,0
2026-06-11T02:15:00Z,97.205,97.205,97.205,97.205,165.0,97.205,23
2026-06-11T02:30:00Z,97.205,97.205,97.205,97.205,0.0,97.205,0
2026-06-11T02:45:00Z,97.205,97.205,97.205,97.205,0.0,97.205,0
2026-06-11T03:00:00Z,97.205,97.205,97.205,97.205,0.0,97.205,0
2026-06-11T03:15:00Z,97.205,97.205,97.205,97.205,0.0,97.205,0
2026-06-11T03:30:00Z,97.205,97.205,97.205,97.205,13.0,97.205,1
2026-06-11T03:45:00Z,97.205,97.205,97.205,97.205,0.0,97.205,0
2026-06-11T04:00:00Z,97.205,97.205,97.205,97.205,0.0,97.205,0
2026-06-11T04:15:00Z,97.205,97.205,97.205,97.205,33.0,97.205,3
2026-06-11T04:30:00Z,97.21,97.21,97.21,97.21,36.0,97.21,5
2026-06-11T04:45:00Z,97.21,97.21,97.21,97.21,1259.0,97.21,52
2026-06-11T05:00:00Z,97.215,97.215,97.215,97.215,3.0,97.215,3
2026-06-11T05:15:00Z,97.21,97.21,97.21,97.21,452.0,97.21,19
2026-06-11T05:30:00Z,97.21,97.21,97.205,97.21,1650.0,97.207,111
2026-06-11T05:45:00Z,97.21,97.21,97.205,97.205,90.0,97.2055,17
2026-06-11T06:00:00Z,97.205,97.21,97.205,97.21,621.0,97.207,121
2026-06-11T06:15:00Z,97.21,97.21,97.205,97.21,551.0,97.21,48
2026-06-11T06:30:00Z,97.215,97.22,97.21,97.215,1805.0,97.215,131
2026-06-11T06:45:00Z,97.215,97.22,97.215,97.22,5262.0,97.22,322
2026-06-11T07:00:00Z,97.22,97.22,97.215,97.22,6738.0,97.22,418
2026-06-11T07:15:00Z,97.22,97.225,97.215,97.22,1706.0,97.2215,251
2026-06-11T07:30:00Z,97.225,97.225,97.22,97.225,3724.0,97.225,318
2026-06-11T07:45:00Z,97.225,97.225,97.215,97.22,3520.0,97.22,252
2026-06-11T08:00:00Z,97.22,97.22,97.22,97.22,599.0,97.22,67
2026-06-11T08:15:00Z,97.225,97.225,97.22,97.22,2336.0,97.22,274
2026-06-11T08:30:00Z,97.22,97.225,97.22,97.225,670.0,97.223,116
2026-06-11T08:45:00Z,97.22,97.225,97.22,97.22,1247.0,97.22,152
2026-06-11T09:00:00Z,97.22,97.225,97.22,97.225,522.0,97.2235,65
2026-06-11T09:15:00Z,97.225,97.225,97.22,97.225,2938.0,97.225,300
2026-06-11T09:30:00Z,97.225,97.225,97.22,97.225,407.0,97.225,67
2026-06-11T09:45:00Z,97.225,97.225,97.22,97.225,3680.0,97.225,336
2026-06-11T10:00:00Z,97.23,97.23,97.225,97.225,1559.0,97.23,106
2026-06-11T10:15:00Z,97.23,97.23,97.225,97.225,1670.0,97.225,232
2026-06-11T10:30:00Z,97.225,97.225,97.22,97.225,4749.0,97.225,374
2026-06-11T10:45:00Z,97.225,97.23,97.225,97.23,664.0,97.227,83
2026-06-11T11:00:00Z,97.23,97.23,97.225,97.225,2060.0,97.225,214
2026-06-11T11:15:00Z,97.225,97.23,97.225,97.23,4471.0,97.229,256
2026-06-11T11:30:00Z,97.235,97.245,97.235,97.24,5339.0,97.238,740
2026-06-11T11:45:00Z,97.24,97.245,97.24,97.245,7256.0,97.242,423
2026-06-11T12:00:00Z,97.245,97.25,97.235,97.245,13721.0,97.2465,1091
2026-06-11T12:15:00Z,97.245,97.25,97.19,97.215,35036.0,97.214,2462
2026-06-11T12:30:00Z,97.215,97.215,97.2,97.21,9517.0,97.207,622
2026-06-11T12:45:00Z,97.205,97.225,97.205,97.225,9189.0,97.218,566
2026-06-11T13:00:00Z,97.22,97.235,97.21,97.225,15428.0,97.2225,1149
2026-06-11T13:15:00Z,97.225,97.23,97.22,97.225,5476.0,97.227,379
2026-06-11T13:30:00Z,97.225,97.245,97.225,97.24,10034.0,97.2385,567
2026-06-11T13:45:00Z,97.245,97.265,97.245,97.255,21598.0,97.255,1081
2026-06-11T14:00:00Z,97.255,97.255,97.24,97.24,11482.0,97.245,673
2026-06-11T14:15:00Z,97.24,97.24,97.24,97.24,4407.0,97.24,298
2026-06-11T14:30:00Z,97.24,97.24,97.235,97.24,2821.0,97.2395,286
2026-06-11T14:45:00Z,97.24,97.245,97.235,97.24,4392.0,97.2425,460
2026-06-11T15:00:00Z,97.245,97.285,97.235,97.265,37146.0,97.264,2717
2026-06-11T15:15:00Z,97.265,97.27,97.26,97.26,7517.0,97.264,507
2026-06-11T15:30:00Z,97.26,97.265,97.24,97.25,18189.0,97.2505,1369
2026-06-11T15:45:00Z,97.25,97.255,97.245,97.25,2709.0,97.25,238
2026-06-11T16:00:00Z,97.25,97.25,97.24,97.24,6170.0,97.2475,308
2026-06-11T16:15:00Z,97.245,97.245,97.235,97.245,1795.0,97.2415,142
2026-06-11T16:30:00Z,97.245,97.25,97.245,97.245,1307.0,97.246,140
2026-06-11T16:45:00Z,97.245,97.25,97.245,97.245,184.0,97.245,23
2026-06-11T17:00:00Z,97.245,97.25,97.245,97.25,1666.0,97.247,127
2026-06-11T17:15:00Z,97.25,97.275,97.245,97.275,7331.0,97.262,397
2026-06-11T17:30:00Z,97.28,97.315,97.275,97.315,10652.0,97.297,777
2026-06-11T17:45:00Z,97.315,97.325,97.31,97.315,8098.0,97.317,501
2026-06-11T18:00:00Z,97.315,97.315,97.295,97.305,8539.0,97.302,525
2026-06-11T18:15:00Z,97.31,97.315,97.305,97.31,7325.0,97.309,668
2026-06-11T18:30:00Z,97.31,97.31,97.3,97.31,1331.0,97.309,137
2026-06-11T18:45:00Z,97.315,97.325,97.315,97.32,2282.0,97.3225,156
2026-06-11T19:00:00Z,97.32,97.33,97.32,97.325,1828.0,97.323,201
2026-06-11T19:15:00Z,97.325,97.33,97.325,97.33,2170.0,97.3285,155
2026-06-11T19:30:00Z,97.33,97.345,97.33,97.34,8190.0,97.339,553
2026-06-11T19:45:00Z,97.34,97.34,97.33,97.33,1278.0,97.333,90
2026-06-12T00:00:00Z,97.33,97.34,97.33,97.33,331.0,97.3355,18
2026-06-12T00:15:00Z,97.33,97.33,97.33,97.33,82.0,97.33,15
2026-06-12T00:30:00Z,97.325,97.325,97.32,97.32,519.0,97.324,66
2026-06-12T00:45:00Z,97.32,97.32,97.32,97.32,121.0,97.32,11
2026-06-12T01:00:00Z,97.32,97.32,97.32,97.32,1.0,97.32,1
2026-06-12T01:15:00Z,97.32,97.32,97.32,97.32,21.0,97.32,5
2026-06-12T01:30:00Z,97.32,97.32,97.32,97.32,0.0,97.32,0
2026-06-12T01:45:00Z,97.325,97.325,97.325,97.325,256.0,97.325,12
2026-06-12T02:00:00Z,97.32,97.32,97.32,97.32,7.0,97.32,6
2026-06-12T02:15:00Z,97.32,97.32,97.315,97.315,805.0,97.3195,127
2026-06-12T02:30:00Z,97.315,97.32,97.315,97.32,154.0,97.317,93
2026-06-12T02:45:00Z,97.32,97.32,97.32,97.32,0.0,97.32,0
2026-06-12T03:00:00Z,97.32,97.32,97.32,97.32,0.0,97.32,0
2026-06-12T03:15:00Z,97.32,97.32,97.32,97.32,0.0,97.32,0
2026-06-12T03:30:00Z,97.325,97.325,97.325,97.325,179.0,97.325,13
2026-06-12T03:45:00Z,97.325,97.325,97.325,97.325,40.0,97.325,2
2026-06-12T04:00:00Z,97.325,97.325,97.325,97.325,145.0,97.325,1
2026-06-12T04:15:00Z,97.325,97.325,97.325,97.325,0.0,97.325,0
2026-06-12T04:30:00Z,97.33,97.33,97.33,97.33,19.0,97.33,10
2026-06-12T04:45:00Z,97.325,97.325,97.325,97.325,109.0,97.325,11
2026-06-12T05:00:00Z,97.325,97.325,97.32,97.32,495.0,97.3235,50
2026-06-12T05:15:00Z,97.315,97.32,97.315,97.32,786.0,97.3165,43
2026-06-12T05:30:00Z,97.32,97.32,97.32,97.32,25.0,97.32,7
2026-06-12T05:45:00Z,97.32,97.32,97.32,97.32,318.0,97.32,17
2026-06-12T06:00:00Z,97.315,97.33,97.315,97.33,2041.0,97.327,359
2026-06-12T06:15:00Z,97.325,97.325,97.32,97.325,2296.0,97.323,178
2026-06-12T06:30:00Z,97.325,97.33,97.305,97.305,6548.0,97.321,594
2026-06-12T06:45:00Z,97.305,97.31,97.3,97.31,3150.0,97.3085,326
2026-06-12T07:00:00Z,97.315,97.315,97.3,97.305,6585.0,97.306,484
2026-06-12T07:15:00Z,97.305,97.31,97.3,97.305,2673.0,97.305,176
2026-06-12T07:30:00Z,97.305,97.315,97.305,97.31,2453.0,97.308,163
2026-06-12T07:45:00Z,97.31,97.335,97.31,97.33,10349.0,97.3245,755
2026-06-12T08:00:00Z,97.335,97.335,97.325,97.33,7986.0,97.33,615
2026-06-12T08:15:00Z,97.325,97.345,97.32,97.33,10409.0,97.3345,874
2026-06-12T08:30:00Z,97.335,97.335,97.32,97.32,6972.0,97.322,621
2026-06-12T08:45:00Z,97.32,97.325,97.32,97.325,3503.0,97.3205,205
2026-06-12T09:00:00Z,97.325,97.325,97.32,97.32,4575.0,97.324,379
2026-06-12T09:15:00Z,97.325,97.33,97.32,97.32,6096.0,97.323,381
2026-06-12T09:30:00Z,97.32,97.325,97.315,97.315,3056.0,97.3205,224
2026-06-12T09:45:00Z,97.315,97.32,97.315,97.32,6392.0,97.32,411
2026-06-12T10:00:00Z,97.32,97.32,97.315,97.315,3628.0,97.319,153
2026-06-12T10:15:00Z,97.315,97.315,97.305,97.31,3943.0,97.3115,309
2026-06-12T10:30:00Z,97.31,97.32,97.305,97.32,3452.0,97.316,289
2026-06-12T10:45:00Z,97.32,97.325,97.315,97.32,4141.0,97.3205,551
2026-06-12T11:00:00Z,97.315,97.315,97.31,97.31,5787.0,97.312,321
2026-06-12T11:15:00Z,97.31,97.315,97.31,97.31,1860.0,97.3105,213
2026-06-12T11:30:00Z,97.31,97.31,97.305,97.31,1223.0,97.31,147
2026-06-12T11:45:00Z,97.31,97.315,97.305,97.305,2569.0,97.31,171
2026-06-12T12:00:00Z,97.305,97.31,97.305,97.31,2423.0,97.3085,183
2026-06-12T12:15:00Z,97.31,97.31,97.305,97.305,1022.0,97.31,183
2026-06-12T12:30:00Z,97.305,97.31,97.3,97.3,5852.0,97.3015,235
2026-06-12T12:45:00Z,97.3,97.305,97.295,97.3,5056.0,97.3,329
2026-06-12T13:00:00Z,97.3,97.31,97.3,97.305,5927.0,97.304,436
2026-06-12T13:15:00Z,97.31,97.315,97.305,97.315,2302.0,97.312,253
2026-06-12T13:30:00Z,97.315,97.32,97.295,97.3,9917.0,97.304,574
2026-06-12T13:45:00Z,97.3,97.305,97.295,97.295,1552.0,97.299,185
2026-06-12T14:00:00Z,97.3,97.305,97.295,97.305,1926.0,97.3015,140
2026-06-12T14:15:00Z,97.3,97.305,97.3,97.3,1364.0,97.3005,120
2026-06-12T14:30:00Z,97.295,97.305,97.295,97.305,3788.0,97.303,190
2026-06-12T14:45:00Z,97.3,97.32,97.3,97.31,14167.0,97.3115,812
2026-06-12T15:00:00Z,97.31,97.32,97.31,97.32,5597.0,97.3145,608
2026-06-12T15:15:00Z,97.315,97.325,97.315,97.32,3976.0,97.3195,312
2026-06-12T15:30:00Z,97.32,97.33,97.315,97.315,6614.0,97.322,535
2026-06-12T15:45:00Z,97.315,97.325,97.315,97.32,1334.0,97.3195,205
2026-06-12T16:00:00Z,97.32,97.33,97.315,97.33,5552.0,97.3225,400
2026-06-12T16:15:00Z,97.33,97.335,97.325,97.33,5674.0,97.33,429
2026-06-12T16:30:00Z,97.33,97.33,97.325,97.325,1399.0,97.33,132
2026-06-12T16:45:00Z,97.33,97.335,97.33,97.33,740.0,97.33,76
2026-06-12T17:00:00Z,97.335,97.345,97.33,97.33,7243.0,97.336,277
2026-06-12T17:15:00Z,97.335,97.335,97.33,97.33,227.0,97.335,19
2026-06-12T17:30:00Z,97.335,97.335,97.33,97.33,916.0,97.3305,38
2026-06-12T17:45:00Z,97.33,97.33,97.33,97.33,153.0,97.33,27
2026-06-12T18:00:00Z,97.33,97.33,97.33,97.33,578.0,97.33,30
2026-06-12T18:15:00Z,97.33,97.33,97.33,97.33,143.0,97.33,8
2026-06-12T18:30:00Z,97.33,97.33,97.325,97.33,796.0,97.3295,115
2026-06-12T18:45:00Z,97.33,97.33,97.33,97.33,1119.0,97.33,89
2026-06-12T19:00:00Z,97.33,97.33,97.33,97.33,587.0,97.33,35
2026-06-12T19:15:00Z,97.33,97.335,97.33,97.335,15.0,97.3315,7
2026-06-12T19:30:00Z,97.335,97.335,97.335,97.335,644.0,97.335,89
2026-06-12T19:45:00Z,97.335,97.34,97.335,97.34,161.0,97.3355,35
2026-06-15T00:00:00Z,97.39,97.39,97.365,97.38,6706.0,97.3775,389
2026-06-15T00:15:00Z,97.375,97.385,97.375,97.385,610.0,97.3825,59
2026-06-15T00:30:00Z,97.39,97.39,97.385,97.385,623.0,97.385,32
2026-06-15T00:45:00Z,97.38,97.385,97.375,97.385,903.0,97.38,72
2026-06-15T01:00:00Z,97.385,97.385,97.385,97.385,242.0,97.385,10
2026-06-15T01:15:00Z,97.385,97.385,97.385,97.385,0.0,97.385,0
2026-06-15T01:30:00Z,97.385,97.385,97.385,97.385,339.0,97.385,36
2026-06-15T01:45:00Z,97.38,97.38,97.38,97.38,236.0,97.38,36
2026-06-15T02:00:00Z,97.38,97.38,97.38,97.38,0.0,97.38,0
2026-06-15T02:15:00Z,97.38,97.38,97.38,97.38,184.0,97.38,19
2026-06-15T02:30:00Z,97.385,97.385,97.385,97.385,552.0,97.385,24
2026-06-15T02:45:00Z,97.385,97.385,97.385,97.385,202.0,97.385,11
2026-06-15T03:00:00Z,97.385,97.385,97.385,97.385,183.0,97.385,3
2026-06-15T03:15:00Z,97.385,97.385,97.385,97.385,20.0,97.385,5
2026-06-15T03:30:00Z,97.385,97.385,97.385,97.385,252.0,97.385,9
2026-06-15T03:45:00Z,97.38,97.38,97.38,97.38,250.0,97.38,5
2026-06-15T04:00:00Z,97.385,97.385,97.385,97.385,595.0,97.385,12
2026-06-15T04:15:00Z,97.39,97.39,97.38,97.38,507.0,97.383,42
2026-06-15T04:30:00Z,97.375,97.375,97.375,97.375,250.0,97.375,27
2026-06-15T04:45:00Z,97.375,97.375,97.375,97.375,218.0,97.375,22
2026-06-15T05:00:00Z,97.375,97.375,97.375,97.375,0.0,97.375,0
2026-06-15T05:15:00Z,97.38,97.385,97.38,97.38,1468.0,97.383,73
2026-06-15T05:30:00Z,97.385,97.385,97.38,97.38,896.0,97.3815,83
2026-06-15T05:45:00Z,97.38,97.38,97.37,97.37,810.0,97.373,75
2026-06-15T06:00:00Z,97.37,97.37,97.36,97.36,3111.0,97.361,289
2026-06-15T06:15:00Z,97.36,97.365,97.36,97.365,851.0,97.3625,121
2026-06-15T06:30:00Z,97.365,97.375,97.365,97.37,3284.0,97.3685,270
2026-06-15T06:45:00Z,97.37,97.375,97.37,97.37,2319.0,97.37,251
2026-06-15T07:00:00Z,97.37,97.375,97.37,97.375,4622.0,97.3735,362
2026-06-15T07:15:00Z,97.375,97.38,97.375,97.375,2360.0,97.375,206
2026-06-15T07:30:00Z,97.37,97.375,97.37,97.375,1517.0,97.371,141
2026-06-15T07:45:00Z,97.375,97.375,97.37,97.37,3017.0,97.37,263
2026-06-15T08:00:00Z,97.37,97.375,97.37,97.375,583.0,97.3705,234
2026-06-15T08:15:00Z,97.375,97.38,97.37,97.375,4899.0,97.374,423
2026-06-15T08:30:00Z,97.375,97.385,97.37,97.38,5384.0,97.3785,485
2026-06-15T08:45:00Z,97.385,97.385,97.38,97.385,7542.0,97.3805,797
2026-06-15T09:00:00Z,97.38,97.385,97.38,97.38,2431.0,97.381,182
2026-06-15T09:15:00Z,97.38,97.38,97.37,97.37,2199.0,97.3735,148
2026-06-15T09:30:00Z,97.375,97.375,97.365,97.365,3095.0,97.3685,274
2026-06-15T09:45:00Z,97.365,97.37,97.365,97.37,2962.0,97.365,170
2026-06-15T10:00:00Z,97.37,97.37,97.365,97.365,2385.0,97.366,197
2026-06-15T10:15:00Z,97.365,97.37,97.365,97.37,1600.0,97.3675,112
2026-06-15T10:30:00Z,97.375,97.375,97.37,97.375,414.0,97.375,80
2026-06-15T10:45:00Z,97.375,97.375,97.37,97.375,4189.0,97.375,312
2026-06-15T11:00:00Z,97.375,97.38,97.37,97.375,685.0,97.375,95
2026-06-15T11:15:00Z,97.37,97.37,97.365,97.365,3704.0,97.3685,327
2026-06-15T11:30:00Z,97.365,97.37,97.365,97.365,6316.0,97.365,470
2026-06-15T11:45:00Z,97.365,97.365,97.36,97.36,1372.0,97.3605,113
2026-06-15T12:00:00Z,97.36,97.365,97.355,97.365,2899.0,97.3625,133
2026-06-15T12:15:00Z,97.365,97.365,97.36,97.365,2951.0,97.3645,193
2026-06-15T12:30:00Z,97.37,97.37,97.36,97.365,3819.0,97.363,216
2026-06-15T12:45:00Z,97.365,97.365,97.355,97.36,6750.0,97.36,697
2026-06-15T13:00:00Z,97.36,97.36,97.355,97.36,1267.0,97.36,80
2026-06-15T13:15:00Z,97.36,97.365,97.36,97.365,4884.0,97.3645,295
2026-06-15T13:30:00Z,97.365,97.37,97.365,97.37,5459.0,97.369,232
2026-06-15T13:45:00Z,97.37,97.37,97.365,97.365,5639.0,97.365,245
2026-06-15T14:00:00Z,97.37,97.37,97.365,97.365,3593.0,97.3695,291
2026-06-15T14:15:00Z,97.37,97.37,97.365,97.365,7155.0,97.3685,346
2026-06-15T14:30:00Z,97.365,97.37,97.36,97.365,4605.0,97.365,355
2026-06-15T14:45:00Z,97.365,97.365,97.36,97.36,2137.0,97.3645,143
2026-06-15T15:00:00Z,97.36,97.365,97.36,97.365,795.0,97.364,684
2026-06-15T15:15:00Z,97.365,97.365,97.36,97.36,675.0,97.362,244
2026-06-15T15:30:00Z,97.36,97.36,97.355,97.355,1976.0,97.36,178
2026-06-15T15:45:00Z,97.36,97.36,97.355,97.36,398.0,97.36,115
2026-06-15T16:00:00Z,97.36,97.36,97.355,97.36,2757.0,97.3575,221
2026-06-15T16:15:00Z,97.36,97.365,97.355,97.355,1507.0,97.3575,185
2026-06-15T16:30:00Z,97.355,97.355,97.35,97.35,311.0,97.352,31
2026-06-15T16:45:00Z,97.35,97.35,97.35,97.35,532.0,97.35,63
2026-06-15T17:00:00Z,97.35,97.35,97.35,97.35,355.0,97.35,46
2026-06-15T17:15:00Z,97.35,97.35,97.35,97.35,564.0,97.35,41
2026-06-15T17:30:00Z,97.355,97.355,97.355,97.355,50.0,97.355,8
2026-06-15T17:45:00Z,97.35,97.35,97.35,97.35,33.0,97.35,8
2026-06-15T18:00:00Z,97.35,97.35,97.35,97.35,0.0,97.35,0
2026-06-15T18:15:00Z,97.35,97.35,97.35,97.35,0.0,97.35,0
2026-06-15T18:30:00Z,97.345,97.345,97.345,97.345,198.0,97.345,45
2026-06-15T18:45:00Z,97.345,97.345,97.345,97.345,0.0,97.345,0
2026-06-15T19:00:00Z,97.35,97.35,97.35,97.35,170.0,97.35,24
2026-06-15T19:15:00Z,97.345,97.345,97.345,97.345,227.0,97.345,118
2026-06-15T19:30:00Z,97.345,97.35,97.345,97.345,13.0,97.347,11
2026-06-15T19:45:00Z,97.345,97.345,97.345,97.345,104.0,97.345,20
2026-06-16T00:00:00Z,97.35,97.35,97.35,97.35,6.0,97.35,3
2026-06-16T00:15:00Z,97.345,97.345,97.345,97.345,42.0,97.345,11
2026-06-16T00:30:00Z,97.345,97.345,97.345,97.345,0.0,97.345,0
2026-06-16T00:45:00Z,97.345,97.345,97.345,97.345,0.0,97.345,0
2026-06-16T01:00:00Z,97.345,97.345,97.345,97.345,0.0,97.345,0
2026-06-16T01:15:00Z,97.345,97.345,97.345,97.345,0.0,97.345,0
2026-06-16T01:30:00Z,97.345,97.345,97.345,97.345,0.0,97.345,0
2026-06-16T01:45:00Z,97.345,97.345,97.345,97.345,0.0,97.345,0
2026-06-16T02:00:00Z,97.345,97.345,97.345,97.345,0.0,97.345,0
2026-06-16T02:15:00Z,97.35,97.35,97.35,97.35,226.0,97.35,23
2026-06-16T02:30:00Z,97.35,97.35,97.35,97.35,0.0,97.35,0
2026-06-16T02:45:00Z,97.35,97.35,97.35,97.35,0.0,97.35,0
2026-06-16T03:00:00Z,97.35,97.35,97.35,97.35,0.0,97.35,0
2026-06-16T03:15:00Z,97.35,97.35,97.35,97.35,0.0,97.35,0
2026-06-16T03:30:00Z,97.35,97.35,97.35,97.35,0.0,97.35,0
2026-06-16T03:45:00Z,97.35,97.35,97.35,97.35,0.0,97.35,0
2026-06-16T04:00:00Z,97.345,97.345,97.345,97.345,28.0,97.345,7
2026-06-16T04:15:00Z,97.345,97.345,97.345,97.345,0.0,97.345,0
2026-06-16T04:30:00Z,97.345,97.345,97.345,97.345,0.0,97.345,0
2026-06-16T04:45:00Z,97.345,97.345,97.345,97.345,0.0,97.345,0
2026-06-16T05:00:00Z,97.345,97.345,97.345,97.345,0.0,97.345,0
2026-06-16T05:15:00Z,97.345,97.345,97.345,97.345,0.0,97.345,0
2026-06-16T05:30:00Z,97.35,97.35,97.345,97.345,833.0,97.349,225
2026-06-16T05:45:00Z,97.35,97.35,97.35,97.35,6.0,97.35,3
2026-06-16T06:00:00Z,97.355,97.355,97.35,97.35,934.0,97.35,63
2026-06-16T06:15:00Z,97.355,97.355,97.35,97.35,1112.0,97.3515,139
2026-06-16T06:30:00Z,97.35,97.355,97.35,97.355,111.0,97.355,28
2026-06-16T06:45:00Z,97.355,97.355,97.35,97.355,673.0,97.354,108
2026-06-16T07:00:00Z,97.355,97.355,97.35,97.355,1775.0,97.355,112
2026-06-16T07:15:00Z,97.355,97.36,97.35,97.355,2683.0,97.355,313
2026-06-16T07:30:00Z,97.36,97.36,97.355,97.36,1606.0,97.36,121
2026-06-16T07:45:00Z,97.36,97.365,97.36,97.365,2518.0,97.362,169
2026-06-16T08:00:00Z,97.365,97.37,97.365,97.37,6760.0,97.3685,338
2026-06-16T08:15:00Z,97.37,97.37,97.37,97.37,3648.0,97.37,187
2026-06-16T08:30:00Z,97.37,97.375,97.37,97.37,4456.0,97.374,428
2026-06-16T08:45:00Z,97.375,97.38,97.375,97.375,1712.0,97.3755,120
2026-06-16T09:00:00Z,97.37,97.375,97.37,97.375,652.0,97.371,94
2026-06-16T09:15:00Z,97.375,97.375,97.37,97.37,539.0,97.3705,52
2026-06-16T09:30:00Z,97.375,97.375,97.37,97.37,667.0,97.3735,112
2026-06-16T09:45:00Z,97.37,97.375,97.37,97.375,1529.0,97.375,192
2026-06-16T10:00:00Z,97.375,97.38,97.375,97.38,7645.0,97.375,397
2026-06-16T10:15:00Z,97.375,97.38,97.375,97.375,4029.0,97.375,197
2026-06-16T10:30:00Z,97.375,97.38,97.37,97.375,3217.0,97.375,308
2026-06-16T10:45:00Z,97.375,97.38,97.375,97.375,2095.0,97.375,117
2026-06-16T11:00:00Z,97.375,97.375,97.37,97.37,2657.0,97.37,195
2026-06-16T11:15:00Z,97.37,97.37,97.365,97.37,1792.0,97.3695,127
2026-06-16T11:30:00Z,97.365,97.37,97.365,97.365,252.0,97.3695,27
2026-06-16T11:45:00Z,97.37,97.37,97.365,97.37,2574.0,97.37,286
2026-06-16T12:00:00Z,97.37,97.375,97.365,97.37,3694.0,97.3675,270
2026-06-16T12:15:00Z,97.37,97.37,97.365,97.365,2366.0,97.3675,275
2026-06-16T12:30:00Z,97.37,97.375,97.365,97.37,2245.0,97.3705,191
2026-06-16T12:45:00Z,97.37,97.375,97.37,97.375,1712.0,97.375,108
2026-06-16T13:00:00Z,97.37,97.375,97.365,97.37,469.0,97.3695,108
2026-06-16T13:15:00Z,97.365,97.365,97.355,97.36,5914.0,97.3605,347
2026-06-16T13:30:00Z,97.36,97.36,97.355,97.355,1087.0,97.355,112
2026-06-16T13:45:00Z,97.355,97.36,97.35,97.36,2950.0,97.355,155
2026-06-16T14:00:00Z,97.355,97.365,97.35,97.35,3179.0,97.3575,313
2026-06-16T14:15:00Z,97.355,97.355,97.35,97.355,1509.0,97.355,138
2026-06-16T14:30:00Z,97.355,97.355,97.345,97.345,4649.0,97.3515,290
2026-06-16T14:45:00Z,97.35,97.35,97.345,97.35,2657.0,97.349,263
2026-06-16T15:00:00Z,97.35,97.35,97.345,97.35,2161.0,97.35,1775
2026-06-16T15:15:00Z,97.35,97.35,97.345,97.35,3993.0,97.348,672
2026-06-16T15:30:00Z,97.345,97.355,97.345,97.355,6970.0,97.35,408
2026-06-16T15:45:00Z,97.355,97.37,97.35,97.365,7172.0,97.356,421
2026-06-16T16:00:00Z,97.365,97.365,97.355,97.36,2063.0,97.36,261
2026-06-16T16:15:00Z,97.36,97.36,97.355,97.355,4194.0,97.36,91
2026-06-16T16:30:00Z,97.36,97.365,97.36,97.36,439.0,97.361,82
2026-06-16T16:45:00Z,97.36,97.365,97.36,97.365,1217.0,97.365,83
2026-06-16T17:00:00Z,97.365,97.37,97.365,97.37,5468.0,97.37,242
2026-06-16T17:15:00Z,97.37,97.375,97.365,97.37,1224.0,97.37,56
2026-06-16T17:30:00Z,97.37,97.37,97.37,97.37,27.0,97.37,6
2026-06-16T17:45:00Z,97.37,97.37,97.365,97.365,1715.0,97.3695,46
2026-06-16T18:00:00Z,97.365,97.365,97.365,97.365,295.0,97.365,31
2026-06-16T18:15:00Z,97.365,97.365,97.365,97.365,157.0,97.365,27
2026-06-16T18:30:00Z,97.36,97.36,97.36,97.36,28.0,97.36,12
2026-06-16T18:45:00Z,97.36,97.36,97.36,97.36,591.0,97.36,36
2026-06-16T19:00:00Z,97.36,97.36,97.36,97.36,4.0,97.36,4
2026-06-16T19:15:00Z,97.36,97.36,97.36,97.36,43.0,97.36,14
2026-06-16T19:30:00Z,97.36,97.36,97.36,97.36,77.0,97.36,13
2026-06-16T19:45:00Z,97.36,97.36,97.36,97.36,50.0,97.36,10
2026-06-17T00:45:00Z,97.36,97.36,97.36,97.36,43.0,97.36,7
2026-06-17T01:00:00Z,97.36,97.36,97.36,97.36,0.0,97.36,0
2026-06-17T01:15:00Z,97.36,97.36,97.36,97.36,2.0,97.36,2
2026-06-17T01:30:00Z,97.36,97.36,97.36,97.36,0.0,97.36,0
2026-06-17T01:45:00Z,97.36,97.36,97.36,97.36,0.0,97.36,0
2026-06-17T02:00:00Z,97.36,97.36,97.36,97.36,0.0,97.36,0
2026-06-17T02:15:00Z,97.36,97.36,97.36,97.36,0.0,97.36,0
2026-06-17T02:30:00Z,97.36,97.36,97.36,97.36,0.0,97.36,0
2026-06-17T02:45:00Z,97.36,97.36,97.36,97.36,0.0,97.36,0
2026-06-17T03:00:00Z,97.36,97.36,97.36,97.36,259.0,97.36,7
2026-06-17T03:15:00Z,97.36,97.36,97.36,97.36,3.0,97.36,1
2026-06-17T03:30:00Z,97.36,97.36,97.36,97.36,309.0,97.36,16
2026-06-17T03:45:00Z,97.36,97.36,97.36,97.36,0.0,97.36,0
2026-06-17T04:00:00Z,97.36,97.36,97.36,97.36,0.0,97.36,0
2026-06-17T04:15:00Z,97.36,97.36,97.36,97.36,0.0,97.36,0
2026-06-17T04:30:00Z,97.36,97.36,97.36,97.36,0.0,97.36,0
2026-06-17T04:45:00Z,97.365,97.365,97.365,97.365,8.0,97.365,3
2026-06-17T05:00:00Z,97.365,97.365,97.365,97.365,0.0,97.365,0
2026-06-17T05:15:00Z,97.37,97.37,97.37,97.37,109.0,97.37,9
2026-06-17T05:30:00Z,97.37,97.37,97.37,97.37,0.0,97.37,0
2026-06-17T05:45:00Z,97.375,97.375,97.37,97.37,201.0,97.3715,37
2026-06-17T06:00:00Z,97.37,97.375,97.37,97.375,915.0,97.375,75
2026-06-17T06:15:00Z,97.38,97.385,97.375,97.375,932.0,97.379,69
2026-06-17T06:30:00Z,97.38,97.38,97.375,97.375,1691.0,97.377,115
2026-06-17T06:45:00Z,97.38,97.38,97.375,97.375,2057.0,97.375,110
2026-06-17T07:00:00Z,97.375,97.375,97.365,97.365,3612.0,97.37,265
2026-06-17T07:15:00Z,97.37,97.37,97.365,97.37,98.0,97.365,26
2026-06-17T07:30:00Z,97.37,97.37,97.365,97.37,133.0,97.368,47
2026-06-17T07:45:00Z,97.37,97.37,97.37,97.37,7498.0,97.37,492
2026-06-17T08:00:00Z,97.37,97.37,97.355,97.36,4848.0,97.364,370
2026-06-17T08:15:00Z,97.36,97.36,97.355,97.36,523.0,97.3575,60
2026-06-17T08:30:00Z,97.355,97.36,97.355,97.36,2219.0,97.358,176
2026-06-17T08:45:00Z,97.36,97.365,97.36,97.36,271.0,97.3625,81
2026-06-17T09:00:00Z,97.36,97.365,97.36,97.36,222.0,97.36,58
2026-06-17T09:15:00Z,97.365,97.365,97.36,97.36,1221.0,97.365,89
2026-06-17T09:30:00Z,97.365,97.365,97.36,97.36,613.0,97.3615,42
2026-06-17T09:45:00Z,97.365,97.365,97.36,97.365,124.0,97.365,32
2026-06-17T10:00:00Z,97.36,97.365,97.355,97.36,2818.0,97.3585,245
2026-06-17T10:15:00Z,97.36,97.36,97.36,97.36,698.0,97.36,57
2026-06-17T10:30:00Z,97.36,97.365,97.36,97.365,21.0,97.3645,8
2026-06-17T10:45:00Z,97.36,97.365,97.36,97.36,4695.0,97.3605,244
2026-06-17T11:00:00Z,97.36,97.36,97.36,97.36,1803.0,97.36,56
2026-06-17T11:15:00Z,97.36,97.365,97.36,97.36,1468.0,97.36,68
2026-06-17T11:30:00Z,97.36,97.36,97.355,97.36,2976.0,97.36,128
2026-06-17T11:45:00Z,97.36,97.36,97.355,97.355,1678.0,97.356,102
2026-06-17T12:00:00Z,97.355,97.36,97.355,97.355,1928.0,97.3555,203
2026-06-17T12:15:00Z,97.355,97.355,97.355,97.355,3089.0,97.355,203
2026-06-17T12:30:00Z,97.355,97.36,97.355,97.355,3361.0,97.3565,225
2026-06-17T12:45:00Z,97.355,97.36,97.355,97.355,1624.0,97.355,196
2026-06-17T13:00:00Z,97.355,97.355,97.35,97.35,3346.0,97.3505,310
2026-06-17T13:15:00Z,97.35,97.355,97.35,97.35,1428.0,97.3525,137
2026-06-17T13:30:00Z,97.35,97.355,97.35,97.35,739.0,97.35,78
2026-06-17T13:45:00Z,97.355,97.355,97.345,97.355,3552.0,97.3505,429
2026-06-17T14:00:00Z,97.35,97.355,97.35,97.35,1744.0,97.3545,293
2026-06-17T14:15:00Z,97.35,97.355,97.345,97.35,2362.0,97.3505,394
2026-06-17T14:30:00Z,97.35,97.355,97.35,97.35,21.0,97.3525,18
2026-06-17T14:45:00Z,97.355,97.355,97.335,97.335,11387.0,97.3445,602
2026-06-17T15:00:00Z,97.335,97.35,97.335,97.35,4101.0,97.344,921
2026-06-17T15:15:00Z,97.345,97.355,97.345,97.355,8779.0,97.3535,1367
2026-06-17T15:30:00Z,97.355,97.355,97.345,97.35,4222.0,97.35,327
2026-06-17T15:45:00Z,97.345,97.35,97.345,97.345,689.0,97.3475,63
2026-06-17T16:00:00Z,97.345,97.35,97.345,97.345,792.0,97.345,35
2026-06-17T16:15:00Z,97.345,97.35,97.345,97.345,1807.0,97.3475,80
2026-06-17T16:30:00Z,97.35,97.35,97.35,97.35,9.0,97.35,4
2026-06-17T16:45:00Z,97.35,97.35,97.345,97.345,182.0,97.3495,70
2026-06-17T17:00:00Z,97.345,97.345,97.34,97.345,3033.0,97.3425,176
2026-06-17T17:15:00Z,97.35,97.35,97.35,97.35,1.0,97.35,1
2026-06-17T17:30:00Z,97.35,97.35,97.35,97.35,1424.0,97.35,43
2026-06-17T17:45:00Z,97.355,97.355,97.355,97.355,484.0,97.355,22
2026-06-17T18:00:00Z,97.35,97.355,97.3,97.32,6209.0,97.3225,670
2026-06-17T18:15:00Z,97.325,97.33,97.315,97.315,2091.0,97.32,173
2026-06-17T18:30:00Z,97.32,97.34,97.31,97.335,3687.0,97.328,366
2026-06-17T18:45:00Z,97.33,97.33,97.31,97.31,1382.0,97.317,182
2026-06-17T19:00:00Z,97.31,97.31,97.29,97.295,3805.0,97.2965,324
2026-06-17T19:15:00Z,97.295,97.3,97.285,97.29,2371.0,97.294,181
2026-06-17T19:30:00Z,97.29,97.295,97.285,97.29,933.0,97.2885,165
2026-06-17T19:45:00Z,97.29,97.29,97.285,97.285,3257.0,97.289,571
2026-06-18T00:00:00Z,97.28,97.315,97.28,97.315,1417.0,97.307,121
2026-06-18T00:15:00Z,97.305,97.31,97.305,97.31,158.0,97.3075,18
2026-06-18T00:30:00Z,97.31,97.31,97.31,97.31,0.0,97.31,0
2026-06-18T00:45:00Z,97.305,97.305,97.305,97.305,7.0,97.305,7
2026-06-18T01:00:00Z,97.31,97.31,97.31,97.31,117.0,97.31,6
2026-06-18T01:15:00Z,97.315,97.315,97.315,97.315,56.0,97.315,19
2026-06-18T01:30:00Z,97.315,97.315,97.315,97.315,11.0,97.315,3
2026-06-18T01:45:00Z,97.32,97.32,97.315,97.315,171.0,97.3155,14
2026-06-18T02:00:00Z,97.315,97.315,97.315,97.315,0.0,97.315,0
2026-06-18T02:15:00Z,97.315,97.315,97.315,97.315,0.0,97.315,0
2026-06-18T02:30:00Z,97.315,97.315,97.315,97.315,38.0,97.315,16
2026-06-18T02:45:00Z,97.315,97.315,97.315,97.315,8.0,97.315,8
2026-06-18T03:00:00Z,97.315,97.315,97.315,97.315,7.0,97.315,2
2026-06-18T03:15:00Z,97.315,97.315,97.315,97.315,0.0,97.315,0
2026-06-18T03:30:00Z,97.315,97.315,97.315,97.315,0.0,97.315,0
2026-06-18T03:45:00Z,97.315,97.315,97.315,97.315,0.0,97.315,0
2026-06-18T04:00:00Z,97.315,97.315,97.315,97.315,27.0,97.315,8
2026-06-18T04:15:00Z,97.315,97.315,97.315,97.315,321.0,97.315,54
2026-06-18T04:30:00Z,97.315,97.32,97.315,97.32,2682.0,97.315,20
2026-06-18T04:45:00Z,97.32,97.32,97.32,97.32,175.0,97.32,9
2026-06-18T05:00:00Z,97.315,97.315,97.315,97.315,311.0,97.315,34
2026-06-18T05:15:00Z,97.315,97.315,97.315,97.315,128.0,97.315,20
2026-06-18T05:30:00Z,97.315,97.315,97.315,97.315,53.0,97.315,16
2026-06-18T05:45:00Z,97.315,97.315,97.305,97.31,351.0,97.31,44
2026-06-18T06:00:00Z,97.31,97.31,97.3,97.305,850.0,97.305,43
2026-06-18T06:15:00Z,97.31,97.31,97.31,97.31,1807.0,97.31,66
2026-06-18T06:30:00Z,97.31,97.31,97.305,97.31,3317.0,97.308,184
2026-06-18T06:45:00Z,97.315,97.32,97.315,97.32,3191.0,97.318,147
2026-06-18T07:00:00Z,97.32,97.325,97.32,97.32,3556.0,97.32,232
2026-06-18T07:15:00Z,97.32,97.33,97.32,97.325,3124.0,97.3205,162
2026-06-18T07:30:00Z,97.325,97.325,97.32,97.325,957.0,97.325,79
2026-06-18T07:45:00Z,97.325,97.325,97.32,97.32,1311.0,97.32,106
2026-06-18T08:00:00Z,97.32,97.325,97.32,97.32,1376.0,97.32,74
2026-06-18T08:15:00Z,97.32,97.32,97.32,97.32,634.0,97.32,110
2026-06-18T08:30:00Z,97.32,97.325,97.32,97.325,3653.0,97.3225,255
2026-06-18T08:45:00Z,97.32,97.325,97.32,97.32,2766.0,97.32,160
2026-06-18T09:00:00Z,97.32,97.325,97.32,97.32,2857.0,97.32,197
2026-06-18T09:15:00Z,97.32,97.325,97.32,97.32,12.0,97.3215,12
2026-06-18T09:30:00Z,97.32,97.32,97.32,97.32,3559.0,97.32,312
2026-06-18T09:45:00Z,97.32,97.32,97.315,97.315,1902.0,97.3155,130
2026-06-18T10:00:00Z,97.31,97.31,97.305,97.31,3489.0,97.308,309
2026-06-18T10:15:00Z,97.31,97.31,97.31,97.31,959.0,97.31,101
2026-06-18T10:30:00Z,97.31,97.31,97.305,97.305,274.0,97.31,16
2026-06-18T10:45:00Z,97.305,97.31,97.305,97.31,2422.0,97.305,173
2026-06-18T11:00:00Z,97.305,97.31,97.295,97.3,2003.0,97.303,177
2026-06-18T11:15:00Z,97.295,97.305,97.295,97.305,3101.0,97.3015,220
2026-06-18T11:30:00Z,97.31,97.31,97.305,97.305,1935.0,97.309,138
2026-06-18T11:45:00Z,97.31,97.315,97.31,97.31,1944.0,97.31,117
2026-06-18T12:00:00Z,97.305,97.32,97.305,97.32,1857.0,97.313,206
2026-06-18T12:15:00Z,97.315,97.32,97.315,97.315,3573.0,97.318,188
2026-06-18T12:30:00Z,97.32,97.325,97.315,97.315,1452.0,97.3195,105
2026-06-18T12:45:00Z,97.315,97.32,97.31,97.31,5167.0,97.314,321
2026-06-18T13:00:00Z,97.31,97.315,97.31,97.31,3368.0,97.311,121
2026-06-18T13:15:00Z,97.315,97.32,97.315,97.32,4890.0,97.3165,244
2026-06-18T13:30:00Z,97.32,97.335,97.32,97.33,3397.0,97.326,164
2026-06-18T13:45:00Z,97.325,97.33,97.325,97.33,3586.0,97.3265,215
2026-06-18T14:00:00Z,97.33,97.335,97.33,97.335,1729.0,97.33,148
2026-06-18T14:15:00Z,97.33,97.335,97.33,97.33,241.0,97.3325,56
2026-06-18T14:30:00Z,97.33,97.335,97.33,97.33,3054.0,97.3315,350
2026-06-18T14:45:00Z,97.335,97.34,97.33,97.335,4347.0,97.335,280
2026-06-18T15:00:00Z,97.335,97.345,97.335,97.34,8720.0,97.3395,620
2026-06-18T15:15:00Z,97.335,97.34,97.335,97.335,5827.0,97.3375,351
2026-06-18T15:30:00Z,97.335,97.34,97.335,97.34,1654.0,97.335,91
2026-06-18T15:45:00Z,97.335,97.34,97.33,97.33,1226.0,97.335,138
2026-06-18T16:00:00Z,97.335,97.335,97.33,97.335,1591.0,97.335,81
2026-06-18T16:15:00Z,97.335,97.34,97.335,97.335,1075.0,97.335,36
2026-06-18T16:30:00Z,97.335,97.34,97.335,97.34,227.0,97.339,200
2026-06-18T16:45:00Z,97.34,97.34,97.335,97.34,686.0,97.3355,145
2026-06-18T17:00:00Z,97.335,97.34,97.335,97.335,128.0,97.3355,22
2026-06-18T17:15:00Z,97.335,97.335,97.335,97.335,787.0,97.335,40
2026-06-18T17:30:00Z,97.335,97.335,97.33,97.33,702.0,97.3315,90
2026-06-18T17:45:00Z,97.33,97.33,97.33,97.33,9.0,97.33,9
2026-06-18T18:00:00Z,97.33,97.33,97.33,97.33,0.0,97.33,0
2026-06-18T18:15:00Z,97.33,97.33,97.33,97.33,708.0,97.33,31
2026-06-18T18:30:00Z,97.33,97.33,97.325,97.33,807.0,97.325,36
2026-06-18T18:45:00Z,97.33,97.33,97.325,97.325,706.0,97.325,41
2026-06-18T19:00:00Z,97.32,97.33,97.32,97.33,649.0,97.325,26
2026-06-18T19:15:00Z,97.325,97.325,97.325,97.325,427.0,97.325,16
2026-06-18T19:30:00Z,97.325,97.325,97.325,97.325,414.0,97.325,22
2026-06-18T19:45:00Z,97.325,97.325,97.315,97.315,490.0,97.319,37
2026-06-19T00:00:00Z,97.31,97.31,97.31,97.31,117.0,97.31,25
2026-06-19T00:15:00Z,97.31,97.315,97.31,97.31,276.0,97.311,75
2026-06-19T00:30:00Z,97.315,97.315,97.315,97.315,19.0,97.315,1
2026-06-19T00:45:00Z,97.315,97.315,97.315,97.315,0.0,97.315,0
2026-06-19T01:00:00Z,97.315,97.315,97.315,97.315,30.0,97.315,2
2026-06-19T01:15:00Z,97.315,97.315,97.31,97.31,38.0,97.3115,6
2026-06-19T01:30:00Z,97.305,97.305,97.305,97.305,13.0,97.305,1
2026-06-19T01:45:00Z,97.31,97.31,97.31,97.31,736.0,97.31,19
2026-06-19T02:00:00Z,97.305,97.305,97.305,97.305,1.0,97.305,1
2026-06-19T02:15:00Z,97.305,97.305,97.305,97.305,100.0,97.305,4
2026-06-19T02:30:00Z,97.31,97.31,97.31,97.31,1.0,97.31,1
2026-06-19T02:45:00Z,97.305,97.305,97.305,97.305,3.0,97.305,2
2026-06-19T03:00:00Z,97.305,97.305,97.305,97.305,29.0,97.305,5
2026-06-19T03:15:00Z,97.3,97.3,97.3,97.3,194.0,97.3,13
2026-06-19T03:30:00Z,97.3,97.3,97.3,97.3,27.0,97.3,3
2026-06-19T03:45:00Z,97.3,97.3,97.3,97.3,0.0,97.3,0
2026-06-19T04:00:00Z,97.305,97.305,97.305,97.305,149.0,97.305,26
2026-06-19T04:15:00Z,97.305,97.305,97.305,97.305,1.0,97.305,1
2026-06-19T04:30:00Z,97.305,97.305,97.305,97.305,10.0,97.305,3
2026-06-19T04:45:00Z,97.305,97.31,97.305,97.31,4.0,97.3075,4
2026-06-19T05:00:00Z,97.31,97.31,97.3,97.3,369.0,97.301,14
2026-06-19T05:15:00Z,97.3,97.3,97.3,97.3,252.0,97.3,10
2026-06-19T05:30:00Z,97.3,97.3,97.3,97.3,121.0,97.3,23
2026-06-19T05:45:00Z,97.305,97.305,97.3,97.3,39.0,97.3005,20
2026-06-19T06:00:00Z,97.295,97.305,97.295,97.3,939.0,97.296,127
2026-06-19T06:15:00Z,97.305,97.305,97.3,97.3,86.0,97.3,28
2026-06-19T06:30:00Z,97.3,97.315,97.3,97.315,1085.0,97.3075,120
2026-06-19T06:45:00Z,97.31,97.315,97.31,97.31,327.0,97.31,72
2026-06-19T07:00:00Z,97.31,97.32,97.305,97.315,1703.0,97.3145,186
2026-06-19T07:15:00Z,97.31,97.315,97.305,97.31,1010.0,97.309,131
2026-06-19T07:30:00Z,97.31,97.315,97.31,97.31,229.0,97.31,36
2026-06-19T07:45:00Z,97.31,97.315,97.305,97.305,4826.0,97.3095,235
2026-06-19T08:00:00Z,97.305,97.31,97.305,97.31,229.0,97.3055,85
2026-06-19T08:15:00Z,97.305,97.31,97.305,97.305,690.0,97.306,121
2026-06-19T08:30:00Z,97.305,97.31,97.305,97.31,1279.0,97.3095,218
2026-06-19T08:45:00Z,97.305,97.31,97.305,97.31,922.0,97.3095,144
2026-06-19T09:00:00Z,97.31,97.31,97.305,97.31,1957.0,97.3085,205
2026-06-19T09:15:00Z,97.31,97.31,97.3,97.3,4483.0,97.302,256
2026-06-19T09:30:00Z,97.3,97.305,97.3,97.305,310.0,97.301,57
2026-06-19T09:45:00Z,97.305,97.31,97.3,97.305,3151.0,97.305,144
2026-06-19T10:00:00Z,97.305,97.305,97.3,97.3,1076.0,97.305,96
2026-06-19T10:15:00Z,97.3,97.305,97.3,97.3,263.0,97.3,35
2026-06-19T10:30:00Z,97.3,97.305,97.29,97.295,5528.0,97.296,382
2026-06-19T10:45:00Z,97.3,97.3,97.295,97.3,2551.0,97.299,128
2026-06-19T11:00:00Z,97.3,97.3,97.29,97.29,1763.0,97.2955,110
2026-06-19T11:15:00Z,97.29,97.3,97.29,97.295,245.0,97.2945,40
2026-06-19T11:30:00Z,97.295,97.305,97.295,97.305,1467.0,97.2995,122
2026-06-19T11:45:00Z,97.305,97.31,97.3,97.305,5003.0,97.305,166
2026-06-19T12:00:00Z,97.305,97.31,97.305,97.31,2230.0,97.3095,280
2026-06-19T12:15:00Z,97.31,97.31,97.305,97.31,138.0,97.31,38
2026-06-19T12:30:00Z,97.305,97.31,97.295,97.3,5529.0,97.301,338
2026-06-19T12:45:00Z,97.3,97.325,97.295,97.315,8435.0,97.3155,418
2026-06-19T13:00:00Z,97.31,97.32,97.31,97.31,3886.0,97.313,252
2026-06-19T13:15:00Z,97.31,97.31,97.305,97.31,2800.0,97.31,144
2026-06-19T13:30:00Z,97.31,97.31,97.3,97.3,1147.0,97.3045,152
2026-06-19T13:45:00Z,97.305,97.305,97.3,97.3,976.0,97.3005,106
2026-06-19T14:00:00Z,97.3,97.305,97.295,97.3,2521.0,97.3,135
2026-06-19T14:15:00Z,97.3,97.305,97.295,97.3,794.0,97.3,83
2026-06-19T14:30:00Z,97.3,97.305,97.295,97.295,1529.0,97.2995,143
2026-06-19T14:45:00Z,97.295,97.3,97.295,97.295,4509.0,97.295,185
2026-06-19T15:00:00Z,97.295,97.3,97.295,97.295,1285.0,97.2955,144
2026-06-19T15:15:00Z,97.3,97.3,97.295,97.3,4340.0,97.3,255
2026-06-19T15:30:00Z,97.3,97.3,97.295,97.295,659.0,97.3,52
2026-06-19T15:45:00Z,97.295,97.3,97.295,97.295,38.0,97.295,33
2026-06-19T16:00:00Z,97.3,97.3,97.295,97.295,4313.0,97.295,157
2026-06-19T16:15:00Z,97.295,97.3,97.29,97.295,1041.0,97.295,32
2026-06-19T16:30:00Z,97.295,97.295,97.29,97.29,207.0,97.295,56
2026-06-19T16:45:00Z,97.29,97.29,97.29,97.29,774.0,97.29,50
2026-06-19T17:00:00Z,97.295,97.295,97.295,97.295,431.0,97.295,39
2026-06-19T17:15:00Z,97.3,97.3,97.295,97.295,988.0,97.2955,111
2026-06-19T17:30:00Z,97.295,97.295,97.295,97.295,0.0,97.295,0
2026-06-19T17:45:00Z,97.3,97.3,97.3,97.3,32.0,97.3,5
2026-06-19T18:00:00Z,97.3,97.3,97.3,97.3,0.0,97.3,0
2026-06-19T18:15:00Z,97.295,97.295,97.295,97.295,138.0,97.295,13
2026-06-19T18:30:00Z,97.295,97.295,97.295,97.295,0.0,97.295,0
2026-06-19T18:45:00Z,97.295,97.295,97.295,97.295,0.0,97.295,0
2026-06-19T19:00:00Z,97.295,97.295,97.295,97.295,82.0,97.295,6
2026-06-19T19:15:00Z,97.29,97.29,97.29,97.29,10.0,97.29,8
2026-06-19T19:30:00Z,97.29,97.29,97.29,97.29,0.0,97.29,0
2026-06-19T19:45:00Z,97.295,97.295,97.295,97.295,93.0,97.295,11
2026-06-22T00:00:00Z,97.29,97.29,97.285,97.285,298.0,97.2895,53
2026-06-22T00:15:00Z,97.285,97.29,97.285,97.29,145.0,97.2895,32
2026-06-22T00:30:00Z,97.29,97.29,97.285,97.285,24.0,97.288,18
2026-06-22T00:45:00Z,97.29,97.29,97.285,97.29,30.0,97.2855,29
2026-06-22T01:00:00Z,97.29,97.295,97.29,97.29,42.0,97.291,33
2026-06-22T01:15:00Z,97.29,97.29,97.29,97.29,32.0,97.29,25
2026-06-22T01:30:00Z,97.29,97.295,97.29,97.295,280.0,97.2945,37
2026-06-22T01:45:00Z,97.29,97.295,97.29,97.29,125.0,97.294,40
2026-06-22T02:00:00Z,97.29,97.295,97.29,97.295,28.0,97.2935,23
2026-06-22T02:15:00Z,97.29,97.29,97.29,97.29,22.0,97.29,22
2026-06-22T02:30:00Z,97.29,97.295,97.29,97.29,28.0,97.2945,22
2026-06-22T02:45:00Z,97.29,97.295,97.29,97.295,30.0,97.2945,29
2026-06-22T03:00:00Z,97.295,97.295,97.29,97.29,31.0,97.2905,30
2026-06-22T03:15:00Z,97.29,97.29,97.29,97.29,30.0,97.29,30
2026-06-22T03:30:00Z,97.29,97.29,97.29,97.29,127.0,97.29,44
2026-06-22T03:45:00Z,97.29,97.29,97.285,97.285,60.0,97.2895,36
2026-06-22T04:00:00Z,97.285,97.285,97.285,97.285,30.0,97.285,22
2026-06-22T04:15:00Z,97.285,97.285,97.285,97.285,30.0,97.285,20
2026-06-22T04:30:00Z,97.285,97.285,97.285,97.285,28.0,97.285,27
2026-06-22T04:45:00Z,97.29,97.29,97.285,97.285,16.0,97.2895,4
2026-06-22T05:00:00Z,97.285,97.285,97.285,97.285,0.0,97.285,0
2026-06-22T05:15:00Z,97.295,97.295,97.295,97.295,394.0,97.295,31
2026-06-22T05:30:00Z,97.3,97.3,97.3,97.3,481.0,97.3,11
2026-06-22T05:45:00Z,97.3,97.3,97.3,97.3,32.0,97.3,5
2026-06-22T06:00:00Z,97.305,97.315,97.305,97.31,1700.0,97.31,129
2026-06-22T06:15:00Z,97.315,97.315,97.31,97.315,443.0,97.315,65
2026-06-22T06:30:00Z,97.31,97.32,97.31,97.315,286.0,97.315,69
2026-06-22T06:45:00Z,97.315,97.32,97.315,97.315,604.0,97.319,96
2026-06-22T07:00:00Z,97.315,97.315,97.31,97.315,860.0,97.315,122
2026-06-22T07:15:00Z,97.315,97.315,97.31,97.315,490.0,97.315,43
2026-06-22T07:30:00Z,97.31,97.315,97.31,97.315,129.0,97.3115,78
2026-06-22T07:45:00Z,97.315,97.315,97.31,97.315,145.0,97.314,47
2026-06-22T08:00:00Z,97.31,97.31,97.305,97.305,2556.0,97.3075,265
2026-06-22T08:15:00Z,97.305,97.305,97.305,97.305,3123.0,97.305,267
2026-06-22T08:30:00Z,97.305,97.305,97.305,97.305,271.0,97.305,43
2026-06-22T08:45:00Z,97.305,97.305,97.3,97.305,497.0,97.305,67
2026-06-22T09:00:00Z,97.305,97.315,97.305,97.31,2398.0,97.3075,149
2026-06-22T09:15:00Z,97.31,97.31,97.305,97.305,2150.0,97.3055,112
2026-06-22T09:30:00Z,97.305,97.305,97.305,97.305,137.0,97.305,20
2026-06-22T09:45:00Z,97.305,97.305,97.305,97.305,520.0,97.305,58
2026-06-22T10:00:00Z,97.305,97.31,97.305,97.305,1843.0,97.31,101
2026-06-22T10:15:00Z,97.305,97.31,97.305,97.31,175.0,97.31,28
2026-06-22T10:30:00Z,97.31,97.315,97.305,97.31,3429.0,97.31,220
2026-06-22T10:45:00Z,97.31,97.31,97.305,97.31,601.0,97.3095,67
2026-06-22T11:00:00Z,97.305,97.32,97.305,97.31,5058.0,97.312,295
2026-06-22T11:15:00Z,97.305,97.315,97.305,97.31,3095.0,97.3105,79
2026-06-22T11:30:00Z,97.31,97.315,97.31,97.315,1254.0,97.3145,121
2026-06-22T11:45:00Z,97.315,97.32,97.315,97.315,186.0,97.315,61
2026-06-22T12:00:00Z,97.315,97.32,97.315,97.315,2508.0,97.315,153
2026-06-22T12:15:00Z,97.315,97.32,97.31,97.32,1241.0,97.316,137
2026-06-22T12:30:00Z,97.315,97.32,97.315,97.315,155.0,97.315,31
2026-06-22T12:45:00Z,97.315,97.32,97.31,97.31,2024.0,97.3135,224
2026-06-22T13:00:00Z,97.315,97.365,97.315,97.34,31683.0,97.343,1899
2026-06-22T13:15:00Z,97.345,97.35,97.34,97.345,3716.0,97.345,333
2026-06-22T13:30:00Z,97.35,97.355,97.35,97.35,4685.0,97.3505,268
2026-06-22T13:45:00Z,97.35,97.355,97.34,97.35,7444.0,97.348,370
2026-06-22T14:00:00Z,97.345,97.345,97.34,97.345,2708.0,97.345,143
2026-06-22T14:15:00Z,97.345,97.35,97.34,97.35,1629.0,97.3445,313
2026-06-22T14:30:00Z,97.35,97.355,97.35,97.355,2728.0,97.35,290
2026-06-22T14:45:00Z,97.355,97.355,97.35,97.35,6802.0,97.3525,329
2026-06-22T15:00:00Z,97.35,97.355,97.345,97.355,6836.0,97.3505,1352
2026-06-22T15:15:00Z,97.35,97.355,97.345,97.345,1938.0,97.3505,359
2026-06-22T15:30:00Z,97.35,97.35,97.345,97.35,1974.0,97.346,211
2026-06-22T15:45:00Z,97.345,97.35,97.34,97.345,7753.0,97.345,650
2026-06-22T16:00:00Z,97.345,97.345,97.34,97.345,2243.0,97.345,183
2026-06-22T16:15:00Z,97.345,97.35,97.345,97.345,534.0,97.345,49
2026-06-22T16:30:00Z,97.35,97.35,97.345,97.35,650.0,97.35,31
2026-06-22T16:45:00Z,97.345,97.355,97.345,97.355,3310.0,97.3545,231
2026-06-22T17:00:00Z,97.35,97.355,97.345,97.345,1113.0,97.349,75
2026-06-22T17:15:00Z,97.345,97.345,97.345,97.345,0.0,97.345,0
2026-06-22T17:30:00Z,97.345,97.345,97.345,97.345,3.0,97.345,1
2026-06-22T17:45:00Z,97.345,97.345,97.345,97.345,0.0,97.345,0
2026-06-22T18:00:00Z,97.345,97.345,97.345,97.345,0.0,97.345,0
2026-06-22T18:15:00Z,97.345,97.345,97.345,97.345,0.0,97.345,0
2026-06-22T18:30:00Z,97.345,97.345,97.34,97.34,541.0,97.343,42
2026-06-22T18:45:00Z,97.34,97.34,97.34,97.34,0.0,97.34,0
2026-06-22T19:00:00Z,97.345,97.345,97.345,97.345,143.0,97.345,19
2026-06-22T19:15:00Z,97.345,97.345,97.345,97.345,255.0,97.345,27
2026-06-22T19:30:00Z,97.34,97.34,97.34,97.34,19.0,97.34,13
2026-06-22T19:45:00Z,97.34,97.345,97.34,97.345,182.0,97.344,41
2026-06-23T00:00:00Z,97.345,97.345,97.345,97.345,175.0,97.345,15
2026-06-23T00:15:00Z,97.35,97.355,97.35,97.355,118.0,97.35,10
2026-06-23T00:30:00Z,97.355,97.355,97.355,97.355,0.0,97.355,0
2026-06-23T00:45:00Z,97.35,97.35,97.35,97.35,4.0,97.35,1
2026-06-23T01:00:00Z,97.355,97.355,97.355,97.355,13.0,97.355,6
2026-06-23T01:15:00Z,97.355,97.355,97.355,97.355,53.0,97.355,16
2026-06-23T01:30:00Z,97.35,97.355,97.35,97.355,21.0,97.355,10
2026-06-23T01:45:00Z,97.355,97.355,97.355,97.355,12.0,97.355,3
2026-06-23T02:00:00Z,97.36,97.36,97.36,97.36,42.0,97.36,8
2026-06-23T02:15:00Z,97.36,97.36,97.36,97.36,0.0,97.36,0
2026-06-23T02:30:00Z,97.355,97.355,97.355,97.355,16.0,97.355,2
2026-06-23T02:45:00Z,97.355,97.355,97.355,97.355,0.0,97.355,0
2026-06-23T03:00:00Z,97.36,97.36,97.36,97.36,24.0,97.36,2
2026-06-23T03:15:00Z,97.36,97.36,97.36,97.36,0.0,97.36,0
2026-06-23T03:30:00Z,97.36,97.36,97.36,97.36,25.0,97.36,1
2026-06-23T03:45:00Z,97.365,97.365,97.365,97.365,131.0,97.365,2
2026-06-23T04:00:00Z,97.365,97.365,97.365,97.365,33.0,97.365,2
2026-06-23T04:15:00Z,97.365,97.365,97.365,97.365,0.0,97.365,0
2026-06-23T04:30:00Z,97.36,97.36,97.36,97.36,82.0,97.36,5
2026-06-23T04:45:00Z,97.355,97.355,97.355,97.355,212.0,97.355,9
2026-06-23T05:00:00Z,97.355,97.355,97.355,97.355,60.0,97.355,7
2026-06-23T05:15:00Z,97.355,97.355,97.355,97.355,164.0,97.355,6
2026-06-23T05:30:00Z,97.355,97.355,97.355,97.355,164.0,97.355,3
2026-06-23T05:45:00Z,97.355,97.355,97.355,97.355,8.0,97.355,3
2026-06-23T06:00:00Z,97.355,97.36,97.355,97.36,622.0,97.3585,70
2026-06-23T06:15:00Z,97.36,97.365,97.36,97.365,2327.0,97.3615,148
2026-06-23T06:30:00Z,97.365,97.365,97.36,97.36,1561.0,97.3645,156
2026-06-23T06:45:00Z,97.36,97.36,97.355,97.36,2169.0,97.3595,224
2026-06-23T07:00:00Z,97.36,97.37,97.36,97.36,2314.0,97.3645,180
2026-06-23T07:15:00Z,97.36,97.37,97.35,97.37,4238.0,97.36,333
2026-06-23T07:30:00Z,97.37,97.38,97.37,97.375,10599.0,97.377,587
2026-06-23T07:45:00Z,97.375,97.38,97.375,97.375,1550.0,97.3755,224
2026-06-23T08:00:00Z,97.37,97.37,97.365,97.37,3133.0,97.37,214
2026-06-23T08:15:00Z,97.37,97.37,97.365,97.37,1048.0,97.37,113
2026-06-23T08:30:00Z,97.37,97.37,97.365,97.365,2830.0,97.367,259
2026-06-23T08:45:00Z,97.37,97.37,97.365,97.37,480.0,97.3695,63
2026-06-23T09:00:00Z,97.37,97.37,97.365,97.37,265.0,97.369,64
2026-06-23T09:15:00Z,97.37,97.37,97.365,97.37,402.0,97.3675,71
2026-06-23T09:30:00Z,97.37,97.375,97.37,97.375,1398.0,97.371,106
2026-06-23T09:45:00Z,97.375,97.375,97.375,97.375,2193.0,97.375,204
2026-06-23T10:00:00Z,97.375,97.38,97.375,97.375,2376.0,97.375,112
2026-06-23T10:15:00Z,97.38,97.38,97.375,97.38,116.0,97.379,36
2026-06-23T10:30:00Z,97.38,97.38,97.375,97.375,4035.0,97.375,241
2026-06-23T10:45:00Z,97.37,97.375,97.37,97.37,2362.0,97.3715,339
2026-06-23T11:00:00Z,97.375,97.375,97.37,97.375,105.0,97.375,44
2026-06-23T11:15:00Z,97.37,97.375,97.37,97.375,2954.0,97.375,298
2026-06-23T11:30:00Z,97.375,97.375,97.37,97.37,6779.0,97.371,311
2026-06-23T11:45:00Z,97.375,97.375,97.375,97.375,420.0,97.375,72
2026-06-23T12:00:00Z,97.375,97.375,97.37,97.375,1157.0,97.375,89
2026-06-23T12:15:00Z,97.375,97.375,97.37,97.37,118.0,97.373,21
2026-06-23T12:30:00Z,97.375,97.375,97.375,97.375,3055.0,97.375,218
2026-06-23T12:45:00Z,97.375,97.375,97.37,97.375,122.0,97.375,23
2026-06-23T13:00:00Z,97.375,97.375,97.365,97.37,2933.0,97.3695,259
2026-06-23T13:15:00Z,97.37,97.37,97.365,97.37,1353.0,97.37,115
2026-06-23T13:30:00Z,97.375,97.375,97.37,97.37,2916.0,97.372,246
2026-06-23T13:45:00Z,97.37,97.375,97.37,97.375,1534.0,97.3705,152
2026-06-23T14:00:00Z,97.375,97.375,97.37,97.375,1960.0,97.375,283
2026-06-23T14:15:00Z,97.37,97.375,97.365,97.365,4418.0,97.37,258
2026-06-23T14:30:00Z,97.37,97.37,97.365,97.365,817.0,97.3695,94
2026-06-23T14:45:00Z,97.37,97.37,97.365,97.365,251.0,97.369,80
2026-06-23T15:00:00Z,97.37,97.37,97.36,97.365,7593.0,97.365,513
2026-06-23T15:15:00Z,97.365,97.37,97.36,97.365,4162.0,97.365,431
2026-06-23T15:30:00Z,97.365,97.37,97.36,97.36,3752.0,97.3645,330
2026-06-23T15:45:00Z,97.36,97.365,97.36,97.36,3380.0,97.36,202
2026-06-23T16:00:00Z,97.36,97.365,97.355,97.365,3780.0,97.36,197
2026-06-23T16:15:00Z,97.36,97.36,97.355,97.36,968.0,97.36,91
2026-06-23T16:30:00Z,97.365,97.365,97.36,97.36,210.0,97.36,29
2026-06-23T16:45:00Z,97.365,97.365,97.36,97.36,1584.0,97.36,42
2026-06-23T17:00:00Z,97.36,97.36,97.355,97.355,18.0,97.359,7
2026-06-23T17:15:00Z,97.36,97.36,97.36,97.36,32.0,97.36,16
2026-06-23T17:30:00Z,97.36,97.36,97.36,97.36,660.0,97.36,28
2026-06-23T17:45:00Z,97.36,97.36,97.36,97.36,0.0,97.36,0
2026-06-23T18:00:00Z,97.36,97.36,97.36,97.36,41.0,97.36,5
2026-06-23T18:15:00Z,97.36,97.36,97.36,97.36,827.0,97.36,18
2026-06-23T18:30:00Z,97.36,97.36,97.36,97.36,976.0,97.36,57
2026-06-23T18:45:00Z,97.36,97.365,97.355,97.355,80.0,97.3605,21
2026-06-23T19:00:00Z,97.355,97.355,97.355,97.355,0.0,97.355,0
2026-06-23T19:15:00Z,97.355,97.355,97.355,97.355,0.0,97.355,0
2026-06-23T19:30:00Z,97.355,97.36,97.355,97.36,22.0,97.355,10
2026-06-23T19:45:00Z,97.36,97.36,97.36,97.36,20.0,97.36,14
2026-06-24T00:00:00Z,97.36,97.36,97.36,97.36,1.0,97.36,1
2026-06-24T00:15:00Z,97.36,97.36,97.36,97.36,0.0,97.36,0
2026-06-24T00:30:00Z,97.36,97.36,97.36,97.36,0.0,97.36,0
2026-06-24T00:45:00Z,97.36,97.36,97.36,97.36,0.0,97.36,0
2026-06-24T01:00:00Z,97.36,97.365,97.36,97.365,115.0,97.36,23
2026-06-24T01:15:00Z,97.36,97.36,97.36,97.36,7.0,97.36,2
2026-06-24T01:30:00Z,97.36,97.36,97.36,97.36,255.0,97.36,17
2026-06-24T01:45:00Z,97.36,97.36,97.36,97.36,0.0,97.36,0
2026-06-24T02:00:00Z,97.355,97.355,97.355,97.355,1.0,97.355,1
2026-06-24T02:15:00Z,97.355,97.355,97.355,97.355,0.0,97.355,0
2026-06-24T02:30:00Z,97.355,97.355,97.355,97.355,201.0,97.355,19
2026-06-24T02:45:00Z,97.36,97.36,97.36,97.36,47.0,97.36,6
2026-06-24T03:00:00Z,97.36,97.36,97.36,97.36,0.0,97.36,0
2026-06-24T03:15:00Z,97.36,97.36,97.36,97.36,94.0,97.36,11
2026-06-24T03:30:00Z,97.36,97.36,97.36,97.36,0.0,97.36,0
2026-06-24T03:45:00Z,97.36,97.36,97.36,97.36,0.0,97.36,0
2026-06-24T04:00:00Z,97.36,97.36,97.36,97.36,0.0,97.36,0
2026-06-24T04:15:00Z,97.36,97.36,97.36,97.36,0.0,97.36,0
2026-06-24T04:30:00Z,97.36,97.36,97.36,97.36,0.0,97.36,0
2026-06-24T04:45:00Z,97.36,97.36,97.36,97.36,0.0,97.36,0
2026-06-24T05:00:00Z,97.36,97.36,97.36,97.36,0.0,97.36,0
2026-06-24T05:15:00Z,97.36,97.36,97.36,97.36,0.0,97.36,0
2026-06-24T05:30:00Z,97.36,97.36,97.36,97.36,224.0,97.36,23
2026-06-24T05:45:00Z,97.36,97.36,97.36,97.36,97.0,97.36,18
2026-06-24T06:00:00Z,97.365,97.365,97.365,97.365,506.0,97.365,57
2026-06-24T06:15:00Z,97.365,97.37,97.365,97.365,2194.0,97.365,99
2026-06-24T06:30:00Z,97.37,97.37,97.36,97.36,165.0,97.365,25
2026-06-24T06:45:00Z,97.36,97.37,97.36,97.365,584.0,97.365,55
2026-06-24T07:00:00Z,97.365,97.375,97.365,97.37,4310.0,97.37,325
2026-06-24T07:15:00Z,97.37,97.37,97.365,97.37,350.0,97.3655,88
2026-06-24T07:30:00Z,97.37,97.37,97.365,97.37,310.0,97.365,60
2026-06-24T07:45:00Z,97.37,97.37,97.365,97.365,797.0,97.368,139
2026-06-24T08:00:00Z,97.365,97.37,97.365,97.37,2903.0,97.369,205
2026-06-24T08:15:00Z,97.37,97.375,97.37,97.37,3089.0,97.37,109
2026-06-24T08:30:00Z,97.37,97.37,97.37,97.37,3144.0,97.37,172
2026-06-24T08:45:00Z,97.37,97.37,97.37,97.37,360.0,97.37,28
2026-06-24T09:00:00Z,97.375,97.375,97.37,97.375,58.0,97.375,32
2026-06-24T09:15:00Z,97.375,97.375,97.37,97.37,1833.0,97.371,127
2026-06-24T09:30:00Z,97.37,97.375,97.37,97.375,709.0,97.3715,100
2026-06-24T09:45:00Z,97.37,97.37,97.37,97.37,1137.0,97.37,91
2026-06-24T10:00:00Z,97.37,97.375,97.37,97.37,8.0,97.3705,7
2026-06-24T10:15:00Z,97.37,97.37,97.37,97.37,1340.0,97.37,129
2026-06-24T10:30:00Z,97.37,97.37,97.37,97.37,510.0,97.37,65
2026-06-24T10:45:00Z,97.37,97.37,97.37,97.37,29.0,97.37,17
2026-06-24T11:00:00Z,97.37,97.37,97.365,97.37,3517.0,97.37,370
2026-06-24T11:15:00Z,97.37,97.375,97.37,97.37,971.0,97.37,157
2026-06-24T11:30:00Z,97.375,97.375,97.37,97.37,2306.0,97.375,240
2026-06-24T11:45:00Z,97.375,97.385,97.375,97.38,6056.0,97.3795,272
2026-06-24T12:00:00Z,97.38,97.385,97.38,97.385,960.0,97.3805,71
2026-06-24T12:15:00Z,97.385,97.385,97.38,97.385,6066.0,97.385,352
2026-06-24T12:30:00Z,97.385,97.39,97.385,97.385,933.0,97.386,68
2026-06-24T12:45:00Z,97.39,97.39,97.385,97.39,1263.0,97.387,129
2026-06-24T13:00:00Z,97.39,97.395,97.385,97.39,11074.0,97.392,683
2026-06-24T13:15:00Z,97.39,97.395,97.39,97.39,1139.0,97.39,105
2026-06-24T13:30:00Z,97.39,97.39,97.39,97.39,6018.0,97.39,354
2026-06-24T13:45:00Z,97.39,97.395,97.385,97.39,6310.0,97.39,174
2026-06-24T14:00:00Z,97.395,97.4,97.395,97.4,14309.0,97.3975,636
2026-06-24T14:15:00Z,97.4,97.4,97.395,97.395,622.0,97.397,108
2026-06-24T14:30:00Z,97.395,97.4,97.395,97.4,437.0,97.397,122
2026-06-24T14:45:00Z,97.4,97.405,97.395,97.4,6988.0,97.4,385
2026-06-24T15:00:00Z,97.405,97.405,97.39,97.4,8820.0,97.4015,613
2026-06-24T15:15:00Z,97.395,97.4,97.38,97.38,12587.0,97.388,716
2026-06-24T15:30:00Z,97.385,97.385,97.38,97.385,3923.0,97.385,271
2026-06-24T15:45:00Z,97.385,97.385,97.385,97.385,736.0,97.385,69
2026-06-24T16:00:00Z,97.385,97.39,97.385,97.385,3716.0,97.3875,635
2026-06-24T16:15:00Z,97.385,97.385,97.38,97.38,3214.0,97.383,637
2026-06-24T16:30:00Z,97.385,97.385,97.38,97.385,2655.0,97.385,116
2026-06-24T16:45:00Z,97.385,97.385,97.385,97.385,202.0,97.385,27
2026-06-24T17:00:00Z,97.385,97.385,97.38,97.38,275.0,97.38,39
2026-06-24T17:15:00Z,97.38,97.385,97.38,97.385,470.0,97.3805,33
2026-06-24T17:30:00Z,97.385,97.39,97.385,97.39,754.0,97.3855,94
2026-06-24T17:45:00Z,97.39,97.39,97.39,97.39,50.0,97.39,14
2026-06-24T18:00:00Z,97.385,97.385,97.385,97.385,1390.0,97.385,46
2026-06-24T18:15:00Z,97.385,97.385,97.385,97.385,490.0,97.385,34
2026-06-24T18:30:00Z,97.385,97.385,97.385,97.385,250.0,97.385,21
2026-06-24T18:45:00Z,97.385,97.385,97.385,97.385,83.0,97.385,8
2026-06-24T19:00:00Z,97.385,97.385,97.385,97.385,0.0,97.385,0
2026-06-24T19:15:00Z,97.385,97.385,97.385,97.385,424.0,97.385,7
2026-06-24T19:30:00Z,97.385,97.385,97.385,97.385,7.0,97.385,1
2026-06-24T19:45:00Z,97.385,97.385,97.385,97.385,45.0,97.385,8
2026-06-25T00:00:00Z,97.38,97.385,97.38,97.385,46.0,97.385,33
2026-06-25T00:15:00Z,97.385,97.385,97.385,97.385,29.0,97.385,29
2026-06-25T00:30:00Z,97.385,97.385,97.385,97.385,12.0,97.385,12
2026-06-25T00:45:00Z,97.385,97.385,97.385,97.385,10.0,97.385,10
2026-06-25T01:00:00Z,97.385,97.39,97.385,97.385,41.0,97.385,7
2026-06-25T01:15:00Z,97.385,97.39,97.385,97.385,60.0,97.385,13
2026-06-25T01:30:00Z,97.39,97.39,97.39,97.39,5.0,97.39,5
2026-06-25T01:45:00Z,97.39,97.39,97.39,97.39,6.0,97.39,6
2026-06-25T02:00:00Z,97.39,97.39,97.39,97.39,40.0,97.39,15
2026-06-25T02:15:00Z,97.39,97.39,97.39,97.39,29.0,97.39,11
2026-06-25T02:30:00Z,97.39,97.39,97.39,97.39,7.0,97.39,4
2026-06-25T02:45:00Z,97.39,97.39,97.39,97.39,4.0,97.39,4
2026-06-25T03:00:00Z,97.39,97.395,97.39,97.39,120.0,97.39,9
2026-06-25T03:15:00Z,97.39,97.39,97.39,97.39,0.0,97.39,0
2026-06-25T03:30:00Z,97.39,97.39,97.39,97.39,306.0,97.39,11
2026-06-25T03:45:00Z,97.395,97.395,97.395,97.395,5.0,97.395,5
2026-06-25T04:00:00Z,97.395,97.395,97.395,97.395,6.0,97.395,6
2026-06-25T04:15:00Z,97.395,97.395,97.395,97.395,8.0,97.395,8
2026-06-25T04:30:00Z,97.395,97.395,97.39,97.39,10.0,97.392,9
2026-06-25T04:45:00Z,97.39,97.39,97.39,97.39,8.0,97.39,8
2026-06-25T05:00:00Z,97.39,97.39,97.385,97.39,502.0,97.385,21
2026-06-25T05:15:00Z,97.385,97.39,97.385,97.385,357.0,97.385,35
2026-06-25T05:30:00Z,97.385,97.39,97.385,97.39,35.0,97.388,29
2026-06-25T05:45:00Z,97.39,97.39,97.39,97.39,46.0,97.39,46
2026-06-25T06:00:00Z,97.39,97.395,97.39,97.39,857.0,97.39,59
2026-06-25T06:15:00Z,97.385,97.395,97.385,97.39,830.0,97.39,102
2026-06-25T06:30:00Z,97.39,97.395,97.39,97.395,285.0,97.391,81
2026-06-25T06:45:00Z,97.395,97.4,97.395,97.395,3124.0,97.395,189
2026-06-25T07:00:00Z,97.395,97.395,97.38,97.385,1257.0,97.387,186
2026-06-25T07:15:00Z,97.38,97.385,97.38,97.38,3334.0,97.38,254
2026-06-25T07:30:00Z,97.385,97.385,97.38,97.385,385.0,97.383,82
2026-06-25T07:45:00Z,97.385,97.385,97.38,97.385,2135.0,97.384,100
2026-06-25T08:00:00Z,97.385,97.39,97.38,97.385,6455.0,97.385,315
2026-06-25T08:15:00Z,97.385,97.39,97.385,97.39,275.0,97.3895,83
2026-06-25T08:30:00Z,97.39,97.395,97.385,97.39,1694.0,97.3895,194
2026-06-25T08:45:00Z,97.395,97.395,97.39,97.395,162.0,97.392,35
2026-06-25T09:00:00Z,97.395,97.395,97.39,97.395,5171.0,97.3915,423
2026-06-25T09:15:00Z,97.395,97.4,97.39,97.395,854.0,97.394,134
2026-06-25T09:30:00Z,97.395,97.4,97.395,97.395,2145.0,97.395,180
2026-06-25T09:45:00Z,97.395,97.395,97.39,97.395,42.0,97.395,28
2026-06-25T10:00:00Z,97.395,97.395,97.39,97.39,93.0,97.395,41
2026-06-25T10:15:00Z,97.395,97.4,97.395,97.4,4747.0,97.395,172
2026-06-25T10:30:00Z,97.4,97.405,97.4,97.4,2863.0,97.4,176
2026-06-25T10:45:00Z,97.4,97.4,97.395,97.395,570.0,97.4,88
2026-06-25T11:00:00Z,97.4,97.4,97.395,97.4,53.0,97.396,30
2026-06-25T11:15:00Z,97.4,97.4,97.395,97.395,2580.0,97.3965,433
2026-06-25T11:30:00Z,97.395,97.395,97.39,97.395,3609.0,97.395,366
2026-06-25T11:45:00Z,97.395,97.395,97.39,97.395,133.0,97.3935,70
2026-06-25T12:00:00Z,97.395,97.395,97.39,97.39,415.0,97.391,119
2026-06-25T12:15:00Z,97.39,97.395,97.385,97.39,2605.0,97.39,366
2026-06-25T12:30:00Z,97.39,97.405,97.39,97.405,7073.0,97.402,512
2026-06-25T12:45:00Z,97.405,97.405,97.395,97.405,3974.0,97.403,315
2026-06-25T13:00:00Z,97.405,97.41,97.405,97.405,4702.0,97.405,300
2026-06-25T13:15:00Z,97.4,97.405,97.395,97.4,2638.0,97.4005,248
2026-06-25T13:30:00Z,97.405,97.415,97.4,97.41,4117.0,97.4085,267
2026-06-25T13:45:00Z,97.41,97.415,97.41,97.41,3178.0,97.4115,324
2026-06-25T14:00:00Z,97.41,97.42,97.41,97.42,14068.0,97.415,1014
2026-06-25T14:15:00Z,97.42,97.42,97.41,97.415,9153.0,97.4185,732
2026-06-25T14:30:00Z,97.415,97.42,97.415,97.415,5700.0,97.4195,375
2026-06-25T14:45:00Z,97.415,97.42,97.41,97.41,3755.0,97.4145,198
2026-06-25T15:00:00Z,97.415,97.415,97.4,97.405,6852.0,97.4075,695
2026-06-25T15:15:00Z,97.405,97.41,97.4,97.41,1675.0,97.4035,229
2026-06-25T15:30:00Z,97.405,97.415,97.405,97.415,4896.0,97.4105,280
2026-06-25T15:45:00Z,97.415,97.42,97.41,97.415,1691.0,97.415,232
2026-06-25T16:00:00Z,97.415,97.415,97.41,97.41,340.0,97.415,41
2026-06-25T16:15:00Z,97.415,97.42,97.41,97.41,2307.0,97.415,98
2026-06-25T16:30:00Z,97.41,97.415,97.41,97.415,550.0,97.41,51
2026-06-25T16:45:00Z,97.41,97.415,97.41,97.41,1536.0,97.41,179
2026-06-25T17:00:00Z,97.41,97.415,97.41,97.41,916.0,97.41,16
2026-06-25T17:15:00Z,97.405,97.405,97.405,97.405,2286.0,97.405,129
2026-06-25T17:30:00Z,97.405,97.405,97.405,97.405,82.0,97.405,8
2026-06-25T17:45:00Z,97.405,97.405,97.405,97.405,783.0,97.405,24
2026-06-25T18:00:00Z,97.4,97.4,97.395,97.4,839.0,97.398,111
2026-06-25T18:15:00Z,97.4,97.4,97.4,97.4,995.0,97.4,26
2026-06-25T18:30:00Z,97.395,97.395,97.395,97.395,100.0,97.395,10
2026-06-25T18:45:00Z,97.395,97.4,97.395,97.4,81.0,97.3955,22
2026-06-25T19:00:00Z,97.395,97.395,97.395,97.395,1993.0,97.395,83
2026-06-25T19:15:00Z,97.395,97.395,97.395,97.395,267.0,97.395,19
2026-06-25T19:30:00Z,97.395,97.4,97.395,97.4,2571.0,97.399,81
2026-06-25T19:45:00Z,97.4,97.4,97.395,97.395,414.0,97.4,62
2026-06-26T00:30:00Z,97.395,97.395,97.395,97.395,50.0,97.395,10
2026-06-26T00:45:00Z,97.395,97.395,97.395,97.395,0.0,97.395,0
2026-06-26T01:00:00Z,97.395,97.395,97.395,97.395,0.0,97.395,0
2026-06-26T01:15:00Z,97.395,97.395,97.395,97.395,0.0,97.395,0
2026-06-26T01:30:00Z,97.4,97.4,97.4,97.4,442.0,97.4,16
2026-06-26T01:45:00Z,97.4,97.405,97.4,97.405,401.0,97.405,23
2026-06-26T02:00:00Z,97.405,97.405,97.405,97.405,0.0,97.405,0
2026-06-26T02:15:00Z,97.405,97.405,97.405,97.405,0.0,97.405,0
2026-06-26T02:30:00Z,97.405,97.405,97.405,97.405,0.0,97.405,0
2026-06-26T02:45:00Z,97.405,97.405,97.405,97.405,0.0,97.405,0
2026-06-26T03:00:00Z,97.405,97.405,97.405,97.405,407.0,97.405,21
2026-06-26T03:15:00Z,97.405,97.405,97.405,97.405,0.0,97.405,0
2026-06-26T03:30:00Z,97.41,97.41,97.41,97.41,39.0,97.41,6
2026-06-26T03:45:00Z,97.415,97.415,97.41,97.41,489.0,97.41,6
2026-06-26T04:00:00Z,97.41,97.41,97.41,97.41,537.0,97.41,15
2026-06-26T04:15:00Z,97.41,97.41,97.41,97.41,0.0,97.41,0
2026-06-26T04:30:00Z,97.41,97.41,97.41,97.41,0.0,97.41,0
2026-06-26T04:45:00Z,97.415,97.415,97.415,97.415,181.0,97.415,20
2026-06-26T05:00:00Z,97.42,97.42,97.42,97.42,62.0,97.42,8
2026-06-26T05:15:00Z,97.42,97.42,97.42,97.42,585.0,97.42,42
2026-06-26T05:30:00Z,97.415,97.415,97.415,97.415,111.0,97.415,5
2026-06-26T05:45:00Z,97.415,97.415,97.415,97.415,81.0,97.415,13
2026-06-26T06:00:00Z,97.42,97.425,97.415,97.42,362.0,97.4205,59
2026-06-26T06:15:00Z,97.42,97.42,97.42,97.42,612.0,97.42,35
2026-06-26T06:30:00Z,97.42,97.425,97.42,97.42,1251.0,97.42,57
2026-06-26T06:45:00Z,97.42,97.425,97.42,97.42,1775.0,97.4205,177
2026-06-26T07:00:00Z,97.42,97.425,97.415,97.425,2997.0,97.4195,232
2026-06-26T07:15:00Z,97.425,97.425,97.415,97.42,4644.0,97.42,152
2026-06-26T07:30:00Z,97.42,97.425,97.42,97.42,4182.0,97.42,167
2026-06-26T07:45:00Z,97.42,97.43,97.42,97.425,3427.0,97.426,260
2026-06-26T08:00:00Z,97.43,97.44,97.425,97.43,6054.0,97.4315,472
2026-06-26T08:15:00Z,97.435,97.445,97.43,97.445,8890.0,97.435,536
2026-06-26T08:30:00Z,97.44,97.44,97.43,97.43,5683.0,97.436,242
2026-06-26T08:45:00Z,97.43,97.43,97.43,97.43,3207.0,97.43,239
2026-06-26T09:00:00Z,97.43,97.435,97.43,97.435,3718.0,97.433,364
2026-06-26T09:15:00Z,97.44,97.44,97.435,97.435,2386.0,97.435,247
2026-06-26T09:30:00Z,97.435,97.44,97.435,97.44,1230.0,97.436,112
2026-06-26T09:45:00Z,97.435,97.44,97.435,97.435,2478.0,97.435,212
2026-06-26T10:00:00Z,97.435,97.44,97.435,97.44,5045.0,97.4395,475
2026-06-26T10:15:00Z,97.44,97.44,97.435,97.435,357.0,97.4355,41
2026-06-26T10:30:00Z,97.44,97.44,97.435,97.44,1494.0,97.44,95
2026-06-26T10:45:00Z,97.44,97.44,97.435,97.44,722.0,97.435,116
2026-06-26T11:00:00Z,97.44,97.44,97.435,97.435,3368.0,97.435,370
2026-06-26T11:15:00Z,97.435,97.435,97.43,97.435,199.0,97.431,55
2026-06-26T11:30:00Z,97.435,97.435,97.43,97.43,4896.0,97.434,299
2026-06-26T11:45:00Z,97.43,97.43,97.43,97.43,2130.0,97.43,98
2026-06-26T12:00:00Z,97.435,97.435,97.43,97.435,4102.0,97.433,165
2026-06-26T12:15:00Z,97.43,97.43,97.43,97.43,4283.0,97.43,344
2026-06-26T12:30:00Z,97.43,97.435,97.43,97.43,1638.0,97.43,185
2026-06-26T12:45:00Z,97.43,97.43,97.425,97.43,495.0,97.4295,49
2026-06-26T13:00:00Z,97.43,97.43,97.425,97.43,95.0,97.4295,53
2026-06-26T13:15:00Z,97.425,97.43,97.415,97.425,10749.0,97.421,671
2026-06-26T13:30:00Z,97.43,97.435,97.425,97.43,4124.0,97.43,394
2026-06-26T13:45:00Z,97.435,97.435,97.43,97.435,2329.0,97.4335,250
2026-06-26T14:00:00Z,97.43,97.44,97.43,97.435,5297.0,97.4345,509
2026-06-26T14:15:00Z,97.435,97.44,97.435,97.435,2246.0,97.435,272
2026-06-26T14:30:00Z,97.435,97.435,97.43,97.435,1477.0,97.435,295
2026-06-26T14:45:00Z,97.435,97.435,97.43,97.43,2464.0,97.4315,388
2026-06-26T15:00:00Z,97.43,97.44,97.43,97.435,5525.0,97.434,688
2026-06-26T15:15:00Z,97.435,97.44,97.43,97.435,2760.0,97.4345,241
2026-06-26T15:30:00Z,97.435,97.44,97.435,97.435,2067.0,97.4355,561
2026-06-26T15:45:00Z,97.435,97.435,97.425,97.43,7980.0,97.4315,852
2026-06-26T16:00:00Z,97.43,97.435,97.425,97.43,1220.0,97.428,113
2026-06-26T16:15:00Z,97.43,97.43,97.425,97.43,1186.0,97.4285,83
2026-06-26T16:30:00Z,97.43,97.43,97.43,97.43,990.0,97.43,66
2026-06-26T16:45:00Z,97.435,97.435,97.43,97.43,747.0,97.43,70
2026-06-26T17:00:00Z,97.43,97.43,97.425,97.43,599.0,97.427,62
2026-06-26T17:15:00Z,97.43,97.43,97.43,97.43,33.0,97.43,8
2026-06-26T17:30:00Z,97.43,97.43,97.425,97.425,182.0,97.4275,42
2026-06-26T17:45:00Z,97.425,97.425,97.425,97.425,0.0,97.425,0
2026-06-26T18:00:00Z,97.43,97.43,97.43,97.43,5.0,97.43,1
2026-06-26T18:15:00Z,97.43,97.43,97.43,97.43,165.0,97.43,22
2026-06-26T18:30:00Z,97.43,97.43,97.43,97.43,145.0,97.43,23
2026-06-26T18:45:00Z,97.43,97.43,97.43,97.43,133.0,97.43,12
2026-06-26T19:00:00Z,97.43,97.43,97.43,97.43,25.0,97.43,7
2026-06-26T19:15:00Z,97.43,97.43,97.43,97.43,274.0,97.43,35
2026-06-26T19:30:00Z,97.43,97.43,97.43,97.43,42.0,97.43,15
2026-06-26T19:45:00Z,97.43,97.43,97.425,97.425,150.0,97.425,25
2026-06-29T00:00:00Z,97.425,97.425,97.425,97.425,91.0,97.425,9
2026-06-29T00:15:00Z,97.425,97.425,97.425,97.425,170.0,97.425,34
2026-06-29T00:30:00Z,97.425,97.425,97.425,97.425,0.0,97.425,0
2026-06-29T00:45:00Z,97.42,97.42,97.42,97.42,5.0,97.42,1
2026-06-29T01:00:00Z,97.42,97.42,97.42,97.42,1.0,97.42,1
2026-06-29T01:15:00Z,97.42,97.42,97.42,97.42,4.0,97.42,2
2026-06-29T01:30:00Z,97.425,97.425,97.425,97.425,2.0,97.425,2
2026-06-29T01:45:00Z,97.425,97.425,97.425,97.425,0.0,97.425,0
2026-06-29T02:00:00Z,97.425,97.425,97.425,97.425,0.0,97.425,0
2026-06-29T02:15:00Z,97.425,97.425,97.425,97.425,0.0,97.425,0
2026-06-29T02:30:00Z,97.425,97.425,97.425,97.425,0.0,97.425,0
2026-06-29T02:45:00Z,97.425,97.425,97.425,97.425,0.0,97.425,0
2026-06-29T03:00:00Z,97.425,97.425,97.425,97.425,0.0,97.425,0
2026-06-29T03:15:00Z,97.425,97.425,97.425,97.425,0.0,97.425,0
2026-06-29T03:30:00Z,97.42,97.42,97.42,97.42,33.0,97.42,3
2026-06-29T03:45:00Z,97.42,97.42,97.42,97.42,0.0,97.42,0
2026-06-29T04:00:00Z,97.42,97.42,97.42,97.42,0.0,97.42,0
2026-06-29T04:15:00Z,97.42,97.42,97.42,97.42,0.0,97.42,0
2026-06-29T04:30:00Z,97.42,97.42,97.42,97.42,0.0,97.42,0
2026-06-29T04:45:00Z,97.42,97.42,97.42,97.42,0.0,97.42,0
2026-06-29T05:00:00Z,97.425,97.425,97.425,97.425,26.0,97.425,2
2026-06-29T05:15:00Z,97.425,97.425,97.425,97.425,24.0,97.425,4
2026-06-29T05:30:00Z,97.425,97.425,97.425,97.425,2.0,97.425,1
2026-06-29T05:45:00Z,97.425,97.425,97.425,97.425,100.0,97.425,9
2026-06-29T06:00:00Z,97.43,97.43,97.415,97.415,4231.0,97.4195,272
2026-06-29T06:15:00Z,97.415,97.415,97.405,97.41,3118.0,97.41,110
2026-06-29T06:30:00Z,97.415,97.415,97.415,97.415,1533.0,97.415,49
2026-06-29T06:45:00Z,97.415,97.42,97.415,97.415,562.0,97.4195,57
2026-06-29T07:00:00Z,97.415,97.42,97.415,97.42,2535.0,97.4175,187
2026-06-29T07:15:00Z,97.42,97.42,97.415,97.42,1391.0,97.42,93
2026-06-29T07:30:00Z,97.42,97.425,97.42,97.425,4882.0,97.42,150
2026-06-29T07:45:00Z,97.42,97.425,97.42,97.425,1219.0,97.42,72
2026-06-29T08:00:00Z,97.42,97.425,97.42,97.42,208.0,97.422,45
2026-06-29T08:15:00Z,97.42,97.425,97.42,97.42,2042.0,97.42,238
2026-06-29T08:30:00Z,97.42,97.42,97.41,97.415,1498.0,97.4135,161
2026-06-29T08:45:00Z,97.415,97.415,97.415,97.415,332.0,97.415,120
2026-06-29T09:00:00Z,97.415,97.415,97.415,97.415,3156.0,97.415,202
2026-06-29T09:15:00Z,97.415,97.415,97.41,97.415,296.0,97.412,49
2026-06-29T09:30:00Z,97.415,97.415,97.41,97.415,2798.0,97.415,140
2026-06-29T09:45:00Z,97.415,97.415,97.41,97.41,3587.0,97.41,242
2026-06-29T10:00:00Z,97.415,97.42,97.415,97.415,2239.0,97.415,210
2026-06-29T10:15:00Z,97.415,97.415,97.415,97.415,226.0,97.415,21
2026-06-29T10:30:00Z,97.42,97.42,97.42,97.42,1333.0,97.42,111
2026-06-29T10:45:00Z,97.42,97.425,97.42,97.42,828.0,97.42,87
2026-06-29T11:00:00Z,97.42,97.42,97.415,97.42,240.0,97.416,40
2026-06-29T11:15:00Z,97.42,97.42,97.415,97.42,178.0,97.418,52
2026-06-29T11:30:00Z,97.42,97.42,97.42,97.42,3618.0,97.42,277
2026-06-29T11:45:00Z,97.415,97.42,97.415,97.415,1911.0,97.415,106
2026-06-29T12:00:00Z,97.415,97.415,97.415,97.415,6177.0,97.415,270
2026-06-29T12:15:00Z,97.415,97.415,97.41,97.41,5582.0,97.41,362
2026-06-29T12:30:00Z,97.41,97.415,97.41,97.41,1607.0,97.41,104
2026-06-29T12:45:00Z,97.41,97.415,97.41,97.415,1282.0,97.41,85
2026-06-29T13:00:00Z,97.415,97.415,97.41,97.415,467.0,97.411,104
2026-06-29T13:15:00Z,97.415,97.415,97.41,97.415,155.0,97.411,54
2026-06-29T13:30:00Z,97.415,97.415,97.41,97.415,171.0,97.4115,68
2026-06-29T13:45:00Z,97.415,97.415,97.405,97.415,2436.0,97.4095,556
2026-06-29T14:00:00Z,97.415,97.415,97.405,97.41,3959.0,97.41,596
2026-06-29T14:15:00Z,97.41,97.415,97.405,97.41,3846.0,97.41,248
2026-06-29T14:30:00Z,97.41,97.41,97.405,97.41,3335.0,97.405,274
2026-06-29T14:45:00Z,97.405,97.41,97.405,97.41,2427.0,97.4055,342
2026-06-29T15:00:00Z,97.41,97.41,97.405,97.41,3304.0,97.41,1631
2026-06-29T15:15:00Z,97.41,97.41,97.4,97.405,3757.0,97.405,404
2026-06-29T15:30:00Z,97.405,97.41,97.4,97.405,1698.0,97.4045,105
2026-06-29T15:45:00Z,97.4,97.41,97.4,97.405,4641.0,97.4045,307
2026-06-29T16:00:00Z,97.405,97.405,97.405,97.405,6087.0,97.405,217
2026-06-29T16:15:00Z,97.405,97.41,97.405,97.41,5140.0,97.405,218
2026-06-29T16:30:00Z,97.405,97.405,97.405,97.405,2183.0,97.405,92
2026-06-29T16:45:00Z,97.405,97.405,97.405,97.405,820.0,97.405,41
2026-06-29T17:00:00Z,97.4,97.4,97.4,97.4,181.0,97.4,44
2026-06-29T17:15:00Z,97.4,97.4,97.4,97.4,0.0,97.4,0
2026-06-29T17:30:00Z,97.405,97.405,97.405,97.405,1.0,97.405,1
2026-06-29T17:45:00Z,97.405,97.405,97.405,97.405,100.0,97.405,7
2026-06-29T18:00:00Z,97.405,97.405,97.405,97.405,0.0,97.405,0
2026-06-29T18:15:00Z,97.405,97.405,97.405,97.405,0.0,97.405,0
2026-06-29T18:30:00Z,97.405,97.405,97.405,97.405,119.0,97.405,17
2026-06-29T18:45:00Z,97.405,97.405,97.405,97.405,54.0,97.405,12
2026-06-29T19:00:00Z,97.405,97.405,97.405,97.405,5936.0,97.405,130
2026-06-29T19:15:00Z,97.405,97.405,97.405,97.405,91.0,97.405,4
2026-06-29T19:30:00Z,97.405,97.405,97.405,97.405,0.0,97.405,0
2026-06-29T19:45:00Z,97.405,97.405,97.405,97.405,89.0,97.405,14
2026-06-30T00:00:00Z,97.41,97.41,97.405,97.41,11.0,97.408,6
2026-06-30T00:15:00Z,97.405,97.405,97.405,97.405,3.0,97.405,3
2026-06-30T00:30:00Z,97.405,97.405,97.405,97.405,0.0,97.405,0
2026-06-30T00:45:00Z,97.405,97.405,97.405,97.405,2.0,97.405,2
2026-06-30T01:00:00Z,97.405,97.405,97.405,97.405,0.0,97.405,0
2026-06-30T01:15:00Z,97.405,97.405,97.405,97.405,22.0,97.405,7
2026-06-30T01:30:00Z,97.405,97.405,97.405,97.405,0.0,97.405,0
2026-06-30T01:45:00Z,97.405,97.405,97.405,97.405,0.0,97.405,0
2026-06-30T02:00:00Z,97.405,97.405,97.405,97.405,0.0,97.405,0
2026-06-30T02:15:00Z,97.41,97.41,97.41,97.41,2.0,97.41,2
2026-06-30T02:30:00Z,97.41,97.41,97.41,97.41,0.0,97.41,0
2026-06-30T02:45:00Z,97.41,97.41,97.41,97.41,0.0,97.41,0
2026-06-30T03:00:00Z,97.41,97.41,97.41,97.41,0.0,97.41,0
2026-06-30T03:15:00Z,97.41,97.41,97.41,97.41,0.0,97.41,0
2026-06-30T03:30:00Z,97.41,97.41,97.41,97.41,0.0,97.41,0
2026-06-30T03:45:00Z,97.41,97.41,97.41,97.41,0.0,97.41,0
2026-06-30T04:00:00Z,97.41,97.41,97.41,97.41,0.0,97.41,0
2026-06-30T04:15:00Z,97.41,97.41,97.405,97.41,299.0,97.41,58
2026-06-30T04:30:00Z,97.41,97.41,97.41,97.41,11.0,97.41,1
2026-06-30T04:45:00Z,97.41,97.41,97.41,97.41,0.0,97.41,0
2026-06-30T05:00:00Z,97.41,97.41,97.41,97.41,18.0,97.41,1
2026-06-30T05:15:00Z,97.41,97.41,97.41,97.41,41.0,97.41,3
2026-06-30T05:30:00Z,97.41,97.41,97.41,97.41,0.0,97.41,0
2026-06-30T05:45:00Z,97.41,97.41,97.41,97.41,0.0,97.41,0
2026-06-30T06:00:00Z,97.41,97.415,97.405,97.415,704.0,97.4105,72
2026-06-30T06:15:00Z,97.41,97.415,97.41,97.415,321.0,97.411,46
2026-06-30T06:30:00Z,97.415,97.415,97.415,97.415,3306.0,97.415,228
2026-06-30T06:45:00Z,97.42,97.425,97.415,97.42,5372.0,97.42,228
2026-06-30T07:00:00Z,97.42,97.42,97.415,97.42,3590.0,97.42,243
2026-06-30T07:15:00Z,97.42,97.425,97.42,97.42,2551.0,97.4205,199
2026-06-30T07:30:00Z,97.425,97.43,97.42,97.43,3929.0,97.427,206
2026-06-30T07:45:00Z,97.43,97.43,97.42,97.42,2317.0,97.426,171
2026-06-30T08:00:00Z,97.425,97.45,97.425,97.43,15937.0,97.4365,927
2026-06-30T08:15:00Z,97.43,97.435,97.43,97.435,1095.0,97.434,99
2026-06-30T08:30:00Z,97.435,97.435,97.43,97.435,1061.0,97.435,57
2026-06-30T08:45:00Z,97.435,97.435,97.43,97.43,2296.0,97.43,143
2026-06-30T09:00:00Z,97.435,97.44,97.435,97.435,7425.0,97.435,274
2026-06-30T09:15:00Z,97.435,97.44,97.43,97.435,3889.0,97.435,196
2026-06-30T09:30:00Z,97.435,97.435,97.43,97.43,191.0,97.434,56
2026-06-30T09:45:00Z,97.435,97.435,97.43,97.43,145.0,97.435,29
2026-06-30T10:00:00Z,97.43,97.435,97.43,97.43,4427.0,97.43,328
2026-06-30T10:15:00Z,97.435,97.435,97.43,97.435,406.0,97.435,72
2026-06-30T10:30:00Z,97.435,97.435,97.435,97.435,1756.0,97.435,162
2026-06-30T10:45:00Z,97.435,97.435,97.43,97.435,33.0,97.435,20
2026-06-30T11:00:00Z,97.43,97.435,97.43,97.43,5095.0,97.43,268
2026-06-30T11:15:00Z,97.43,97.435,97.425,97.43,21401.0,97.431,655
2026-06-30T11:30:00Z,97.43,97.435,97.43,97.43,568.0,97.431,116
2026-06-30T11:45:00Z,97.435,97.435,97.43,97.43,2789.0,97.43,202
2026-06-30T12:00:00Z,97.43,97.43,97.425,97.425,1367.0,97.43,143
2026-06-30T12:15:00Z,97.425,97.43,97.425,97.43,2363.0,97.4255,218
2026-06-30T12:30:00Z,97.43,97.43,97.425,97.425,284.0,97.4255,55
2026-06-30T12:45:00Z,97.43,97.43,97.425,97.43,43.0,97.426,15
2026-06-30T13:00:00Z,97.425,97.43,97.42,97.425,4468.0,97.424,299
2026-06-30T13:15:00Z,97.42,97.425,97.42,97.425,231.0,97.425,12
2026-06-30T13:30:00Z,97.425,97.425,97.42,97.425,4173.0,97.425,258
2026-06-30T13:45:00Z,97.425,97.425,97.42,97.425,729.0,97.4205,301
2026-06-30T14:00:00Z,97.425,97.425,97.42,97.425,1810.0,97.4235,366
2026-06-30T14:15:00Z,97.425,97.425,97.42,97.42,3663.0,97.425,317
2026-06-30T14:30:00Z,97.425,97.425,97.42,97.425,1368.0,97.424,341
2026-06-30T14:45:00Z,97.425,97.425,97.42,97.42,2748.0,97.4235,543
2026-06-30T15:00:00Z,97.425,97.425,97.42,97.42,2007.0,97.4225,985
2026-06-30T15:15:00Z,97.425,97.425,97.42,97.42,5229.0,97.42,262
2026-06-30T15:30:00Z,97.425,97.43,97.425,97.43,5017.0,97.425,284
2026-06-30T15:45:00Z,97.425,97.43,97.425,97.43,6203.0,97.43,215
2026-06-30T16:00:00Z,97.425,97.43,97.425,97.43,141.0,97.4285,32
2026-06-30T16:15:00Z,97.425,97.43,97.425,97.43,6.0,97.429,6
2026-06-30T16:30:00Z,97.43,97.43,97.43,97.43,572.0,97.43,85
2026-06-30T16:45:00Z,97.43,97.435,97.43,97.43,2644.0,97.43,116
2026-06-30T17:00:00Z,97.435,97.435,97.435,97.435,271.0,97.435,38
2026-06-30T17:15:00Z,97.435,97.435,97.43,97.435,1380.0,97.435,61
2026-06-30T17:30:00Z,97.435,97.435,97.435,97.435,120.0,97.435,13
2026-06-30T17:45:00Z,97.435,97.435,97.435,97.435,2.0,97.435,2
2026-06-30T18:00:00Z,97.435,97.435,97.435,97.435,527.0,97.435,14
2026-06-30T18:15:00Z,97.435,97.435,97.435,97.435,68.0,97.435,11
2026-06-30T18:30:00Z,97.435,97.435,97.435,97.435,0.0,97.435,0
2026-06-30T18:45:00Z,97.43,97.43,97.43,97.43,271.0,97.43,20
2026-06-30T19:00:00Z,97.425,97.425,97.425,97.425,306.0,97.425,54
2026-06-30T19:15:00Z,97.425,97.43,97.425,97.425,85.0,97.428,13
2026-06-30T19:30:00Z,97.43,97.43,97.43,97.43,1668.0,97.43,116
2026-06-30T19:45:00Z,97.43,97.43,97.43,97.43,134.0,97.43,22
2026-07-01T00:00:00Z,97.425,97.425,97.42,97.42,538.0,97.425,16
2026-07-01T00:15:00Z,97.425,97.425,97.42,97.425,22.0,97.425,7
2026-07-01T00:30:00Z,97.42,97.42,97.42,97.42,1.0,97.42,1
2026-07-01T00:45:00Z,97.42,97.425,97.42,97.425,4.0,97.4225,4
2026-07-01T01:00:00Z,97.425,97.425,97.425,97.425,0.0,97.425,0
2026-07-01T01:15:00Z,97.425,97.425,97.425,97.425,0.0,97.425,0
2026-07-01T01:30:00Z,97.425,97.425,97.425,97.425,0.0,97.425,0
2026-07-01T01:45:00Z,97.425,97.425,97.425,97.425,0.0,97.425,0
2026-07-01T02:00:00Z,97.42,97.42,97.42,97.42,78.0,97.42,12
2026-07-01T02:15:00Z,97.42,97.425,97.42,97.42,117.0,97.42,13
2026-07-01T02:30:00Z,97.42,97.42,97.42,97.42,0.0,97.42,0
2026-07-01T02:45:00Z,97.42,97.42,97.42,97.42,0.0,97.42,0
2026-07-01T03:00:00Z,97.42,97.42,97.42,97.42,0.0,97.42,0
2026-07-01T03:15:00Z,97.42,97.42,97.42,97.42,0.0,97.42,0
2026-07-01T03:30:00Z,97.415,97.415,97.415,97.415,344.0,97.415,41
2026-07-01T03:45:00Z,97.415,97.415,97.415,97.415,4.0,97.415,3
2026-07-01T04:00:00Z,97.415,97.415,97.415,97.415,0.0,97.415,0
2026-07-01T04:15:00Z,97.415,97.415,97.415,97.415,0.0,97.415,0
2026-07-01T04:30:00Z,97.42,97.42,97.42,97.42,2.0,97.42,1
2026-07-01T04:45:00Z,97.42,97.42,97.42,97.42,8.0,97.42,5
2026-07-01T05:00:00Z,97.42,97.42,97.42,97.42,0.0,97.42,0
2026-07-01T05:15:00Z,97.42,97.42,97.42,97.42,0.0,97.42,0
2026-07-01T05:30:00Z,97.425,97.425,97.425,97.425,9.0,97.425,2
2026-07-01T05:45:00Z,97.425,97.425,97.42,97.425,131.0,97.422,49
2026-07-01T06:00:00Z,97.425,97.425,97.415,97.415,1457.0,97.419,124
2026-07-01T06:15:00Z,97.42,97.42,97.415,97.415,440.0,97.416,169
2026-07-01T06:30:00Z,97.415,97.425,97.415,97.42,2699.0,97.4195,365
2026-07-01T06:45:00Z,97.42,97.42,97.42,97.42,1028.0,97.42,60
2026-07-01T07:00:00Z,97.415,97.415,97.41,97.415,2906.0,97.415,271
2026-07-01T07:15:00Z,97.415,97.42,97.415,97.415,1780.0,97.415,154
2026-07-01T07:30:00Z,97.415,97.42,97.41,97.42,1861.0,97.4155,154
2026-07-01T07:45:00Z,97.42,97.42,97.415,97.42,1685.0,97.42,156
2026-07-01T08:00:00Z,97.42,97.42,97.415,97.42,165.0,97.4195,85
2026-07-01T08:15:00Z,97.42,97.44,97.42,97.44,16658.0,97.4265,884
2026-07-01T08:30:00Z,97.445,97.445,97.44,97.445,5450.0,97.4415,463
2026-07-01T08:45:00Z,97.445,97.445,97.44,97.445,8117.0,97.443,516
2026-07-01T09:00:00Z,97.445,97.455,97.44,97.445,5606.0,97.447,577
2026-07-01T09:15:00Z,97.445,97.45,97.445,97.445,2420.0,97.4455,234
2026-07-01T09:30:00Z,97.445,97.445,97.44,97.44,4097.0,97.445,113
2026-07-01T09:45:00Z,97.445,97.445,97.44,97.44,5608.0,97.44,239
2026-07-01T10:00:00Z,97.44,97.44,97.435,97.435,937.0,97.4375,215
2026-07-01T10:15:00Z,97.44,97.445,97.435,97.44,3024.0,97.44,325
2026-07-01T10:30:00Z,97.44,97.445,97.44,97.44,1927.0,97.44,126
2026-07-01T10:45:00Z,97.44,97.445,97.44,97.44,599.0,97.44,62
2026-07-01T11:00:00Z,97.445,97.445,97.44,97.44,1169.0,97.44,130
2026-07-01T11:15:00Z,97.44,97.44,97.435,97.44,50.0,97.4395,22
2026-07-01T11:30:00Z,97.44,97.44,97.435,97.435,4842.0,97.435,481
2026-07-01T11:45:00Z,97.435,97.435,97.43,97.435,2554.0,97.435,170
2026-07-01T12:00:00Z,97.435,97.435,97.43,97.435,1764.0,97.435,291
2026-07-01T12:15:00Z,97.435,97.44,97.435,97.435,1179.0,97.4355,245
2026-07-01T12:30:00Z,97.435,97.435,97.43,97.43,1237.0,97.434,97
2026-07-01T12:45:00Z,97.43,97.435,97.425,97.43,5104.0,97.43,446
2026-07-01T13:00:00Z,97.43,97.43,97.425,97.425,2147.0,97.427,267
2026-07-01T13:15:00Z,97.425,97.455,97.425,97.445,20109.0,97.443,1599
2026-07-01T13:30:00Z,97.445,97.445,97.44,97.44,1744.0,97.4415,210
2026-07-01T13:45:00Z,97.445,97.45,97.44,97.445,3465.0,97.443,312
2026-07-01T14:00:00Z,97.45,97.45,97.45,97.45,4253.0,97.45,353
2026-07-01T14:15:00Z,97.45,97.45,97.445,97.445,3114.0,97.45,142
2026-07-01T14:30:00Z,97.45,97.455,97.45,97.45,3388.0,97.45,166
2026-07-01T14:45:00Z,97.45,97.455,97.45,97.455,5108.0,97.45,496
2026-07-01T15:00:00Z,97.455,97.465,97.45,97.465,14503.0,97.456,836
2026-07-01T15:15:00Z,97.46,97.46,97.455,97.455,4254.0,97.4595,479
2026-07-01T15:30:00Z,97.46,97.465,97.46,97.465,5373.0,97.4605,580
2026-07-01T15:45:00Z,97.465,97.465,97.455,97.46,5046.0,97.46,822
2026-07-01T16:00:00Z,97.46,97.46,97.455,97.455,3490.0,97.458,204
2026-07-01T16:15:00Z,97.455,97.46,97.45,97.455,3017.0,97.455,129
2026-07-01T16:30:00Z,97.455,97.455,97.45,97.45,759.0,97.4545,110
2026-07-01T16:45:00Z,97.45,97.45,97.445,97.445,214.0,97.4495,88
2026-07-01T17:00:00Z,97.445,97.445,97.445,97.445,0.0,97.445,0
2026-07-01T17:15:00Z,97.45,97.45,97.445,97.445,181.0,97.4485,27
2026-07-01T17:30:00Z,97.445,97.45,97.445,97.45,430.0,97.445,27
2026-07-01T17:45:00Z,97.45,97.45,97.45,97.45,0.0,97.45,0
2026-07-01T18:00:00Z,97.445,97.445,97.445,97.445,465.0,97.445,54
2026-07-01T18:15:00Z,97.445,97.445,97.445,97.445,317.0,97.445,46
2026-07-01T18:30:00Z,97.445,97.445,97.445,97.445,529.0,97.445,24
2026-07-01T18:45:00Z,97.445,97.45,97.445,97.45,57.0,97.4455,10
2026-07-01T19:00:00Z,97.445,97.45,97.445,97.45,240.0,97.45,89
2026-07-01T19:15:00Z,97.445,97.45,97.445,97.45,19.0,97.449,16
2026-07-01T19:30:00Z,97.45,97.45,97.45,97.45,25.0,97.45,21
2026-07-01T19:45:00Z,97.45,97.45,97.445,97.45,77.0,97.4495,58
2026-07-02T00:00:00Z,97.445,97.455,97.445,97.455,39.0,97.4475,11
2026-07-02T00:15:00Z,97.45,97.45,97.45,97.45,313.0,97.45,28
2026-07-02T00:30:00Z,97.45,97.45,97.45,97.45,0.0,97.45,0
2026-07-02T00:45:00Z,97.445,97.445,97.445,97.445,102.0,97.445,9
2026-07-02T01:00:00Z,97.445,97.445,97.445,97.445,0.0,97.445,0
2026-07-02T01:15:00Z,97.445,97.445,97.445,97.445,0.0,97.445,0
2026-07-02T01:30:00Z,97.445,97.445,97.445,97.445,0.0,97.445,0
2026-07-02T01:45:00Z,97.445,97.45,97.445,97.45,145.0,97.445,18
2026-07-02T02:00:00Z,97.45,97.45,97.45,97.45,1.0,97.45,1
2026-07-02T02:15:00Z,97.445,97.445,97.445,97.445,4.0,97.445,3
2026-07-02T02:30:00Z,97.45,97.45,97.45,97.45,40.0,97.45,17
2026-07-02T02:45:00Z,97.45,97.45,97.45,97.45,1.0,97.45,1
2026-07-02T03:00:00Z,97.445,97.45,97.445,97.45,27.0,97.445,7
2026-07-02T03:15:00Z,97.45,97.45,97.45,97.45,0.0,97.45,0
2026-07-02T03:30:00Z,97.445,97.445,97.445,97.445,71.0,97.445,7
2026-07-02T03:45:00Z,97.445,97.445,97.445,97.445,0.0,97.445,0
2026-07-02T04:00:00Z,97.445,97.445,97.445,97.445,0.0,97.445,0
2026-07-02T04:15:00Z,97.45,97.45,97.45,97.45,1.0,97.45,1
2026-07-02T04:30:00Z,97.45,97.45,97.45,97.45,1.0,97.45,1
2026-07-02T04:45:00Z,97.45,97.45,97.45,97.45,0.0,97.45,0
2026-07-02T05:00:00Z,97.445,97.445,97.445,97.445,573.0,97.445,50
2026-07-02T05:15:00Z,97.445,97.445,97.445,97.445,49.0,97.445,6
2026-07-02T05:30:00Z,97.445,97.445,97.445,97.445,0.0,97.445,0
2026-07-02T05:45:00Z,97.45,97.45,97.45,97.45,1.0,97.45,1
2026-07-02T06:00:00Z,97.45,97.455,97.445,97.45,1494.0,97.4505,122
2026-07-02T06:15:00Z,97.45,97.45,97.445,97.445,387.0,97.445,64
2026-07-02T06:30:00Z,97.445,97.45,97.445,97.45,1091.0,97.45,103
2026-07-02T06:45:00Z,97.455,97.455,97.455,97.455,431.0,97.455,62
2026-07-02T07:00:00Z,97.455,97.46,97.455,97.46,227.0,97.46,76
2026-07-02T07:15:00Z,97.46,97.46,97.455,97.46,1519.0,97.46,149
2026-07-02T07:30:00Z,97.455,97.46,97.455,97.455,2791.0,97.455,248
2026-07-02T07:45:00Z,97.455,97.46,97.455,97.455,2560.0,97.455,220
2026-07-02T08:00:00Z,97.455,97.46,97.455,97.455,835.0,97.455,206
2026-07-02T08:15:00Z,97.46,97.46,97.45,97.45,1341.0,97.4545,205
2026-07-02T08:30:00Z,97.45,97.455,97.45,97.45,1351.0,97.4545,148
2026-07-02T08:45:00Z,97.455,97.455,97.45,97.45,480.0,97.453,130
2026-07-02T09:00:00Z,97.455,97.455,97.45,97.455,479.0,97.455,37
2026-07-02T09:15:00Z,97.455,97.455,97.45,97.455,791.0,97.454,96
2026-07-02T09:30:00Z,97.455,97.455,97.45,97.45,5427.0,97.45,362
2026-07-02T09:45:00Z,97.445,97.45,97.445,97.45,263.0,97.45,31
2026-07-02T10:00:00Z,97.445,97.45,97.445,97.45,1198.0,97.45,56
2026-07-02T10:15:00Z,97.45,97.45,97.445,97.45,485.0,97.4475,107
2026-07-02T10:30:00Z,97.45,97.45,97.445,97.45,202.0,97.4465,18
2026-07-02T10:45:00Z,97.45,97.45,97.445,97.445,530.0,97.445,200
2026-07-02T11:00:00Z,97.445,97.45,97.445,97.445,1186.0,97.4455,681
2026-07-02T11:15:00Z,97.445,97.45,97.445,97.45,519.0,97.45,93
2026-07-02T11:30:00Z,97.45,97.45,97.445,97.45,455.0,97.45,81
2026-07-02T11:45:00Z,97.445,97.45,97.445,97.45,719.0,97.4495,117
2026-07-02T12:00:00Z,97.45,97.45,97.445,97.445,390.0,97.4485,158
2026-07-02T12:15:00Z,97.445,97.45,97.445,97.445,5148.0,97.445,588
2026-07-02T12:30:00Z,97.45,97.48,97.45,97.475,11223.0,97.4695,717
2026-07-02T12:45:00Z,97.475,97.48,97.465,97.465,4490.0,97.4685,444
2026-07-02T13:00:00Z,97.465,97.475,97.465,97.47,3916.0,97.467,346
2026-07-02T13:15:00Z,97.47,97.475,97.465,97.475,8593.0,97.4715,2305
2026-07-02T13:30:00Z,97.47,97.49,97.47,97.485,17267.0,97.4805,1090
2026-07-02T13:45:00Z,97.485,97.485,97.475,97.475,6427.0,97.48,409
2026-07-02T14:00:00Z,97.48,97.48,97.47,97.48,8404.0,97.4755,653
2026-07-02T14:15:00Z,97.48,97.485,97.475,97.485,8283.0,97.4805,783
2026-07-02T14:30:00Z,97.485,97.49,97.485,97.49,6735.0,97.487,725
2026-07-02T14:45:00Z,97.49,97.49,97.485,97.49,10116.0,97.49,1174
2026-07-02T15:00:00Z,97.485,97.495,97.485,97.495,16761.0,97.4905,1180
2026-07-02T15:15:00Z,97.495,97.495,97.49,97.495,2859.0,97.494,769
2026-07-02T15:30:00Z,97.49,97.495,97.49,97.49,1538.0,97.494,324
2026-07-02T15:45:00Z,97.49,97.49,97.485,97.49,6615.0,97.49,476
2026-07-02T16:00:00Z,97.49,97.49,97.485,97.49,935.0,97.487,183
2026-07-02T16:15:00Z,97.485,97.49,97.48,97.48,1992.0,97.4865,138
2026-07-02T16:30:00Z,97.48,97.48,97.48,97.48,475.0,97.48,26
2026-07-02T16:45:00Z,97.48,97.485,97.48,97.485,323.0,97.48,33
2026-07-02T17:00:00Z,97.485,97.485,97.475,97.48,2136.0,97.4795,183
2026-07-02T17:15:00Z,97.48,97.48,97.48,97.48,3.0,97.48,3
2026-07-02T17:30:00Z,97.475,97.475,97.475,97.475,2926.0,97.475,82
2026-07-02T17:45:00Z,97.475,97.475,97.475,97.475,105.0,97.475,12
2026-07-02T18:00:00Z,97.475,97.475,97.475,97.475,282.0,97.475,14
2026-07-02T18:15:00Z,97.475,97.475,97.475,97.475,49.0,97.475,9
2026-07-02T18:30:00Z,97.475,97.475,97.475,97.475,1.0,97.475,1
2026-07-02T18:45:00Z,97.48,97.48,97.48,97.48,1.0,97.48,1
2026-07-02T19:00:00Z,97.48,97.48,97.48,97.48,0.0,97.48,0
2026-07-02T19:15:00Z,97.48,97.48,97.48,97.48,687.0,97.48,33
2026-07-02T19:30:00Z,97.48,97.48,97.48,97.48,14.0,97.48,8
2026-07-02T19:45:00Z,97.48,97.485,97.48,97.48,154.0,97.48,50
2026-07-03T00:00:00Z,97.48,97.485,97.48,97.485,32.0,97.4845,5
2026-07-03T00:15:00Z,97.485,97.485,97.485,97.485,401.0,97.485,26
2026-07-03T00:30:00Z,97.485,97.485,97.48,97.485,249.0,97.485,3
2026-07-03T00:45:00Z,97.485,97.485,97.485,97.485,50.0,97.485,10
2026-07-03T01:00:00Z,97.485,97.485,97.485,97.485,6.0,97.485,1
2026-07-03T01:15:00Z,97.485,97.485,97.485,97.485,0.0,97.485,0
2026-07-03T01:30:00Z,97.49,97.49,97.49,97.49,3.0,97.49,2
2026-07-03T01:45:00Z,97.485,97.485,97.485,97.485,25.0,97.485,5
2026-07-03T02:00:00Z,97.485,97.485,97.485,97.485,47.0,97.485,5
2026-07-03T02:15:00Z,97.485,97.485,97.485,97.485,0.0,97.485,0
2026-07-03T02:30:00Z,97.485,97.485,97.485,97.485,0.0,97.485,0
2026-07-03T02:45:00Z,97.485,97.485,97.485,97.485,0.0,97.485,0
2026-07-03T03:00:00Z,97.485,97.485,97.485,97.485,2.0,97.485,2
2026-07-03T03:15:00Z,97.485,97.485,97.485,97.485,6.0,97.485,4
2026-07-03T03:30:00Z,97.485,97.485,97.485,97.485,144.0,97.485,13
2026-07-03T03:45:00Z,97.485,97.485,97.485,97.485,0.0,97.485,0
2026-07-03T04:00:00Z,97.485,97.485,97.485,97.485,0.0,97.485,0
2026-07-03T04:15:00Z,97.485,97.485,97.485,97.485,0.0,97.485,0
2026-07-03T04:30:00Z,97.485,97.485,97.485,97.485,0.0,97.485,0
2026-07-03T04:45:00Z,97.485,97.485,97.485,97.485,0.0,97.485,0
2026-07-03T05:00:00Z,97.485,97.485,97.485,97.485,0.0,97.485,0
2026-07-03T05:15:00Z,97.485,97.485,97.485,97.485,0.0,97.485,0
2026-07-03T05:30:00Z,97.485,97.49,97.485,97.485,1046.0,97.489,41
2026-07-03T05:45:00Z,97.485,97.485,97.485,97.485,0.0,97.485,0
2026-07-03T06:00:00Z,97.485,97.485,97.48,97.48,272.0,97.485,31
2026-07-03T06:15:00Z,97.485,97.485,97.48,97.485,698.0,97.485,36
2026-07-03T06:30:00Z,97.48,97.485,97.48,97.485,618.0,97.485,59
2026-07-03T06:45:00Z,97.485,97.485,97.48,97.48,1983.0,97.48,168
2026-07-03T07:00:00Z,97.485,97.485,97.48,97.485,815.0,97.485,85
2026-07-03T07:15:00Z,97.485,97.485,97.475,97.48,2797.0,97.48,245
2026-07-03T07:30:00Z,97.48,97.48,97.475,97.475,91.0,97.476,58
2026-07-03T07:45:00Z,97.475,97.48,97.475,97.475,886.0,97.475,97
2026-07-03T08:00:00Z,97.47,97.475,97.47,97.47,2805.0,97.47,152
2026-07-03T08:15:00Z,97.47,97.475,97.47,97.475,1046.0,97.47,69
2026-07-03T08:30:00Z,97.475,97.475,97.465,97.465,1937.0,97.47,133
2026-07-03T08:45:00Z,97.465,97.47,97.46,97.465,6073.0,97.4645,343
2026-07-03T09:00:00Z,97.465,97.47,97.465,97.47,2623.0,97.466,179
2026-07-03T09:15:00Z,97.465,97.47,97.46,97.465,5408.0,97.465,270
2026-07-03T09:30:00Z,97.465,97.465,97.46,97.465,2650.0,97.4645,256
2026-07-03T09:45:00Z,97.465,97.47,97.465,97.47,1339.0,97.4685,217
2026-07-03T10:00:00Z,97.47,97.47,97.465,97.47,930.0,97.467,194
2026-07-03T10:15:00Z,97.465,97.47,97.465,97.465,450.0,97.465,195
2026-07-03T10:30:00Z,97.47,97.47,97.465,97.47,1643.0,97.4695,200
2026-07-03T10:45:00Z,97.47,97.47,97.465,97.465,1541.0,97.4695,221
2026-07-03T11:00:00Z,97.465,97.47,97.465,97.465,435.0,97.465,254
2026-07-03T11:15:00Z,97.465,97.47,97.465,97.47,488.0,97.465,244
2026-07-03T11:30:00Z,97.465,97.47,97.46,97.465,4072.0,97.465,209
2026-07-03T11:45:00Z,97.465,97.465,97.46,97.46,1008.0,97.4635,190
2026-07-03T12:00:00Z,97.46,97.465,97.46,97.465,912.0,97.4625,317
2026-07-03T12:15:00Z,97.465,97.465,97.46,97.465,497.0,97.461,282
2026-07-03T12:30:00Z,97.46,97.465,97.46,97.46,4510.0,97.46,412
2026-07-03T12:45:00Z,97.46,97.465,97.46,97.46,3033.0,97.46,266
2026-07-03T13:00:00Z,97.46,97.465,97.455,97.46,1911.0,97.46,177
2026-07-03T13:15:00Z,97.455,97.465,97.455,97.46,1648.0,97.4595,195
2026-07-03T13:30:00Z,97.46,97.465,97.455,97.46,1230.0,97.459,264
2026-07-03T13:45:00Z,97.46,97.465,97.455,97.465,1504.0,97.4595,185
2026-07-03T14:00:00Z,97.46,97.465,97.46,97.46,502.0,97.4605,181
2026-07-03T14:15:00Z,97.46,97.465,97.46,97.46,926.0,97.4615,333
2026-07-03T14:30:00Z,97.46,97.465,97.455,97.455,2017.0,97.46,362
2026-07-03T14:45:00Z,97.455,97.46,97.455,97.455,858.0,97.4575,268
2026-07-03T15:00:00Z,97.455,97.465,97.455,97.46,4162.0,97.4595,698
2026-07-03T15:15:00Z,97.46,97.46,97.455,97.46,1165.0,97.4585,235
2026-07-03T15:30:00Z,97.455,97.46,97.455,97.46,1363.0,97.4565,387
2026-07-03T15:45:00Z,97.455,97.46,97.455,97.455,1294.0,97.4555,334
2026-07-03T16:00:00Z,97.455,97.46,97.455,97.46,268.0,97.4575,79
2026-07-03T16:15:00Z,97.455,97.46,97.455,97.46,2419.0,97.455,153
2026-07-03T16:30:00Z,97.46,97.46,97.455,97.455,345.0,97.4595,35
2026-07-03T16:45:00Z,97.455,97.455,97.455,97.455,80.0,97.455,19
2026-07-03T17:00:00Z,97.455,97.455,97.455,97.455,0.0,97.455,0
2026-07-03T17:15:00Z,97.455,97.455,97.455,97.455,0.0,97.455,0
2026-07-03T17:30:00Z,97.455,97.455,97.455,97.455,0.0,97.455,0
2026-07-03T17:45:00Z,97.455,97.455,97.455,97.455,0.0,97.455,0
2026-07-03T18:00:00Z,97.46,97.46,97.46,97.46,1271.0,97.46,42
2026-07-03T18:15:00Z,97.46,97.46,97.46,97.46,409.0,97.46,16
2026-07-03T18:30:00Z,97.46,97.46,97.46,97.46,18.0,97.46,3
2026-07-03T18:45:00Z,97.46,97.46,97.46,97.46,425.0,97.46,39
2026-07-03T19:00:00Z,97.46,97.46,97.46,97.46,0.0,97.46,0
2026-07-03T19:15:00Z,97.46,97.46,97.46,97.46,0.0,97.46,0
2026-07-03T19:30:00Z,97.46,97.46,97.46,97.46,0.0,97.46,0
2026-07-03T19:45:00Z,97.46,97.46,97.46,97.46,199.0,97.46,14
2026-07-06T00:00:00Z,97.46,97.46,97.455,97.455,70.0,97.46,27
2026-07-06T00:15:00Z,97.46,97.465,97.46,97.465,736.0,97.463,27
2026-07-06T00:30:00Z,97.465,97.465,97.465,97.465,129.0,97.465,21
2026-07-06T00:45:00Z,97.465,97.47,97.465,97.47,16.0,97.4655,8
2026-07-06T01:00:00Z,97.465,97.465,97.465,97.465,1.0,97.465,1
2026-07-06T01:15:00Z,97.465,97.465,97.465,97.465,116.0,97.465,4
2026-07-06T01:30:00Z,97.465,97.465,97.465,97.465,13.0,97.465,1
2026-07-06T01:45:00Z,97.465,97.465,97.465,97.465,29.0,97.465,29
2026-07-06T02:00:00Z,97.465,97.465,97.465,97.465,19.0,97.465,19
2026-07-06T02:15:00Z,97.465,97.465,97.465,97.465,34.0,97.465,12
2026-07-06T02:30:00Z,97.465,97.465,97.465,97.465,0.0,97.465,0
2026-07-06T02:45:00Z,97.465,97.47,97.465,97.47,5.0,97.469,5
2026-07-06T03:00:00Z,97.47,97.47,97.465,97.465,18.0,97.4695,18
2026-07-06T03:15:00Z,97.465,97.465,97.465,97.465,34.0,97.465,2
2026-07-06T03:30:00Z,97.465,97.465,97.465,97.465,34.0,97.465,9
2026-07-06T03:45:00Z,97.465,97.465,97.465,97.465,21.0,97.465,21
2026-07-06T04:00:00Z,97.465,97.465,97.465,97.465,2.0,97.465,2
2026-07-06T04:15:00Z,97.465,97.465,97.465,97.465,0.0,97.465,0
2026-07-06T04:30:00Z,97.465,97.465,97.465,97.465,0.0,97.465,0
2026-07-06T04:45:00Z,97.465,97.465,97.465,97.465,0.0,97.465,0
2026-07-06T05:00:00Z,97.465,97.465,97.465,97.465,40.0,97.465,17
2026-07-06T05:15:00Z,97.46,97.46,97.46,97.46,1.0,97.46,1
2026-07-06T05:30:00Z,97.465,97.465,97.46,97.465,6.0,97.464,6
2026-07-06T05:45:00Z,97.46,97.46,97.46,97.46,143.0,97.46,11
2026-07-06T06:00:00Z,97.455,97.465,97.455,97.46,167.0,97.461,53
2026-07-06T06:15:00Z,97.46,97.465,97.46,97.465,220.0,97.4625,61
2026-07-06T06:30:00Z,97.46,97.47,97.46,97.47,816.0,97.4655,105
2026-07-06T06:45:00Z,97.465,97.465,97.465,97.465,310.0,97.465,27
2026-07-06T07:00:00Z,97.47,97.47,97.465,97.47,1639.0,97.47,118
2026-07-06T07:15:00Z,97.465,97.47,97.465,97.47,418.0,97.47,33
2026-07-06T07:30:00Z,97.47,97.47,97.465,97.47,1592.0,97.468,167
2026-07-06T07:45:00Z,97.47,97.475,97.47,97.475,2734.0,97.4735,181
2026-07-06T08:00:00Z,97.47,97.475,97.47,97.475,129.0,97.4715,51
2026-07-06T08:15:00Z,97.475,97.475,97.47,97.47,89.0,97.4705,22
2026-07-06T08:30:00Z,97.47,97.47,97.47,97.47,1173.0,97.47,64
2026-07-06T08:45:00Z,97.47,97.47,97.47,97.47,1360.0,97.47,159
2026-07-06T09:00:00Z,97.47,97.47,97.465,97.47,174.0,97.47,40
2026-07-06T09:15:00Z,97.465,97.465,97.46,97.465,3356.0,97.465,97
2026-07-06T09:30:00Z,97.465,97.465,97.465,97.465,1103.0,97.465,42
2026-07-06T09:45:00Z,97.465,97.465,97.465,97.465,358.0,97.465,14
2026-07-06T10:00:00Z,97.465,97.465,97.465,97.465,1923.0,97.465,145
2026-07-06T10:15:00Z,97.465,97.465,97.46,97.46,2648.0,97.4645,130
2026-07-06T10:30:00Z,97.465,97.465,97.46,97.46,61.0,97.46,21
2026-07-06T10:45:00Z,97.46,97.46,97.46,97.46,1319.0,97.46,76
2026-07-06T11:00:00Z,97.46,97.465,97.46,97.465,1022.0,97.46,88
2026-07-06T11:15:00Z,97.46,97.465,97.46,97.465,164.0,97.46,42
2026-07-06T11:30:00Z,97.465,97.465,97.46,97.465,152.0,97.4605,48
2026-07-06T11:45:00Z,97.465,97.465,97.46,97.465,180.0,97.4625,60
2026-07-06T12:00:00Z,97.465,97.465,97.46,97.46,4058.0,97.465,191
2026-07-06T12:15:00Z,97.46,97.465,97.46,97.46,207.0,97.461,114
2026-07-06T12:30:00Z,97.465,97.465,97.46,97.465,1491.0,97.465,54
2026-07-06T12:45:00Z,97.46,97.465,97.46,97.465,328.0,97.465,36
2026-07-06T13:00:00Z,97.46,97.46,97.455,97.455,9219.0,97.4565,446
2026-07-06T13:15:00Z,97.455,97.455,97.45,97.45,182.0,97.4505,40
2026-07-06T13:30:00Z,97.45,97.45,97.445,97.45,6285.0,97.45,635
2026-07-06T13:45:00Z,97.45,97.455,97.445,97.445,1796.0,97.4485,158
2026-07-06T14:00:00Z,97.445,97.45,97.445,97.45,3303.0,97.45,266
2026-07-06T14:15:00Z,97.45,97.455,97.45,97.455,702.0,97.455,47
2026-07-06T14:30:00Z,97.45,97.455,97.45,97.45,309.0,97.4505,43
2026-07-06T14:45:00Z,97.455,97.455,97.45,97.455,3164.0,97.455,283
2026-07-06T15:00:00Z,97.455,97.46,97.45,97.455,2186.0,97.4555,526
2026-07-06T15:15:00Z,97.455,97.455,97.45,97.455,162.0,97.4545,42
2026-07-06T15:30:00Z,97.45,97.45,97.445,97.445,3429.0,97.448,306
2026-07-06T15:45:00Z,97.445,97.455,97.445,97.45,1643.0,97.45,199
2026-07-06T16:00:00Z,97.445,97.45,97.445,97.45,1232.0,97.449,51
2026-07-06T16:15:00Z,97.45,97.45,97.45,97.45,870.0,97.45,121
2026-07-06T16:30:00Z,97.445,97.45,97.445,97.45,8.0,97.447,5
2026-07-06T16:45:00Z,97.445,97.45,97.445,97.45,187.0,97.447,48
2026-07-06T17:00:00Z,97.45,97.45,97.445,97.45,265.0,97.45,44
2026-07-06T17:15:00Z,97.45,97.45,97.45,97.45,0.0,97.45,0
2026-07-06T17:30:00Z,97.445,97.445,97.445,97.445,120.0,97.445,18
2026-07-06T17:45:00Z,97.445,97.445,97.445,97.445,0.0,97.445,0
2026-07-06T18:00:00Z,97.445,97.445,97.445,97.445,49.0,97.445,5
2026-07-06T18:15:00Z,97.445,97.445,97.445,97.445,0.0,97.445,0
2026-07-06T18:30:00Z,97.445,97.445,97.445,97.445,150.0,97.445,16
2026-07-06T18:45:00Z,97.445,97.445,97.445,97.445,0.0,97.445,0
2026-07-06T19:00:00Z,97.445,97.445,97.445,97.445,1.0,97.445,1
2026-07-06T19:15:00Z,97.445,97.445,97.445,97.445,0.0,97.445,0
2026-07-06T19:30:00Z,97.45,97.45,97.45,97.45,6.0,97.45,6
2026-07-06T19:45:00Z,97.445,97.45,97.445,97.445,12.0,97.449,9
2026-07-07T00:00:00Z,97.45,97.45,97.44,97.44,81.0,97.445,19
2026-07-07T00:15:00Z,97.445,97.45,97.445,97.45,11.0,97.4455,4
2026-07-07T00:30:00Z,97.445,97.445,97.44,97.44,29.0,97.445,3
2026-07-07T00:45:00Z,97.445,97.45,97.445,97.445,92.0,97.4455,15
2026-07-07T01:00:00Z,97.445,97.445,97.445,97.445,0.0,97.445,0
2026-07-07T01:15:00Z,97.445,97.445,97.445,97.445,36.0,97.445,3
2026-07-07T01:30:00Z,97.445,97.445,97.445,97.445,0.0,97.445,0
2026-07-07T01:45:00Z,97.445,97.445,97.445,97.445,74.0,97.445,6
2026-07-07T02:00:00Z,97.445,97.445,97.445,97.445,0.0,97.445,0
2026-07-07T02:15:00Z,97.445,97.445,97.445,97.445,0.0,97.445,0
2026-07-07T02:30:00Z,97.445,97.445,97.445,97.445,0.0,97.445,0
2026-07-07T02:45:00Z,97.445,97.445,97.445,97.445,0.0,97.445,0
2026-07-07T03:00:00Z,97.445,97.445,97.445,97.445,5.0,97.445,4
2026-07-07T03:15:00Z,97.445,97.445,97.445,97.445,0.0,97.445,0
2026-07-07T03:30:00Z,97.445,97.445,97.44,97.445,47.0,97.445,18
2026-07-07T03:45:00Z,97.445,97.445,97.445,97.445,0.0,97.445,0
2026-07-07T04:00:00Z,97.445,97.445,97.445,97.445,0.0,97.445,0
2026-07-07T04:15:00Z,97.445,97.445,97.445,97.445,0.0,97.445,0
2026-07-07T04:30:00Z,97.445,97.445,97.445,97.445,46.0,97.445,6
2026-07-07T04:45:00Z,97.44,97.44,97.44,97.44,158.0,97.44,16
2026-07-07T05:00:00Z,97.44,97.44,97.435,97.435,146.0,97.44,31
2026-07-07T05:15:00Z,97.435,97.435,97.435,97.435,11.0,97.435,7
2026-07-07T05:30:00Z,97.435,97.435,97.435,97.435,257.0,97.435,30
2026-07-07T05:45:00Z,97.435,97.435,97.435,97.435,114.0,97.435,31
2026-07-07T06:00:00Z,97.43,97.43,97.425,97.425,2998.0,97.4285,263
2026-07-07T06:15:00Z,97.425,97.425,97.425,97.425,1233.0,97.425,56
2026-07-07T06:30:00Z,97.425,97.435,97.425,97.435,928.0,97.43,53
2026-07-07T06:45:00Z,97.43,97.435,97.425,97.43,1626.0,97.4305,96
2026-07-07T07:00:00Z,97.43,97.435,97.43,97.43,2650.0,97.4315,246
2026-07-07T07:15:00Z,97.43,97.43,97.425,97.425,2757.0,97.429,188
2026-07-07T07:30:00Z,97.425,97.43,97.425,97.43,2982.0,97.425,278
2026-07-07T07:45:00Z,97.425,97.425,97.425,97.425,483.0,97.425,69
2026-07-07T08:00:00Z,97.425,97.43,97.425,97.43,2465.0,97.43,255
2026-07-07T08:15:00Z,97.43,97.43,97.43,97.43,4373.0,97.43,213
2026-07-07T08:30:00Z,97.43,97.43,97.425,97.43,118.0,97.43,39
2026-07-07T08:45:00Z,97.425,97.43,97.425,97.425,662.0,97.4265,87
2026-07-07T09:00:00Z,97.425,97.425,97.42,97.42,4629.0,97.425,306
2026-07-07T09:15:00Z,97.425,97.425,97.42,97.425,2883.0,97.425,233
2026-07-07T09:30:00Z,97.425,97.425,97.415,97.42,1876.0,97.421,139
2026-07-07T09:45:00Z,97.42,97.42,97.415,97.42,1894.0,97.42,177
2026-07-07T10:00:00Z,97.425,97.425,97.42,97.42,1190.0,97.4205,134
2026-07-07T10:15:00Z,97.42,97.42,97.415,97.415,4630.0,97.42,290
2026-07-07T10:30:00Z,97.415,97.42,97.415,97.42,1254.0,97.42,79
2026-07-07T10:45:00Z,97.42,97.42,97.415,97.415,1010.0,97.4195,90
2026-07-07T11:00:00Z,97.415,97.42,97.415,97.42,728.0,97.4195,71
2026-07-07T11:15:00Z,97.42,97.425,97.42,97.425,1906.0,97.425,85
2026-07-07T11:30:00Z,97.42,97.425,97.42,97.42,1244.0,97.4205,102
2026-07-07T11:45:00Z,97.42,97.425,97.42,97.42,319.0,97.4205,116
2026-07-07T12:00:00Z,97.425,97.425,97.42,97.42,76.0,97.4205,35
2026-07-07T12:15:00Z,97.42,97.425,97.42,97.425,2301.0,97.425,300
2026-07-07T12:30:00Z,97.425,97.425,97.42,97.42,1588.0,97.422,241
2026-07-07T12:45:00Z,97.42,97.42,97.42,97.42,1055.0,97.42,68
2026-07-07T13:00:00Z,97.42,97.425,97.415,97.415,3357.0,97.42,266
2026-07-07T13:15:00Z,97.415,97.42,97.415,97.415,4961.0,97.415,470
2026-07-07T13:30:00Z,97.415,97.415,97.41,97.415,3722.0,97.415,255
2026-07-07T13:45:00Z,97.415,97.415,97.41,97.41,4366.0,97.412,210
2026-07-07T14:00:00Z,97.405,97.405,97.4,97.405,4766.0,97.404,345
2026-07-07T14:15:00Z,97.405,97.41,97.405,97.41,1528.0,97.4095,119
2026-07-07T14:30:00Z,97.41,97.41,97.405,97.405,169.0,97.408,46
2026-07-07T14:45:00Z,97.405,97.41,97.405,97.405,6684.0,97.41,322
2026-07-07T15:00:00Z,97.405,97.41,97.405,97.405,3663.0,97.41,739
2026-07-07T15:15:00Z,97.41,97.41,97.405,97.405,861.0,97.41,98
2026-07-07T15:30:00Z,97.41,97.41,97.405,97.41,632.0,97.4075,252
2026-07-07T15:45:00Z,97.405,97.41,97.4,97.4,3581.0,97.405,370
2026-07-07T16:00:00Z,97.4,97.405,97.4,97.4,1594.0,97.4005,145
2026-07-07T16:15:00Z,97.4,97.405,97.4,97.4,2674.0,97.4,191
2026-07-07T16:30:00Z,97.4,97.4,97.4,97.4,221.0,97.4,14
2026-07-07T16:45:00Z,97.4,97.4,97.395,97.4,480.0,97.4,48
2026-07-07T17:00:00Z,97.395,97.4,97.395,97.395,187.0,97.4,38
2026-07-07T17:15:00Z,97.395,97.395,97.39,97.395,2748.0,97.395,162
2026-07-07T17:30:00Z,97.395,97.395,97.395,97.395,0.0,97.395,0
2026-07-07T17:45:00Z,97.4,97.4,97.4,97.4,50.0,97.4,17
2026-07-07T18:00:00Z,97.395,97.395,97.395,97.395,107.0,97.395,25
2026-07-07T18:15:00Z,97.395,97.395,97.39,97.39,269.0,97.395,11
2026-07-07T18:30:00Z,97.395,97.395,97.395,97.395,775.0,97.395,20
2026-07-07T18:45:00Z,97.395,97.395,97.37,97.37,10806.0,97.382,792
2026-07-07T19:00:00Z,97.37,97.37,97.355,97.355,2714.0,97.3645,277
2026-07-07T19:15:00Z,97.355,97.355,97.35,97.355,2832.0,97.353,205
2026-07-07T19:30:00Z,97.36,97.365,97.355,97.36,738.0,97.362,102
2026-07-07T19:45:00Z,97.36,97.36,97.36,97.36,1038.0,97.36,100
2026-07-08T00:00:00Z,97.365,97.365,97.355,97.355,11.0,97.357,8
2026-07-08T00:15:00Z,97.36,97.36,97.35,97.35,1581.0,97.355,88
2026-07-08T00:30:00Z,97.35,97.36,97.35,97.36,392.0,97.359,44
2026-07-08T00:45:00Z,97.36,97.37,97.36,97.365,3509.0,97.366,185
2026-07-08T01:00:00Z,97.365,97.37,97.365,97.365,18.0,97.367,10
2026-07-08T01:15:00Z,97.365,97.37,97.365,97.365,118.0,97.3695,13
2026-07-08T01:30:00Z,97.365,97.365,97.365,97.365,22.0,97.365,13
2026-07-08T01:45:00Z,97.365,97.365,97.365,97.365,305.0,97.365,38
2026-07-08T02:00:00Z,97.365,97.365,97.36,97.36,2090.0,97.3645,47
2026-07-08T02:15:00Z,97.36,97.36,97.355,97.36,44.0,97.36,15
2026-07-08T02:30:00Z,97.355,97.36,97.355,97.36,105.0,97.3595,25
2026-07-08T02:45:00Z,97.36,97.36,97.36,97.36,10.0,97.36,7
2026-07-08T03:00:00Z,97.36,97.36,97.36,97.36,61.0,97.36,14
2026-07-08T03:15:00Z,97.36,97.36,97.36,97.36,37.0,97.36,11
2026-07-08T03:30:00Z,97.36,97.36,97.36,97.36,0.0,97.36,0
2026-07-08T03:45:00Z,97.36,97.36,97.36,97.36,106.0,97.36,10
2026-07-08T04:00:00Z,97.365,97.365,97.365,97.365,1.0,97.365,1
2026-07-08T04:15:00Z,97.365,97.365,97.365,97.365,53.0,97.365,8
2026-07-08T04:30:00Z,97.365,97.365,97.365,97.365,32.0,97.365,2
2026-07-08T04:45:00Z,97.37,97.37,97.37,97.37,101.0,97.37,8
2026-07-08T05:00:00Z,97.365,97.365,97.365,97.365,311.0,97.365,36
2026-07-08T05:15:00Z,97.365,97.365,97.365,97.365,1123.0,97.365,53
2026-07-08T05:30:00Z,97.365,97.365,97.365,97.365,4.0,97.365,2
2026-07-08T05:45:00Z,97.365,97.365,97.365,97.365,558.0,97.365,59
2026-07-08T06:00:00Z,97.36,97.37,97.36,97.365,2362.0,97.3675,304
2026-07-08T06:15:00Z,97.365,97.37,97.36,97.36,889.0,97.366,122
2026-07-08T06:30:00Z,97.36,97.36,97.355,97.355,9694.0,97.3565,367
2026-07-08T06:45:00Z,97.355,97.355,97.35,97.35,6276.0,97.3525,240
2026-07-08T07:00:00Z,97.355,97.355,97.335,97.345,6857.0,97.343,400
2026-07-08T07:15:00Z,97.345,97.36,97.34,97.36,4695.0,97.3505,218
2026-07-08T07:30:00Z,97.36,97.37,97.36,97.37,9110.0,97.363,422
2026-07-08T07:45:00Z,97.37,97.37,97.36,97.36,2571.0,97.3675,191
2026-07-08T08:00:00Z,97.36,97.36,97.355,97.355,5548.0,97.3565,361
2026-07-08T08:15:00Z,97.355,97.355,97.31,97.33,27037.0,97.329,1590
2026-07-08T08:30:00Z,97.33,97.33,97.31,97.31,13413.0,97.32,798
2026-07-08T08:45:00Z,97.315,97.32,97.305,97.31,10547.0,97.315,662
2026-07-08T09:00:00Z,97.31,97.31,97.3,97.3,9268.0,97.3055,577
2026-07-08T09:15:00Z,97.305,97.315,97.305,97.31,5699.0,97.307,437
2026-07-08T09:30:00Z,97.305,97.31,97.3,97.3,7834.0,97.3035,533
2026-07-08T09:45:00Z,97.305,97.305,97.28,97.285,15028.0,97.2915,793
2026-07-08T10:00:00Z,97.29,97.3,97.29,97.3,7702.0,97.294,402
2026-07-08T10:15:00Z,97.3,97.3,97.29,97.3,16753.0,97.2985,745
2026-07-08T10:30:00Z,97.3,97.305,97.295,97.3,9436.0,97.3,401
2026-07-08T10:45:00Z,97.3,97.305,97.295,97.3,6899.0,97.3015,280
2026-07-08T11:00:00Z,97.3,97.305,97.3,97.305,5738.0,97.3045,300
2026-07-08T11:15:00Z,97.305,97.305,97.3,97.305,4946.0,97.3045,259
2026-07-08T11:30:00Z,97.305,97.325,97.3,97.315,22903.0,97.3125,1101
2026-07-08T11:45:00Z,97.315,97.32,97.305,97.305,6937.0,97.3095,360
2026-07-08T12:00:00Z,97.305,97.325,97.305,97.325,4005.0,97.315,296
2026-07-08T12:15:00Z,97.32,97.33,97.32,97.33,3568.0,97.325,298
2026-07-08T12:30:00Z,97.33,97.335,97.325,97.335,5340.0,97.3325,269
2026-07-08T12:45:00Z,97.335,97.335,97.315,97.32,5929.0,97.326,458
2026-07-08T13:00:00Z,97.32,97.33,97.315,97.32,18785.0,97.3185,712
2026-07-08T13:15:00Z,97.315,97.32,97.31,97.31,3917.0,97.3145,369
2026-07-08T13:30:00Z,97.31,97.315,97.31,97.315,1938.0,97.31,207
2026-07-08T13:45:00Z,97.315,97.315,97.3,97.305,2182.0,97.3135,203
2026-07-08T14:00:00Z,97.305,97.31,97.305,97.305,1961.0,97.3055,193
2026-07-08T14:15:00Z,97.31,97.31,97.295,97.295,7793.0,97.302,713
2026-07-08T14:30:00Z,97.295,97.3,97.29,97.295,6319.0,97.293,533
2026-07-08T14:45:00Z,97.295,97.295,97.29,97.29,4353.0,97.294,278
2026-07-08T15:00:00Z,97.29,97.29,97.275,97.275,13164.0,97.284,1080
2026-07-08T15:15:00Z,97.275,97.28,97.265,97.27,8379.0,97.2765,517
2026-07-08T15:30:00Z,97.27,97.275,97.26,97.27,10274.0,97.2675,595
2026-07-08T15:45:00Z,97.275,97.275,97.265,97.265,5820.0,97.271,377
2026-07-08T16:00:00Z,97.265,97.27,97.26,97.27,3282.0,97.267,294
2026-07-08T16:15:00Z,97.265,97.27,97.265,97.27,2354.0,97.2685,171
2026-07-08T16:30:00Z,97.27,97.28,97.265,97.275,10474.0,97.2725,548
2026-07-08T16:45:00Z,97.275,97.28,97.27,97.275,5326.0,97.276,273
2026-07-08T17:00:00Z,97.28,97.285,97.275,97.285,3467.0,97.282,360
2026-07-08T17:15:00Z,97.285,97.285,97.285,97.285,3801.0,97.285,484
2026-07-08T17:30:00Z,97.285,97.285,97.285,97.285,635.0,97.285,49
2026-07-08T17:45:00Z,97.285,97.285,97.285,97.285,313.0,97.285,22
2026-07-08T18:00:00Z,97.285,97.295,97.28,97.295,1110.0,97.2905,126
2026-07-08T18:15:00Z,97.295,97.295,97.295,97.295,340.0,97.295,37
2026-07-08T18:30:00Z,97.295,97.295,97.295,97.295,114.0,97.295,13
2026-07-08T18:45:00Z,97.3,97.3,97.295,97.295,999.0,97.3,53
2026-07-08T19:00:00Z,97.3,97.3,97.3,97.3,1184.0,97.3,33
2026-07-08T19:15:00Z,97.3,97.3,97.3,97.3,22.0,97.3,4
2026-07-08T19:30:00Z,97.295,97.295,97.29,97.29,744.0,97.292,57
2026-07-08T19:45:00Z,97.29,97.29,97.28,97.29,989.0,97.284,74
2026-07-09T00:00:00Z,97.285,97.295,97.285,97.29,230.0,97.29,32
2026-07-09T00:15:00Z,97.29,97.295,97.29,97.29,166.0,97.291,21
2026-07-09T00:30:00Z,97.29,97.295,97.29,97.295,27.0,97.295,8
2026-07-09T00:45:00Z,97.29,97.295,97.29,97.295,17.0,97.2945,7
2026-07-09T01:00:00Z,97.295,97.295,97.295,97.295,0.0,97.295,0
2026-07-09T01:15:00Z,97.295,97.295,97.295,97.295,50.0,97.295,2
2026-07-09T01:30:00Z,97.295,97.3,97.295,97.295,3.0,97.2965,3
2026-07-09T01:45:00Z,97.295,97.3,97.295,97.3,439.0,97.3,21
2026-07-09T02:00:00Z,97.295,97.295,97.295,97.295,1.0,97.295,1
2026-07-09T02:15:00Z,97.295,97.295,97.295,97.295,1.0,97.295,1
2026-07-09T02:30:00Z,97.295,97.295,97.295,97.295,324.0,97.295,8
2026-07-09T02:45:00Z,97.295,97.295,97.295,97.295,277.0,97.295,10
2026-07-09T03:00:00Z,97.295,97.295,97.295,97.295,0.0,97.295,0
2026-07-09T03:15:00Z,97.295,97.3,97.295,97.3,72.0,97.295,8
2026-07-09T03:30:00Z,97.3,97.3,97.3,97.3,2.0,97.3,2
2026-07-09T03:45:00Z,97.295,97.295,97.295,97.295,9.0,97.295,3
2026-07-09T04:00:00Z,97.295,97.295,97.295,97.295,0.0,97.295,0
2026-07-09T04:15:00Z,97.295,97.295,97.295,97.295,2.0,97.295,2
2026-07-09T04:30:00Z,97.295,97.295,97.295,97.295,0.0,97.295,0
2026-07-09T04:45:00Z,97.3,97.3,97.3,97.3,23.0,97.3,3
2026-07-09T05:00:00Z,97.3,97.305,97.3,97.305,491.0,97.3045,26
2026-07-09T05:15:00Z,97.305,97.31,97.305,97.305,510.0,97.3065,60
2026-07-09T05:30:00Z,97.305,97.315,97.305,97.31,509.0,97.3085,55
2026-07-09T05:45:00Z,97.31,97.32,97.31,97.315,276.0,97.315,34
2026-07-09T06:00:00Z,97.315,97.32,97.31,97.315,1162.0,97.316,437
2026-07-09T06:15:00Z,97.315,97.325,97.31,97.32,2782.0,97.3185,430
2026-07-09T06:30:00Z,97.32,97.32,97.31,97.31,2214.0,97.3145,116
2026-07-09T06:45:00Z,97.31,97.315,97.31,97.315,280.0,97.31,53
2026-07-09T07:00:00Z,97.315,97.315,97.31,97.315,1388.0,97.3145,101
2026-07-09T07:15:00Z,97.315,97.315,97.31,97.315,3547.0,97.31,256
2026-07-09T07:30:00Z,97.31,97.32,97.305,97.31,4285.0,97.3115,286
2026-07-09T07:45:00Z,97.315,97.32,97.315,97.315,3689.0,97.315,326
2026-07-09T08:00:00Z,97.315,97.32,97.31,97.315,2166.0,97.315,197
2026-07-09T08:15:00Z,97.315,97.32,97.315,97.315,2507.0,97.3155,243
2026-07-09T08:30:00Z,97.315,97.315,97.305,97.31,2808.0,97.311,222
2026-07-09T08:45:00Z,97.31,97.31,97.305,97.31,1627.0,97.3085,158
2026-07-09T09:00:00Z,97.305,97.31,97.295,97.295,2022.0,97.3025,199
2026-07-09T09:15:00Z,97.295,97.3,97.295,97.3,991.0,97.295,134
2026-07-09T09:30:00Z,97.295,97.295,97.29,97.295,4264.0,97.2945,364
2026-07-09T09:45:00Z,97.295,97.305,97.295,97.305,1826.0,97.2975,122
2026-07-09T10:00:00Z,97.305,97.315,97.305,97.31,6164.0,97.3095,327
2026-07-09T10:15:00Z,97.31,97.315,97.31,97.31,410.0,97.3115,21
2026-07-09T10:30:00Z,97.31,97.315,97.305,97.31,5550.0,97.31,361
2026-07-09T10:45:00Z,97.305,97.305,97.295,97.3,4808.0,97.299,260
2026-07-09T11:00:00Z,97.3,97.3,97.3,97.3,1872.0,97.3,100
2026-07-09T11:15:00Z,97.3,97.305,97.29,97.29,1761.0,97.294,156
2026-07-09T11:30:00Z,97.295,97.305,97.29,97.3,3837.0,97.299,242
2026-07-09T11:45:00Z,97.3,97.305,97.3,97.3,558.0,97.3005,63
2026-07-09T12:00:00Z,97.305,97.31,97.305,97.31,1859.0,97.3095,201
2026-07-09T12:15:00Z,97.31,97.315,97.305,97.31,2393.0,97.31,168
2026-07-09T12:30:00Z,97.305,97.315,97.305,97.31,3593.0,97.3115,289
2026-07-09T12:45:00Z,97.31,97.315,97.31,97.31,1651.0,97.31,145
2026-07-09T13:00:00Z,97.31,97.315,97.31,97.31,744.0,97.311,167
2026-07-09T13:15:00Z,97.315,97.32,97.31,97.31,1940.0,97.315,224
2026-07-09T13:30:00Z,97.31,97.32,97.31,97.32,1844.0,97.317,200
2026-07-09T13:45:00Z,97.32,97.325,97.32,97.32,7536.0,97.32,385
2026-07-09T14:00:00Z,97.32,97.325,97.315,97.315,1537.0,97.32,143
2026-07-09T14:15:00Z,97.315,97.32,97.315,97.32,3182.0,97.32,237
2026-07-09T14:30:00Z,97.32,97.325,97.32,97.325,3905.0,97.325,280
2026-07-09T14:45:00Z,97.325,97.33,97.32,97.325,3852.0,97.325,204
2026-07-09T15:00:00Z,97.325,97.33,97.325,97.325,4260.0,97.325,992
2026-07-09T15:15:00Z,97.325,97.335,97.325,97.33,3834.0,97.33,329
2026-07-09T15:30:00Z,97.33,97.33,97.325,97.33,2416.0,97.328,214
2026-07-09T15:45:00Z,97.33,97.335,97.33,97.335,762.0,97.33,68
2026-07-09T16:00:00Z,97.335,97.335,97.325,97.33,2490.0,97.33,313
2026-07-09T16:15:00Z,97.33,97.33,97.325,97.33,426.0,97.326,79
2026-07-09T16:30:00Z,97.33,97.33,97.325,97.325,751.0,97.328,116
2026-07-09T16:45:00Z,97.325,97.33,97.325,97.325,25.0,97.3275,21
2026-07-09T17:00:00Z,97.33,97.33,97.325,97.33,760.0,97.33,64
2026-07-09T17:15:00Z,97.33,97.335,97.33,97.335,312.0,97.33,25
2026-07-09T17:30:00Z,97.335,97.335,97.33,97.335,146.0,97.335,74
2026-07-09T17:45:00Z,97.33,97.335,97.33,97.335,371.0,97.3345,86
2026-07-09T18:00:00Z,97.33,97.33,97.33,97.33,146.0,97.33,6
2026-07-09T18:15:00Z,97.33,97.33,97.325,97.325,4300.0,97.329,264
2026-07-09T18:30:00Z,97.325,97.33,97.325,97.33,1110.0,97.33,63
2026-07-09T18:45:00Z,97.33,97.335,97.33,97.335,1148.0,97.334,101
2026-07-09T19:00:00Z,97.335,97.34,97.335,97.335,1284.0,97.3365,95
2026-07-09T19:15:00Z,97.335,97.335,97.335,97.335,773.0,97.335,57
2026-07-09T19:30:00Z,97.34,97.34,97.34,97.34,3310.0,97.34,103
2026-07-09T19:45:00Z,97.335,97.335,97.335,97.335,924.0,97.335,41
2026-07-10T00:00:00Z,97.335,97.335,97.335,97.335,250.0,97.335,8
2026-07-10T00:15:00Z,97.335,97.335,97.335,97.335,140.0,97.335,18
2026-07-10T00:30:00Z,97.34,97.34,97.34,97.34,440.0,97.34,15
2026-07-10T00:45:00Z,97.345,97.345,97.345,97.345,39.0,97.345,5
2026-07-10T01:00:00Z,97.345,97.345,97.345,97.345,0.0,97.345,0
2026-07-10T01:15:00Z,97.345,97.345,97.345,97.345,0.0,97.345,0
2026-07-10T01:30:00Z,97.345,97.345,97.345,97.345,781.0,97.345,22
2026-07-10T01:45:00Z,97.345,97.345,97.345,97.345,133.0,97.345,5
2026-07-10T02:00:00Z,97.345,97.345,97.345,97.345,0.0,97.345,0
2026-07-10T02:15:00Z,97.345,97.345,97.345,97.345,0.0,97.345,0
2026-07-10T02:30:00Z,97.345,97.345,97.345,97.345,9.0,97.345,5
2026-07-10T02:45:00Z,97.345,97.345,97.345,97.345,237.0,97.345,12
2026-07-10T03:00:00Z,97.345,97.345,97.345,97.345,10.0,97.345,6
2026-07-10T03:15:00Z,97.345,97.345,97.345,97.345,0.0,97.345,0
2026-07-10T03:30:00Z,97.345,97.345,97.345,97.345,0.0,97.345,0
2026-07-10T03:45:00Z,97.34,97.34,97.34,97.34,156.0,97.34,14
2026-07-10T04:00:00Z,97.34,97.34,97.34,97.34,0.0,97.34,0
2026-07-10T04:15:00Z,97.34,97.34,97.34,97.34,0.0,97.34,0
2026-07-10T04:30:00Z,97.34,97.34,97.34,97.34,0.0,97.34,0
2026-07-10T04:45:00Z,97.34,97.34,97.34,97.34,0.0,97.34,0
2026-07-10T05:00:00Z,97.345,97.345,97.345,97.345,75.0,97.345,6
2026-07-10T05:15:00Z,97.345,97.345,97.345,97.345,100.0,97.345,3
2026-07-10T05:30:00Z,97.345,97.345,97.345,97.345,1083.0,97.345,20
2026-07-10T05:45:00Z,97.35,97.35,97.35,97.35,395.0,97.35,14
2026-07-10T06:00:00Z,97.345,97.35,97.345,97.35,2649.0,97.35,135
2026-07-10T06:15:00Z,97.35,97.355,97.345,97.35,1104.0,97.35,105
2026-07-10T06:30:00Z,97.35,97.355,97.35,97.35,875.0,97.35,69
2026-07-10T06:45:00Z,97.35,97.35,97.345,97.345,120.0,97.346,22
2026-07-10T07:00:00Z,97.345,97.35,97.345,97.345,1363.0,97.345,90
2026-07-10T07:15:00Z,97.345,97.345,97.34,97.34,3048.0,97.34,203
2026-07-10T07:30:00Z,97.34,97.345,97.34,97.34,476.0,97.34,37
2026-07-10T07:45:00Z,97.34,97.345,97.335,97.345,2218.0,97.34,183
2026-07-10T08:00:00Z,97.34,97.345,97.34,97.345,3257.0,97.3405,227
2026-07-10T08:15:00Z,97.34,97.34,97.335,97.335,1060.0,97.3395,89
2026-07-10T08:30:00Z,97.335,97.335,97.33,97.33,1449.0,97.3315,166
2026-07-10T08:45:00Z,97.33,97.335,97.33,97.335,1569.0,97.3345,120
2026-07-10T09:00:00Z,97.335,97.335,97.335,97.335,4224.0,97.335,407
2026-07-10T09:15:00Z,97.335,97.34,97.335,97.34,100.0,97.3395,32
2026-07-10T09:30:00Z,97.34,97.34,97.34,97.34,52.0,97.34,21
2026-07-10T09:45:00Z,97.34,97.34,97.34,97.34,4811.0,97.34,314
2026-07-10T10:00:00Z,97.34,97.34,97.34,97.34,1521.0,97.34,88
2026-07-10T10:15:00Z,97.34,97.345,97.34,97.34,1081.0,97.34,61
2026-07-10T10:30:00Z,97.34,97.34,97.34,97.34,911.0,97.34,53
2026-07-10T10:45:00Z,97.335,97.34,97.335,97.335,656.0,97.335,98
2026-07-10T11:00:00Z,97.335,97.34,97.335,97.335,96.0,97.3355,27
2026-07-10T11:15:00Z,97.335,97.335,97.33,97.33,1843.0,97.332,137
2026-07-10T11:30:00Z,97.33,97.335,97.325,97.33,829.0,97.33,73
2026-07-10T11:45:00Z,97.335,97.335,97.33,97.335,179.0,97.3315,49
2026-07-10T12:00:00Z,97.335,97.35,97.33,97.345,8578.0,97.342,436
2026-07-10T12:15:00Z,97.345,97.345,97.335,97.34,1601.0,97.34,114
2026-07-10T12:30:00Z,97.335,97.34,97.33,97.33,2265.0,97.335,148
2026-07-10T12:45:00Z,97.335,97.335,97.335,97.335,1058.0,97.335,84
2026-07-10T13:00:00Z,97.335,97.335,97.335,97.335,416.0,97.335,34
2026-07-10T13:15:00Z,97.33,97.335,97.33,97.335,599.0,97.334,56
2026-07-10T13:30:00Z,97.335,97.335,97.33,97.335,103.0,97.33,36
2026-07-10T13:45:00Z,97.33,97.335,97.33,97.335,2786.0,97.335,178
2026-07-10T14:00:00Z,97.335,97.335,97.33,97.33,2115.0,97.3305,200
2026-07-10T14:15:00Z,97.33,97.335,97.33,97.335,748.0,97.335,123
2026-07-10T14:30:00Z,97.335,97.335,97.31,97.325,18425.0,97.3265,1212
2026-07-10T14:45:00Z,97.325,97.33,97.32,97.325,1446.0,97.325,123
2026-07-10T15:00:00Z,97.325,97.335,97.325,97.325,3055.0,97.3295,562
2026-07-10T15:15:00Z,97.33,97.335,97.33,97.335,3529.0,97.334,264
2026-07-10T15:30:00Z,97.335,97.335,97.33,97.335,138.0,97.3345,31
2026-07-10T15:45:00Z,97.335,97.34,97.335,97.335,4301.0,97.335,256
2026-07-10T16:00:00Z,97.335,97.335,97.33,97.335,908.0,97.332,67
2026-07-10T16:15:00Z,97.33,97.33,97.33,97.33,1933.0,97.33,131
2026-07-10T16:30:00Z,97.325,97.325,97.325,97.325,941.0,97.325,66
2026-07-10T16:45:00Z,97.325,97.325,97.325,97.325,399.0,97.325,62
2026-07-10T17:00:00Z,97.325,97.325,97.32,97.325,19.0,97.3245,6
2026-07-10T17:15:00Z,97.325,97.325,97.32,97.32,11.0,97.3205,3
2026-07-10T17:30:00Z,97.325,97.325,97.32,97.32,1025.0,97.3215,91
2026-07-10T17:45:00Z,97.32,97.32,97.32,97.32,362.0,97.32,35
2026-07-10T18:00:00Z,97.315,97.315,97.315,97.315,234.0,97.315,32
2026-07-10T18:15:00Z,97.32,97.32,97.32,97.32,576.0,97.32,35
2026-07-10T18:30:00Z,97.32,97.32,97.32,97.32,1424.0,97.32,21
2026-07-10T18:45:00Z,97.32,97.32,97.32,97.32,96.0,97.32,5
2026-07-10T19:00:00Z,97.32,97.32,97.32,97.32,1.0,97.32,1
2026-07-10T19:15:00Z,97.32,97.32,97.32,97.32,0.0,97.32,0
2026-07-10T19:30:00Z,97.325,97.325,97.325,97.325,299.0,97.325,32
2026-07-10T19:45:00Z,97.325,97.325,97.32,97.32,246.0,97.323,32
2026-07-13T00:00:00Z,97.31,97.31,97.295,97.31,2382.0,97.304,255
2026-07-13T00:15:00Z,97.31,97.31,97.3,97.3,230.0,97.304,26
2026-07-13T00:30:00Z,97.3,97.3,97.29,97.29,293.0,97.2985,41
2026-07-13T00:45:00Z,97.29,97.29,97.29,97.29,162.0,97.29,18
2026-07-13T01:00:00Z,97.29,97.29,97.29,97.29,141.0,97.29,14
2026-07-13T01:15:00Z,97.29,97.29,97.29,97.29,300.0,97.29,6
2026-07-13T01:30:00Z,97.29,97.29,97.29,97.29,117.0,97.29,8
2026-07-13T01:45:00Z,97.295,97.295,97.295,97.295,5.0,97.295,5
2026-07-13T02:00:00Z,97.295,97.295,97.295,97.295,0.0,97.295,0
2026-07-13T02:15:00Z,97.29,97.29,97.29,97.29,553.0,97.29,16
2026-07-13T02:30:00Z,97.29,97.295,97.29,97.295,104.0,97.294,10
2026-07-13T02:45:00Z,97.295,97.295,97.295,97.295,2.0,97.295,1
2026-07-13T03:00:00Z,97.29,97.29,97.29,97.29,130.0,97.29,16
2026-07-13T03:15:00Z,97.29,97.29,97.29,97.29,73.0,97.29,5
2026-07-13T03:30:00Z,97.29,97.29,97.29,97.29,0.0,97.29,0
2026-07-13T03:45:00Z,97.29,97.29,97.29,97.29,628.0,97.29,47
2026-07-13T04:00:00Z,97.29,97.29,97.29,97.29,69.0,97.29,2
2026-07-13T04:15:00Z,97.295,97.295,97.295,97.295,76.0,97.295,7
2026-07-13T04:30:00Z,97.295,97.295,97.295,97.295,4.0,97.295,3
2026-07-13T04:45:00Z,97.29,97.29,97.29,97.29,1490.0,97.29,58
2026-07-13T05:00:00Z,97.29,97.29,97.29,97.29,275.0,97.29,37
2026-07-13T05:15:00Z,97.29,97.29,97.29,97.29,0.0,97.29,0
2026-07-13T05:30:00Z,97.29,97.29,97.29,97.29,305.0,97.29,17
2026-07-13T05:45:00Z,97.285,97.285,97.28,97.285,2718.0,97.2845,215
2026-07-13T06:00:00Z,97.285,97.285,97.28,97.285,6314.0,97.285,474
2026-07-13T06:15:00Z,97.285,97.285,97.285,97.285,2271.0,97.285,137
2026-07-13T06:30:00Z,97.285,97.295,97.285,97.295,2352.0,97.294,290
2026-07-13T06:45:00Z,97.295,97.295,97.295,97.295,1172.0,97.295,203
2026-07-13T07:00:00Z,97.3,97.3,97.295,97.3,3822.0,97.2985,302
2026-07-13T07:15:00Z,97.3,97.305,97.295,97.295,1141.0,97.297,93
2026-07-13T07:30:00Z,97.295,97.295,97.29,97.295,3014.0,97.295,226
2026-07-13T07:45:00Z,97.295,97.295,97.29,97.295,2102.0,97.295,231
2026-07-13T08:00:00Z,97.295,97.3,97.295,97.295,1276.0,97.295,121
2026-07-13T08:15:00Z,97.295,97.3,97.295,97.3,1740.0,97.2995,179
2026-07-13T08:30:00Z,97.3,97.305,97.3,97.305,6258.0,97.3045,320
2026-07-13T08:45:00Z,97.305,97.31,97.305,97.31,1341.0,97.305,87
2026-07-13T09:00:00Z,97.31,97.31,97.305,97.305,2198.0,97.3075,131
2026-07-13T09:15:00Z,97.305,97.31,97.305,97.31,322.0,97.3055,37
2026-07-13T09:30:00Z,97.305,97.31,97.3,97.305,3502.0,97.305,227
2026-07-13T09:45:00Z,97.305,97.305,97.305,97.305,1439.0,97.305,113
2026-07-13T10:00:00Z,97.305,97.305,97.295,97.295,2173.0,97.3005,140
2026-07-13T10:15:00Z,97.295,97.3,97.295,97.295,2178.0,97.295,157
2026-07-13T10:30:00Z,97.295,97.295,97.29,97.29,203.0,97.295,7
2026-07-13T10:45:00Z,97.295,97.295,97.295,97.295,204.0,97.295,20
2026-07-13T11:00:00Z,97.295,97.3,97.295,97.295,2930.0,97.295,163
2026-07-13T11:15:00Z,97.295,97.3,97.295,97.3,1054.0,97.2965,95
2026-07-13T11:30:00Z,97.3,97.305,97.3,97.3,1405.0,97.3,132
2026-07-13T11:45:00Z,97.295,97.295,97.29,97.29,1317.0,97.2915,91
2026-07-13T12:00:00Z,97.29,97.29,97.285,97.285,1358.0,97.2895,59
2026-07-13T12:15:00Z,97.29,97.295,97.285,97.29,1770.0,97.29,268
2026-07-13T12:30:00Z,97.285,97.285,97.28,97.285,897.0,97.2835,97
2026-07-13T12:45:00Z,97.285,97.29,97.285,97.29,4455.0,97.285,312
2026-07-13T13:00:00Z,97.29,97.29,97.285,97.285,4540.0,97.2865,333
2026-07-13T13:15:00Z,97.285,97.285,97.285,97.285,1350.0,97.285,94
2026-07-13T13:30:00Z,97.285,97.285,97.28,97.28,2245.0,97.282,237
2026-07-13T13:45:00Z,97.28,97.285,97.28,97.285,1212.0,97.285,76
2026-07-13T14:00:00Z,97.285,97.29,97.275,97.28,2813.0,97.284,246
2026-07-13T14:15:00Z,97.28,97.28,97.26,97.265,15809.0,97.2675,1296
2026-07-13T14:30:00Z,97.265,97.27,97.26,97.265,7049.0,97.2635,726
2026-07-13T14:45:00Z,97.265,97.27,97.26,97.265,2916.0,97.265,560
2026-07-13T15:00:00Z,97.27,97.27,97.255,97.255,4128.0,97.2615,870
2026-07-13T15:15:00Z,97.26,97.265,97.255,97.255,4566.0,97.26,246
2026-07-13T15:30:00Z,97.255,97.255,97.25,97.255,5735.0,97.254,261
2026-07-13T15:45:00Z,97.255,97.26,97.25,97.25,2255.0,97.255,296
2026-07-13T16:00:00Z,97.255,97.26,97.245,97.245,16677.0,97.252,450
2026-07-13T16:15:00Z,97.245,97.25,97.23,97.24,4224.0,97.241,212
2026-07-13T16:30:00Z,97.24,97.24,97.225,97.235,7641.0,97.2325,311
2026-07-13T16:45:00Z,97.235,97.235,97.215,97.22,4163.0,97.2205,286
2026-07-13T17:00:00Z,97.22,97.225,97.215,97.225,1169.0,97.22,71
2026-07-13T17:15:00Z,97.225,97.23,97.22,97.23,2820.0,97.2245,144
2026-07-13T17:30:00Z,97.225,97.225,97.22,97.22,2623.0,97.224,161
2026-07-13T17:45:00Z,97.225,97.225,97.215,97.22,1185.0,97.22,79
2026-07-13T18:00:00Z,97.215,97.22,97.215,97.22,96.0,97.216,33
2026-07-13T18:15:00Z,97.215,97.215,97.21,97.21,1404.0,97.2115,269
2026-07-13T18:30:00Z,97.21,97.22,97.21,97.22,1513.0,97.217,140
2026-07-13T18:45:00Z,97.22,97.225,97.22,97.225,18.0,97.2245,4
2026-07-13T19:00:00Z,97.22,97.22,97.215,97.215,342.0,97.219,86
2026-07-13T19:15:00Z,97.215,97.22,97.215,97.22,623.0,97.219,75
2026-07-13T19:30:00Z,97.22,97.22,97.215,97.215,423.0,97.216,52
2026-07-13T19:45:00Z,97.22,97.22,97.215,97.215,10.0,97.216,5
2026-07-14T00:00:00Z,97.215,97.215,97.2,97.2,2076.0,97.2045,74
2026-07-14T00:15:00Z,97.205,97.21,97.18,97.185,1866.0,97.195,202
2026-07-14T00:30:00Z,97.185,97.185,97.18,97.18,310.0,97.185,49
2026-07-14T00:45:00Z,97.185,97.19,97.18,97.19,106.0,97.185,16
2026-07-14T01:00:00Z,97.19,97.195,97.19,97.19,396.0,97.1935,60
2026-07-14T01:15:00Z,97.19,97.195,97.19,97.195,186.0,97.195,28
2026-07-14T01:30:00Z,97.195,97.195,97.19,97.19,41.0,97.195,6
2026-07-14T01:45:00Z,97.195,97.195,97.195,97.195,36.0,97.195,15
2026-07-14T02:00:00Z,97.2,97.2,97.2,97.2,92.0,97.2,13
2026-07-14T02:15:00Z,97.205,97.205,97.205,97.205,5.0,97.205,4
2026-07-14T02:30:00Z,97.205,97.205,97.205,97.205,0.0,97.205,0
2026-07-14T02:45:00Z,97.2,97.2,97.195,97.195,108.0,97.195,19
2026-07-14T03:00:00Z,97.195,97.195,97.19,97.19,235.0,97.1945,13
2026-07-14T03:15:00Z,97.185,97.185,97.185,97.185,44.0,97.185,9
2026-07-14T03:30:00Z,97.19,97.19,97.19,97.19,165.0,97.19,8
2026-07-14T03:45:00Z,97.195,97.195,97.195,97.195,297.0,97.195,16
2026-07-14T04:00:00Z,97.195,97.195,97.19,97.19,52.0,97.195,7
2026-07-14T04:15:00Z,97.19,97.2,97.19,97.195,446.0,97.1975,38
2026-07-14T04:30:00Z,97.195,97.2,97.195,97.195,23.0,97.198,13
2026-07-14T04:45:00Z,97.195,97.195,97.185,97.185,322.0,97.1945,29
2026-07-14T05:00:00Z,97.19,97.19,97.185,97.19,181.0,97.1895,44
2026-07-14T05:15:00Z,97.19,97.2,97.19,97.2,344.0,97.196,44
2026-07-14T05:30:00Z,97.2,97.205,97.2,97.205,1514.0,97.2015,132
2026-07-14T05:45:00Z,97.205,97.21,97.2,97.2,429.0,97.202,32
2026-07-14T06:00:00Z,97.2,97.205,97.19,97.19,4047.0,97.196,310
2026-07-14T06:15:00Z,97.19,97.2,97.18,97.185,5053.0,97.1935,340
2026-07-14T06:30:00Z,97.185,97.19,97.175,97.175,9184.0,97.1795,582
2026-07-14T06:45:00Z,97.175,97.175,97.165,97.17,15577.0,97.1695,820
2026-07-14T07:00:00Z,97.17,97.195,97.165,97.195,24576.0,97.1845,1089
2026-07-14T07:15:00Z,97.195,97.2,97.185,97.195,8837.0,97.1935,473
2026-07-14T07:30:00Z,97.19,97.19,97.175,97.175,12242.0,97.1845,555
2026-07-14T07:45:00Z,97.175,97.19,97.17,97.19,16664.0,97.178,709
2026-07-14T08:00:00Z,97.19,97.19,97.18,97.185,5060.0,97.1855,242
2026-07-14T08:15:00Z,97.19,97.2,97.19,97.2,4269.0,97.196,210
2026-07-14T08:30:00Z,97.2,97.205,97.195,97.2,4493.0,97.204,256
2026-07-14T08:45:00Z,97.2,97.2,97.185,97.185,4370.0,97.188,282
2026-07-14T09:00:00Z,97.185,97.21,97.185,97.21,9007.0,97.1965,455
2026-07-14T09:15:00Z,97.21,97.21,97.2,97.2,5572.0,97.2045,330
2026-07-14T09:30:00Z,97.2,97.205,97.2,97.2,2307.0,97.2,148
2026-07-14T09:45:00Z,97.205,97.21,97.2,97.205,7366.0,97.2055,310
2026-07-14T10:00:00Z,97.205,97.21,97.2,97.205,5218.0,97.2055,357
2026-07-14T10:15:00Z,97.205,97.21,97.205,97.205,4320.0,97.2075,319
2026-07-14T10:30:00Z,97.205,97.205,97.195,97.195,2804.0,97.2,217
2026-07-14T10:45:00Z,97.195,97.195,97.19,97.195,1293.0,97.195,110
2026-07-14T11:00:00Z,97.195,97.205,97.195,97.205,4537.0,97.2015,229
2026-07-14T11:15:00Z,97.205,97.22,97.205,97.215,9444.0,97.214,380
2026-07-14T11:30:00Z,97.215,97.22,97.21,97.215,5979.0,97.215,238
2026-07-14T11:45:00Z,97.215,97.215,97.21,97.215,2511.0,97.21,205
2026-07-14T12:00:00Z,97.21,97.215,97.205,97.21,4238.0,97.2105,1226
2026-07-14T12:15:00Z,97.21,97.215,97.205,97.21,3149.0,97.2095,311
2026-07-14T12:30:00Z,97.215,97.26,97.215,97.235,18620.0,97.2405,1271
2026-07-14T12:45:00Z,97.235,97.24,97.22,97.22,4831.0,97.2275,302
2026-07-14T13:00:00Z,97.22,97.23,97.22,97.23,3606.0,97.227,257
2026-07-14T13:15:00Z,97.225,97.23,97.22,97.23,1518.0,97.227,143
2026-07-14T13:30:00Z,97.23,97.24,97.22,97.24,6807.0,97.2285,302
2026-07-14T13:45:00Z,97.24,97.24,97.235,97.24,4743.0,97.238,293
2026-07-14T14:00:00Z,97.245,97.245,97.24,97.24,2874.0,97.2415,284
2026-07-14T14:15:00Z,97.24,97.255,97.235,97.245,9921.0,97.247,656
2026-07-14T14:30:00Z,97.245,97.265,97.24,97.245,14298.0,97.255,923
2026-07-14T14:45:00Z,97.245,97.25,97.24,97.24,1215.0,97.245,153
2026-07-14T15:00:00Z,97.24,97.265,97.235,97.26,11896.0,97.2515,890
2026-07-14T15:15:00Z,97.26,97.265,97.26,97.26,3172.0,97.26,189
2026-07-14T15:30:00Z,97.26,97.26,97.235,97.245,8745.0,97.246,578
2026-07-14T15:45:00Z,97.245,97.25,97.24,97.24,4732.0,97.243,282
2026-07-14T16:00:00Z,97.24,97.245,97.235,97.245,1855.0,97.242,147
2026-07-14T16:15:00Z,97.245,97.25,97.24,97.24,2529.0,97.2415,134
2026-07-14T16:30:00Z,97.24,97.245,97.235,97.24,811.0,97.241,104
2026-07-14T16:45:00Z,97.24,97.245,97.235,97.245,757.0,97.244,69
2026-07-14T17:00:00Z,97.245,97.25,97.245,97.25,116.0,97.2495,16
2026-07-14T17:15:00Z,97.245,97.25,97.245,97.25,2209.0,97.249,148
2026-07-14T17:30:00Z,97.25,97.25,97.245,97.25,139.0,97.2455,26
2026-07-14T17:45:00Z,97.245,97.25,97.245,97.245,1517.0,97.2495,213
2026-07-14T18:00:00Z,97.245,97.245,97.245,97.245,1587.0,97.245,98
2026-07-14T18:15:00Z,97.24,97.24,97.24,97.24,368.0,97.24,22
2026-07-14T18:30:00Z,97.24,97.24,97.235,97.235,943.0,97.2355,64
2026-07-14T18:45:00Z,97.24,97.245,97.235,97.24,608.0,97.2395,77
2026-07-14T19:00:00Z,97.24,97.24,97.235,97.235,59.0,97.24,15
2026-07-14T19:15:00Z,97.235,97.24,97.235,97.235,211.0,97.2395,29
2026-07-14T19:30:00Z,97.235,97.24,97.235,97.24,119.0,97.2355,28
2026-07-14T19:45:00Z,97.24,97.24,97.235,97.235,186.0,97.235,68
2026-07-15T00:00:00Z,97.235,97.235,97.235,97.235,629.0,97.235,32
2026-07-15T00:15:00Z,97.24,97.24,97.235,97.235,256.0,97.2395,22
2026-07-15T00:30:00Z,97.235,97.235,97.23,97.23,35.0,97.2345,2
2026-07-15T00:45:00Z,97.23,97.24,97.23,97.24,170.0,97.2385,16
2026-07-15T01:00:00Z,97.245,97.245,97.245,97.245,26.0,97.245,1
2026-07-15T01:15:00Z,97.245,97.245,97.245,97.245,20.0,97.245,4
2026-07-15T01:30:00Z,97.235,97.235,97.235,97.235,47.0,97.235,3
2026-07-15T01:45:00Z,97.235,97.235,97.235,97.235,0.0,97.235,0
2026-07-15T02:00:00Z,97.235,97.235,97.235,97.235,0.0,97.235,0
2026-07-15T02:15:00Z,97.235,97.235,97.235,97.235,0.0,97.235,0
2026-07-15T02:30:00Z,97.235,97.235,97.235,97.235,0.0,97.235,0
2026-07-15T02:45:00Z,97.23,97.23,97.23,97.23,47.0,97.23,7
2026-07-15T03:00:00Z,97.23,97.23,97.23,97.23,0.0,97.23,0
2026-07-15T03:15:00Z,97.23,97.23,97.23,97.23,10.0,97.23,1
2026-07-15T03:30:00Z,97.23,97.23,97.23,97.23,0.0,97.23,0
2026-07-15T03:45:00Z,97.23,97.23,97.23,97.23,78.0,97.23,15
2026-07-15T04:00:00Z,97.23,97.23,97.23,97.23,42.0,97.23,5
2026-07-15T04:15:00Z,97.23,97.23,97.23,97.23,32.0,97.23,13
2026-07-15T04:30:00Z,97.23,97.23,97.23,97.23,231.0,97.23,10
2026-07-15T04:45:00Z,97.23,97.23,97.23,97.23,0.0,97.23,0
2026-07-15T05:00:00Z,97.225,97.225,97.225,97.225,522.0,97.225,14
2026-07-15T05:15:00Z,97.225,97.225,97.225,97.225,185.0,97.225,9
2026-07-15T05:30:00Z,97.23,97.23,97.23,97.23,171.0,97.23,23
2026-07-15T05:45:00Z,97.235,97.235,97.235,97.235,66.0,97.235,6
2026-07-15T06:00:00Z,97.23,97.235,97.23,97.235,1827.0,97.234,253
2026-07-15T06:15:00Z,97.235,97.24,97.235,97.235,25.0,97.237,17
2026-07-15T06:30:00Z,97.235,97.24,97.225,97.235,1587.0,97.2315,113
2026-07-15T06:45:00Z,97.235,97.235,97.23,97.23,1257.0,97.233,83
2026-07-15T07:00:00Z,97.23,97.235,97.225,97.225,10541.0,97.2255,400
2026-07-15T07:15:00Z,97.225,97.23,97.225,97.225,3256.0,97.2275,222
2026-07-15T07:30:00Z,97.225,97.24,97.225,97.24,3898.0,97.233,190
2026-07-15T07:45:00Z,97.24,97.24,97.235,97.235,2773.0,97.24,249
2026-07-15T08:00:00Z,97.235,97.24,97.235,97.235,1836.0,97.235,150
2026-07-15T08:15:00Z,97.235,97.25,97.235,97.25,2205.0,97.243,200
2026-07-15T08:30:00Z,97.25,97.25,97.245,97.245,2803.0,97.249,149
2026-07-15T08:45:00Z,97.245,97.255,97.245,97.255,3440.0,97.252,160
2026-07-15T09:00:00Z,97.255,97.255,97.25,97.25,2200.0,97.25,94
2026-07-15T09:15:00Z,97.25,97.25,97.245,97.245,477.0,97.2475,106
2026-07-15T09:30:00Z,97.245,97.245,97.245,97.245,1960.0,97.245,187
2026-07-15T09:45:00Z,97.25,97.25,97.235,97.235,1499.0,97.2405,171
2026-07-15T10:00:00Z,97.235,97.235,97.235,97.235,1724.0,97.235,207
2026-07-15T10:15:00Z,97.235,97.235,97.23,97.23,8868.0,97.233,309
2026-07-15T10:30:00Z,97.23,97.24,97.23,97.235,2572.0,97.235,97
2026-07-15T10:45:00Z,97.235,97.235,97.23,97.23,345.0,97.235,45
2026-07-15T11:00:00Z,97.23,97.235,97.23,97.235,2837.0,97.235,172
2026-07-15T11:15:00Z,97.235,97.24,97.235,97.235,1114.0,97.235,61
2026-07-15T11:30:00Z,97.235,97.24,97.235,97.24,6210.0,97.2375,523
2026-07-15T11:45:00Z,97.24,97.25,97.24,97.245,3586.0,97.2445,170
2026-07-15T12:00:00Z,97.24,97.24,97.235,97.24,3130.0,97.24,209
2026-07-15T12:15:00Z,97.24,97.245,97.235,97.24,3804.0,97.24,231
2026-07-15T12:30:00Z,97.24,97.255,97.24,97.25,6505.0,97.2485,388
2026-07-15T12:45:00Z,97.25,97.255,97.25,97.255,2943.0,97.252,295
2026-07-15T13:00:00Z,97.255,97.255,97.245,97.245,2469.0,97.2515,240
2026-07-15T13:15:00Z,97.245,97.25,97.24,97.24,3109.0,97.2445,207
2026-07-15T13:30:00Z,97.245,97.245,97.24,97.245,4114.0,97.245,228
2026-07-15T13:45:00Z,97.245,97.26,97.245,97.255,8520.0,97.2535,434
2026-07-15T14:00:00Z,97.255,97.26,97.25,97.255,3351.0,97.2545,381
2026-07-15T14:15:00Z,97.26,97.265,97.255,97.26,2500.0,97.2615,292
2026-07-15T14:30:00Z,97.265,97.265,97.26,97.26,5617.0,97.2635,495
2026-07-15T14:45:00Z,97.26,97.265,97.26,97.265,3453.0,97.2625,165
2026-07-15T15:00:00Z,97.265,97.265,97.255,97.26,3149.0,97.2605,493
2026-07-15T15:15:00Z,97.26,97.265,97.255,97.26,6164.0,97.26,396
2026-07-15T15:30:00Z,97.26,97.265,97.255,97.26,5420.0,97.262,307
2026-07-15T15:45:00Z,97.26,97.26,97.255,97.255,1629.0,97.256,122
2026-07-15T16:00:00Z,97.25,97.255,97.25,97.255,1065.0,97.253,73
2026-07-15T16:15:00Z,97.255,97.255,97.25,97.25,2393.0,97.251,195
2026-07-15T16:30:00Z,97.25,97.25,97.245,97.245,279.0,97.2465,24
2026-07-15T16:45:00Z,97.25,97.26,97.25,97.255,6750.0,97.251,592
2026-07-15T17:00:00Z,97.26,97.26,97.255,97.255,2640.0,97.26,124
2026-07-15T17:15:00Z,97.255,97.26,97.255,97.26,886.0,97.257,70
2026-07-15T17:30:00Z,97.26,97.26,97.26,97.26,1388.0,97.26,77
2026-07-15T17:45:00Z,97.265,97.265,97.265,97.265,195.0,97.265,6
2026-07-15T18:00:00Z,97.265,97.265,97.265,97.265,37.0,97.265,7
2026-07-15T18:15:00Z,97.265,97.265,97.265,97.265,369.0,97.265,24
2026-07-15T18:30:00Z,97.265,97.265,97.265,97.265,324.0,97.265,31
2026-07-15T18:45:00Z,97.265,97.265,97.265,97.265,0.0,97.265,0
2026-07-15T19:00:00Z,97.265,97.265,97.265,97.265,491.0,97.265,36
2026-07-15T19:15:00Z,97.265,97.265,97.265,97.265,35.0,97.265,5
2026-07-15T19:30:00Z,97.255,97.255,97.25,97.25,212.0,97.252,27
2026-07-15T19:45:00Z,97.25,97.25,97.245,97.245,42.0,97.247,15
2026-07-16T00:00:00Z,97.245,97.25,97.235,97.24,207.0,97.239,72
2026-07-16T00:15:00Z,97.245,97.245,97.235,97.235,68.0,97.2395,40
2026-07-16T00:30:00Z,97.235,97.24,97.235,97.24,175.0,97.239,76
2026-07-16T00:45:00Z,97.235,97.24,97.235,97.235,118.0,97.239,47
2026-07-16T01:00:00Z,97.235,97.235,97.235,97.235,51.0,97.235,51
2026-07-16T01:15:00Z,97.235,97.24,97.235,97.235,142.0,97.2385,55
2026-07-16T01:30:00Z,97.235,97.235,97.235,97.235,50.0,97.235,40
2026-07-16T01:45:00Z,97.235,97.235,97.23,97.235,122.0,97.234,55
2026-07-16T02:00:00Z,97.235,97.235,97.23,97.23,142.0,97.2345,31
2026-07-16T02:15:00Z,97.23,97.24,97.23,97.235,419.0,97.235,81
2026-07-16T02:30:00Z,97.23,97.235,97.23,97.235,51.0,97.2345,32
2026-07-16T02:45:00Z,97.235,97.235,97.235,97.235,50.0,97.235,37
2026-07-16T03:00:00Z,97.235,97.24,97.235,97.24,142.0,97.2395,46
2026-07-16T03:15:00Z,97.24,97.24,97.24,97.24,66.0,97.24,36
2026-07-16T03:30:00Z,97.235,97.24,97.235,97.235,157.0,97.24,23
2026-07-16T03:45:00Z,97.235,97.24,97.235,97.24,26.0,97.239,19
2026-07-16T04:00:00Z,97.24,97.24,97.235,97.235,31.0,97.2395,27
2026-07-16T04:15:00Z,97.235,97.235,97.235,97.235,34.0,97.235,31
2026-07-16T04:30:00Z,97.235,97.24,97.235,97.24,75.0,97.238,35
2026-07-16T04:45:00Z,97.24,97.24,97.24,97.24,103.0,97.24,43
2026-07-16T05:00:00Z,97.245,97.245,97.245,97.245,257.0,97.245,24
2026-07-16T05:15:00Z,97.245,97.245,97.245,97.245,15.0,97.245,3
2026-07-16T05:30:00Z,97.245,97.245,97.245,97.245,76.0,97.245,15
2026-07-16T05:45:00Z,97.24,97.24,97.24,97.24,13.0,97.24,1
2026-07-16T06:00:00Z,97.235,97.24,97.235,97.24,1584.0,97.24,141
2026-07-16T06:15:00Z,97.24,97.245,97.24,97.24,482.0,97.2415,77
2026-07-16T06:30:00Z,97.24,97.245,97.24,97.245,879.0,97.244,74
2026-07-16T06:45:00Z,97.245,97.25,97.245,97.245,1164.0,97.248,66
2026-07-16T07:00:00Z,97.245,97.25,97.245,97.25,2481.0,97.246,177
2026-07-16T07:15:00Z,97.25,97.25,97.245,97.245,907.0,97.2455,117
2026-07-16T07:30:00Z,97.245,97.245,97.24,97.245,2265.0,97.244,107
2026-07-16T07:45:00Z,97.245,97.25,97.245,97.245,291.0,97.2475,46
2026-07-16T08:00:00Z,97.25,97.25,97.24,97.24,2161.0,97.2485,214
2026-07-16T08:15:00Z,97.245,97.25,97.245,97.245,914.0,97.247,107
2026-07-16T08:30:00Z,97.245,97.245,97.24,97.24,2328.0,97.2445,114
2026-07-16T08:45:00Z,97.245,97.245,97.24,97.245,1814.0,97.241,250
2026-07-16T09:00:00Z,97.245,97.245,97.24,97.245,2611.0,97.245,137
2026-07-16T09:15:00Z,97.245,97.245,97.245,97.245,949.0,97.245,56
2026-07-16T09:30:00Z,97.245,97.245,97.24,97.24,4876.0,97.243,163
2026-07-16T09:45:00Z,97.24,97.24,97.235,97.235,2332.0,97.24,185
2026-07-16T10:00:00Z,97.24,97.24,97.24,97.24,997.0,97.24,81
2026-07-16T10:15:00Z,97.24,97.24,97.235,97.24,340.0,97.237,32
2026-07-16T10:30:00Z,97.24,97.24,97.235,97.235,163.0,97.2355,44
2026-07-16T10:45:00Z,97.24,97.24,97.235,97.235,129.0,97.24,50
2026-07-16T11:00:00Z,97.235,97.235,97.235,97.235,2208.0,97.235,104
2026-07-16T11:15:00Z,97.24,97.24,97.23,97.23,3356.0,97.235,157
2026-07-16T11:30:00Z,97.23,97.235,97.23,97.235,3346.0,97.2325,198
2026-07-16T11:45:00Z,97.235,97.235,97.22,97.23,4849.0,97.2255,431
2026-07-16T12:00:00Z,97.23,97.235,97.22,97.22,5189.0,97.2285,630
2026-07-16T12:15:00Z,97.22,97.225,97.22,97.22,9306.0,97.22,652
2026-07-16T12:30:00Z,97.225,97.225,97.21,97.21,3467.0,97.2145,272
2026-07-16T12:45:00Z,97.21,97.22,97.21,97.22,3062.0,97.2165,167
2026-07-16T13:00:00Z,97.22,97.225,97.215,97.225,4487.0,97.2235,178
2026-07-16T13:15:00Z,97.225,97.23,97.225,97.23,2111.0,97.225,159
2026-07-16T13:30:00Z,97.23,97.23,97.22,97.225,6801.0,97.2265,410
2026-07-16T13:45:00Z,97.225,97.23,97.225,97.23,960.0,97.2275,90
2026-07-16T14:00:00Z,97.23,97.235,97.23,97.23,1014.0,97.23,86
2026-07-16T14:15:00Z,97.23,97.235,97.23,97.23,605.0,97.23,99
2026-07-16T14:30:00Z,97.225,97.23,97.225,97.225,1051.0,97.23,42
2026-07-16T14:45:00Z,97.23,97.235,97.23,97.23,3280.0,97.23,242
2026-07-16T15:00:00Z,97.23,97.235,97.23,97.235,2504.0,97.23,266
2026-07-16T15:15:00Z,97.23,97.235,97.23,97.235,2254.0,97.2345,263
2026-07-16T15:30:00Z,97.23,97.235,97.23,97.23,159.0,97.2325,37
2026-07-16T15:45:00Z,97.23,97.23,97.23,97.23,335.0,97.23,43
2026-07-16T16:00:00Z,97.225,97.23,97.225,97.23,2149.0,97.2255,94
2026-07-16T16:15:00Z,97.225,97.225,97.22,97.22,2402.0,97.2225,194
2026-07-16T16:30:00Z,97.225,97.225,97.225,97.225,2146.0,97.225,95
2026-07-16T16:45:00Z,97.22,97.235,97.22,97.23,1637.0,97.2285,127
2026-07-16T17:00:00Z,97.235,97.235,97.235,97.235,119.0,97.235,17
2026-07-16T17:15:00Z,97.235,97.235,97.235,97.235,0.0,97.235,0
2026-07-16T17:30:00Z,97.23,97.235,97.23,97.235,19.0,97.2305,2
2026-07-16T17:45:00Z,97.235,97.235,97.235,97.235,0.0,97.235,0
2026-07-16T18:00:00Z,97.235,97.235,97.235,97.235,2.0,97.235,1
2026-07-16T18:15:00Z,97.235,97.235,97.235,97.235,1.0,97.235,1
2026-07-16T18:30:00Z,97.23,97.23,97.23,97.23,29.0,97.23,5
2026-07-16T18:45:00Z,97.23,97.23,97.23,97.23,0.0,97.23,0
2026-07-16T19:00:00Z,97.235,97.235,97.235,97.235,123.0,97.235,10
2026-07-16T19:15:00Z,97.235,97.235,97.235,97.235,0.0,97.235,0
2026-07-16T19:30:00Z,97.235,97.235,97.235,97.235,0.0,97.235,0
2026-07-16T19:45:00Z,97.23,97.235,97.23,97.235,36.0,97.2345,20
2026-07-17T00:00:00Z,97.23,97.23,97.23,97.23,1.0,97.23,1
2026-07-17T00:15:00Z,97.235,97.235,97.235,97.235,121.0,97.235,9
2026-07-17T00:30:00Z,97.235,97.235,97.235,97.235,1.0,97.235,1
2026-07-17T00:45:00Z,97.235,97.235,97.235,97.235,0.0,97.235,0
2026-07-17T01:00:00Z,97.235,97.235,97.235,97.235,0.0,97.235,0
2026-07-17T01:15:00Z,97.235,97.235,97.235,97.235,0.0,97.235,0
2026-07-17T01:30:00Z,97.23,97.23,97.23,97.23,110.0,97.23,15
2026-07-17T01:45:00Z,97.23,97.23,97.23,97.23,0.0,97.23,0
2026-07-17T02:00:00Z,97.235,97.235,97.235,97.235,242.0,97.235,3
2026-07-17T02:15:00Z,97.235,97.235,97.235,97.235,0.0,97.235,0
2026-07-17T02:30:00Z,97.24,97.24,97.24,97.24,44.0,97.24,2
2026-07-17T02:45:00Z,97.24,97.24,97.24,97.24,52.0,97.24,3
2026-07-17T03:00:00Z,97.24,97.24,97.24,97.24,38.0,97.24,2
2026-07-17T03:15:00Z,97.24,97.24,97.24,97.24,0.0,97.24,0
2026-07-17T03:30:00Z,97.24,97.24,97.24,97.24,0.0,97.24,0
2026-07-17T03:45:00Z,97.24,97.24,97.24,97.24,0.0,97.24,0
2026-07-17T04:00:00Z,97.24,97.24,97.24,97.24,0.0,97.24,0
2026-07-17T04:15:00Z,97.24,97.24,97.24,97.24,0.0,97.24,0
2026-07-17T04:30:00Z,97.24,97.24,97.24,97.24,0.0,97.24,0
2026-07-17T04:45:00Z,97.24,97.24,97.24,97.24,16.0,97.24,15
2026-07-17T05:00:00Z,97.24,97.24,97.24,97.24,0.0,97.24,0
2026-07-17T05:15:00Z,97.24,97.24,97.24,97.24,0.0,97.24,0
2026-07-17T05:30:00Z,97.24,97.245,97.24,97.245,607.0,97.242,59
2026-07-17T05:45:00Z,97.245,97.245,97.24,97.245,36.0,97.2445,8
2026-07-17T06:00:00Z,97.24,97.245,97.24,97.24,1365.0,97.2445,125
2026-07-17T06:15:00Z,97.24,97.245,97.24,97.24,2953.0,97.2405,130
2026-07-17T06:30:00Z,97.24,97.24,97.235,97.235,1307.0,97.2365,92
2026-07-17T06:45:00Z,97.235,97.24,97.235,97.235,1099.0,97.238,64
2026-07-17T07:00:00Z,97.235,97.245,97.235,97.24,2292.0,97.24,279
2026-07-17T07:15:00Z,97.24,97.24,97.235,97.24,992.0,97.24,81
2026-07-17T07:30:00Z,97.24,97.24,97.24,97.24,1137.0,97.24,138
2026-07-17T07:45:00Z,97.24,97.24,97.235,97.235,750.0,97.24,95
2026-07-17T08:00:00Z,97.235,97.24,97.235,97.24,2798.0,97.24,204
2026-07-17T08:15:00Z,97.24,97.245,97.24,97.24,1057.0,97.243,85
2026-07-17T08:30:00Z,97.24,97.245,97.24,97.245,2804.0,97.243,560
2026-07-17T08:45:00Z,97.245,97.245,97.23,97.23,4402.0,97.239,496
2026-07-17T09:00:00Z,97.23,97.23,97.22,97.23,11090.0,97.2255,692
2026-07-17T09:15:00Z,97.23,97.23,97.23,97.23,10257.0,97.23,406
2026-07-17T09:30:00Z,97.23,97.235,97.23,97.235,1638.0,97.232,381
2026-07-17T09:45:00Z,97.23,97.235,97.225,97.235,2990.0,97.23,172
2026-07-17T10:00:00Z,97.235,97.235,97.23,97.23,1843.0,97.2345,72
2026-07-17T10:15:00Z,97.235,97.235,97.23,97.23,201.0,97.232,42
2026-07-17T10:30:00Z,97.235,97.235,97.23,97.23,1291.0,97.23,127
2026-07-17T10:45:00Z,97.23,97.23,97.23,97.23,1405.0,97.23,127
2026-07-17T11:00:00Z,97.23,97.23,97.225,97.23,886.0,97.228,233
2026-07-17T11:15:00Z,97.23,97.23,97.225,97.225,616.0,97.228,81
2026-07-17T11:30:00Z,97.225,97.23,97.225,97.225,2555.0,97.225,267
2026-07-17T11:45:00Z,97.225,97.23,97.225,97.23,18.0,97.2285,10
2026-07-17T12:00:00Z,97.225,97.235,97.225,97.225,1238.0,97.2295,147
2026-07-17T12:15:00Z,97.23,97.23,97.225,97.23,2678.0,97.2295,266
2026-07-17T12:30:00Z,97.23,97.23,97.225,97.225,2580.0,97.227,137
2026-07-17T12:45:00Z,97.225,97.23,97.22,97.225,1555.0,97.225,66
2026-07-17T13:00:00Z,97.22,97.225,97.215,97.215,6012.0,97.2155,392
2026-07-17T13:15:00Z,97.22,97.225,97.22,97.22,715.0,97.22,80
2026-07-17T13:30:00Z,97.22,97.23,97.22,97.225,6136.0,97.2235,485
2026-07-17T13:45:00Z,97.23,97.23,97.225,97.225,1691.0,97.2255,87
2026-07-17T14:00:00Z,97.225,97.225,97.215,97.22,1303.0,97.2205,129
2026-07-17T14:15:00Z,97.215,97.22,97.215,97.215,2610.0,97.2155,100
2026-07-17T14:30:00Z,97.215,97.22,97.215,97.215,4136.0,97.22,322
2026-07-17T14:45:00Z,97.22,97.22,97.215,97.22,2176.0,97.216,158
2026-07-17T15:00:00Z,97.215,97.22,97.21,97.21,3496.0,97.2155,844
2026-07-17T15:15:00Z,97.215,97.22,97.21,97.21,4328.0,97.2145,293
2026-07-17T15:30:00Z,97.21,97.21,97.205,97.205,5362.0,97.209,347
2026-07-17T15:45:00Z,97.21,97.215,97.205,97.205,1137.0,97.206,113
2026-07-17T16:00:00Z,97.205,97.205,97.195,97.195,6220.0,97.2005,383
2026-07-17T16:15:00Z,97.195,97.2,97.19,97.19,3628.0,97.195,149
2026-07-17T16:30:00Z,97.19,97.19,97.185,97.19,3656.0,97.188,179
2026-07-17T16:45:00Z,97.19,97.195,97.19,97.19,148.0,97.19,16
2026-07-17T17:00:00Z,97.19,97.195,97.19,97.195,4.0,97.191,3
2026-07-17T17:15:00Z,97.19,97.195,97.185,97.19,1908.0,97.19,142
2026-07-17T17:30:00Z,97.19,97.19,97.19,97.19,0.0,97.19,0
2026-07-17T17:45:00Z,97.19,97.19,97.19,97.19,924.0,97.19,33
2026-07-17T18:00:00Z,97.19,97.19,97.19,97.19,0.0,97.19,0
2026-07-17T18:15:00Z,97.195,97.195,97.195,97.195,90.0,97.195,19
2026-07-17T18:30:00Z,97.195,97.195,97.195,97.195,500.0,97.195,24
2026-07-17T18:45:00Z,97.195,97.195,97.195,97.195,636.0,97.195,34
2026-07-17T19:00:00Z,97.19,97.19,97.19,97.19,3.0,97.19,2
2026-07-17T19:15:00Z,97.19,97.19,97.185,97.19,731.0,97.19,77
2026-07-17T19:30:00Z,97.19,97.19,97.19,97.19,40.0,97.19,3
2026-07-17T19:45:00Z,97.185,97.19,97.185,97.19,1008.0,97.187,85
2026-07-20T00:00:00Z,97.185,97.185,97.155,97.165,5620.0,97.1695,243
2026-07-20T00:15:00Z,97.165,97.17,97.165,97.17,626.0,97.1655,88
2026-07-20T00:30:00Z,97.17,97.175,97.165,97.175,123.0,97.1715,22
2026-07-20T00:45:00Z,97.175,97.175,97.175,97.175,0.0,97.175,0
2026-07-20T01:00:00Z,97.175,97.175,97.175,97.175,3.0,97.175,2
2026-07-20T01:15:00Z,97.175,97.175,97.175,97.175,0.0,97.175,0
2026-07-20T01:30:00Z,97.17,97.17,97.17,97.17,5.0,97.17,2
2026-07-20T01:45:00Z,97.17,97.17,97.17,97.17,45.0,97.17,1
2026-07-20T02:00:00Z,97.17,97.17,97.17,97.17,0.0,97.17,0
2026-07-20T02:15:00Z,97.17,97.17,97.17,97.17,0.0,97.17,0
2026-07-20T02:30:00Z,97.17,97.17,97.17,97.17,120.0,97.17,5
2026-07-20T02:45:00Z,97.17,97.17,97.17,97.17,0.0,97.17,0
2026-07-20T03:00:00Z,97.17,97.17,97.17,97.17,0.0,97.17,0
2026-07-20T03:15:00Z,97.17,97.17,97.17,97.17,54.0,97.17,10
2026-07-20T03:30:00Z,97.17,97.17,97.17,97.17,0.0,97.17,0
2026-07-20T03:45:00Z,97.17,97.17,97.17,97.17,0.0,97.17,0
2026-07-20T04:00:00Z,97.17,97.17,97.17,97.17,0.0,97.17,0
2026-07-20T04:15:00Z,97.165,97.165,97.165,97.165,2.0,97.165,1
2026-07-20T04:30:00Z,97.165,97.165,97.165,97.165,0.0,97.165,0
2026-07-20T04:45:00Z,97.17,97.17,97.17,97.17,135.0,97.17,2
2026-07-20T05:00:00Z,97.17,97.17,97.17,97.17,0.0,97.17,0
2026-07-20T05:15:00Z,97.17,97.17,97.17,97.17,654.0,97.17,19
2026-07-20T05:30:00Z,97.17,97.175,97.17,97.17,171.0,97.1735,18
2026-07-20T05:45:00Z,97.17,97.17,97.17,97.17,1269.0,97.17,95
2026-07-20T06:00:00Z,97.17,97.18,97.165,97.175,3699.0,97.1765,209
2026-07-20T06:15:00Z,97.175,97.185,97.175,97.185,2233.0,97.1805,145
2026-07-20T06:30:00Z,97.19,97.19,97.18,97.19,3531.0,97.188,297
2026-07-20T06:45:00Z,97.19,97.19,97.19,97.19,1526.0,97.19,87
2026-07-20T07:00:00Z,97.19,97.195,97.185,97.19,3883.0,97.19,216
2026-07-20T07:15:00Z,97.19,97.2,97.185,97.195,17817.0,97.187,1062
2026-07-20T07:30:00Z,97.2,97.205,97.19,97.205,3904.0,97.198,339
2026-07-20T07:45:00Z,97.205,97.21,97.2,97.2,4229.0,97.204,231
2026-07-20T08:00:00Z,97.205,97.205,97.2,97.205,1784.0,97.204,186
2026-07-20T08:15:00Z,97.205,97.205,97.2,97.205,2228.0,97.205,182
2026-07-20T08:30:00Z,97.205,97.205,97.2,97.205,1755.0,97.205,112
2026-07-20T08:45:00Z,97.205,97.205,97.2,97.205,2299.0,97.205,146
2026-07-20T09:00:00Z,97.205,97.205,97.2,97.205,1693.0,97.205,134
2026-07-20T09:15:00Z,97.21,97.21,97.205,97.205,1160.0,97.21,155
2026-07-20T09:30:00Z,97.205,97.215,97.205,97.21,3883.0,97.21,261
2026-07-20T09:45:00Z,97.21,97.215,97.21,97.21,736.0,97.21,108
2026-07-20T10:00:00Z,97.205,97.205,97.2,97.205,2504.0,97.205,120
2026-07-20T10:15:00Z,97.2,97.205,97.2,97.205,11.0,97.2025,7
2026-07-20T10:30:00Z,97.2,97.205,97.195,97.195,1193.0,97.2,131
2026-07-20T10:45:00Z,97.2,97.2,97.2,97.2,1725.0,97.2,149
2026-07-20T11:00:00Z,97.2,97.205,97.2,97.2,471.0,97.2035,84
2026-07-20T11:15:00Z,97.195,97.2,97.195,97.2,577.0,97.199,52
2026-07-20T11:30:00Z,97.205,97.23,97.205,97.225,22693.0,97.2205,1347
2026-07-20T11:45:00Z,97.225,97.225,97.215,97.225,1183.0,97.2205,93
2026-07-20T12:00:00Z,97.22,97.225,97.205,97.21,10062.0,97.213,737
2026-07-20T12:15:00Z,97.215,97.215,97.21,97.215,1540.0,97.211,141
2026-07-20T12:30:00Z,97.215,97.225,97.21,97.225,3580.0,97.2175,283
2026-07-20T12:45:00Z,97.22,97.225,97.215,97.22,2892.0,97.22,131
2026-07-20T13:00:00Z,97.22,97.225,97.215,97.215,1652.0,97.219,189
2026-07-20T13:15:00Z,97.215,97.22,97.215,97.215,2542.0,97.2155,185
2026-07-20T13:30:00Z,97.22,97.225,97.215,97.215,4315.0,97.219,444
2026-07-20T13:45:00Z,97.22,97.22,97.215,97.215,1180.0,97.215,125
2026-07-20T14:00:00Z,97.21,97.215,97.21,97.21,3739.0,97.21,272
2026-07-20T14:15:00Z,97.21,97.215,97.205,97.215,3476.0,97.209,222
2026-07-20T14:30:00Z,97.21,97.215,97.21,97.215,1980.0,97.214,256
2026-07-20T14:45:00Z,97.21,97.215,97.21,97.215,1048.0,97.21,389
2026-07-20T15:00:00Z,97.215,97.215,97.205,97.21,8964.0,97.2095,1235
2026-07-20T15:15:00Z,97.21,97.215,97.21,97.215,2661.0,97.2145,337
2026-07-20T15:30:00Z,97.215,97.215,97.205,97.205,1182.0,97.21,102
2026-07-20T15:45:00Z,97.205,97.21,97.205,97.21,3338.0,97.2085,253
2026-07-20T16:00:00Z,97.21,97.21,97.205,97.205,780.0,97.2095,119
2026-07-20T16:15:00Z,97.205,97.205,97.2,97.205,1231.0,97.205,146
2026-07-20T16:30:00Z,97.205,97.205,97.195,97.205,6392.0,97.198,496
2026-07-20T16:45:00Z,97.2,97.2,97.2,97.2,37.0,97.2,28
2026-07-20T17:00:00Z,97.2,97.2,97.2,97.2,434.0,97.2,53
2026-07-20T17:15:00Z,97.2,97.2,97.2,97.2,0.0,97.2,0
2026-07-20T17:30:00Z,97.2,97.2,97.2,97.2,8.0,97.2,3
2026-07-20T17:45:00Z,97.2,97.2,97.2,97.2,5.0,97.2,2
2026-07-20T18:00:00Z,97.205,97.205,97.205,97.205,654.0,97.205,34
2026-07-20T18:15:00Z,97.205,97.205,97.205,97.205,272.0,97.205,22
2026-07-20T18:30:00Z,97.205,97.205,97.205,97.205,13.0,97.205,5
2026-07-20T18:45:00Z,97.205,97.205,97.2,97.2,78.0,97.2045,22
2026-07-20T19:00:00Z,97.205,97.205,97.205,97.205,31.0,97.205,25
2026-07-20T19:15:00Z,97.205,97.21,97.205,97.21,706.0,97.205,78
2026-07-20T19:30:00Z,97.21,97.21,97.21,97.21,0.0,97.21,0
2026-07-20T19:45:00Z,97.21,97.21,97.205,97.205,57.0,97.2095,19
2026-07-21T00:00:00Z,97.205,97.205,97.2,97.205,262.0,97.205,38
2026-07-21T00:15:00Z,97.21,97.21,97.205,97.205,126.0,97.21,14
2026-07-21T00:30:00Z,97.205,97.205,97.205,97.205,3.0,97.205,2
2026-07-21T00:45:00Z,97.205,97.205,97.205,97.205,12.0,97.205,4
2026-07-21T01:00:00Z,97.205,97.205,97.205,97.205,12.0,97.205,3
2026-07-21T01:15:00Z,97.21,97.21,97.21,97.21,16.0,97.21,1
2026-07-21T01:30:00Z,97.205,97.205,97.205,97.205,38.0,97.205,3
2026-07-21T01:45:00Z,97.205,97.205,97.205,97.205,0.0,97.205,0
2026-07-21T02:00:00Z,97.205,97.205,97.205,97.205,0.0,97.205,0
2026-07-21T02:15:00Z,97.205,97.205,97.205,97.205,0.0,97.205,0
2026-07-21T02:30:00Z,97.205,97.205,97.205,97.205,16.0,97.205,4
2026-07-21T02:45:00Z,97.205,97.205,97.205,97.205,120.0,97.205,7
2026-07-21T03:00:00Z,97.205,97.205,97.205,97.205,0.0,97.205,0
2026-07-21T03:15:00Z,97.21,97.21,97.21,97.21,171.0,97.21,23
2026-07-21T03:30:00Z,97.21,97.21,97.21,97.21,210.0,97.21,22
2026-07-21T03:45:00Z,97.21,97.21,97.21,97.21,99.0,97.21,5
2026-07-21T04:00:00Z,97.21,97.21,97.21,97.21,62.0,97.21,3
2026-07-21T04:15:00Z,97.21,97.21,97.21,97.21,34.0,97.21,4
2026-07-21T04:30:00Z,97.21,97.21,97.21,97.21,0.0,97.21,0
2026-07-21T04:45:00Z,97.21,97.21,97.21,97.21,0.0,97.21,0
2026-07-21T05:00:00Z,97.21,97.21,97.21,97.21,0.0,97.21,0
2026-07-21T05:15:00Z,97.21,97.21,97.21,97.21,0.0,97.21,0
2026-07-21T05:30:00Z,97.21,97.22,97.21,97.22,373.0,97.2175,31
2026-07-21T05:45:00Z,97.215,97.215,97.215,97.215,139.0,97.215,136
2026-07-21T06:00:00Z,97.21,97.22,97.21,97.21,2128.0,97.2165,177
2026-07-21T06:15:00Z,97.21,97.215,97.21,97.215,468.0,97.214,36
2026-07-21T06:30:00Z,97.215,97.215,97.21,97.215,535.0,97.215,68
2026-07-21T06:45:00Z,97.215,97.22,97.215,97.215,855.0,97.216,73
2026-07-21T07:00:00Z,97.215,97.22,97.215,97.215,563.0,97.217,58
2026-07-21T07:15:00Z,97.21,97.215,97.205,97.21,1522.0,97.21,123
2026-07-21T07:30:00Z,97.21,97.215,97.21,97.21,1759.0,97.214,130
2026-07-21T07:45:00Z,97.215,97.215,97.21,97.215,266.0,97.214,48
2026-07-21T08:00:00Z,97.215,97.22,97.215,97.22,1702.0,97.2185,231
2026-07-21T08:15:00Z,97.22,97.22,97.215,97.215,1291.0,97.22,100
2026-07-21T08:30:00Z,97.215,97.22,97.215,97.22,1630.0,97.2195,121
2026-07-21T08:45:00Z,97.22,97.225,97.22,97.225,4177.0,97.2225,237
2026-07-21T09:00:00Z,97.22,97.225,97.22,97.225,502.0,97.225,41
2026-07-21T09:15:00Z,97.225,97.23,97.22,97.22,3412.0,97.225,246
2026-07-21T09:30:00Z,97.22,97.225,97.22,97.225,1726.0,97.225,125
2026-07-21T09:45:00Z,97.225,97.225,97.22,97.22,2507.0,97.2205,199
2026-07-21T10:00:00Z,97.22,97.225,97.22,97.225,1650.0,97.223,118
2026-07-21T10:15:00Z,97.225,97.23,97.225,97.225,1093.0,97.225,89
2026-07-21T10:30:00Z,97.225,97.23,97.22,97.22,928.0,97.225,73
2026-07-21T10:45:00Z,97.225,97.225,97.22,97.22,144.0,97.222,40
2026-07-21T11:00:00Z,97.22,97.22,97.215,97.215,2641.0,97.217,209
2026-07-21T11:15:00Z,97.215,97.215,97.215,97.215,33.0,97.215,8
2026-07-21T11:30:00Z,97.215,97.22,97.215,97.215,961.0,97.215,107
2026-07-21T11:45:00Z,97.215,97.22,97.215,97.215,2589.0,97.215,94
2026-07-21T12:00:00Z,97.215,97.22,97.215,97.22,972.0,97.2155,101
2026-07-21T12:15:00Z,97.22,97.22,97.21,97.215,6091.0,97.2155,421
2026-07-21T12:30:00Z,97.21,97.215,97.205,97.205,5281.0,97.207,327
2026-07-21T12:45:00Z,97.205,97.21,97.205,97.21,1803.0,97.207,147
2026-07-21T13:00:00Z,97.21,97.21,97.21,97.21,2923.0,97.21,152
2026-07-21T13:15:00Z,97.21,97.21,97.205,97.205,4902.0,97.2085,213
2026-07-21T13:30:00Z,97.205,97.205,97.2,97.2,7195.0,97.2015,302
2026-07-21T13:45:00Z,97.2,97.205,97.195,97.205,3081.0,97.2005,376
2026-07-21T14:00:00Z,97.205,97.205,97.2,97.205,5770.0,97.2005,315
2026-07-21T14:15:00Z,97.2,97.21,97.2,97.205,3125.0,97.205,194
2026-07-21T14:30:00Z,97.205,97.21,97.2,97.205,1200.0,97.205,207
2026-07-21T14:45:00Z,97.205,97.21,97.205,97.205,2898.0,97.2085,156
2026-07-21T15:00:00Z,97.21,97.215,97.205,97.21,6327.0,97.21,663
2026-07-21T15:15:00Z,97.21,97.215,97.21,97.21,6725.0,97.212,251
2026-07-21T15:30:00Z,97.21,97.215,97.205,97.205,2788.0,97.2105,244
2026-07-21T15:45:00Z,97.21,97.21,97.205,97.21,1853.0,97.2095,102
2026-07-21T16:00:00Z,97.21,97.21,97.205,97.205,751.0,97.2065,78
2026-07-21T16:15:00Z,97.205,97.21,97.205,97.205,1591.0,97.2055,128
2026-07-21T16:30:00Z,97.205,97.21,97.205,97.21,938.0,97.21,126
2026-07-21T16:45:00Z,97.21,97.21,97.205,97.205,1445.0,97.21,153
2026-07-21T17:00:00Z,97.205,97.205,97.205,97.205,84.0,97.205,14
2026-07-21T17:15:00Z,97.205,97.205,97.205,97.205,359.0,97.205,183
2026-07-21T17:30:00Z,97.205,97.21,97.205,97.205,96.0,97.209,37
2026-07-21T17:45:00Z,97.205,97.205,97.205,97.205,286.0,97.205,49
2026-07-21T18:00:00Z,97.205,97.205,97.205,97.205,325.0,97.205,54
2026-07-21T18:15:00Z,97.205,97.205,97.205,97.205,415.0,97.205,26
2026-07-21T18:30:00Z,97.205,97.205,97.205,97.205,0.0,97.205,0
2026-07-21T18:45:00Z,97.205,97.205,97.205,97.205,795.0,97.205,15
2026-07-21T19:00:00Z,97.205,97.205,97.2,97.2,380.0,97.2015,43
2026-07-21T19:15:00Z,97.2,97.2,97.2,97.2,0.0,97.2,0
2026-07-21T19:30:00Z,97.205,97.205,97.205,97.205,12.0,97.205,8
2026-07-21T19:45:00Z,97.205,97.205,97.2,97.2,6.0,97.201,6
2026-07-22T00:00:00Z,97.2,97.2,97.2,97.2,165.0,97.2,12
2026-07-22T00:15:00Z,97.2,97.2,97.2,97.2,0.0,97.2,0
2026-07-22T00:30:00Z,97.2,97.2,97.2,97.2,0.0,97.2,0
2026-07-22T00:45:00Z,97.2,97.2,97.2,97.2,0.0,97.2,0
2026-07-22T01:00:00Z,97.2,97.2,97.195,97.195,249.0,97.2,17
2026-07-22T01:15:00Z,97.195,97.195,97.195,97.195,0.0,97.195,0
2026-07-22T01:30:00Z,97.195,97.195,97.195,97.195,0.0,97.195,0
2026-07-22T01:45:00Z,97.2,97.2,97.2,97.2,82.0,97.2,11
2026-07-22T02:00:00Z,97.2,97.2,97.2,97.2,0.0,97.2,0
2026-07-22T02:15:00Z,97.205,97.205,97.205,97.205,20.0,97.205,1
2026-07-22T02:30:00Z,97.21,97.21,97.21,97.21,1.0,97.21,1
2026-07-22T02:45:00Z,97.21,97.21,97.21,97.21,2.0,97.21,2
2026-07-22T03:00:00Z,97.21,97.21,97.21,97.21,0.0,97.21,0
2026-07-22T03:15:00Z,97.21,97.21,97.21,97.21,0.0,97.21,0
2026-07-22T03:30:00Z,97.21,97.21,97.21,97.21,19.0,97.21,2
2026-07-22T03:45:00Z,97.21,97.21,97.21,97.21,0.0,97.21,0
2026-07-22T04:00:00Z,97.205,97.205,97.205,97.205,37.0,97.205,5
2026-07-22T04:15:00Z,97.205,97.205,97.205,97.205,0.0,97.205,0
2026-07-22T04:30:00Z,97.205,97.205,97.205,97.205,0.0,97.205,0
2026-07-22T04:45:00Z,97.205,97.205,97.205,97.205,0.0,97.205,0
2026-07-22T05:00:00Z,97.205,97.205,97.205,97.205,282.0,97.205,35
2026-07-22T05:15:00Z,97.205,97.205,97.205,97.205,0.0,97.205,0
2026-07-22T05:30:00Z,97.205,97.205,97.205,97.205,0.0,97.205,0
2026-07-22T05:45:00Z,97.205,97.21,97.205,97.21,436.0,97.208,139
2026-07-22T06:00:00Z,97.2,97.21,97.195,97.205,2410.0,97.2045,277
2026-07-22T06:15:00Z,97.205,97.205,97.195,97.195,1054.0,97.201,160
2026-07-22T06:30:00Z,97.195,97.2,97.19,97.195,3534.0,97.195,206
2026-07-22T06:45:00Z,97.195,97.195,97.195,97.195,317.0,97.195,47
2026-07-22T07:00:00Z,97.195,97.195,97.19,97.195,6538.0,97.193,362
2026-07-22T07:15:00Z,97.195,97.2,97.195,97.195,1268.0,97.2,74
2026-07-22T07:30:00Z,97.2,97.2,97.185,97.19,5132.0,97.1935,360
2026-07-22T07:45:00Z,97.19,97.195,97.19,97.19,3406.0,97.1945,216
2026-07-22T08:00:00Z,97.19,97.205,97.19,97.2,3835.0,97.1985,370
2026-07-22T08:15:00Z,97.205,97.21,97.205,97.21,6374.0,97.205,188
2026-07-22T08:30:00Z,97.205,97.205,97.2,97.2,3020.0,97.205,219
2026-07-22T08:45:00Z,97.205,97.205,97.2,97.205,1167.0,97.205,91
2026-07-22T09:00:00Z,97.205,97.205,97.205,97.205,1051.0,97.205,116
2026-07-22T09:15:00Z,97.21,97.21,97.2,97.2,588.0,97.205,66
2026-07-22T09:30:00Z,97.2,97.2,97.195,97.195,6410.0,97.1965,531
2026-07-22T09:45:00Z,97.2,97.2,97.195,97.2,2842.0,97.196,284
2026-07-22T10:00:00Z,97.2,97.2,97.2,97.2,2466.0,97.2,215
2026-07-22T10:15:00Z,97.2,97.205,97.2,97.2,8217.0,97.2,324
2026-07-22T10:30:00Z,97.2,97.2,97.195,97.195,1917.0,97.2,113
2026-07-22T10:45:00Z,97.195,97.195,97.195,97.195,930.0,97.195,71
2026-07-22T11:00:00Z,97.19,97.195,97.19,97.19,156.0,97.1905,66
2026-07-22T11:15:00Z,97.19,97.195,97.19,97.19,151.0,97.194,37
2026-07-22T11:30:00Z,97.19,97.195,97.18,97.185,5425.0,97.1865,547
2026-07-22T11:45:00Z,97.185,97.19,97.18,97.185,5015.0,97.1865,314
2026-07-22T12:00:00Z,97.18,97.185,97.18,97.18,783.0,97.181,66
2026-07-22T12:15:00Z,97.18,97.185,97.18,97.185,8341.0,97.185,287
2026-07-22T12:30:00Z,97.185,97.19,97.18,97.185,2514.0,97.185,152
2026-07-22T12:45:00Z,97.185,97.185,97.17,97.175,6035.0,97.1765,373
2026-07-22T13:00:00Z,97.18,97.185,97.18,97.185,2544.0,97.18,177
2026-07-22T13:15:00Z,97.18,97.19,97.18,97.19,2113.0,97.188,157
2026-07-22T13:30:00Z,97.19,97.19,97.185,97.185,1302.0,97.187,96
2026-07-22T13:45:00Z,97.19,97.19,97.185,97.185,166.0,97.188,85
2026-07-22T14:00:00Z,97.185,97.185,97.175,97.175,3200.0,97.182,596
2026-07-22T14:15:00Z,97.175,97.18,97.17,97.17,5453.0,97.1725,643
2026-07-22T14:30:00Z,97.175,97.175,97.165,97.17,5800.0,97.17,398
2026-07-22T14:45:00Z,97.175,97.18,97.175,97.18,4985.0,97.176,157
2026-07-22T15:00:00Z,97.175,97.175,97.17,97.17,3430.0,97.1745,527
2026-07-22T15:15:00Z,97.17,97.175,97.17,97.17,846.0,97.171,71
2026-07-22T15:30:00Z,97.17,97.18,97.17,97.175,4739.0,97.1755,444
2026-07-22T15:45:00Z,97.175,97.18,97.175,97.175,4009.0,97.18,271
2026-07-22T16:00:00Z,97.18,97.18,97.17,97.175,2341.0,97.175,188
2026-07-22T16:15:00Z,97.175,97.175,97.17,97.17,1711.0,97.1715,113
2026-07-22T16:30:00Z,97.175,97.175,97.17,97.175,1006.0,97.1745,147
2026-07-22T16:45:00Z,97.175,97.18,97.175,97.175,1627.0,97.175,79
2026-07-22T17:00:00Z,97.175,97.175,97.175,97.175,721.0,97.175,33
2026-07-22T17:15:00Z,97.175,97.175,97.175,97.175,180.0,97.175,23
2026-07-22T17:30:00Z,97.175,97.175,97.175,97.175,926.0,97.175,108
2026-07-22T17:45:00Z,97.175,97.175,97.175,97.175,0.0,97.175,0
2026-07-22T18:00:00Z,97.17,97.17,97.17,97.17,240.0,97.17,33
2026-07-22T18:15:00Z,97.17,97.17,97.17,97.17,0.0,97.17,0
2026-07-22T18:30:00Z,97.17,97.17,97.17,97.17,0.0,97.17,0
2026-07-22T18:45:00Z,97.17,97.17,97.17,97.17,0.0,97.17,0
2026-07-22T19:00:00Z,97.17,97.17,97.17,97.17,16.0,97.17,11
2026-07-22T19:15:00Z,97.17,97.17,97.17,97.17,400.0,97.17,49
2026-07-22T19:30:00Z,97.17,97.17,97.17,97.17,2.0,97.17,1
2026-07-22T19:45:00Z,97.17,97.17,97.17,97.17,144.0,97.17,9
2026-07-23T00:00:00Z,97.17,97.17,97.17,97.17,239.0,97.17,17
2026-07-23T00:15:00Z,97.17,97.17,97.17,97.17,3.0,97.17,3
2026-07-23T00:30:00Z,97.17,97.17,97.17,97.17,0.0,97.17,0
2026-07-23T00:45:00Z,97.17,97.17,97.17,97.17,8.0,97.17,2
2026-07-23T01:00:00Z,97.17,97.175,97.17,97.175,297.0,97.1715,48
2026-07-23T01:15:00Z,97.17,97.17,97.17,97.17,35.0,97.17,8
2026-07-23T01:30:00Z,97.17,97.17,97.17,97.17,2.0,97.17,2
2026-07-23T01:45:00Z,97.17,97.17,97.17,97.17,0.0,97.17,0
2026-07-23T02:00:00Z,97.17,97.17,97.17,97.17,0.0,97.17,0
2026-07-23T02:15:00Z,97.165,97.165,97.165,97.165,8.0,97.165,7
2026-07-23T02:30:00Z,97.165,97.165,97.165,97.165,0.0,97.165,0
2026-07-23T02:45:00Z,97.165,97.165,97.165,97.165,4.0,97.165,4
2026-07-23T03:00:00Z,97.165,97.165,97.165,97.165,0.0,97.165,0
2026-07-23T03:15:00Z,97.165,97.165,97.165,97.165,17.0,97.165,8
2026-07-23T03:30:00Z,97.165,97.165,97.165,97.165,3.0,97.165,3
2026-07-23T03:45:00Z,97.165,97.165,97.165,97.165,3.0,97.165,2
2026-07-23T04:00:00Z,97.165,97.165,97.165,97.165,1.0,97.165,1
2026-07-23T04:15:00Z,97.165,97.165,97.165,97.165,2.0,97.165,2
2026-07-23T04:30:00Z,97.17,97.17,97.17,97.17,549.0,97.17,36
2026-07-23T04:45:00Z,97.17,97.17,97.17,97.17,52.0,97.17,9
2026-07-23T05:00:00Z,97.17,97.17,97.17,97.17,0.0,97.17,0
2026-07-23T05:15:00Z,97.17,97.17,97.17,97.17,556.0,97.17,18
2026-07-23T05:30:00Z,97.175,97.175,97.17,97.17,103.0,97.172,19
2026-07-23T05:45:00Z,97.17,97.17,97.165,97.165,57.0,97.1695,16
2026-07-23T06:00:00Z,97.165,97.17,97.165,97.17,1123.0,97.17,60
2026-07-23T06:15:00Z,97.17,97.17,97.165,97.17,631.0,97.17,66
2026-07-23T06:30:00Z,97.17,97.17,97.165,97.17,3868.0,97.17,261
2026-07-23T06:45:00Z,97.17,97.175,97.165,97.165,1317.0,97.1695,145
2026-07-23T07:00:00Z,97.165,97.17,97.16,97.165,6412.0,97.165,385
2026-07-23T07:15:00Z,97.165,97.165,97.155,97.155,5904.0,97.158,299
2026-07-23T07:30:00Z,97.15,97.155,97.15,97.15,4419.0,97.1515,243
2026-07-23T07:45:00Z,97.15,97.155,97.14,97.15,6924.0,97.146,364
2026-07-23T08:00:00Z,97.15,97.155,97.15,97.155,3994.0,97.1535,255
2026-07-23T08:15:00Z,97.155,97.155,97.15,97.155,2961.0,97.155,165
2026-07-23T08:30:00Z,97.155,97.16,97.155,97.16,1257.0,97.156,113
2026-07-23T08:45:00Z,97.155,97.16,97.15,97.155,1706.0,97.1555,218
2026-07-23T09:00:00Z,97.15,97.165,97.15,97.16,11226.0,97.159,330
2026-07-23T09:15:00Z,97.155,97.16,97.155,97.155,3437.0,97.155,194
2026-07-23T09:30:00Z,97.16,97.165,97.16,97.165,1857.0,97.16,202
2026-07-23T09:45:00Z,97.16,97.165,97.16,97.165,533.0,97.165,94
2026-07-23T10:00:00Z,97.165,97.165,97.16,97.16,2899.0,97.16,189
2026-07-23T10:15:00Z,97.16,97.165,97.155,97.165,338.0,97.16,81
2026-07-23T10:30:00Z,97.16,97.17,97.16,97.17,6460.0,97.1665,259
2026-07-23T10:45:00Z,97.17,97.175,97.165,97.17,4649.0,97.172,395
2026-07-23T11:00:00Z,97.17,97.175,97.165,97.17,2820.0,97.17,221
2026-07-23T11:15:00Z,97.17,97.17,97.165,97.165,2943.0,97.1665,226
2026-07-23T11:30:00Z,97.165,97.165,97.155,97.155,5859.0,97.1615,308
2026-07-23T11:45:00Z,97.155,97.16,97.155,97.16,12357.0,97.159,611
2026-07-23T12:00:00Z,97.155,97.16,97.15,97.15,14649.0,97.1545,632
2026-07-23T12:15:00Z,97.15,97.175,97.15,97.16,18473.0,97.1645,1309
2026-07-23T12:30:00Z,97.16,97.165,97.145,97.155,7940.0,97.159,401
2026-07-23T12:45:00Z,97.155,97.17,97.155,97.17,6584.0,97.1635,336
2026-07-23T13:00:00Z,97.17,97.17,97.15,97.165,12010.0,97.1585,531
2026-07-23T13:15:00Z,97.165,97.165,97.15,97.155,5132.0,97.1585,276
2026-07-23T13:30:00Z,97.16,97.175,97.16,97.175,15584.0,97.168,818
2026-07-23T13:45:00Z,97.175,97.175,97.16,97.16,7314.0,97.1685,434
2026-07-23T14:00:00Z,97.16,97.165,97.155,97.165,6142.0,97.159,256
2026-07-23T14:15:00Z,97.165,97.165,97.155,97.155,7250.0,97.1635,437
2026-07-23T14:30:00Z,97.16,97.16,97.15,97.15,7443.0,97.153,346
2026-07-23T14:45:00Z,97.15,97.155,97.145,97.155,4018.0,97.151,279
2026-07-23T15:00:00Z,97.155,97.16,97.15,97.15,3597.0,97.1545,545
2026-07-23T15:15:00Z,97.155,97.155,97.145,97.145,4577.0,97.151,294
2026-07-23T15:30:00Z,97.145,97.15,97.14,97.145,4715.0,97.1435,627
2026-07-23T15:45:00Z,97.145,97.155,97.145,97.15,1755.0,97.148,161
2026-07-23T16:00:00Z,97.155,97.16,97.15,97.15,5656.0,97.155,465
2026-07-23T16:15:00Z,97.155,97.165,97.15,97.165,3267.0,97.1585,199
2026-07-23T16:30:00Z,97.16,97.16,97.16,97.16,884.0,97.16,53
2026-07-23T16:45:00Z,97.155,97.165,97.155,97.165,317.0,97.161,38
2026-07-23T17:00:00Z,97.165,97.165,97.16,97.165,56.0,97.165,10
2026-07-23T17:15:00Z,97.16,97.165,97.16,97.16,364.0,97.1645,27
2026-07-23T17:30:00Z,97.16,97.165,97.16,97.16,59.0,97.16,15
2026-07-23T17:45:00Z,97.16,97.165,97.155,97.155,453.0,97.1595,75
2026-07-23T18:00:00Z,97.155,97.16,97.15,97.15,1437.0,97.1515,34
2026-07-23T18:15:00Z,97.155,97.155,97.15,97.155,6061.0,97.1515,216
2026-07-23T18:30:00Z,97.15,97.15,97.145,97.145,283.0,97.15,19
2026-07-23T18:45:00Z,97.15,97.155,97.15,97.15,650.0,97.1515,46
2026-07-23T19:00:00Z,97.155,97.155,97.155,97.155,14.0,97.155,3
2026-07-23T19:15:00Z,97.155,97.155,97.155,97.155,127.0,97.155,10
2026-07-23T19:30:00Z,97.155,97.16,97.155,97.16,178.0,97.1555,13
2026-07-23T19:45:00Z,97.16,97.165,97.16,97.165,1991.0,97.1605,175
2026-07-24T00:15:00Z,97.155,97.16,97.155,97.155,190.0,97.16,14
2026-07-24T00:30:00Z,97.155,97.155,97.155,97.155,177.0,97.155,8
2026-07-24T00:45:00Z,97.155,97.155,97.15,97.15,68.0,97.155,6
2026-07-24T01:00:00Z,97.155,97.16,97.155,97.16,584.0,97.1585,24
2026-07-24T01:15:00Z,97.155,97.155,97.155,97.155,1.0,97.155,1
2026-07-24T01:30:00Z,97.155,97.155,97.155,97.155,5.0,97.155,5
2026-07-24T01:45:00Z,97.155,97.155,97.15,97.15,53.0,97.1525,17
2026-07-24T02:00:00Z,97.155,97.155,97.15,97.15,2.0,97.1525,2
2026-07-24T02:15:00Z,97.155,97.155,97.155,97.155,1.0,97.155,1
2026-07-24T02:30:00Z,97.155,97.155,97.155,97.155,0.0,97.155,0
2026-07-24T02:45:00Z,97.155,97.155,97.155,97.155,0.0,97.155,0
2026-07-24T03:00:00Z,97.15,97.15,97.15,97.15,84.0,97.15,8
2026-07-24T03:15:00Z,97.15,97.15,97.15,97.15,153.0,97.15,4
2026-07-24T03:30:00Z,97.15,97.15,97.15,97.15,0.0,97.15,0
2026-07-24T03:45:00Z,97.155,97.155,97.15,97.15,18.0,97.1545,13
2026-07-24T04:00:00Z,97.15,97.15,97.15,97.15,0.0,97.15,0
2026-07-24T04:15:00Z,97.15,97.15,97.15,97.15,0.0,97.15,0
2026-07-24T04:30:00Z,97.15,97.15,97.15,97.15,0.0,97.15,0
2026-07-24T04:45:00Z,97.155,97.155,97.155,97.155,203.0,97.155,3
2026-07-24T05:00:00Z,97.155,97.155,97.155,97.155,0.0,97.155,0
2026-07-24T05:15:00Z,97.15,97.155,97.15,97.155,14.0,97.154,5
2026-07-24T05:30:00Z,97.155,97.165,97.15,97.165,1371.0,97.1595,123
2026-07-24T05:45:00Z,97.165,97.165,97.16,97.165,421.0,97.164,35
2026-07-24T06:00:00Z,97.165,97.17,97.16,97.17,1908.0,97.1625,127
2026-07-24T06:15:00Z,97.17,97.175,97.165,97.165,1003.0,97.1705,127
2026-07-24T06:30:00Z,97.165,97.17,97.165,97.17,948.0,97.17,63
2026-07-24T06:45:00Z,97.17,97.175,97.17,97.175,1021.0,97.175,133
2026-07-24T07:00:00Z,97.175,97.185,97.175,97.18,5414.0,97.18,295
2026-07-24T07:15:00Z,97.18,97.185,97.17,97.185,2472.0,97.1805,273
2026-07-24T07:30:00Z,97.18,97.185,97.18,97.18,4351.0,97.182,267
2026-07-24T07:45:00Z,97.18,97.18,97.175,97.18,503.0,97.18,90
2026-07-24T08:00:00Z,97.175,97.18,97.17,97.18,3496.0,97.176,193
2026-07-24T08:15:00Z,97.18,97.185,97.18,97.185,1645.0,97.1845,159
2026-07-24T08:30:00Z,97.185,97.185,97.185,97.185,342.0,97.185,44
2026-07-24T08:45:00Z,97.185,97.195,97.185,97.19,1303.0,97.1875,148
2026-07-24T09:00:00Z,97.19,97.195,97.19,97.19,1011.0,97.1915,128
2026-07-24T09:15:00Z,97.19,97.195,97.19,97.195,4793.0,97.1945,258
2026-07-24T09:30:00Z,97.195,97.195,97.19,97.19,3237.0,97.194,117
2026-07-24T09:45:00Z,97.19,97.195,97.19,97.195,3330.0,97.1945,195
2026-07-24T10:00:00Z,97.195,97.195,97.19,97.195,1905.0,97.191,318
2026-07-24T10:15:00Z,97.195,97.195,97.195,97.195,2144.0,97.195,126
2026-07-24T10:30:00Z,97.195,97.195,97.19,97.19,1467.0,97.19,110
2026-07-24T10:45:00Z,97.185,97.19,97.18,97.185,3291.0,97.185,275
2026-07-24T11:00:00Z,97.185,97.185,97.185,97.185,755.0,97.185,69
2026-07-24T11:15:00Z,97.185,97.185,97.185,97.185,397.0,97.185,50
2026-07-24T11:30:00Z,97.185,97.19,97.185,97.19,665.0,97.189,36
2026-07-24T11:45:00Z,97.19,97.2,97.185,97.195,2891.0,97.1895,272
2026-07-24T12:00:00Z,97.19,97.19,97.18,97.185,1184.0,97.186,85
2026-07-24T12:15:00Z,97.185,97.19,97.185,97.185,1059.0,97.187,99
2026-07-24T12:30:00Z,97.185,97.19,97.185,97.19,790.0,97.19,149
2026-07-24T12:45:00Z,97.19,97.19,97.185,97.19,4015.0,97.1855,176
2026-07-24T13:00:00Z,97.185,97.185,97.185,97.185,363.0,97.185,65
2026-07-24T13:15:00Z,97.185,97.185,97.18,97.185,2329.0,97.185,318
2026-07-24T13:30:00Z,97.185,97.19,97.185,97.185,851.0,97.186,67
2026-07-24T13:45:00Z,97.185,97.195,97.185,97.19,8981.0,97.193,474
2026-07-24T14:00:00Z,97.19,97.195,97.19,97.195,565.0,97.19,101
2026-07-24T14:15:00Z,97.195,97.195,97.185,97.185,2972.0,97.19,245
2026-07-24T14:30:00Z,97.185,97.19,97.185,97.19,857.0,97.185,117
2026-07-24T14:45:00Z,97.185,97.19,97.185,97.185,2400.0,97.186,323
2026-07-24T15:00:00Z,97.185,97.195,97.185,97.19,8313.0,97.19,775
2026-07-24T15:15:00Z,97.19,97.205,97.19,97.2,12048.0,97.197,614
2026-07-24T15:30:00Z,97.195,97.205,97.195,97.195,5520.0,97.1975,295
2026-07-24T15:45:00Z,97.195,97.2,97.19,97.2,3084.0,97.197,323
2026-07-24T16:00:00Z,97.2,97.2,97.195,97.2,2611.0,97.2,141
2026-07-24T16:15:00Z,97.2,97.2,97.195,97.2,557.0,97.2,46
2026-07-24T16:30:00Z,97.195,97.2,97.195,97.2,2489.0,97.195,181
2026-07-24T16:45:00Z,97.2,97.2,97.2,97.2,143.0,97.2,51
2026-07-24T17:00:00Z,97.195,97.2,97.195,97.195,1360.0,97.195,85
2026-07-24T17:15:00Z,97.19,97.195,97.19,97.195,171.0,97.1945,22
2026-07-24T17:30:00Z,97.19,97.19,97.19,97.19,852.0,97.19,50
2026-07-24T17:45:00Z,97.19,97.19,97.19,97.19,161.0,97.19,21
2026-07-24T18:00:00Z,97.19,97.19,97.19,97.19,1.0,97.19,1
2026-07-24T18:15:00Z,97.19,97.19,97.19,97.19,615.0,97.19,40
2026-07-24T18:30:00Z,97.19,97.19,97.185,97.185,1045.0,97.19,54
2026-07-24T18:45:00Z,97.185,97.185,97.185,97.185,0.0,97.185,0
2026-07-24T19:00:00Z,97.185,97.185,97.185,97.185,143.0,97.185,64
2026-07-24T19:15:00Z,97.185,97.185,97.185,97.185,271.0,97.185,56
2026-07-24T19:30:00Z,97.185,97.185,97.18,97.185,726.0,97.185,73
2026-07-24T19:45:00Z,97.185,97.19,97.185,97.185,627.0,97.189,63
2026-07-27T00:00:00Z,97.22,97.24,97.22,97.23,3622.0,97.2295,348
2026-07-27T00:15:00Z,97.225,97.235,97.225,97.23,414.0,97.2275,75
2026-07-27T00:30:00Z,97.23,97.23,97.225,97.23,185.0,97.2275,29
2026-07-27T00:45:00Z,97.225,97.23,97.22,97.225,396.0,97.225,26
2026-07-27T01:00:00Z,97.22,97.22,97.22,97.22,1.0,97.22,1
2026-07-27T01:15:00Z,97.22,97.22,97.22,97.22,151.0,97.22,27
2026-07-27T01:30:00Z,97.225,97.225,97.225,97.225,6.0,97.225,2
2026-07-27T01:45:00Z,97.225,97.225,97.225,97.225,0.0,97.225,0
2026-07-27T02:00:00Z,97.225,97.225,97.225,97.225,300.0,97.225,8
2026-07-27T02:15:00Z,97.225,97.225,97.22,97.22,227.0,97.222,89
2026-07-27T02:30:00Z,97.22,97.22,97.22,97.22,1.0,97.22,1
2026-07-27T02:45:00Z,97.22,97.22,97.22,97.22,2.0,97.22,2
2026-07-27T03:00:00Z,97.22,97.22,97.22,97.22,1.0,97.22,1
2026-07-27T03:15:00Z,97.22,97.22,97.22,97.22,0.0,97.22,0
2026-07-27T03:30:00Z,97.22,97.22,97.22,97.22,20.0,97.22,1
2026-07-27T03:45:00Z,97.22,97.22,97.22,97.22,0.0,97.22,0
2026-07-27T04:00:00Z,97.22,97.22,97.22,97.22,0.0,97.22,0
2026-07-27T04:15:00Z,97.22,97.22,97.22,97.22,281.0,97.22,10
2026-07-27T04:30:00Z,97.225,97.225,97.225,97.225,2742.0,97.225,104
2026-07-27T04:45:00Z,97.23,97.23,97.23,97.23,329.0,97.23,50
2026-07-27T05:00:00Z,97.23,97.23,97.225,97.23,28.0,97.2295,6
2026-07-27T05:15:00Z,97.23,97.23,97.225,97.23,391.0,97.23,21
2026-07-27T05:30:00Z,97.23,97.23,97.23,97.23,385.0,97.23,42
2026-07-27T05:45:00Z,97.225,97.23,97.225,97.225,382.0,97.2255,97
2026-07-27T06:00:00Z,97.23,97.23,97.225,97.225,2452.0,97.2255,349
2026-07-27T06:15:00Z,97.225,97.23,97.225,97.225,790.0,97.229,143
2026-07-27T06:30:00Z,97.23,97.23,97.225,97.225,3009.0,97.227,248
2026-07-27T06:45:00Z,97.225,97.24,97.225,97.24,12102.0,97.233,470
2026-07-27T07:00:00Z,97.24,97.24,97.23,97.24,4152.0,97.2365,389
2026-07-27T07:15:00Z,97.235,97.245,97.235,97.24,1454.0,97.2405,237
2026-07-27T07:30:00Z,97.24,97.24,97.23,97.235,2728.0,97.2365,184
2026-07-27T07:45:00Z,97.235,97.24,97.23,97.23,2097.0,97.235,156
2026-07-27T08:00:00Z,97.23,97.235,97.23,97.23,1337.0,97.23,163
2026-07-27T08:15:00Z,97.235,97.235,97.23,97.235,4346.0,97.233,225
2026-07-27T08:30:00Z,97.235,97.235,97.23,97.235,154.0,97.2345,36
2026-07-27T08:45:00Z,97.23,97.235,97.225,97.235,2980.0,97.23,179
2026-07-27T09:00:00Z,97.23,97.235,97.23,97.23,3543.0,97.23,191
2026-07-27T09:15:00Z,97.225,97.235,97.225,97.235,1165.0,97.2325,102
2026-07-27T09:30:00Z,97.235,97.24,97.23,97.235,1175.0,97.235,143
2026-07-27T09:45:00Z,97.235,97.24,97.235,97.235,6149.0,97.2395,352
2026-07-27T10:00:00Z,97.235,97.235,97.23,97.23,2238.0,97.233,171
2026-07-27T10:15:00Z,97.235,97.24,97.23,97.235,1784.0,97.235,84
2026-07-27T10:30:00Z,97.24,97.24,97.23,97.235,1767.0,97.235,138
2026-07-27T10:45:00Z,97.235,97.24,97.235,97.24,1314.0,97.235,196
2026-07-27T11:00:00Z,97.235,97.235,97.235,97.235,1034.0,97.235,108
2026-07-27T11:15:00Z,97.235,97.24,97.23,97.23,2784.0,97.2345,98
2026-07-27T11:30:00Z,97.23,97.24,97.23,97.235,2203.0,97.234,144
2026-07-27T11:45:00Z,97.24,97.24,97.23,97.235,885.0,97.235,67
2026-07-27T12:00:00Z,97.23,97.235,97.225,97.225,2092.0,97.2295,201
2026-07-27T12:15:00Z,97.23,97.235,97.225,97.235,2585.0,97.23,190
2026-07-27T12:30:00Z,97.235,97.235,97.225,97.225,1552.0,97.229,135
2026-07-27T12:45:00Z,97.23,97.23,97.22,97.225,2894.0,97.2255,304
2026-07-27T13:00:00Z,97.22,97.225,97.22,97.225,2830.0,97.225,205
2026-07-27T13:15:00Z,97.225,97.23,97.22,97.225,1615.0,97.225,231
2026-07-27T13:30:00Z,97.225,97.23,97.225,97.23,482.0,97.2285,115
2026-07-27T13:45:00Z,97.23,97.235,97.22,97.22,2886.0,97.2265,187
2026-07-27T14:00:00Z,97.225,97.23,97.225,97.23,2330.0,97.225,176
2026-07-27T14:15:00Z,97.23,97.23,97.22,97.22,3150.0,97.2215,221
2026-07-27T14:30:00Z,97.22,97.225,97.215,97.225,2999.0,97.222,169
2026-07-27T14:45:00Z,97.225,97.23,97.22,97.23,4644.0,97.225,353
2026-07-27T15:00:00Z,97.225,97.23,97.225,97.225,1713.0,97.2275,417
2026-07-27T15:15:00Z,97.23,97.23,97.22,97.22,3769.0,97.228,344
2026-07-27T15:30:00Z,97.22,97.225,97.22,97.225,1118.0,97.2205,232
2026-07-27T15:45:00Z,97.225,97.225,97.22,97.225,289.0,97.223,83
2026-07-27T16:00:00Z,97.225,97.225,97.22,97.22,1948.0,97.221,224
2026-07-27T16:15:00Z,97.22,97.235,97.215,97.23,4608.0,97.229,292
2026-07-27T16:30:00Z,97.235,97.235,97.225,97.23,626.0,97.23,65
2026-07-27T16:45:00Z,97.23,97.23,97.225,97.225,448.0,97.225,83
2026-07-27T17:00:00Z,97.225,97.23,97.225,97.23,152.0,97.2255,30
2026-07-27T17:15:00Z,97.23,97.23,97.23,97.23,0.0,97.23,0
2026-07-27T17:30:00Z,97.225,97.23,97.225,97.225,638.0,97.2285,137
2026-07-27T17:45:00Z,97.225,97.225,97.225,97.225,618.0,97.225,86
2026-07-27T18:00:00Z,97.225,97.23,97.225,97.23,21.0,97.2295,11
2026-07-27T18:15:00Z,97.23,97.23,97.23,97.23,0.0,97.23,0
2026-07-27T18:30:00Z,97.23,97.23,97.225,97.23,3903.0,97.228,243
2026-07-27T18:45:00Z,97.23,97.23,97.23,97.23,169.0,97.23,3
2026-07-27T19:00:00Z,97.23,97.23,97.23,97.23,0.0,97.23,0
2026-07-27T19:15:00Z,97.225,97.225,97.225,97.225,21.0,97.225,19
2026-07-27T19:30:00Z,97.22,97.225,97.22,97.225,84.0,97.223,23
2026-07-27T19:45:00Z,97.225,97.23,97.225,97.225,1376.0,97.225,60
2026-07-28T00:15:00Z,97.225,97.225,97.225,97.225,44.0,97.225,6
2026-07-28T00:30:00Z,97.225,97.225,97.225,97.225,0.0,97.225,0
2026-07-28T00:45:00Z,97.225,97.225,97.225,97.225,0.0,97.225,0
2026-07-28T01:00:00Z,97.225,97.23,97.225,97.23,52.0,97.23,5
2026-07-28T01:15:00Z,97.23,97.23,97.23,97.23,0.0,97.23,0
2026-07-28T01:30:00Z,97.225,97.225,97.225,97.225,1.0,97.225,1
2026-07-28T01:45:00Z,97.225,97.225,97.225,97.225,0.0,97.225,0
2026-07-28T02:00:00Z,97.225,97.225,97.225,97.225,0.0,97.225,0
2026-07-28T02:15:00Z,97.23,97.23,97.23,97.23,50.0,97.23,10
2026-07-28T02:30:00Z,97.23,97.23,97.23,97.23,34.0,97.23,5
2026-07-28T02:45:00Z,97.23,97.23,97.23,97.23,0.0,97.23,0
2026-07-28T03:00:00Z,97.23,97.23,97.23,97.23,0.0,97.23,0
2026-07-28T03:15:00Z,97.23,97.23,97.23,97.23,0.0,97.23,0
2026-07-28T03:30:00Z,97.235,97.235,97.235,97.235,147.0,97.235,4
2026-07-28T03:45:00Z,97.23,97.23,97.23,97.23,1.0,97.23,1
2026-07-28T04:00:00Z,97.23,97.23,97.23,97.23,33.0,97.23,1
2026-07-28T04:15:00Z,97.23,97.23,97.23,97.23,0.0,97.23,0
2026-07-28T04:30:00Z,97.23,97.23,97.23,97.23,32.0,97.23,3
2026-07-28T04:45:00Z,97.23,97.23,97.23,97.23,3.0,97.23,1
2026-07-28T05:00:00Z,97.23,97.23,97.23,97.23,10.0,97.23,1
2026-07-28T05:15:00Z,97.23,97.23,97.23,97.23,0.0,97.23,0
2026-07-28T05:30:00Z,97.235,97.235,97.235,97.235,30.0,97.235,5
2026-07-28T05:45:00Z,97.235,97.235,97.235,97.235,109.0,97.235,10
2026-07-28T06:00:00Z,97.235,97.235,97.23,97.23,419.0,97.234,62
2026-07-28T06:15:00Z,97.23,97.24,97.23,97.24,1951.0,97.237,104
2026-07-28T06:30:00Z,97.245,97.25,97.24,97.245,1790.0,97.245,123
2026-07-28T06:45:00Z,97.25,97.25,97.24,97.245,1051.0,97.245,68
2026-07-28T07:00:00Z,97.245,97.25,97.24,97.245,968.0,97.245,80
2026-07-28T07:15:00Z,97.245,97.25,97.245,97.25,315.0,97.245,14
2026-07-28T07:30:00Z,97.25,97.25,97.24,97.24,1780.0,97.2455,132
2026-07-28T07:45:00Z,97.245,97.255,97.245,97.25,7519.0,97.2485,341
2026-07-28T08:00:00Z,97.25,97.25,97.25,97.25,2592.0,97.25,181
2026-07-28T08:15:00Z,97.25,97.255,97.25,97.25,2072.0,97.25,115
2026-07-28T08:30:00Z,97.25,97.25,97.245,97.25,1210.0,97.25,99
2026-07-28T08:45:00Z,97.25,97.25,97.245,97.245,3900.0,97.246,152
2026-07-28T09:00:00Z,97.245,97.245,97.24,97.245,1135.0,97.245,81
2026-07-28T09:15:00Z,97.245,97.245,97.24,97.245,247.0,97.2425,55
2026-07-28T09:30:00Z,97.24,97.245,97.24,97.245,366.0,97.2445,69
2026-07-28T09:45:00Z,97.245,97.245,97.24,97.24,4874.0,97.243,424
2026-07-28T10:00:00Z,97.24,97.245,97.24,97.24,1165.0,97.24,78
2026-07-28T10:15:00Z,97.235,97.24,97.235,97.235,2453.0,97.235,140
2026-07-28T10:30:00Z,97.24,97.24,97.235,97.235,4937.0,97.235,260
2026-07-28T10:45:00Z,97.235,97.24,97.235,97.235,1001.0,97.235,282
2026-07-28T11:00:00Z,97.235,97.24,97.235,97.235,181.0,97.2355,33
2026-07-28T11:15:00Z,97.24,97.24,97.235,97.235,1363.0,97.239,139
2026-07-28T11:30:00Z,97.235,97.24,97.235,97.235,3854.0,97.235,295
2026-07-28T11:45:00Z,97.235,97.235,97.235,97.235,1744.0,97.235,70
2026-07-28T12:00:00Z,97.24,97.24,97.235,97.24,1573.0,97.2355,155
2026-07-28T12:15:00Z,97.24,97.24,97.235,97.235,2346.0,97.235,78
2026-07-28T12:30:00Z,97.235,97.24,97.23,97.24,2107.0,97.235,168
2026-07-28T12:45:00Z,97.24,97.24,97.235,97.235,1071.0,97.236,121
2026-07-28T13:00:00Z,97.235,97.235,97.23,97.235,1655.0,97.235,119
2026-07-28T13:15:00Z,97.235,97.235,97.235,97.235,2035.0,97.235,158
2026-07-28T13:30:00Z,97.235,97.24,97.235,97.235,2288.0,97.2355,166
2026-07-28T13:45:00Z,97.235,97.24,97.235,97.235,3970.0,97.24,324
2026-07-28T14:00:00Z,97.235,97.24,97.235,97.235,120.0,97.238,77
2026-07-28T14:15:00Z,97.235,97.24,97.235,97.235,1167.0,97.24,144
2026-07-28T14:30:00Z,97.24,97.24,97.235,97.235,916.0,97.24,128
2026-07-28T14:45:00Z,97.24,97.245,97.235,97.24,1683.0,97.24,134
2026-07-28T15:00:00Z,97.24,97.26,97.235,97.26,8172.0,97.2495,615
2026-07-28T15:15:00Z,97.255,97.26,97.25,97.255,6329.0,97.255,495
2026-07-28T15:30:00Z,97.255,97.26,97.25,97.255,3237.0,97.255,285
2026-07-28T15:45:00Z,97.255,97.26,97.25,97.26,2474.0,97.255,234
2026-07-28T16:00:00Z,97.255,97.26,97.255,97.26,4077.0,97.256,103
2026-07-28T16:15:00Z,97.26,97.265,97.26,97.265,4006.0,97.261,249
2026-07-28T16:30:00Z,97.26,97.265,97.26,97.26,210.0,97.261,50
2026-07-28T16:45:00Z,97.26,97.26,97.255,97.255,2562.0,97.259,174
2026-07-28T17:00:00Z,97.26,97.26,97.255,97.255,631.0,97.2565,38
2026-07-28T17:15:00Z,97.26,97.26,97.255,97.26,931.0,97.258,84
2026-07-28T17:30:00Z,97.26,97.26,97.26,97.26,1353.0,97.26,51
2026-07-28T17:45:00Z,97.255,97.26,97.255,97.26,5.0,97.259,2
2026-07-28T18:00:00Z,97.26,97.265,97.26,97.265,795.0,97.2615,79
2026-07-28T18:15:00Z,97.26,97.26,97.26,97.26,549.0,97.26,28
2026-07-28T18:30:00Z,97.26,97.26,97.26,97.26,246.0,97.26,29
2026-07-28T18:45:00Z,97.26,97.26,97.26,97.26,211.0,97.26,20
2026-07-28T19:00:00Z,97.26,97.26,97.26,97.26,93.0,97.26,15
2026-07-28T19:15:00Z,97.26,97.26,97.26,97.26,0.0,97.26,0
2026-07-28T19:30:00Z,97.255,97.255,97.255,97.255,3.0,97.255,1
2026-07-28T19:45:00Z,97.255,97.26,97.255,97.26,8.0,97.2595,7
2026-07-29T00:00:00Z,97.24,97.25,97.24,97.24,1614.0,97.2435,166
2026-07-29T00:15:00Z,97.245,97.245,97.245,97.245,580.0,97.245,42
2026-07-29T00:30:00Z,97.24,97.24,97.235,97.235,142.0,97.235,8
2026-07-29T00:45:00Z,97.235,97.235,97.235,97.235,37.0,97.235,5
2026-07-29T01:00:00Z,97.235,97.235,97.235,97.235,4.0,97.235,1
2026-07-29T01:15:00Z,97.23,97.235,97.23,97.23,12.0,97.2305,9
2026-07-29T01:30:00Z,97.235,97.235,97.235,97.235,310.0,97.235,4
2026-07-29T01:45:00Z,97.235,97.235,97.235,97.235,52.0,97.235,10
2026-07-29T02:00:00Z,97.235,97.235,97.235,97.235,0.0,97.235,0
2026-07-29T02:15:00Z,97.235,97.235,97.235,97.235,0.0,97.235,0
2026-07-29T02:30:00Z,97.24,97.24,97.24,97.24,65.0,97.24,3
2026-07-29T02:45:00Z,97.24,97.24,97.24,97.24,0.0,97.24,0
2026-07-29T03:00:00Z,97.24,97.24,97.24,97.24,0.0,97.24,0
2026-07-29T03:15:00Z,97.24,97.24,97.24,97.24,0.0,97.24,0
2026-07-29T03:30:00Z,97.235,97.235,97.235,97.235,200.0,97.235,9
2026-07-29T03:45:00Z,97.235,97.235,97.235,97.235,14.0,97.235,3
2026-07-29T04:00:00Z,97.235,97.235,97.235,97.235,0.0,97.235,0
2026-07-29T04:15:00Z,97.235,97.235,97.235,97.235,24.0,97.235,7
2026-07-29T04:30:00Z,97.235,97.24,97.235,97.24,594.0,97.24,14
2026-07-29T04:45:00Z,97.24,97.24,97.24,97.24,53.0,97.24,9
2026-07-29T05:00:00Z,97.24,97.24,97.24,97.24,0.0,97.24,0
2026-07-29T05:15:00Z,97.24,97.245,97.24,97.245,169.0,97.24,34
2026-07-29T05:30:00Z,97.24,97.24,97.24,97.24,104.0,97.24,16
2026-07-29T05:45:00Z,97.24,97.24,97.24,97.24,39.0,97.24,9
2026-07-29T06:00:00Z,97.24,97.245,97.235,97.24,3158.0,97.241,132
2026-07-29T06:15:00Z,97.24,97.24,97.235,97.24,1682.0,97.2395,166
2026-07-29T06:30:00Z,97.24,97.245,97.24,97.245,4026.0,97.2405,81
2026-07-29T06:45:00Z,97.24,97.24,97.235,97.24,2947.0,97.24,100
2026-07-29T07:00:00Z,97.24,97.24,97.24,97.24,1863.0,97.24,88
2026-07-29T07:15:00Z,97.24,97.24,97.235,97.235,1091.0,97.2395,64
2026-07-29T07:30:00Z,97.24,97.24,97.235,97.235,348.0,97.235,73
2026-07-29T07:45:00Z,97.235,97.235,97.23,97.235,3852.0,97.235,305
2026-07-29T08:00:00Z,97.235,97.235,97.235,97.235,1925.0,97.235,151
2026-07-29T08:15:00Z,97.235,97.235,97.235,97.235,2803.0,97.235,204
2026-07-29T08:30:00Z,97.235,97.235,97.235,97.235,1387.0,97.235,81
2026-07-29T08:45:00Z,97.235,97.235,97.23,97.23,175.0,97.235,31
2026-07-29T09:00:00Z,97.235,97.235,97.23,97.23,183.0,97.232,78
2026-07-29T09:15:00Z,97.23,97.23,97.23,97.23,3211.0,97.23,192
2026-07-29T09:30:00Z,97.23,97.23,97.225,97.225,1312.0,97.23,61
2026-07-29T09:45:00Z,97.23,97.23,97.22,97.225,1042.0,97.2255,101
2026-07-29T10:00:00Z,97.23,97.23,97.225,97.23,1200.0,97.2295,103
2026-07-29T10:15:00Z,97.23,97.23,97.225,97.225,3626.0,97.228,227
2026-07-29T10:30:00Z,97.225,97.225,97.215,97.22,7700.0,97.2195,308
2026-07-29T10:45:00Z,97.22,97.22,97.22,97.22,2621.0,97.22,165
2026-07-29T11:00:00Z,97.22,97.22,97.215,97.22,3604.0,97.22,658
2026-07-29T11:15:00Z,97.22,97.225,97.22,97.225,1015.0,97.224,89
2026-07-29T11:30:00Z,97.225,97.225,97.225,97.225,1249.0,97.225,88
2026-07-29T11:45:00Z,97.225,97.225,97.225,97.225,467.0,97.225,48
2026-07-29T12:00:00Z,97.23,97.23,97.225,97.23,224.0,97.2255,58
2026-07-29T12:15:00Z,97.225,97.23,97.205,97.215,11953.0,97.214,591
2026-07-29T12:30:00Z,97.215,97.215,97.21,97.21,1058.0,97.2145,116
2026-07-29T12:45:00Z,97.21,97.215,97.205,97.21,2827.0,97.21,295
2026-07-29T13:00:00Z,97.21,97.21,97.205,97.205,604.0,97.2085,101
2026-07-29T13:15:00Z,97.205,97.21,97.205,97.205,1390.0,97.206,146
2026-07-29T13:30:00Z,97.205,97.205,97.205,97.205,2929.0,97.205,168
2026-07-29T13:45:00Z,97.205,97.205,97.205,97.205,1696.0,97.205,80
2026-07-29T14:00:00Z,97.205,97.21,97.205,97.205,2425.0,97.2055,214
2026-07-29T14:15:00Z,97.21,97.21,97.205,97.21,2549.0,97.205,67
2026-07-29T14:30:00Z,97.205,97.21,97.195,97.2,6170.0,97.204,428
2026-07-29T14:45:00Z,97.2,97.2,97.195,97.195,2671.0,97.198,183
2026-07-29T15:00:00Z,97.195,97.205,97.195,97.205,3933.0,97.201,498
2026-07-29T15:15:00Z,97.2,97.205,97.2,97.2,5195.0,97.2,253
2026-07-29T15:30:00Z,97.205,97.205,97.195,97.195,855.0,97.2,211
2026-07-29T15:45:00Z,97.2,97.2,97.19,97.19,2073.0,97.1955,194
2026-07-29T16:00:00Z,97.195,97.195,97.185,97.19,1533.0,97.192,79
2026-07-29T16:15:00Z,97.19,97.195,97.19,97.195,1045.0,97.19,99
2026-07-29T16:30:00Z,97.19,97.19,97.185,97.19,270.0,97.19,64
2026-07-29T16:45:00Z,97.19,97.19,97.19,97.19,180.0,97.19,53
2026-07-29T17:00:00Z,97.19,97.19,97.185,97.19,1764.0,97.19,116
2026-07-29T17:15:00Z,97.19,97.19,97.19,97.19,137.0,97.19,11
2026-07-29T17:30:00Z,97.195,97.2,97.195,97.2,1145.0,97.1975,69
2026-07-29T17:45:00Z,97.2,97.205,97.2,97.2,1349.0,97.2,105
2026-07-29T18:00:00Z,97.205,97.225,97.205,97.22,5763.0,97.214,634
2026-07-29T18:15:00Z,97.22,97.22,97.21,97.215,2116.0,97.215,129
2026-07-29T18:30:00Z,97.215,97.225,97.205,97.225,5840.0,97.213,407
2026-07-29T18:45:00Z,97.225,97.23,97.215,97.22,3338.0,97.2215,332
2026-07-29T19:00:00Z,97.225,97.225,97.215,97.22,2135.0,97.2185,512
2026-07-29T19:15:00Z,97.22,97.23,97.21,97.215,4071.0,97.2155,261
2026-07-29T19:30:00Z,97.215,97.215,97.21,97.21,1940.0,97.2125,155
2026-07-29T19:45:00Z,97.215,97.215,97.21,97.215,1578.0,97.2105,39
2026-07-30T00:00:00Z,97.21,97.215,97.21,97.215,47.0,97.2105,13
2026-07-30T00:15:00Z,97.215,97.215,97.205,97.205,400.0,97.2115,43
2026-07-30T00:30:00Z,97.205,97.205,97.205,97.205,179.0,97.205,4
2026-07-30T00:45:00Z,97.205,97.205,97.205,97.205,0.0,97.205,0
2026-07-30T01:00:00Z,97.205,97.205,97.205,97.205,43.0,97.205,6
2026-07-30T01:15:00Z,97.205,97.205,97.205,97.205,223.0,97.205,45
2026-07-30T01:30:00Z,97.205,97.205,97.205,97.205,0.0,97.205,0
2026-07-30T01:45:00Z,97.205,97.205,97.205,97.205,39.0,97.205,9
2026-07-30T02:00:00Z,97.21,97.21,97.21,97.21,112.0,97.21,18
2026-07-30T02:15:00Z,97.21,97.21,97.21,97.21,0.0,97.21,0
2026-07-30T02:30:00Z,97.21,97.21,97.21,97.21,277.0,97.21,31
2026-07-30T02:45:00Z,97.21,97.21,97.21,97.21,0.0,97.21,0
2026-07-30T03:00:00Z,97.205,97.205,97.205,97.205,10.0,97.205,3
2026-07-30T03:15:00Z,97.21,97.21,97.21,97.21,603.0,97.21,46
2026-07-30T03:30:00Z,97.21,97.21,97.21,97.21,0.0,97.21,0
2026-07-30T03:45:00Z,97.205,97.21,97.205,97.21,227.0,97.206,9
2026-07-30T04:00:00Z,97.21,97.21,97.21,97.21,0.0,97.21,0
2026-07-30T04:15:00Z,97.21,97.21,97.21,97.21,0.0,97.21,0
2026-07-30T04:30:00Z,97.205,97.205,97.205,97.205,96.0,97.205,10
2026-07-30T04:45:00Z,97.205,97.205,97.205,97.205,4.0,97.205,3
2026-07-30T05:00:00Z,97.21,97.21,97.21,97.21,1470.0,97.21,37
2026-07-30T05:15:00Z,97.21,97.215,97.21,97.215,71.0,97.2145,16
2026-07-30T05:30:00Z,97.215,97.215,97.21,97.21,130.0,97.21,12
2026-07-30T05:45:00Z,97.215,97.215,97.21,97.21,235.0,97.2145,34
2026-07-30T06:00:00Z,97.21,97.215,97.205,97.205,1191.0,97.2095,107
2026-07-30T06:15:00Z,97.205,97.21,97.205,97.21,436.0,97.2085,37
2026-07-30T06:30:00Z,97.205,97.21,97.205,97.21,828.0,97.21,41
2026-07-30T06:45:00Z,97.21,97.215,97.21,97.21,1559.0,97.211,148
2026-07-30T07:00:00Z,97.21,97.225,97.21,97.22,4654.0,97.222,243
2026-07-30T07:15:00Z,97.22,97.225,97.22,97.225,3452.0,97.225,209
2026-07-30T07:30:00Z,97.225,97.225,97.215,97.225,2685.0,97.22,167
2026-07-30T07:45:00Z,97.225,97.225,97.22,97.22,1899.0,97.22,89
2026-07-30T08:00:00Z,97.22,97.225,97.215,97.225,4921.0,97.222,324
2026-07-30T08:15:00Z,97.225,97.23,97.225,97.23,1227.0,97.2255,70
2026-07-30T08:30:00Z,97.23,97.23,97.22,97.22,3079.0,97.225,53
2026-07-30T08:45:00Z,97.225,97.225,97.215,97.22,9214.0,97.222,367
2026-07-30T09:00:00Z,97.22,97.225,97.22,97.225,2314.0,97.225,120
2026-07-30T09:15:00Z,97.225,97.23,97.225,97.23,314.0,97.227,31
2026-07-30T09:30:00Z,97.225,97.23,97.225,97.23,990.0,97.2295,70
2026-07-30T09:45:00Z,97.23,97.23,97.225,97.225,737.0,97.2255,56
2026-07-30T10:00:00Z,97.225,97.225,97.22,97.22,3070.0,97.225,92
2026-07-30T10:15:00Z,97.225,97.23,97.225,97.23,1392.0,97.225,25
2026-07-30T10:30:00Z,97.23,97.235,97.225,97.235,1003.0,97.2305,121
2026-07-30T10:45:00Z,97.235,97.235,97.225,97.23,2244.0,97.23,171
2026-07-30T11:00:00Z,97.23,97.235,97.22,97.235,3751.0,97.2305,205
2026-07-30T11:15:00Z,97.24,97.24,97.24,97.24,3213.0,97.24,154
2026-07-30T11:30:00Z,97.24,97.24,97.235,97.235,2547.0,97.2385,272
2026-07-30T11:45:00Z,97.24,97.24,97.23,97.23,2252.0,97.2345,160
2026-07-30T12:00:00Z,97.23,97.235,97.23,97.235,289.0,97.23,59
2026-07-30T12:15:00Z,97.23,97.235,97.23,97.235,2694.0,97.235,115
2026-07-30T12:30:00Z,97.235,97.24,97.23,97.235,2057.0,97.2365,227
2026-07-30T12:45:00Z,97.235,97.235,97.235,97.235,2169.0,97.235,195
2026-07-30T13:00:00Z,97.235,97.245,97.235,97.245,2733.0,97.2415,210
2026-07-30T13:15:00Z,97.24,97.24,97.235,97.24,860.0,97.24,110
2026-07-30T13:30:00Z,97.245,97.245,97.245,97.245,2134.0,97.245,137
2026-07-30T13:45:00Z,97.245,97.245,97.245,97.245,1473.0,97.245,81
2026-07-30T14:00:00Z,97.245,97.245,97.24,97.245,2633.0,97.245,170
2026-07-30T14:15:00Z,97.245,97.245,97.245,97.245,1137.0,97.245,89
2026-07-30T14:30:00Z,97.245,97.25,97.245,97.245,3155.0,97.245,137
2026-07-30T14:45:00Z,97.24,97.24,97.235,97.24,3770.0,97.2395,136
2026-07-30T15:00:00Z,97.24,97.24,97.23,97.235,2278.0,97.235,323
2026-07-30T15:15:00Z,97.24,97.24,97.235,97.24,1531.0,97.239,147
2026-07-30T15:30:00Z,97.24,97.245,97.24,97.245,1872.0,97.2435,115
2026-07-30T15:45:00Z,97.245,97.25,97.245,97.25,2299.0,97.25,231
2026-07-30T16:00:00Z,97.25,97.25,97.245,97.25,201.0,97.2485,53
2026-07-30T16:15:00Z,97.25,97.255,97.245,97.255,2308.0,97.252,168
2026-07-30T16:30:00Z,97.255,97.255,97.25,97.25,118.0,97.251,39
2026-07-30T16:45:00Z,97.255,97.255,97.25,97.25,77.0,97.255,17
2026-07-30T17:00:00Z,97.255,97.255,97.25,97.25,2337.0,97.252,171
2026-07-30T17:15:00Z,97.25,97.25,97.25,97.25,439.0,97.25,40
2026-07-30T17:30:00Z,97.25,97.25,97.25,97.25,219.0,97.25,21
2026-07-30T17:45:00Z,97.25,97.25,97.25,97.25,4.0,97.25,1
2026-07-30T18:00:00Z,97.245,97.245,97.245,97.245,442.0,97.245,20
2026-07-30T18:15:00Z,97.245,97.245,97.245,97.245,348.0,97.245,15
2026-07-30T18:30:00Z,97.245,97.245,97.245,97.245,400.0,97.245,35
2026-07-30T18:45:00Z,97.245,97.245,97.245,97.245,0.0,97.245,0
2026-07-30T19:00:00Z,97.245,97.245,97.245,97.245,104.0,97.245,12
2026-07-30T19:15:00Z,97.245,97.245,97.245,97.245,0.0,97.245,0
2026-07-30T19:30:00Z,97.245,97.245,97.245,97.245,0.0,97.245,0
2026-07-30T19:45:00Z,97.24,97.245,97.24,97.245,152.0,97.24,55
2026-07-31T00:00:00Z,97.24,97.24,97.24,97.24,10.0,97.24,6
2026-07-31T00:15:00Z,97.245,97.245,97.245,97.245,4.0,97.245,1
2026-07-31T00:30:00Z,97.245,97.245,97.245,97.245,51.0,97.245,5
2026-07-31T00:45:00Z,97.245,97.245,97.245,97.245,0.0,97.245,0
2026-07-31T01:00:00Z,97.25,97.25,97.25,97.25,257.0,97.25,14
2026-07-31T01:15:00Z,97.255,97.255,97.25,97.25,4.0,97.2525,3
2026-07-31T01:30:00Z,97.25,97.255,97.25,97.255,89.0,97.25,6
2026-07-31T01:45:00Z,97.255,97.255,97.255,97.255,0.0,97.255,0
2026-07-31T02:00:00Z,97.255,97.255,97.255,97.255,203.0,97.255,27
2026-07-31T02:15:00Z,97.255,97.255,97.255,97.255,0.0,97.255,0
2026-07-31T02:30:00Z,97.255,97.255,97.255,97.255,0.0,97.255,0
2026-07-31T02:45:00Z,97.255,97.255,97.255,97.255,0.0,97.255,0
2026-07-31T03:00:00Z,97.25,97.25,97.25,97.25,45.0,97.25,4
2026-07-31T03:15:00Z,97.25,97.25,97.25,97.25,0.0,97.25,0
2026-07-31T03:30:00Z,97.25,97.25,97.25,97.25,0.0,97.25,0
2026-07-31T03:45:00Z,97.25,97.25,97.25,97.25,0.0,97.25,0
2026-07-31T04:00:00Z,97.255,97.255,97.255,97.255,397.0,97.255,20
2026-07-31T04:15:00Z,97.255,97.255,97.255,97.255,0.0,97.255,0
2026-07-31T04:30:00Z,97.255,97.255,97.255,97.255,0.0,97.255,0
2026-07-31T04:45:00Z,97.255,97.255,97.255,97.255,43.0,97.255,3
2026-07-31T05:00:00Z,97.255,97.255,97.255,97.255,535.0,97.255,16
2026-07-31T05:15:00Z,97.255,97.255,97.255,97.255,0.0,97.255,0
2026-07-31T05:30:00Z,97.255,97.255,97.255,97.255,0.0,97.255,0
2026-07-31T05:45:00Z,97.25,97.25,97.25,97.25,54.0,97.25,5
2026-07-31T06:00:00Z,97.25,97.255,97.245,97.255,717.0,97.252,103
2026-07-31T06:15:00Z,97.255,97.255,97.255,97.255,46.0,97.255,42
2026-07-31T06:30:00Z,97.25,97.255,97.245,97.245,2746.0,97.2475,159
2026-07-31T06:45:00Z,97.24,97.24,97.235,97.235,7474.0,97.238,327
2026-07-31T07:00:00Z,97.235,97.24,97.23,97.24,7207.0,97.2385,377
2026-07-31T07:15:00Z,97.24,97.24,97.235,97.235,2307.0,97.24,99
2026-07-31T07:30:00Z,97.24,97.24,97.23,97.23,1757.0,97.238,113
2026-07-31T07:45:00Z,97.235,97.24,97.23,97.235,3006.0,97.235,227
2026-07-31T08:00:00Z,97.235,97.235,97.235,97.235,662.0,97.235,34
2026-07-31T08:15:00Z,97.235,97.24,97.235,97.235,2066.0,97.235,194
2026-07-31T08:30:00Z,97.235,97.24,97.235,97.235,1085.0,97.235,105
2026-07-31T08:45:00Z,97.235,97.245,97.235,97.24,1871.0,97.2375,123
2026-07-31T09:00:00Z,97.235,97.235,97.23,97.23,1266.0,97.235,102
2026-07-31T09:15:00Z,97.23,97.23,97.23,97.23,3581.0,97.23,263
2026-07-31T09:30:00Z,97.23,97.23,97.225,97.225,3075.0,97.225,325
2026-07-31T09:45:00Z,97.225,97.225,97.22,97.22,570.0,97.2245,74
2026-07-31T10:00:00Z,97.22,97.22,97.22,97.22,103.0,97.22,41
2026-07-31T10:15:00Z,97.22,97.22,97.22,97.22,3781.0,97.22,187
2026-07-31T10:30:00Z,97.22,97.225,97.215,97.215,1358.0,97.219,89
2026-07-31T10:45:00Z,97.215,97.215,97.215,97.215,1130.0,97.215,94
2026-07-31T11:00:00Z,97.215,97.22,97.215,97.22,704.0,97.215,100
2026-07-31T11:15:00Z,97.215,97.215,97.21,97.215,4191.0,97.214,355
2026-07-31T11:30:00Z,97.21,97.215,97.21,97.215,2576.0,97.211,338
2026-07-31T11:45:00Z,97.215,97.215,97.21,97.215,1894.0,97.215,113
2026-07-31T12:00:00Z,97.215,97.215,97.21,97.215,344.0,97.215,83
2026-07-31T12:15:00Z,97.215,97.215,97.205,97.205,1232.0,97.2095,157
2026-07-31T12:30:00Z,97.205,97.21,97.205,97.21,1357.0,97.2065,164
2026-07-31T12:45:00Z,97.21,97.21,97.205,97.21,243.0,97.206,56
2026-07-31T13:00:00Z,97.21,97.215,97.21,97.21,2656.0,97.21,171
2026-07-31T13:15:00Z,97.21,97.21,97.205,97.21,808.0,97.2085,160
2026-07-31T13:30:00Z,97.205,97.21,97.2,97.2,2472.0,97.204,164
2026-07-31T13:45:00Z,97.2,97.21,97.2,97.205,2470.0,97.204,272
2026-07-31T14:00:00Z,97.205,97.215,97.2,97.215,2419.0,97.206,198
2026-07-31T14:15:00Z,97.215,97.22,97.21,97.22,1033.0,97.215,86
2026-07-31T14:30:00Z,97.215,97.22,97.215,97.215,2336.0,97.215,143
2026-07-31T14:45:00Z,97.22,97.22,97.215,97.215,3195.0,97.215,220
2026-07-31T15:00:00Z,97.215,97.22,97.21,97.22,2292.0,97.2155,448
2026-07-31T15:15:00Z,97.22,97.22,97.21,97.21,2494.0,97.216,216
2026-07-31T15:30:00Z,97.21,97.215,97.21,97.215,547.0,97.2105,84
2026-07-31T15:45:00Z,97.215,97.215,97.21,97.21,370.0,97.212,76
2026-07-31T16:00:00Z,97.21,97.215,97.21,97.21,1485.0,97.21,155
2026-07-31T16:15:00Z,97.21,97.215,97.21,97.215,1065.0,97.211,71
2026-07-31T16:30:00Z,97.215,97.215,97.21,97.215,329.0,97.215,67
2026-07-31T16:45:00Z,97.215,97.22,97.21,97.22,1207.0,97.2145,86
2026-07-31T17:00:00Z,97.215,97.215,97.215,97.215,4.0,97.215,1
2026-07-31T17:15:00Z,97.215,97.215,97.215,97.215,0.0,97.215,0
2026-07-31T17:30:00Z,97.22,97.22,97.22,97.22,6.0,97.22,5
2026-07-31T17:45:00Z,97.215,97.215,97.21,97.21,1050.0,97.215,137
2026-07-31T18:00:00Z,97.21,97.215,97.21,97.21,139.0,97.2115,76
2026-07-31T18:15:00Z,97.21,97.21,97.21,97.21,290.0,97.21,21
2026-07-31T18:30:00Z,97.21,97.21,97.21,97.21,91.0,97.21,7
2026-07-31T18:45:00Z,97.21,97.21,97.21,97.21,133.0,97.21,9
2026-07-31T19:00:00Z,97.205,97.205,97.205,97.205,37.0,97.205,13
2026-07-31T19:15:00Z,97.205,97.205,97.2,97.205,1416.0,97.2045,56
2026-07-31T19:30:00Z,97.205,97.21,97.205,97.21,100.0,97.2095,8
2026-07-31T19:45:00Z,97.21,97.21,97.205,97.21,390.0,97.2085,75
2026-08-03T00:00:00Z,97.24,97.26,97.24,97.245,2449.0,97.2485,184
2026-08-03T00:15:00Z,97.245,97.25,97.24,97.25,578.0,97.2455,67
2026-08-03T00:30:00Z,97.25,97.255,97.25,97.25,1825.0,97.25,72
2026-08-03T00:45:00Z,97.245,97.25,97.245,97.25,7.0,97.2495,6
2026-08-03T01:00:00Z,97.25,97.25,97.25,97.25,176.0,97.25,15
2026-08-03T01:15:00Z,97.245,97.245,97.245,97.245,291.0,97.245,24
2026-08-03T01:30:00Z,97.245,97.255,97.245,97.25,1435.0,97.251,85
2026-08-03T01:45:00Z,97.25,97.25,97.25,97.25,24.0,97.25,5
2026-08-03T02:00:00Z,97.25,97.25,97.25,97.25,0.0,97.25,0
2026-08-03T02:15:00Z,97.25,97.25,97.25,97.25,11.0,97.25,4
2026-08-03T02:30:00Z,97.25,97.25,97.25,97.25,0.0,97.25,0
2026-08-03T02:45:00Z,97.245,97.25,97.245,97.25,41.0,97.25,10
2026-08-03T03:00:00Z,97.25,97.25,97.25,97.25,102.0,97.25,12
2026-08-03T03:15:00Z,97.25,97.25,97.25,97.25,1.0,97.25,1
2026-08-03T03:30:00Z,97.25,97.25,97.25,97.25,89.0,97.25,7
2026-08-03T03:45:00Z,97.245,97.245,97.245,97.245,56.0,97.245,4
2026-08-03T04:00:00Z,97.245,97.245,97.245,97.245,0.0,97.245,0
2026-08-03T04:15:00Z,97.245,97.245,97.245,97.245,108.0,97.245,12
2026-08-03T04:30:00Z,97.245,97.245,97.245,97.245,16.0,97.245,6
2026-08-03T04:45:00Z,97.245,97.245,97.245,97.245,0.0,97.245,0
2026-08-03T05:00:00Z,97.25,97.25,97.25,97.25,242.0,97.25,29
2026-08-03T05:15:00Z,97.25,97.25,97.25,97.25,84.0,97.25,10
2026-08-03T05:30:00Z,97.255,97.255,97.255,97.255,297.0,97.255,22
2026-08-03T05:45:00Z,97.255,97.255,97.255,97.255,238.0,97.255,35
2026-08-03T06:00:00Z,97.25,97.255,97.25,97.25,3376.0,97.25,169
2026-08-03T06:15:00Z,97.245,97.25,97.245,97.25,253.0,97.247,39
2026-08-03T06:30:00Z,97.245,97.255,97.245,97.25,2245.0,97.25,140
2026-08-03T06:45:00Z,97.25,97.25,97.24,97.245,1691.0,97.2465,152
2026-08-03T07:00:00Z,97.245,97.25,97.245,97.245,302.0,97.247,96
2026-08-03T07:15:00Z,97.245,97.245,97.235,97.24,2957.0,97.241,261
2026-08-03T07:30:00Z,97.24,97.24,97.235,97.235,782.0,97.24,191
2026-08-03T07:45:00Z,97.235,97.24,97.235,97.24,1480.0,97.24,210
2026-08-03T08:00:00Z,97.245,97.245,97.24,97.24,417.0,97.2405,98
2026-08-03T08:15:00Z,97.24,97.245,97.24,97.245,1759.0,97.2415,343
2026-08-03T08:30:00Z,97.245,97.245,97.24,97.24,2760.0,97.245,332
2026-08-03T08:45:00Z,97.24,97.245,97.24,97.245,3722.0,97.245,296
2026-08-03T09:00:00Z,97.245,97.25,97.245,97.25,708.0,97.249,86
2026-08-03T09:15:00Z,97.25,97.25,97.245,97.245,916.0,97.25,79
2026-08-03T09:30:00Z,97.25,97.25,97.25,97.25,2017.0,97.25,112
2026-08-03T09:45:00Z,97.25,97.25,97.25,97.25,4119.0,97.25,181
2026-08-03T10:00:00Z,97.25,97.25,97.25,97.25,2106.0,97.25,140
2026-08-03T10:15:00Z,97.25,97.25,97.25,97.25,280.0,97.25,20
2026-08-03T10:30:00Z,97.25,97.255,97.25,97.255,3844.0,97.25,84
2026-08-03T10:45:00Z,97.25,97.255,97.25,97.255,82.0,97.252,7
2026-08-03T11:00:00Z,97.25,97.255,97.245,97.245,1998.0,97.25,144
2026-08-03T11:15:00Z,97.245,97.245,97.245,97.245,1.0,97.245,1
2026-08-03T11:30:00Z,97.25,97.25,97.25,97.25,1911.0,97.25,85
2026-08-03T11:45:00Z,97.25,97.255,97.25,97.25,1461.0,97.25,105
2026-08-03T12:00:00Z,97.255,97.255,97.255,97.255,373.0,97.255,74
2026-08-03T12:15:00Z,97.255,97.255,97.245,97.245,997.0,97.25,113
2026-08-03T12:30:00Z,97.25,97.25,97.245,97.245,2630.0,97.25,94
2026-08-03T12:45:00Z,97.245,97.245,97.24,97.245,4204.0,97.245,108
2026-08-03T13:00:00Z,97.245,97.245,97.24,97.24,3100.0,97.241,186
2026-08-03T13:15:00Z,97.235,97.24,97.235,97.235,466.0,97.2395,73
2026-08-03T13:30:00Z,97.24,97.245,97.24,97.24,4480.0,97.24,176
2026-08-03T13:45:00Z,97.24,97.24,97.24,97.24,570.0,97.24,52
2026-08-03T14:00:00Z,97.24,97.245,97.24,97.24,394.0,97.2405,62
2026-08-03T14:15:00Z,97.24,97.245,97.24,97.24,1051.0,97.245,70
2026-08-03T14:30:00Z,97.24,97.245,97.24,97.24,442.0,97.24,104
2026-08-03T14:45:00Z,97.24,97.245,97.24,97.245,419.0,97.2415,129
2026-08-03T15:00:00Z,97.24,97.245,97.24,97.245,1221.0,97.2425,428
2026-08-03T15:15:00Z,97.24,97.245,97.24,97.24,6355.0,97.2425,519
2026-08-03T15:30:00Z,97.24,97.245,97.24,97.245,245.0,97.2425,57
2026-08-03T15:45:00Z,97.245,97.245,97.24,97.24,1926.0,97.24,88
2026-08-03T16:00:00Z,97.24,97.24,97.24,97.24,797.0,97.24,83
2026-08-03T16:15:00Z,97.24,97.245,97.24,97.245,1908.0,97.24,144
2026-08-03T16:30:00Z,97.24,97.24,97.24,97.24,480.0,97.24,44
2026-08-03T16:45:00Z,97.24,97.24,97.235,97.24,466.0,97.24,50
2026-08-03T17:00:00Z,97.24,97.24,97.235,97.235,652.0,97.24,72
2026-08-03T17:15:00Z,97.24,97.24,97.235,97.24,243.0,97.24,25
2026-08-03T17:30:00Z,97.24,97.24,97.24,97.24,0.0,97.24,0
2026-08-03T17:45:00Z,97.24,97.24,97.24,97.24,7.0,97.24,3
2026-08-03T18:00:00Z,97.24,97.24,97.24,97.24,0.0,97.24,0
2026-08-03T18:15:00Z,97.24,97.24,97.24,97.24,0.0,97.24,0
2026-08-03T18:30:00Z,97.24,97.24,97.24,97.24,306.0,97.24,11
2026-08-03T18:45:00Z,97.24,97.24,97.24,97.24,0.0,97.24,0
2026-08-03T19:00:00Z,97.24,97.24,97.24,97.24,180.0,97.24,10
2026-08-03T19:15:00Z,97.24,97.24,97.24,97.24,0.0,97.24,0
2026-08-03T19:30:00Z,97.24,97.24,97.24,97.24,144.0,97.24,14
2026-08-03T19:45:00Z,97.24,97.24,97.24,97.24,87.0,97.24,9
2026-08-04T00:00:00Z,97.24,97.24,97.24,97.24,30.0,97.24,1
2026-08-04T00:15:00Z,97.24,97.24,97.235,97.24,395.0,97.239,38
2026-08-04T00:30:00Z,97.24,97.24,97.24,97.24,21.0,97.24,1
2026-08-04T00:45:00Z,97.24,97.24,97.24,97.24,24.0,97.24,2
2026-08-04T01:00:00Z,97.235,97.235,97.235,97.235,58.0,97.235,11
2026-08-04T01:15:00Z,97.235,97.235,97.235,97.235,0.0,97.235,0
2026-08-04T01:30:00Z,97.235,97.235,97.235,97.235,0.0,97.235,0
2026-08-04T01:45:00Z,97.235,97.235,97.235,97.235,0.0,97.235,0
2026-08-04T02:00:00Z,97.235,97.235,97.235,97.235,1.0,97.235,1
2026-08-04T02:15:00Z,97.235,97.235,97.235,97.235,0.0,97.235,0
2026-08-04T02:30:00Z,97.235,97.235,97.235,97.235,0.0,97.235,0
2026-08-04T02:45:00Z,97.235,97.235,97.235,97.235,0.0,97.235,0
2026-08-04T03:00:00Z,97.235,97.235,97.235,97.235,0.0,97.235,0
2026-08-04T03:15:00Z,97.235,97.235,97.235,97.235,0.0,97.235,0
2026-08-04T03:30:00Z,97.24,97.24,97.24,97.24,35.0,97.24,5
2026-08-04T03:45:00Z,97.24,97.24,97.24,97.24,0.0,97.24,0
2026-08-04T04:00:00Z,97.235,97.235,97.235,97.235,43.0,97.235,11
2026-08-04T04:15:00Z,97.235,97.235,97.235,97.235,0.0,97.235,0
2026-08-04T04:30:00Z,97.235,97.235,97.235,97.235,0.0,97.235,0
2026-08-04T04:45:00Z,97.235,97.235,97.235,97.235,0.0,97.235,0
2026-08-04T05:00:00Z,97.235,97.235,97.235,97.235,23.0,97.235,7
2026-08-04T05:15:00Z,97.235,97.235,97.235,97.235,1.0,97.235,1
2026-08-04T05:30:00Z,97.235,97.235,97.235,97.235,25.0,97.235,8
2026-08-04T05:45:00Z,97.235,97.235,97.235,97.235,0.0,97.235,0
2026-08-04T06:00:00Z,97.24,97.24,97.235,97.235,1140.0,97.24,138
2026-08-04T06:15:00Z,97.235,97.24,97.235,97.235,270.0,97.24,46
2026-08-04T06:30:00Z,97.235,97.24,97.235,97.235,61.0,97.2355,15
2026-08-04T06:45:00Z,97.235,97.24,97.235,97.24,23.0,97.2355,4
2026-08-04T07:00:00Z,97.24,97.245,97.235,97.24,1265.0,97.24,161
2026-08-04T07:15:00Z,97.235,97.24,97.235,97.24,165.0,97.2395,65
2026-08-04T07:30:00Z,97.24,97.24,97.235,97.235,1774.0,97.235,373
2026-08-04T07:45:00Z,97.235,97.24,97.235,97.24,66.0,97.237,42
2026-08-04T08:00:00Z,97.24,97.245,97.235,97.24,1271.0,97.24,199
2026-08-04T08:15:00Z,97.245,97.245,97.24,97.24,3133.0,97.24,154
2026-08-04T08:30:00Z,97.24,97.24,97.235,97.24,651.0,97.2375,100
2026-08-04T08:45:00Z,97.24,97.24,97.235,97.235,1441.0,97.235,216
2026-08-04T09:00:00Z,97.235,97.24,97.23,97.235,1029.0,97.2345,129
2026-08-04T09:15:00Z,97.235,97.235,97.23,97.235,155.0,97.2335,93
2026-08-04T09:30:00Z,97.235,97.235,97.23,97.23,2119.0,97.2335,284
2026-08-04T09:45:00Z,97.235,97.235,97.23,97.235,1194.0,97.23,127
2026-08-04T10:00:00Z,97.23,97.235,97.23,97.235,89.0,97.2315,72
2026-08-04T10:15:00Z,97.235,97.235,97.23,97.235,437.0,97.2305,212
2026-08-04T10:30:00Z,97.23,97.235,97.23,97.235,5274.0,97.2335,580
2026-08-04T10:45:00Z,97.24,97.245,97.235,97.24,7752.0,97.2405,380
2026-08-04T11:00:00Z,97.24,97.245,97.235,97.245,1269.0,97.24,59
2026-08-04T11:15:00Z,97.245,97.25,97.24,97.25,3819.0,97.2475,209
2026-08-04T11:30:00Z,97.25,97.265,97.25,97.265,3751.0,97.2525,490
2026-08-04T11:45:00Z,97.265,97.27,97.26,97.265,13206.0,97.265,587
2026-08-04T12:00:00Z,97.27,97.27,97.26,97.26,4912.0,97.265,206
2026-08-04T12:15:00Z,97.26,97.265,97.26,97.265,1261.0,97.2615,386
2026-08-04T12:30:00Z,97.265,97.27,97.26,97.265,4317.0,97.265,545
2026-08-04T12:45:00Z,97.265,97.27,97.265,97.27,76.0,97.2695,47
2026-08-04T13:00:00Z,97.27,97.27,97.26,97.265,1548.0,97.265,130
2026-08-04T13:15:00Z,97.265,97.28,97.265,97.28,4971.0,97.273,399
2026-08-04T13:30:00Z,97.28,97.285,97.28,97.28,4969.0,97.281,459
2026-08-04T13:45:00Z,97.28,97.29,97.28,97.28,2631.0,97.2845,231
2026-08-04T14:00:00Z,97.28,97.29,97.275,97.285,2870.0,97.2835,238
2026-08-04T14:15:00Z,97.285,97.285,97.28,97.285,1622.0,97.282,140
2026-08-04T14:30:00Z,97.28,97.285,97.275,97.28,4386.0,97.283,307
2026-08-04T14:45:00Z,97.285,97.285,97.275,97.275,2153.0,97.279,236
2026-08-04T15:00:00Z,97.275,97.28,97.27,97.275,3140.0,97.275,380
2026-08-04T15:15:00Z,97.28,97.28,97.275,97.28,1191.0,97.2785,290
2026-08-04T15:30:00Z,97.28,97.295,97.28,97.29,8547.0,97.284,675
2026-08-04T15:45:00Z,97.29,97.295,97.29,97.29,4793.0,97.29,223
2026-08-04T16:00:00Z,97.29,97.295,97.285,97.295,1663.0,97.2885,176
2026-08-04T16:15:00Z,97.295,97.3,97.29,97.295,1264.0,97.295,146
2026-08-04T16:30:00Z,97.295,97.295,97.29,97.29,1618.0,97.29,80
2026-08-04T16:45:00Z,97.29,97.295,97.29,97.29,81.0,97.2905,37
2026-08-04T17:00:00Z,97.295,97.3,97.295,97.3,2721.0,97.296,137
2026-08-04T17:15:00Z,97.295,97.3,97.295,97.3,153.0,97.2975,32
2026-08-04T17:30:00Z,97.3,97.3,97.295,97.3,97.0,97.2995,19
2026-08-04T17:45:00Z,97.3,97.3,97.3,97.3,1573.0,97.3,374
2026-08-04T18:00:00Z,97.3,97.3,97.3,97.3,0.0,97.3,0
2026-08-04T18:15:00Z,97.3,97.3,97.3,97.3,145.0,97.3,23
2026-08-04T18:30:00Z,97.3,97.3,97.295,97.3,59.0,97.3,15
2026-08-04T18:45:00Z,97.3,97.3,97.3,97.3,382.0,97.3,35
2026-08-04T19:00:00Z,97.3,97.305,97.3,97.305,58.0,97.3045,27
2026-08-04T19:15:00Z,97.305,97.305,97.3,97.3,516.0,97.3,68
2026-08-04T19:30:00Z,97.305,97.305,97.3,97.3,114.0,97.3005,41
2026-08-04T19:45:00Z,97.3,97.3,97.3,97.3,271.0,97.3,56
2026-08-05T00:00:00Z,97.3,97.3,97.3,97.3,1.0,97.3,1
2026-08-05T00:15:00Z,97.3,97.3,97.3,97.3,11.0,97.3,7
2026-08-05T00:30:00Z,97.3,97.3,97.3,97.3,0.0,97.3,0
2026-08-05T00:45:00Z,97.3,97.3,97.3,97.3,607.0,97.3,14
2026-08-05T01:00:00Z,97.295,97.295,97.295,97.295,188.0,97.295,12
2026-08-05T01:15:00Z,97.295,97.295,97.295,97.295,22.0,97.295,6
2026-08-05T01:30:00Z,97.295,97.295,97.295,97.295,0.0,97.295,0
2026-08-05T01:45:00Z,97.295,97.295,97.29,97.29,869.0,97.292,96
2026-08-05T02:00:00Z,97.295,97.3,97.295,97.3,1355.0,97.2965,61
2026-08-05T02:15:00Z,97.305,97.305,97.305,97.305,674.0,97.305,26
2026-08-05T02:30:00Z,97.305,97.305,97.305,97.305,0.0,97.305,0
2026-08-05T02:45:00Z,97.305,97.305,97.305,97.305,59.0,97.305,5
2026-08-05T03:00:00Z,97.305,97.305,97.305,97.305,347.0,97.305,36
2026-08-05T03:15:00Z,97.305,97.305,97.305,97.305,0.0,97.305,0
2026-08-05T03:30:00Z,97.31,97.31,97.305,97.305,163.0,97.31,5
2026-08-05T03:45:00Z,97.305,97.305,97.305,97.305,0.0,97.305,0
2026-08-05T04:00:00Z,97.305,97.305,97.305,97.305,0.0,97.305,0
2026-08-05T04:15:00Z,97.305,97.305,97.305,97.305,225.0,97.305,16
2026-08-05T04:30:00Z,97.305,97.305,97.305,97.305,85.0,97.305,6
2026-08-05T04:45:00Z,97.305,97.305,97.305,97.305,33.0,97.305,4
2026-08-05T05:00:00Z,97.305,97.305,97.305,97.305,310.0,97.305,16
2026-08-05T05:15:00Z,97.305,97.305,97.305,97.305,1.0,97.305,1
2026-08-05T05:30:00Z,97.305,97.305,97.305,97.305,105.0,97.305,10
2026-08-05T05:45:00Z,97.31,97.31,97.31,97.31,808.0,97.31,46
2026-08-05T06:00:00Z,97.31,97.31,97.295,97.3,1113.0,97.3025,176
2026-08-05T06:15:00Z,97.295,97.295,97.295,97.295,658.0,97.295,78
2026-08-05T06:30:00Z,97.295,97.3,97.295,97.3,2004.0,97.3,234
2026-08-05T06:45:00Z,97.3,97.3,97.295,97.3,685.0,97.3,84
2026-08-05T07:00:00Z,97.3,97.3,97.29,97.29,1450.0,97.295,170
2026-08-05T07:15:00Z,97.295,97.295,97.29,97.29,10.0,97.2935,10
2026-08-05T07:30:00Z,97.29,97.295,97.29,97.295,3488.0,97.2925,333
2026-08-05T07:45:00Z,97.295,97.295,97.29,97.295,7120.0,97.295,309
2026-08-05T08:00:00Z,97.3,97.3,97.29,97.295,3642.0,97.295,177
2026-08-05T08:15:00Z,97.295,97.295,97.29,97.295,6235.0,97.295,541
2026-08-05T08:30:00Z,97.295,97.295,97.29,97.29,1459.0,97.295,130
2026-08-05T08:45:00Z,97.29,97.295,97.285,97.29,2403.0,97.29,346
2026-08-05T09:00:00Z,97.29,97.29,97.285,97.285,2479.0,97.29,157
2026-08-05T09:15:00Z,97.29,97.29,97.28,97.285,1295.0,97.285,144
2026-08-05T09:30:00Z,97.285,97.29,97.285,97.285,185.0,97.287,34
2026-08-05T09:45:00Z,97.29,97.29,97.285,97.29,2027.0,97.29,314
2026-08-05T10:00:00Z,97.29,97.29,97.285,97.285,361.0,97.2875,71
2026-08-05T10:15:00Z,97.29,97.29,97.285,97.285,140.0,97.285,44
2026-08-05T10:30:00Z,97.285,97.285,97.285,97.285,2720.0,97.285,242
2026-08-05T10:45:00Z,97.285,97.285,97.285,97.285,117.0,97.285,31
2026-08-05T11:00:00Z,97.285,97.285,97.285,97.285,182.0,97.285,56
2026-08-05T11:15:00Z,97.285,97.29,97.285,97.285,113.0,97.285,41
2026-08-05T11:30:00Z,97.285,97.285,97.285,97.285,2532.0,97.285,491
2026-08-05T11:45:00Z,97.285,97.285,97.28,97.285,3049.0,97.285,309
2026-08-05T12:00:00Z,97.285,97.29,97.28,97.285,1803.0,97.285,256
2026-08-05T12:15:00Z,97.29,97.29,97.285,97.285,2986.0,97.29,141
2026-08-05T12:30:00Z,97.285,97.29,97.28,97.28,829.0,97.285,147
2026-08-05T12:45:00Z,97.28,97.285,97.28,97.28,2237.0,97.28,301
2026-08-05T13:00:00Z,97.28,97.285,97.28,97.285,350.0,97.2845,103
2026-08-05T13:15:00Z,97.28,97.285,97.28,97.28,494.0,97.28,107
2026-08-05T13:30:00Z,97.28,97.295,97.28,97.295,7119.0,97.291,768
2026-08-05T13:45:00Z,97.29,97.29,97.285,97.285,2273.0,97.29,179
2026-08-05T14:00:00Z,97.285,97.3,97.285,97.295,8206.0,97.2935,656
2026-08-05T14:15:00Z,97.295,97.295,97.29,97.29,3707.0,97.295,362
2026-08-05T14:30:00Z,97.29,97.295,97.285,97.29,2502.0,97.29,421
2026-08-05T14:45:00Z,97.29,97.29,97.285,97.29,844.0,97.2875,101
2026-08-05T15:00:00Z,97.29,97.3,97.29,97.295,6108.0,97.293,913
2026-08-05T15:15:00Z,97.295,97.295,97.285,97.29,2225.0,97.29,319
2026-08-05T15:30:00Z,97.29,97.29,97.285,97.285,968.0,97.2895,78
2026-08-05T15:45:00Z,97.285,97.29,97.28,97.285,5121.0,97.285,355
2026-08-05T16:00:00Z,97.285,97.285,97.28,97.285,1183.0,97.285,104
2026-08-05T16:15:00Z,97.28,97.29,97.28,97.285,455.0,97.285,73
2026-08-05T16:30:00Z,97.285,97.285,97.285,97.285,0.0,97.285,0
2026-08-05T16:45:00Z,97.29,97.29,97.285,97.285,1338.0,97.2895,114
2026-08-05T17:00:00Z,97.29,97.29,97.285,97.285,501.0,97.29,63
2026-08-05T17:15:00Z,97.29,97.295,97.285,97.295,1513.0,97.2935,57
2026-08-05T17:30:00Z,97.295,97.295,97.29,97.295,491.0,97.295,26
2026-08-05T17:45:00Z,97.29,97.295,97.29,97.295,149.0,97.295,8
2026-08-05T18:00:00Z,97.295,97.295,97.295,97.295,44.0,97.295,5
2026-08-05T18:15:00Z,97.295,97.295,97.295,97.295,198.0,97.295,21
2026-08-05T18:30:00Z,97.29,97.295,97.29,97.295,6.0,97.2935,4
2026-08-05T18:45:00Z,97.295,97.295,97.295,97.295,10.0,97.295,5
2026-08-05T19:00:00Z,97.295,97.295,97.295,97.295,48.0,97.295,11
2026-08-05T19:15:00Z,97.295,97.295,97.29,97.29,43.0,97.295,10
2026-08-05T19:30:00Z,97.295,97.295,97.295,97.295,190.0,97.295,24
2026-08-05T19:45:00Z,97.295,97.295,97.295,97.295,75.0,97.295,5
2026-08-06T00:15:00Z,97.3,97.3,97.3,97.3,277.0,97.3,23
2026-08-06T00:30:00Z,97.3,97.3,97.3,97.3,0.0,97.3,0
2026-08-06T00:45:00Z,97.3,97.3,97.3,97.3,0.0,97.3,0
2026-08-06T01:00:00Z,97.295,97.295,97.295,97.295,128.0,97.295,13
2026-08-06T01:15:00Z,97.295,97.295,97.29,97.295,365.0,97.2935,43
2026-08-06T01:30:00Z,97.295,97.295,97.295,97.295,21.0,97.295,1
2026-08-06T01:45:00Z,97.295,97.295,97.295,97.295,0.0,97.295,0
2026-08-06T02:00:00Z,97.295,97.295,97.295,97.295,0.0,97.295,0
2026-08-06T02:15:00Z,97.295,97.295,97.295,97.295,0.0,97.295,0
2026-08-06T02:30:00Z,97.295,97.295,97.295,97.295,0.0,97.295,0
2026-08-06T02:45:00Z,97.295,97.295,97.295,97.295,0.0,97.295,0
2026-08-06T03:00:00Z,97.295,97.295,97.295,97.295,0.0,97.295,0
2026-08-06T03:15:00Z,97.295,97.295,97.295,97.295,0.0,97.295,0
2026-08-06T03:30:00Z,97.295,97.295,97.29,97.29,78.0,97.295,19
2026-08-06T03:45:00Z,97.295,97.295,97.295,97.295,21.0,97.295,2
2026-08-06T04:00:00Z,97.295,97.295,97.295,97.295,31.0,97.295,4
2026-08-06T04:15:00Z,97.295,97.295,97.295,97.295,0.0,97.295,0
2026-08-06T04:30:00Z,97.295,97.295,97.295,97.295,0.0,97.295,0
2026-08-06T04:45:00Z,97.295,97.295,97.295,97.295,67.0,97.295,8
2026-08-06T05:00:00Z,97.295,97.295,97.295,97.295,0.0,97.295,0
2026-08-06T05:15:00Z,97.295,97.295,97.295,97.295,0.0,97.295,0
2026-08-06T05:30:00Z,97.295,97.295,97.295,97.295,0.0,97.295,0
2026-08-06T05:45:00Z,97.295,97.295,97.29,97.29,52.0,97.2935,21
2026-08-06T06:00:00Z,97.29,97.295,97.29,97.295,324.0,97.295,44
2026-08-06T06:15:00Z,97.295,97.295,97.285,97.285,1933.0,97.289,55
2026-08-06T06:30:00Z,97.285,97.285,97.285,97.285,2039.0,97.285,109
2026-08-06T06:45:00Z,97.285,97.285,97.285,97.285,52.0,97.285,11
2026-08-06T07:00:00Z,97.285,97.29,97.285,97.285,643.0,97.29,29
2026-08-06T07:15:00Z,97.285,97.29,97.285,97.285,854.0,97.285,66
2026-08-06T07:30:00Z,97.285,97.285,97.28,97.28,328.0,97.285,34
2026-08-06T07:45:00Z,97.28,97.28,97.275,97.28,657.0,97.28,72
2026-08-06T08:00:00Z,97.28,97.285,97.28,97.28,1231.0,97.28,77
2026-08-06T08:15:00Z,97.28,97.285,97.275,97.285,3590.0,97.28,132
2026-08-06T08:30:00Z,97.285,97.285,97.28,97.28,2608.0,97.285,140
2026-08-06T08:45:00Z,97.285,97.285,97.285,97.285,809.0,97.285,73
2026-08-06T09:00:00Z,97.285,97.29,97.285,97.285,2247.0,97.2855,219
2026-08-06T09:15:00Z,97.285,97.285,97.285,97.285,517.0,97.285,44
2026-08-06T09:30:00Z,97.285,97.29,97.285,97.285,22.0,97.285,14
2026-08-06T09:45:00Z,97.285,97.285,97.28,97.285,1151.0,97.285,141
2026-08-06T10:00:00Z,97.285,97.285,97.28,97.28,893.0,97.285,79
2026-08-06T10:15:00Z,97.285,97.285,97.28,97.285,3312.0,97.282,737
2026-08-06T10:30:00Z,97.285,97.285,97.285,97.285,2859.0,97.285,122
2026-08-06T10:45:00Z,97.285,97.285,97.285,97.285,4218.0,97.285,313
2026-08-06T11:00:00Z,97.285,97.285,97.28,97.28,29.0,97.2845,12
2026-08-06T11:15:00Z,97.28,97.285,97.28,97.28,172.0,97.281,22
2026-08-06T11:30:00Z,97.28,97.285,97.28,97.28,146.0,97.28,91
2026-08-06T11:45:00Z,97.28,97.285,97.28,97.285,2458.0,97.2805,174
2026-08-06T12:00:00Z,97.285,97.29,97.285,97.29,1659.0,97.2855,182
2026-08-06T12:15:00Z,97.285,97.285,97.285,97.285,2996.0,97.285,79
2026-08-06T12:30:00Z,97.285,97.285,97.285,97.285,1680.0,97.285,97
2026-08-06T12:45:00Z,97.285,97.285,97.28,97.28,192.0,97.285,15
2026-08-06T13:00:00Z,97.28,97.285,97.28,97.285,126.0,97.2815,41
2026-08-06T13:15:00Z,97.28,97.285,97.28,97.285,629.0,97.285,47
2026-08-06T13:30:00Z,97.285,97.285,97.285,97.285,1941.0,97.285,82
2026-08-06T13:45:00Z,97.285,97.285,97.28,97.28,144.0,97.282,36
2026-08-06T14:00:00Z,97.28,97.285,97.28,97.28,177.0,97.2845,35
2026-08-06T14:15:00Z,97.28,97.285,97.28,97.28,56.0,97.284,31
2026-08-06T14:30:00Z,97.285,97.29,97.285,97.285,7340.0,97.285,194
2026-08-06T14:45:00Z,97.285,97.29,97.28,97.29,19420.0,97.285,588
2026-08-06T15:00:00Z,97.29,97.29,97.28,97.28,4036.0,97.285,378
2026-08-06T15:15:00Z,97.285,97.29,97.28,97.28,3489.0,97.284,216
2026-08-06T15:30:00Z,97.28,97.285,97.275,97.28,7551.0,97.28,244
2026-08-06T15:45:00Z,97.28,97.285,97.27,97.275,9671.0,97.279,585
2026-08-06T16:00:00Z,97.27,97.27,97.265,97.265,7608.0,97.2685,353
2026-08-06T16:15:00Z,97.26,97.265,97.26,97.265,4570.0,97.265,174
2026-08-06T16:30:00Z,97.265,97.265,97.26,97.26,947.0,97.2635,84
2026-08-06T16:45:00Z,97.265,97.27,97.265,97.265,1125.0,97.265,30
2026-08-06T17:00:00Z,97.27,97.275,97.27,97.27,901.0,97.27,51
2026-08-06T17:15:00Z,97.27,97.275,97.27,97.27,177.0,97.27,11
2026-08-06T17:30:00Z,97.27,97.27,97.265,97.265,23.0,97.2695,4
2026-08-06T17:45:00Z,97.265,97.265,97.265,97.265,0.0,97.265,0
2026-08-06T18:00:00Z,97.265,97.27,97.265,97.27,183.0,97.2685,38
2026-08-06T18:15:00Z,97.27,97.27,97.27,97.27,0.0,97.27,0
2026-08-06T18:30:00Z,97.27,97.27,97.27,97.27,0.0,97.27,0
2026-08-06T18:45:00Z,97.27,97.27,97.265,97.265,186.0,97.2655,35
2026-08-06T19:00:00Z,97.27,97.27,97.27,97.27,288.0,97.27,12
2026-08-06T19:15:00Z,97.27,97.27,97.26,97.265,521.0,97.2665,44
2026-08-06T19:30:00Z,97.265,97.265,97.265,97.265,405.0,97.265,17
2026-08-06T19:45:00Z,97.265,97.27,97.265,97.265,428.0,97.265,57
2026-08-07T00:15:00Z,97.265,97.265,97.26,97.26,79.0,97.265,6
2026-08-07T00:30:00Z,97.26,97.26,97.26,97.26,0.0,97.26,0
2026-08-07T00:45:00Z,97.27,97.27,97.27,97.27,73.0,97.27,12
2026-08-07T01:00:00Z,97.27,97.27,97.27,97.27,0.0,97.27,0
2026-08-07T01:15:00Z,97.27,97.27,97.27,97.27,0.0,97.27,0
2026-08-07T01:30:00Z,97.27,97.27,97.27,97.27,201.0,97.27,6
2026-08-07T01:45:00Z,97.27,97.27,97.27,97.27,0.0,97.27,0
2026-08-07T02:00:00Z,97.27,97.27,97.27,97.27,0.0,97.27,0
2026-08-07T02:15:00Z,97.27,97.27,97.27,97.27,0.0,97.27,0
2026-08-07T02:30:00Z,97.27,97.27,97.27,97.27,0.0,97.27,0
2026-08-07T02:45:00Z,97.27,97.27,97.27,97.27,0.0,97.27,0
2026-08-07T03:00:00Z,97.27,97.27,97.27,97.27,0.0,97.27,0
2026-08-07T03:15:00Z,97.27,97.27,97.27,97.27,0.0,97.27,0
2026-08-07T03:30:00Z,97.27,97.27,97.27,97.27,0.0,97.27,0
2026-08-07T03:45:00Z,97.265,97.265,97.265,97.265,263.0,97.265,6
2026-08-07T04:00:00Z,97.265,97.265,97.26,97.26,105.0,97.265,19
2026-08-07T04:15:00Z,97.26,97.26,97.26,97.26,0.0,97.26,0
2026-08-07T04:30:00Z,97.265,97.265,97.265,97.265,6.0,97.265,3
2026-08-07T04:45:00Z,97.265,97.265,97.265,97.265,0.0,97.265,0
2026-08-07T05:00:00Z,97.265,97.265,97.265,97.265,0.0,97.265,0
2026-08-07T05:15:00Z,97.265,97.265,97.265,97.265,0.0,97.265,0
2026-08-07T05:30:00Z,97.265,97.265,97.265,97.265,0.0,97.265,0
2026-08-07T05:45:00Z,97.265,97.265,97.265,97.265,0.0,97.265,0
2026-08-07T06:00:00Z,97.27,97.275,97.265,97.275,937.0,97.2725,255
2026-08-07T06:15:00Z,97.275,97.28,97.275,97.28,1483.0,97.275,153
2026-08-07T06:30:00Z,97.28,97.28,97.275,97.275,257.0,97.275,39
2026-08-07T06:45:00Z,97.275,97.275,97.27,97.275,1134.0,97.275,124
2026-08-07T07:00:00Z,97.275,97.275,97.27,97.275,2024.0,97.275,93
2026-08-07T07:15:00Z,97.275,97.275,97.275,97.275,1819.0,97.275,95
2026-08-07T07:30:00Z,97.275,97.28,97.27,97.275,1186.0,97.275,90
2026-08-07T07:45:00Z,97.275,97.275,97.27,97.275,6.0,97.274,6
2026-08-07T08:00:00Z,97.275,97.275,97.27,97.27,209.0,97.272,59
2026-08-07T08:15:00Z,97.27,97.275,97.27,97.27,255.0,97.271,75
2026-08-07T08:30:00Z,97.27,97.275,97.27,97.27,153.0,97.2735,37
2026-08-07T08:45:00Z,97.27,97.27,97.27,97.27,2496.0,97.27,206
2026-08-07T09:00:00Z,97.27,97.27,97.27,97.27,10.0,97.27,8
2026-08-07T09:15:00Z,97.275,97.28,97.27,97.275,3502.0,97.277,213
2026-08-07T09:30:00Z,97.275,97.28,97.275,97.28,745.0,97.28,63
2026-08-07T09:45:00Z,97.28,97.285,97.275,97.285,823.0,97.28,82
2026-08-07T10:00:00Z,97.28,97.28,97.28,97.28,3937.0,97.28,120
2026-08-07T10:15:00Z,97.28,97.28,97.275,97.275,880.0,97.28,60
2026-08-07T10:30:00Z,97.275,97.275,97.275,97.275,23.0,97.275,21
2026-08-07T10:45:00Z,97.275,97.275,97.275,97.275,7.0,97.275,6
2026-08-07T11:00:00Z,97.275,97.275,97.275,97.275,584.0,97.275,44
2026-08-07T11:15:00Z,97.275,97.275,97.275,97.275,2416.0,97.275,144
2026-08-07T11:30:00Z,97.275,97.28,97.275,97.275,41.0,97.2785,19
2026-08-07T11:45:00Z,97.275,97.28,97.275,97.275,778.0,97.2755,98
2026-08-07T12:00:00Z,97.275,97.275,97.275,97.275,93.0,97.275,33
2026-08-07T12:15:00Z,97.275,97.28,97.265,97.265,1937.0,97.2735,234
2026-08-07T12:30:00Z,97.275,97.305,97.275,97.3,17141.0,97.297,1184
2026-08-07T12:45:00Z,97.3,97.3,97.29,97.295,4376.0,97.299,225
2026-08-07T13:00:00Z,97.295,97.295,97.295,97.295,3286.0,97.295,143
2026-08-07T13:15:00Z,97.295,97.295,97.29,97.295,1352.0,97.295,77
2026-08-07T13:30:00Z,97.295,97.295,97.295,97.295,2351.0,97.295,93
2026-08-07T13:45:00Z,97.295,97.3,97.295,97.295,2613.0,97.295,63
2026-08-07T14:00:00Z,97.295,97.295,97.29,97.29,4626.0,97.29,320
2026-08-07T14:15:00Z,97.29,97.295,97.29,97.29,2466.0,97.295,104
2026-08-07T14:30:00Z,97.29,97.295,97.29,97.29,1221.0,97.295,60
2026-08-07T14:45:00Z,97.29,97.29,97.29,97.29,4296.0,97.29,126
2026-08-07T15:00:00Z,97.285,97.29,97.285,97.29,1348.0,97.289,597
2026-08-07T15:15:00Z,97.285,97.29,97.285,97.29,659.0,97.289,74
2026-08-07T15:30:00Z,97.285,97.29,97.285,97.285,115.0,97.288,55
2026-08-07T15:45:00Z,97.29,97.29,97.285,97.285,1770.0,97.285,134
2026-08-07T16:00:00Z,97.28,97.285,97.28,97.28,416.0,97.285,30
2026-08-07T16:15:00Z,97.28,97.285,97.28,97.285,803.0,97.285,65
2026-08-07T16:30:00Z,97.28,97.285,97.28,97.285,646.0,97.281,62
2026-08-07T16:45:00Z,97.285,97.285,97.285,97.285,106.0,97.285,22
2026-08-07T17:00:00Z,97.28,97.28,97.28,97.28,1.0,97.28,1
2026-08-07T17:15:00Z,97.285,97.285,97.285,97.285,7.0,97.285,5
2026-08-07T17:30:00Z,97.285,97.285,97.285,97.285,490.0,97.285,33
2026-08-07T17:45:00Z,97.285,97.285,97.285,97.285,51.0,97.285,5
2026-08-07T18:00:00Z,97.285,97.285,97.285,97.285,2103.0,97.285,70
2026-08-07T18:15:00Z,97.285,97.285,97.285,97.285,0.0,97.285,0
2026-08-07T18:30:00Z,97.285,97.285,97.285,97.285,0.0,97.285,0
2026-08-07T18:45:00Z,97.285,97.285,97.285,97.285,1.0,97.285,1
2026-08-07T19:00:00Z,97.29,97.29,97.29,97.29,50.0,97.29,11
2026-08-07T19:15:00Z,97.29,97.295,97.29,97.295,1951.0,97.2905,103
2026-08-07T19:30:00Z,97.295,97.3,97.295,97.295,201.0,97.2975,52
2026-08-07T19:45:00Z,97.295,97.3,97.29,97.295,549.0,97.296,79
2026-08-10T00:00:00Z,97.295,97.295,97.275,97.275,918.0,97.28,96
2026-08-10T00:15:00Z,97.28,97.28,97.275,97.275,531.0,97.2755,43
2026-08-10T00:30:00Z,97.275,97.275,97.275,97.275,26.0,97.275,6
2026-08-10T00:45:00Z,97.27,97.27,97.27,97.27,133.0,97.27,24
2026-08-10T01:00:00Z,97.275,97.275,97.275,97.275,45.0,97.275,8
2026-08-10T01:15:00Z,97.275,97.275,97.275,97.275,0.0,97.275,0
2026-08-10T01:30:00Z,97.275,97.275,97.275,97.275,0.0,97.275,0
2026-08-10T01:45:00Z,97.27,97.27,97.27,97.27,358.0,97.27,32
2026-08-10T02:00:00Z,97.27,97.27,97.27,97.27,0.0,97.27,0
2026-08-10T02:15:00Z,97.27,97.27,97.27,97.27,0.0,97.27,0
2026-08-10T02:30:00Z,97.27,97.27,97.27,97.27,0.0,97.27,0
2026-08-10T02:45:00Z,97.27,97.27,97.27,97.27,0.0,97.27,0
2026-08-10T03:00:00Z,97.27,97.27,97.27,97.27,0.0,97.27,0
2026-08-10T03:15:00Z,97.275,97.275,97.275,97.275,4.0,97.275,1
2026-08-10T03:30:00Z,97.275,97.275,97.275,97.275,0.0,97.275,0
2026-08-10T03:45:00Z,97.275,97.275,97.275,97.275,0.0,97.275,0
2026-08-10T04:00:00Z,97.275,97.275,97.275,97.275,0.0,97.275,0
2026-08-10T04:15:00Z,97.275,97.275,97.275,97.275,0.0,97.275,0
2026-08-10T04:30:00Z,97.275,97.275,97.275,97.275,0.0,97.275,0
2026-08-10T04:45:00Z,97.275,97.275,97.275,97.275,105.0,97.275,14
2026-08-10T05:00:00Z,97.275,97.275,97.27,97.27,503.0,97.27,32
2026-08-10T05:15:00Z,97.27,97.27,97.27,97.27,0.0,97.27,0
2026-08-10T05:30:00Z,97.275,97.275,97.275,97.275,244.0,97.275,18
2026-08-10T05:45:00Z,97.275,97.275,97.275,97.275,2.0,97.275,2
2026-08-10T06:00:00Z,97.28,97.28,97.275,97.28,1967.0,97.28,85
2026-08-10T06:15:00Z,97.28,97.28,97.28,97.28,142.0,97.28,7
2026-08-10T06:30:00Z,97.285,97.285,97.275,97.275,348.0,97.28,6
2026-08-10T06:45:00Z,97.28,97.28,97.28,97.28,1024.0,97.28,32
2026-08-10T07:00:00Z,97.28,97.28,97.275,97.275,617.0,97.28,56
2026-08-10T07:15:00Z,97.275,97.28,97.275,97.28,1181.0,97.28,130
2026-08-10T07:30:00Z,97.28,97.28,97.275,97.28,1833.0,97.28,120
2026-08-10T07:45:00Z,97.285,97.285,97.28,97.28,794.0,97.282,49
2026-08-10T08:00:00Z,97.28,97.28,97.275,97.275,971.0,97.28,48
2026-08-10T08:15:00Z,97.28,97.28,97.275,97.275,14.0,97.2795,10
2026-08-10T08:30:00Z,97.28,97.28,97.275,97.275,13.0,97.278,9
2026-08-10T08:45:00Z,97.28,97.28,97.275,97.275,166.0,97.2795,47
2026-08-10T09:00:00Z,97.28,97.28,97.275,97.28,795.0,97.2795,96
2026-08-10T09:15:00Z,97.28,97.28,97.275,97.275,41.0,97.2785,22
2026-08-10T09:30:00Z,97.275,97.28,97.275,97.275,3285.0,97.275,170
2026-08-10T09:45:00Z,97.275,97.275,97.27,97.27,73.0,97.275,20
2026-08-10T10:00:00Z,97.27,97.275,97.27,97.27,1759.0,97.275,93
2026-08-10T10:15:00Z,97.27,97.275,97.27,97.275,2881.0,97.275,205
2026-08-10T10:30:00Z,97.28,97.28,97.27,97.27,4117.0,97.275,141
2026-08-10T10:45:00Z,97.27,97.275,97.27,97.27,26.0,97.271,13
2026-08-10T11:00:00Z,97.27,97.27,97.27,97.27,22.0,97.27,14
2026-08-10T11:15:00Z,97.27,97.27,97.27,97.27,81.0,97.27,36
2026-08-10T11:30:00Z,97.27,97.275,97.27,97.275,338.0,97.275,52
2026-08-10T11:45:00Z,97.27,97.275,97.27,97.27,73.0,97.27,70
2026-08-10T12:00:00Z,97.27,97.27,97.27,97.27,102.0,97.27,40
2026-08-10T12:15:00Z,97.27,97.27,97.27,97.27,585.0,97.27,94
2026-08-10T12:30:00Z,97.27,97.275,97.27,97.27,2193.0,97.274,128
2026-08-10T12:45:00Z,97.27,97.27,97.265,97.265,8425.0,97.268,436
2026-08-10T13:00:00Z,97.27,97.27,97.265,97.265,742.0,97.2655,156
2026-08-10T13:15:00Z,97.265,97.27,97.265,97.265,2435.0,97.265,289
2026-08-10T13:30:00Z,97.265,97.265,97.26,97.26,1535.0,97.265,63
2026-08-10T13:45:00Z,97.26,97.265,97.26,97.265,319.0,97.2615,76
2026-08-10T14:00:00Z,97.26,97.265,97.26,97.26,1418.0,97.26,205
2026-08-10T14:15:00Z,97.26,97.265,97.255,97.255,4439.0,97.26,384
2026-08-10T14:30:00Z,97.255,97.255,97.255,97.255,2118.0,97.255,324
2026-08-10T14:45:00Z,97.255,97.26,97.255,97.255,358.0,97.2565,178
2026-08-10T15:00:00Z,97.26,97.26,97.255,97.26,1951.0,97.2565,645
2026-08-10T15:15:00Z,97.255,97.26,97.255,97.255,1598.0,97.258,326
2026-08-10T15:30:00Z,97.255,97.255,97.25,97.25,4203.0,97.253,253
2026-08-10T15:45:00Z,97.25,97.25,97.25,97.25,2013.0,97.25,176
2026-08-10T16:00:00Z,97.25,97.25,97.245,97.25,1533.0,97.25,121
2026-08-10T16:15:00Z,97.25,97.25,97.25,97.25,505.0,97.25,42
2026-08-10T16:30:00Z,97.25,97.25,97.245,97.245,2096.0,97.246,233
2026-08-10T16:45:00Z,97.245,97.25,97.245,97.245,300.0,97.247,41
2026-08-10T17:00:00Z,97.25,97.25,97.25,97.25,31.0,97.25,3
2026-08-10T17:15:00Z,97.245,97.245,97.245,97.245,40.0,97.245,7
2026-08-10T17:30:00Z,97.245,97.245,97.245,97.245,0.0,97.245,0
2026-08-10T17:45:00Z,97.245,97.245,97.245,97.245,0.0,97.245,0
2026-08-10T18:00:00Z,97.245,97.245,97.245,97.245,499.0,97.245,58
2026-08-10T18:15:00Z,97.245,97.25,97.245,97.245,954.0,97.245,111
2026-08-10T18:30:00Z,97.245,97.245,97.245,97.245,0.0,97.245,0
2026-08-10T18:45:00Z,97.245,97.25,97.245,97.25,922.0,97.246,44
2026-08-10T19:00:00Z,97.25,97.25,97.25,97.25,0.0,97.25,0
2026-08-10T19:15:00Z,97.245,97.245,97.245,97.245,44.0,97.245,6
2026-08-10T19:30:00Z,97.245,97.25,97.245,97.245,418.0,97.245,33
2026-08-10T19:45:00Z,97.245,97.245,97.245,97.245,130.0,97.245,9
2026-08-11T00:00:00Z,97.25,97.25,97.245,97.25,23.0,97.2465,14
2026-08-11T00:15:00Z,97.25,97.25,97.245,97.245,56.0,97.245,18
2026-08-11T00:30:00Z,97.245,97.25,97.245,97.25,11.0,97.2455,3
2026-08-11T00:45:00Z,97.25,97.25,97.25,97.25,0.0,97.25,0
2026-08-11T01:00:00Z,97.25,97.25,97.25,97.25,0.0,97.25,0
2026-08-11T01:15:00Z,97.25,97.25,97.25,97.25,0.0,97.25,0
2026-08-11T01:30:00Z,97.25,97.25,97.25,97.25,0.0,97.25,0
2026-08-11T01:45:00Z,97.25,97.25,97.25,97.25,0.0,97.25,0
2026-08-11T02:00:00Z,97.25,97.25,97.25,97.25,0.0,97.25,0
2026-08-11T02:15:00Z,97.25,97.25,97.25,97.25,0.0,97.25,0
2026-08-11T02:30:00Z,97.25,97.25,97.25,97.25,0.0,97.25,0
2026-08-11T02:45:00Z,97.25,97.25,97.25,97.25,0.0,97.25,0
2026-08-11T03:00:00Z,97.25,97.25,97.25,97.25,0.0,97.25,0
2026-08-11T03:15:00Z,97.25,97.25,97.25,97.25,0.0,97.25,0
2026-08-11T03:30:00Z,97.25,97.25,97.25,97.25,0.0,97.25,0
2026-08-11T03:45:00Z,97.25,97.25,97.25,97.25,0.0,97.25,0
2026-08-11T04:00:00Z,97.25,97.25,97.25,97.25,0.0,97.25,0
2026-08-11T04:15:00Z,97.25,97.25,97.25,97.25,0.0,97.25,0
2026-08-11T04:30:00Z,97.25,97.25,97.25,97.25,54.0,97.25,11
2026-08-11T04:45:00Z,97.25,97.25,97.25,97.25,0.0,97.25,0
2026-08-11T05:00:00Z,97.25,97.25,97.25,97.25,0.0,97.25,0
2026-08-11T05:15:00Z,97.25,97.25,97.25,97.25,0.0,97.25,0
2026-08-11T05:30:00Z,97.25,97.25,97.25,97.25,0.0,97.25,0
2026-08-11T05:45:00Z,97.245,97.245,97.245,97.245,222.0,97.245,18
2026-08-11T06:00:00Z,97.25,97.25,97.245,97.245,22.0,97.246,11
2026-08-11T06:15:00Z,97.25,97.25,97.24,97.24,1654.0,97.245,109
2026-08-11T06:30:00Z,97.24,97.24,97.235,97.24,1676.0,97.2395,112
2026-08-11T06:45:00Z,97.235,97.235,97.23,97.23,1343.0,97.235,109
2026-08-11T07:00:00Z,97.235,97.24,97.235,97.24,1169.0,97.235,135
2026-08-11T07:15:00Z,97.24,97.245,97.235,97.235,1191.0,97.24,90
2026-08-11T07:30:00Z,97.24,97.245,97.235,97.235,2392.0,97.2395,106
2026-08-11T07:45:00Z,97.235,97.24,97.235,97.235,2188.0,97.235,132
2026-08-11T08:00:00Z,97.235,97.24,97.235,97.235,627.0,97.235,95
2026-08-11T08:15:00Z,97.23,97.24,97.23,97.24,1668.0,97.235,117
2026-08-11T08:30:00Z,97.24,97.24,97.235,97.235,2641.0,97.235,322
2026-08-11T08:45:00Z,97.235,97.24,97.235,97.235,548.0,97.237,105
2026-08-11T09:00:00Z,97.235,97.235,97.23,97.23,1753.0,97.235,115
2026-08-11T09:15:00Z,97.23,97.235,97.23,97.23,58.0,97.2345,14
2026-08-11T09:30:00Z,97.23,97.235,97.23,97.23,3075.0,97.235,173
2026-08-11T09:45:00Z,97.23,97.235,97.23,97.23,877.0,97.2335,117
2026-08-11T10:00:00Z,97.235,97.235,97.23,97.235,367.0,97.235,105
2026-08-11T10:15:00Z,97.235,97.245,97.235,97.24,3490.0,97.2405,301
2026-08-11T10:30:00Z,97.24,97.245,97.24,97.24,32.0,97.242,17
2026-08-11T10:45:00Z,97.24,97.245,97.235,97.24,990.0,97.24,79
2026-08-11T11:00:00Z,97.24,97.255,97.24,97.255,7644.0,97.2485,695
2026-08-11T11:15:00Z,97.26,97.26,97.25,97.255,2037.0,97.2565,143
2026-08-11T11:30:00Z,97.255,97.255,97.25,97.255,890.0,97.255,95
2026-08-11T11:45:00Z,97.255,97.255,97.25,97.255,807.0,97.255,52
2026-08-11T12:00:00Z,97.255,97.265,97.25,97.26,1219.0,97.259,95
2026-08-11T12:15:00Z,97.255,97.255,97.25,97.255,6816.0,97.254,384
2026-08-11T12:30:00Z,97.255,97.255,97.255,97.255,1017.0,97.255,100
2026-08-11T12:45:00Z,97.255,97.255,97.255,97.255,750.0,97.255,41
2026-08-11T13:00:00Z,97.255,97.26,97.255,97.26,1025.0,97.26,79
2026-08-11T13:15:00Z,97.265,97.265,97.26,97.26,30.0,97.264,17
2026-08-11T13:30:00Z,97.26,97.265,97.26,97.265,468.0,97.2625,58
2026-08-11T13:45:00Z,97.26,97.265,97.26,97.26,3869.0,97.265,220
2026-08-11T14:00:00Z,97.26,97.26,97.26,97.26,33.0,97.26,31
2026-08-11T14:15:00Z,97.26,97.265,97.26,97.26,369.0,97.2605,47
2026-08-11T14:30:00Z,97.26,97.265,97.26,97.26,311.0,97.26,80
2026-08-11T14:45:00Z,97.26,97.265,97.255,97.255,2940.0,97.26,233
2026-08-11T15:00:00Z,97.26,97.26,97.255,97.26,3842.0,97.26,368
2026-08-11T15:15:00Z,97.26,97.26,97.255,97.255,679.0,97.2555,99
2026-08-11T15:30:00Z,97.255,97.255,97.25,97.25,5718.0,97.2515,267
2026-08-11T15:45:00Z,97.25,97.25,97.25,97.25,839.0,97.25,89
2026-08-11T16:00:00Z,97.25,97.25,97.25,97.25,406.0,97.25,28
2026-08-11T16:15:00Z,97.25,97.25,97.25,97.25,863.0,97.25,88
2026-08-11T16:30:00Z,97.25,97.25,97.25,97.25,0.0,97.25,0
2026-08-11T16:45:00Z,97.25,97.25,97.245,97.245,1471.0,97.25,37
2026-08-11T17:00:00Z,97.245,97.245,97.245,97.245,22.0,97.245,7
2026-08-11T17:15:00Z,97.245,97.245,97.245,97.245,9.0,97.245,7
2026-08-11T17:30:00Z,97.245,97.245,97.245,97.245,200.0,97.245,7
2026-08-11T17:45:00Z,97.245,97.245,97.245,97.245,22.0,97.245,13
2026-08-11T18:00:00Z,97.245,97.245,97.245,97.245,401.0,97.245,20
2026-08-11T18:15:00Z,97.245,97.245,97.245,97.245,821.0,97.245,52
2026-08-11T18:30:00Z,97.245,97.245,97.245,97.245,0.0,97.245,0
2026-08-11T18:45:00Z,97.25,97.25,97.25,97.25,314.0,97.25,20
2026-08-11T19:00:00Z,97.25,97.25,97.25,97.25,72.0,97.25,7
2026-08-11T19:15:00Z,97.25,97.25,97.25,97.25,0.0,97.25,0
2026-08-11T19:30:00Z,97.25,97.25,97.25,97.25,0.0,97.25,0
2026-08-11T19:45:00Z,97.245,97.25,97.245,97.25,129.0,97.245,19
2026-08-12T00:00:00Z,97.25,97.25,97.25,97.25,28.0,97.25,3
2026-08-12T00:15:00Z,97.25,97.25,97.25,97.25,1.0,97.25,1
2026-08-12T00:30:00Z,97.25,97.25,97.25,97.25,0.0,97.25,0
2026-08-12T00:45:00Z,97.245,97.245,97.245,97.245,139.0,97.245,21
2026-08-12T01:00:00Z,97.245,97.245,97.245,97.245,0.0,97.245,0
2026-08-12T01:15:00Z,97.245,97.245,97.245,97.245,27.0,97.245,5
2026-08-12T01:30:00Z,97.245,97.245,97.245,97.245,0.0,97.245,0
2026-08-12T01:45:00Z,97.245,97.245,97.245,97.245,0.0,97.245,0
2026-08-12T02:00:00Z,97.245,97.245,97.245,97.245,0.0,97.245,0
2026-08-12T02:15:00Z,97.245,97.245,97.245,97.245,0.0,97.245,0
2026-08-12T02:30:00Z,97.25,97.25,97.25,97.25,75.0,97.25,5
2026-08-12T02:45:00Z,97.25,97.25,97.25,97.25,0.0,97.25,0
2026-08-12T03:00:00Z,97.25,97.25,97.25,97.25,0.0,97.25,0
2026-08-12T03:15:00Z,97.25,97.25,97.25,97.25,0.0,97.25,0
2026-08-12T03:30:00Z,97.245,97.245,97.245,97.245,15.0,97.245,3
2026-08-12T03:45:00Z,97.245,97.245,97.245,97.245,0.0,97.245,0
2026-08-12T04:00:00Z,97.245,97.245,97.245,97.245,0.0,97.245,0
2026-08-12T04:15:00Z,97.245,97.245,97.245,97.245,30.0,97.245,1
2026-08-12T04:30:00Z,97.245,97.245,97.245,97.245,0.0,97.245,0
2026-08-12T04:45:00Z,97.245,97.245,97.245,97.245,55.0,97.245,11
2026-08-12T05:00:00Z,97.245,97.245,97.245,97.245,0.0,97.245,0
2026-08-12T05:15:00Z,97.245,97.245,97.245,97.245,0.0,97.245,0
2026-08-12T05:30:00Z,97.245,97.245,97.245,97.245,0.0,97.245,0
2026-08-12T05:45:00Z,97.245,97.25,97.245,97.25,1379.0,97.249,104
2026-08-12T06:00:00Z,97.245,97.255,97.245,97.25,462.0,97.25,30
2026-08-12T06:15:00Z,97.25,97.25,97.25,97.25,7.0,97.25,6
2026-08-12T06:30:00Z,97.25,97.25,97.25,97.25,2.0,97.25,2
2026-08-12T06:45:00Z,97.25,97.25,97.245,97.25,54.0,97.25,14
2026-08-12T07:00:00Z,97.245,97.25,97.245,97.245,99.0,97.248,44
2026-08-12T07:15:00Z,97.245,97.245,97.245,97.245,409.0,97.245,121
2026-08-12T07:30:00Z,97.245,97.25,97.245,97.245,1180.0,97.245,99
2026-08-12T07:45:00Z,97.245,97.25,97.24,97.245,1979.0,97.245,139
2026-08-12T08:00:00Z,97.245,97.25,97.245,97.25,37.0,97.2495,30
2026-08-12T08:15:00Z,97.245,97.255,97.245,97.255,1657.0,97.25,179
2026-08-12T08:30:00Z,97.255,97.255,97.245,97.25,1979.0,97.25,90
2026-08-12T08:45:00Z,97.25,97.255,97.245,97.25,1329.0,97.25,75
2026-08-12T09:00:00Z,97.255,97.255,97.245,97.245,1267.0,97.25,124
2026-08-12T09:15:00Z,97.25,97.27,97.25,97.265,10512.0,97.259,651
2026-08-12T09:30:00Z,97.265,97.27,97.26,97.265,2493.0,97.265,173
2026-08-12T09:45:00Z,97.265,97.27,97.26,97.26,6178.0,97.2645,226
2026-08-12T10:00:00Z,97.26,97.265,97.26,97.265,2418.0,97.2605,152
2026-08-12T10:15:00Z,97.265,97.265,97.26,97.26,16.0,97.2615,10
2026-08-12T10:30:00Z,97.26,97.26,97.255,97.26,952.0,97.26,49
2026-08-12T10:45:00Z,97.26,97.26,97.25,97.255,3250.0,97.2545,265
2026-08-12T11:00:00Z,97.255,97.26,97.255,97.255,2178.0,97.255,106
2026-08-12T11:15:00Z,97.255,97.255,97.255,97.255,1955.0,97.255,123
2026-08-12T11:30:00Z,97.255,97.26,97.25,97.26,1530.0,97.2555,127
2026-08-12T11:45:00Z,97.255,97.26,97.255,97.255,1879.0,97.255,43
2026-08-12T12:00:00Z,97.255,97.26,97.255,97.26,492.0,97.256,78
2026-08-12T12:15:00Z,97.26,97.265,97.255,97.265,2495.0,97.2605,308
2026-08-12T12:30:00Z,97.265,97.265,97.25,97.26,4974.0,97.259,435
2026-08-12T12:45:00Z,97.26,97.26,97.26,97.26,1190.0,97.26,148
2026-08-12T13:00:00Z,97.265,97.265,97.26,97.26,1426.0,97.26,132
2026-08-12T13:15:00Z,97.26,97.265,97.26,97.265,387.0,97.265,21
2026-08-12T13:30:00Z,97.265,97.265,97.26,97.26,1245.0,97.264,169
2026-08-12T13:45:00Z,97.26,97.26,97.26,97.26,2735.0,97.26,192
2026-08-12T14:00:00Z,97.26,97.26,97.255,97.255,1330.0,97.255,110
2026-08-12T14:15:00Z,97.25,97.255,97.25,97.255,3567.0,97.255,99
2026-08-12T14:30:00Z,97.255,97.255,97.245,97.245,6845.0,97.251,456
2026-08-12T14:45:00Z,97.25,97.25,97.245,97.245,297.0,97.2495,76
2026-08-12T15:00:00Z,97.245,97.25,97.245,97.245,2772.0,97.245,182
2026-08-12T15:15:00Z,97.245,97.25,97.245,97.245,299.0,97.2485,74
2026-08-12T15:30:00Z,97.245,97.245,97.245,97.245,2937.0,97.245,188
2026-08-12T15:45:00Z,97.245,97.245,97.24,97.24,476.0,97.241,106
2026-08-12T16:00:00Z,97.24,97.245,97.24,97.24,515.0,97.24,103
2026-08-12T16:15:00Z,97.24,97.245,97.24,97.245,1072.0,97.245,109
2026-08-12T16:30:00Z,97.24,97.24,97.24,97.24,480.0,97.24,44
2026-08-12T16:45:00Z,97.24,97.24,97.24,97.24,1166.0,97.24,154
2026-08-12T17:00:00Z,97.24,97.24,97.24,97.24,212.0,97.24,37
2026-08-12T17:15:00Z,97.24,97.24,97.24,97.24,0.0,97.24,0
2026-08-12T17:30:00Z,97.24,97.24,97.24,97.24,426.0,97.24,44
2026-08-12T17:45:00Z,97.235,97.235,97.235,97.235,10.0,97.235,5
2026-08-12T18:00:00Z,97.235,97.235,97.235,97.235,0.0,97.235,0
2026-08-12T18:15:00Z,97.235,97.235,97.235,97.235,0.0,97.235,0
2026-08-12T18:30:00Z,97.235,97.235,97.235,97.235,0.0,97.235,0
2026-08-12T18:45:00Z,97.235,97.235,97.235,97.235,0.0,97.235,0
2026-08-12T19:00:00Z,97.235,97.235,97.235,97.235,0.0,97.235,0
2026-08-12T19:15:00Z,97.235,97.235,97.235,97.235,193.0,97.235,19
2026-08-12T19:30:00Z,97.235,97.235,97.235,97.235,4.0,97.235,2
2026-08-12T19:45:00Z,97.24,97.24,97.235,97.235,40.0,97.2355,7
2026-08-13T00:00:00Z,97.235,97.24,97.235,97.24,17.0,97.2395,6
2026-08-13T00:15:00Z,97.24,97.24,97.235,97.235,6.0,97.2365,6
2026-08-13T00:30:00Z,97.235,97.235,97.235,97.235,0.0,97.235,0
2026-08-13T00:45:00Z,97.235,97.235,97.235,97.235,0.0,97.235,0
2026-08-13T01:00:00Z,97.235,97.235,97.235,97.235,0.0,97.235,0
2026-08-13T01:15:00Z,97.235,97.235,97.235,97.235,0.0,97.235,0
2026-08-13T01:30:00Z,97.235,97.24,97.235,97.24,206.0,97.24,20
2026-08-13T01:45:00Z,97.24,97.24,97.24,97.24,49.0,97.24,31
2026-08-13T02:00:00Z,97.24,97.24,97.24,97.24,0.0,97.24,0
2026-08-13T02:15:00Z,97.24,97.24,97.24,97.24,0.0,97.24,0
2026-08-13T02:30:00Z,97.24,97.24,97.24,97.24,13.0,97.24,9
2026-08-13T02:45:00Z,97.24,97.24,97.24,97.24,0.0,97.24,0
2026-08-13T03:00:00Z,97.24,97.24,97.24,97.24,0.0,97.24,0
2026-08-13T03:15:00Z,97.24,97.24,97.24,97.24,0.0,97.24,0
2026-08-13T03:30:00Z,97.24,97.24,97.24,97.24,0.0,97.24,0
2026-08-13T03:45:00Z,97.24,97.24,97.24,97.24,3.0,97.24,3
2026-08-13T04:00:00Z,97.24,97.24,97.24,97.24,29.0,97.24,3
2026-08-13T04:15:00Z,97.24,97.24,97.24,97.24,0.0,97.24,0
2026-08-13T04:30:00Z,97.24,97.24,97.24,97.24,0.0,97.24,0
2026-08-13T04:45:00Z,97.24,97.24,97.24,97.24,0.0,97.24,0
2026-08-13T05:00:00Z,97.24,97.24,97.24,97.24,0.0,97.24,0
2026-08-13T05:15:00Z,97.24,97.24,97.235,97.235,31.0,97.24,14
2026-08-13T05:30:00Z,97.24,97.24,97.24,97.24,69.0,97.24,3
2026-08-13T05:45:00Z,97.24,97.24,97.24,97.24,0.0,97.24,0
2026-08-13T06:00:00Z,97.235,97.24,97.235,97.235,135.0,97.235,37
2026-08-13T06:15:00Z,97.235,97.24,97.235,97.235,20.0,97.235,18
2026-08-13T06:30:00Z,97.24,97.24,97.235,97.235,303.0,97.235,64
2026-08-13T06:45:00Z,97.24,97.24,97.235,97.24,1784.0,97.24,147
2026-08-13T07:00:00Z,97.24,97.245,97.24,97.24,528.0,97.24,42
2026-08-13T07:15:00Z,97.24,97.24,97.24,97.24,1372.0,97.24,97
2026-08-13T07:30:00Z,97.24,97.245,97.24,97.245,1525.0,97.2425,117
2026-08-13T07:45:00Z,97.245,97.245,97.245,97.245,785.0,97.245,84
2026-08-13T08:00:00Z,97.245,97.245,97.245,97.245,365.0,97.245,53
2026-08-13T08:15:00Z,97.245,97.245,97.24,97.24,243.0,97.245,64
2026-08-13T08:30:00Z,97.245,97.25,97.245,97.245,2962.0,97.245,181
2026-08-13T08:45:00Z,97.245,97.25,97.245,97.245,61.0,97.245,19
2026-08-13T09:00:00Z,97.245,97.25,97.245,97.245,216.0,97.246,89
2026-08-13T09:15:00Z,97.245,97.25,97.245,97.245,22.0,97.2455,15
2026-08-13T09:30:00Z,97.245,97.25,97.245,97.25,4611.0,97.25,384
2026-08-13T09:45:00Z,97.25,97.25,97.245,97.25,708.0,97.25,154
2026-08-13T10:00:00Z,97.245,97.25,97.245,97.245,167.0,97.245,19
2026-08-13T10:15:00Z,97.245,97.245,97.245,97.245,57.0,97.245,40
2026-08-13T10:30:00Z,97.245,97.245,97.245,97.245,135.0,97.245,87
2026-08-13T10:45:00Z,97.245,97.25,97.245,97.245,101.0,97.245,66
2026-08-13T11:00:00Z,97.245,97.245,97.24,97.245,2373.0,97.245,136
2026-08-13T11:15:00Z,97.25,97.25,97.245,97.245,12.0,97.2475,8
2026-08-13T11:30:00Z,97.245,97.245,97.245,97.245,1954.0,97.245,117
2026-08-13T11:45:00Z,97.245,97.25,97.245,97.245,90.0,97.2465,47
2026-08-13T12:00:00Z,97.25,97.25,97.245,97.245,1681.0,97.245,288
2026-08-13T12:15:00Z,97.245,97.25,97.24,97.245,3595.0,97.245,238
2026-08-13T12:30:00Z,97.245,97.25,97.245,97.25,626.0,97.2465,78
2026-08-13T12:45:00Z,97.245,97.255,97.245,97.255,2658.0,97.25,125
2026-08-13T13:00:00Z,97.255,97.255,97.255,97.255,4171.0,97.255,215
2026-08-13T13:15:00Z,97.255,97.26,97.255,97.255,1097.0,97.2555,116
2026-08-13T13:30:00Z,97.255,97.255,97.255,97.255,589.0,97.255,66
2026-08-13T13:45:00Z,97.255,97.26,97.255,97.26,1085.0,97.2555,163
2026-08-13T14:00:00Z,97.26,97.27,97.26,97.27,5794.0,97.2615,413
2026-08-13T14:15:00Z,97.265,97.265,97.26,97.265,2957.0,97.265,224
2026-08-13T14:30:00Z,97.265,97.265,97.26,97.26,96.0,97.2605,40
2026-08-13T14:45:00Z,97.26,97.265,97.26,97.265,264.0,97.2605,123
2026-08-13T15:00:00Z,97.26,97.265,97.255,97.255,2589.0,97.26,273
2026-08-13T15:15:00Z,97.255,97.255,97.25,97.25,3285.0,97.2545,262
2026-08-13T15:30:00Z,97.25,97.26,97.25,97.255,918.0,97.253,257
2026-08-13T15:45:00Z,97.255,97.255,97.255,97.255,1106.0,97.255,49
2026-08-13T16:00:00Z,97.26,97.26,97.255,97.26,697.0,97.256,120
2026-08-13T16:15:00Z,97.26,97.265,97.255,97.255,3032.0,97.26,126
2026-08-13T16:30:00Z,97.26,97.26,97.26,97.26,274.0,97.26,22
2026-08-13T16:45:00Z,97.26,97.26,97.255,97.26,585.0,97.26,56
2026-08-13T17:00:00Z,97.26,97.26,97.26,97.26,18.0,97.26,9
2026-08-13T17:15:00Z,97.26,97.265,97.255,97.255,800.0,97.259,60
2026-08-13T17:30:00Z,97.255,97.255,97.255,97.255,21.0,97.255,12
2026-08-13T17:45:00Z,97.255,97.255,97.255,97.255,0.0,97.255,0
2026-08-13T18:00:00Z,97.26,97.26,97.26,97.26,84.0,97.26,11
2026-08-13T18:15:00Z,97.26,97.26,97.26,97.26,834.0,97.26,64
2026-08-13T18:30:00Z,97.26,97.26,97.26,97.26,2.0,97.26,2
2026-08-13T18:45:00Z,97.26,97.26,97.26,97.26,61.0,97.26,2
2026-08-13T19:00:00Z,97.26,97.26,97.26,97.26,184.0,97.26,15
2026-08-13T19:15:00Z,97.26,97.26,97.255,97.255,37.0,97.2595,8
2026-08-13T19:30:00Z,97.26,97.26,97.26,97.26,106.0,97.26,29
2026-08-13T19:45:00Z,97.265,97.265,97.26,97.26,102.0,97.26,27
2026-08-14T00:00:00Z,97.26,97.26,97.26,97.26,223.0,97.26,4
2026-08-14T00:15:00Z,97.26,97.26,97.26,97.26,5.0,97.26,4
2026-08-14T00:30:00Z,97.26,97.26,97.26,97.26,0.0,97.26,0
2026-08-14T00:45:00Z,97.26,97.26,97.26,97.26,0.0,97.26,0
2026-08-14T01:00:00Z,97.255,97.255,97.255,97.255,14.0,97.255,5
2026-08-14T01:15:00Z,97.255,97.255,97.255,97.255,15.0,97.255,8
2026-08-14T01:30:00Z,97.255,97.255,97.255,97.255,11.0,97.255,7
2026-08-14T01:45:00Z,97.255,97.255,97.255,97.255,0.0,97.255,0
2026-08-14T02:00:00Z,97.255,97.255,97.255,97.255,0.0,97.255,0
2026-08-14T02:15:00Z,97.255,97.255,97.255,97.255,0.0,97.255,0
2026-08-14T02:30:00Z,97.255,97.255,97.255,97.255,0.0,97.255,0
2026-08-14T02:45:00Z,97.255,97.255,97.255,97.255,9.0,97.255,4
2026-08-14T03:00:00Z,97.255,97.255,97.255,97.255,21.0,97.255,5
2026-08-14T03:15:00Z,97.255,97.255,97.255,97.255,0.0,97.255,0
2026-08-14T03:30:00Z,97.255,97.255,97.255,97.255,40.0,97.255,6
2026-08-14T03:45:00Z,97.255,97.255,97.255,97.255,354.0,97.255,8
2026-08-14T04:00:00Z,97.25,97.25,97.25,97.25,1.0,97.25,1
2026-08-14T04:15:00Z,97.25,97.25,97.25,97.25,0.0,97.25,0
2026-08-14T04:30:00Z,97.255,97.255,97.255,97.255,12.0,97.255,3
2026-08-14T04:45:00Z,97.255,97.255,97.255,97.255,0.0,97.255,0
2026-08-14T05:00:00Z,97.255,97.255,97.255,97.255,62.0,97.255,7
2026-08-14T05:15:00Z,97.255,97.255,97.255,97.255,0.0,97.255,0
2026-08-14T05:30:00Z,97.25,97.25,97.25,97.25,26.0,97.25,5
2026-08-14T05:45:00Z,97.25,97.25,97.25,97.25,539.0,97.25,35
2026-08-14T06:00:00Z,97.245,97.25,97.245,97.25,931.0,97.25,54
2026-08-14T06:15:00Z,97.25,97.25,97.25,97.25,933.0,97.25,62
2026-08-14T06:30:00Z,97.25,97.255,97.245,97.255,1412.0,97.25,50
2026-08-14T06:45:00Z,97.25,97.255,97.25,97.25,293.0,97.255,17
2026-08-14T07:00:00Z,97.25,97.255,97.245,97.245,477.0,97.25,49
2026-08-14T07:15:00Z,97.245,97.25,97.245,97.245,352.0,97.246,57
2026-08-14T07:30:00Z,97.25,97.25,97.245,97.25,1603.0,97.25,125
2026-08-14T07:45:00Z,97.25,97.25,97.25,97.25,1491.0,97.25,67
2026-08-14T08:00:00Z,97.25,97.25,97.245,97.245,114.0,97.2465,45
2026-08-14T08:15:00Z,97.245,97.25,97.245,97.25,4.0,97.2465,4
2026-08-14T08:30:00Z,97.25,97.25,97.245,97.25,2036.0,97.25,125
2026-08-14T08:45:00Z,97.25,97.25,97.245,97.245,1003.0,97.25,88
2026-08-14T09:00:00Z,97.245,97.255,97.245,97.255,2940.0,97.25,65
2026-08-14T09:15:00Z,97.25,97.255,97.25,97.25,127.0,97.25,24
2026-08-14T09:30:00Z,97.25,97.255,97.25,97.25,44.0,97.25,16
2026-08-14T09:45:00Z,97.25,97.25,97.245,97.25,1533.0,97.25,150
2026-08-14T10:00:00Z,97.25,97.255,97.25,97.255,750.0,97.25,47
2026-08-14T10:15:00Z,97.25,97.25,97.25,97.25,926.0,97.25,74
2026-08-14T10:30:00Z,97.25,97.25,97.25,97.25,2120.0,97.25,58
2026-08-14T10:45:00Z,97.25,97.255,97.25,97.25,1767.0,97.25,61
2026-08-14T11:00:00Z,97.25,97.25,97.245,97.25,345.0,97.25,33
2026-08-14T11:15:00Z,97.25,97.255,97.25,97.25,891.0,97.25,83
2026-08-14T11:30:00Z,97.255,97.255,97.255,97.255,1659.0,97.255,196
2026-08-14T11:45:00Z,97.255,97.255,97.25,97.255,604.0,97.255,29
2026-08-14T12:00:00Z,97.255,97.255,97.25,97.25,5356.0,97.252,275
2026-08-14T12:15:00Z,97.25,97.255,97.25,97.255,676.0,97.2545,63
2026-08-14T12:30:00Z,97.255,97.26,97.255,97.255,2920.0,97.255,152
2026-08-14T12:45:00Z,97.25,97.255,97.25,97.255,454.0,97.255,22
2026-08-14T13:00:00Z,97.25,97.25,97.245,97.245,1336.0,97.2495,107
2026-08-14T13:15:00Z,97.245,97.25,97.245,97.25,1578.0,97.245,174
2026-08-14T13:30:00Z,97.25,97.25,97.245,97.245,37.0,97.2455,10
2026-08-14T13:45:00Z,97.25,97.25,97.245,97.245,2671.0,97.245,152
2026-08-14T14:00:00Z,97.245,97.245,97.24,97.245,52.0,97.2445,32
2026-08-14T14:15:00Z,97.24,97.245,97.24,97.24,68.0,97.2405,54
2026-08-14T14:30:00Z,97.245,97.245,97.235,97.24,3779.0,97.24,231
2026-08-14T14:45:00Z,97.24,97.245,97.24,97.24,585.0,97.242,71
2026-08-14T15:00:00Z,97.24,97.245,97.23,97.235,3355.0,97.239,514
2026-08-14T15:15:00Z,97.24,97.24,97.235,97.235,637.0,97.235,104
2026-08-14T15:30:00Z,97.235,97.24,97.235,97.235,2015.0,97.236,198
2026-08-14T15:45:00Z,97.235,97.24,97.235,97.235,704.0,97.235,73
2026-08-14T16:00:00Z,97.235,97.24,97.23,97.235,6091.0,97.2355,269
2026-08-14T16:15:00Z,97.23,97.235,97.23,97.23,212.0,97.235,27
2026-08-14T16:30:00Z,97.23,97.235,97.23,97.235,1969.0,97.231,212
2026-08-14T16:45:00Z,97.23,97.235,97.23,97.23,160.0,97.234,43
2026-08-14T17:00:00Z,97.235,97.235,97.23,97.23,88.0,97.2315,13
2026-08-14T17:15:00Z,97.23,97.23,97.23,97.23,417.0,97.23,99
2026-08-14T17:30:00Z,97.23,97.23,97.23,97.23,0.0,97.23,0
2026-08-14T17:45:00Z,97.23,97.23,97.23,97.23,0.0,97.23,0
2026-08-14T18:00:00Z,97.23,97.23,97.23,97.23,0.0,97.23,0
2026-08-14T18:15:00Z,97.23,97.23,97.23,97.23,0.0,97.23,0
2026-08-14T18:30:00Z,97.23,97.23,97.23,97.23,0.0,97.23,0
2026-08-14T18:45:00Z,97.23,97.23,97.23,97.23,8.0,97.23,3
2026-08-14T19:00:00Z,97.23,97.235,97.23,97.235,56.0,97.23,19
2026-08-14T19:15:00Z,97.23,97.23,97.23,97.23,5.0,97.23,3
2026-08-14T19:30:00Z,97.235,97.235,97.235,97.235,12.0,97.235,7
2026-08-14T19:45:00Z,97.235,97.235,97.23,97.23,387.0,97.231,57
2026-08-17T00:00:00Z,97.235,97.235,97.235,97.235,155.0,97.235,16
2026-08-17T00:15:00Z,97.24,97.24,97.235,97.24,37.0,97.2395,15
2026-08-17T00:30:00Z,97.24,97.24,97.24,97.24,0.0,97.24,0
2026-08-17T00:45:00Z,97.24,97.24,97.24,97.24,0.0,97.24,0
2026-08-17T01:00:00Z,97.235,97.235,97.235,97.235,11.0,97.235,9
2026-08-17T01:15:00Z,97.235,97.235,97.235,97.235,5.0,97.235,5
2026-08-17T01:30:00Z,97.235,97.235,97.23,97.23,440.0,97.234,33
2026-08-17T01:45:00Z,97.235,97.235,97.235,97.235,5.0,97.235,1
2026-08-17T02:00:00Z,97.235,97.235,97.235,97.235,0.0,97.235,0
2026-08-17T02:15:00Z,97.235,97.235,97.235,97.235,15.0,97.235,3
2026-08-17T02:30:00Z,97.23,97.23,97.23,97.23,6.0,97.23,1
2026-08-17T02:45:00Z,97.23,97.23,97.23,97.23,0.0,97.23,0
2026-08-17T03:00:00Z,97.235,97.235,97.235,97.235,286.0,97.235,13
2026-08-17T03:15:00Z,97.235,97.235,97.235,97.235,0.0,97.235,0
2026-08-17T03:30:00Z,97.235,97.235,97.235,97.235,51.0,97.235,4
2026-08-17T03:45:00Z,97.235,97.235,97.235,97.235,0.0,97.235,0
2026-08-17T04:00:00Z,97.235,97.235,97.235,97.235,0.0,97.235,0
2026-08-17T04:15:00Z,97.235,97.235,97.235,97.235,0.0,97.235,0
2026-08-17T04:30:00Z,97.235,97.235,97.235,97.235,0.0,97.235,0
2026-08-17T04:45:00Z,97.235,97.235,97.235,97.235,0.0,97.235,0
2026-08-17T05:00:00Z,97.235,97.235,97.235,97.235,14.0,97.235,3
2026-08-17T05:15:00Z,97.235,97.235,97.235,97.235,21.0,97.235,1
2026-08-17T05:30:00Z,97.235,97.235,97.235,97.235,41.0,97.235,7
2026-08-17T05:45:00Z,97.235,97.235,97.235,97.235,0.0,97.235,0
2026-08-17T06:00:00Z,97.24,97.24,97.235,97.24,8.0,97.2385,8
2026-08-17T06:15:00Z,97.235,97.24,97.235,97.24,202.0,97.2355,41
2026-08-17T06:30:00Z,97.24,97.24,97.235,97.235,35.0,97.235,13
2026-08-17T06:45:00Z,97.235,97.24,97.235,97.24,3593.0,97.24,274
2026-08-17T07:00:00Z,97.245,97.245,97.235,97.235,3289.0,97.235,146
2026-08-17T07:15:00Z,97.235,97.24,97.235,97.235,339.0,97.235,64
2026-08-17T07:30:00Z,97.235,97.24,97.235,97.24,29.0,97.2365,22
2026-08-17T07:45:00Z,97.24,97.24,97.235,97.235,176.0,97.2365,64
2026-08-17T08:00:00Z,97.235,97.24,97.23,97.235,2217.0,97.235,114
2026-08-17T08:15:00Z,97.235,97.235,97.235,97.235,1258.0,97.235,90
2026-08-17T08:30:00Z,97.24,97.24,97.24,97.24,142.0,97.24,48
2026-08-17T08:45:00Z,97.235,97.24,97.235,97.24,154.0,97.2355,42
2026-08-17T09:00:00Z,97.24,97.24,97.235,97.24,2185.0,97.24,178
2026-08-17T09:15:00Z,97.245,97.245,97.24,97.24,23.0,97.2445,22
2026-08-17T09:30:00Z,97.245,97.245,97.24,97.24,1778.0,97.24,142
2026-08-17T09:45:00Z,97.24,97.245,97.24,97.24,1843.0,97.241,188
2026-08-17T10:00:00Z,97.245,97.245,97.24,97.24,118.0,97.242,62
2026-08-17T10:15:00Z,97.245,97.245,97.24,97.245,4418.0,97.245,292
2026-08-17T10:30:00Z,97.25,97.25,97.245,97.245,2401.0,97.245,202
2026-08-17T10:45:00Z,97.245,97.245,97.245,97.245,0.0,97.245,0
2026-08-17T11:00:00Z,97.245,97.245,97.245,97.245,1.0,97.245,1
2026-08-17T11:15:00Z,97.245,97.245,97.24,97.245,2706.0,97.245,144
2026-08-17T11:30:00Z,97.245,97.245,97.245,97.245,3871.0,97.245,214
2026-08-17T11:45:00Z,97.245,97.245,97.24,97.24,91.0,97.245,29
2026-08-17T12:00:00Z,97.24,97.245,97.24,97.24,210.0,97.245,38
2026-08-17T12:15:00Z,97.245,97.245,97.235,97.24,4394.0,97.24,428
2026-08-17T12:30:00Z,97.24,97.24,97.235,97.235,6652.0,97.2375,352
2026-08-17T12:45:00Z,97.235,97.24,97.235,97.235,3004.0,97.235,186
2026-08-17T13:00:00Z,97.235,97.24,97.235,97.24,2780.0,97.2365,158
2026-08-17T13:15:00Z,97.24,97.24,97.24,97.24,3419.0,97.24,270
2026-08-17T13:30:00Z,97.24,97.24,97.24,97.24,3322.0,97.24,180
2026-08-17T13:45:00Z,97.24,97.245,97.24,97.24,1347.0,97.24,177
2026-08-17T14:00:00Z,97.24,97.24,97.24,97.24,631.0,97.24,41
2026-08-17T14:15:00Z,97.24,97.24,97.235,97.235,162.0,97.2395,51
2026-08-17T14:30:00Z,97.235,97.24,97.235,97.24,5228.0,97.24,298
2026-08-17T14:45:00Z,97.24,97.245,97.24,97.245,2631.0,97.24,186
2026-08-17T15:00:00Z,97.245,97.245,97.235,97.24,4363.0,97.24,534
2026-08-17T15:15:00Z,97.24,97.24,97.24,97.24,1100.0,97.24,27
2026-08-17T15:30:00Z,97.235,97.235,97.235,97.235,4121.0,97.235,198
2026-08-17T15:45:00Z,97.235,97.235,97.235,97.235,1961.0,97.235,209
2026-08-17T16:00:00Z,97.235,97.235,97.235,97.235,470.0,97.235,56
2026-08-17T16:15:00Z,97.235,97.235,97.23,97.23,1615.0,97.235,77
2026-08-17T16:30:00Z,97.235,97.235,97.235,97.235,368.0,97.235,40
2026-08-17T16:45:00Z,97.235,97.235,97.23,97.23,24.0,97.233,10
2026-08-17T17:00:00Z,97.23,97.23,97.23,97.23,257.0,97.23,52
2026-08-17T17:15:00Z,97.23,97.23,97.225,97.225,2128.0,97.23,205
2026-08-17T17:30:00Z,97.225,97.225,97.225,97.225,7.0,97.225,4
2026-08-17T17:45:00Z,97.23,97.23,97.23,97.23,290.0,97.23,32
2026-08-17T18:00:00Z,97.23,97.23,97.23,97.23,0.0,97.23,0
2026-08-17T18:15:00Z,97.225,97.225,97.225,97.225,449.0,97.225,42
2026-08-17T18:30:00Z,97.225,97.225,97.225,97.225,0.0,97.225,0
2026-08-17T18:45:00Z,97.225,97.225,97.225,97.225,0.0,97.225,0
2026-08-17T19:00:00Z,97.225,97.23,97.225,97.225,10.0,97.228,10
2026-08-17T19:15:00Z,97.225,97.23,97.225,97.23,5.0,97.227,5
2026-08-17T19:30:00Z,97.225,97.23,97.225,97.225,30.0,97.2295,21
2026-08-17T19:45:00Z,97.225,97.23,97.225,97.225,125.0,97.23,28
2026-08-18T00:00:00Z,97.225,97.225,97.225,97.225,3.0,97.225,2
2026-08-18T00:15:00Z,97.225,97.225,97.225,97.225,5.0,97.225,3
2026-08-18T00:30:00Z,97.225,97.225,97.22,97.225,568.0,97.225,41
2026-08-18T00:45:00Z,97.225,97.225,97.225,97.225,65.0,97.225,8
2026-08-18T01:00:00Z,97.225,97.225,97.225,97.225,0.0,97.225,0
2026-08-18T01:15:00Z,97.225,97.225,97.225,97.225,28.0,97.225,1
2026-08-18T01:30:00Z,97.225,97.225,97.225,97.225,2.0,97.225,2
2026-08-18T01:45:00Z,97.225,97.225,97.225,97.225,0.0,97.225,0
2026-08-18T02:00:00Z,97.225,97.225,97.225,97.225,0.0,97.225,0
2026-08-18T02:15:00Z,97.225,97.225,97.225,97.225,0.0,97.225,0
2026-08-18T02:30:00Z,97.225,97.225,97.225,97.225,0.0,97.225,0
2026-08-18T02:45:00Z,97.225,97.225,97.225,97.225,0.0,97.225,0
2026-08-18T03:00:00Z,97.225,97.225,97.225,97.225,1.0,97.225,1
2026-08-18T03:15:00Z,97.225,97.225,97.225,97.225,0.0,97.225,0
2026-08-18T03:30:00Z,97.225,97.225,97.225,97.225,164.0,97.225,11
2026-08-18T03:45:00Z,97.22,97.22,97.215,97.215,177.0,97.22,16
2026-08-18T04:00:00Z,97.22,97.22,97.22,97.22,35.0,97.22,5
2026-08-18T04:15:00Z,97.22,97.22,97.22,97.22,0.0,97.22,0
2026-08-18T04:30:00Z,97.22,97.22,97.22,97.22,1.0,97.22,1
2026-08-18T04:45:00Z,97.22,97.22,97.22,97.22,0.0,97.22,0
2026-08-18T05:00:00Z,97.22,97.22,97.22,97.22,4.0,97.22,1
2026-08-18T05:15:00Z,97.22,97.22,97.22,97.22,0.0,97.22,0
2026-08-18T05:30:00Z,97.22,97.22,97.22,97.22,21.0,97.22,2
2026-08-18T05:45:00Z,97.22,97.22,97.22,97.22,376.0,97.22,17
2026-08-18T06:00:00Z,97.22,97.22,97.215,97.22,2059.0,97.2195,209
2026-08-18T06:15:00Z,97.22,97.225,97.215,97.225,672.0,97.22,49
2026-08-18T06:30:00Z,97.225,97.225,97.215,97.22,4280.0,97.222,182
2026-08-18T06:45:00Z,97.22,97.225,97.215,97.22,2997.0,97.2205,148
2026-08-18T07:00:00Z,97.22,97.22,97.215,97.215,932.0,97.22,85
2026-08-18T07:15:00Z,97.22,97.22,97.22,97.22,1695.0,97.22,147
2026-08-18T07:30:00Z,97.22,97.225,97.215,97.22,2135.0,97.22,268
2026-08-18T07:45:00Z,97.22,97.22,97.215,97.215,1562.0,97.22,132
2026-08-18T08:00:00Z,97.215,97.22,97.215,97.22,2427.0,97.2155,182
2026-08-18T08:15:00Z,97.22,97.22,97.215,97.22,6305.0,97.22,326
2026-08-18T08:30:00Z,97.22,97.22,97.22,97.22,1289.0,97.22,81
2026-08-18T08:45:00Z,97.22,97.225,97.22,97.22,1175.0,97.2205,127
2026-08-18T09:00:00Z,97.22,97.225,97.22,97.22,1191.0,97.22,102
2026-08-18T09:15:00Z,97.22,97.225,97.22,97.22,4.0,97.221,4
2026-08-18T09:30:00Z,97.22,97.225,97.22,97.22,35.0,97.221,35
2026-08-18T09:45:00Z,97.22,97.225,97.22,97.22,147.0,97.22,66
2026-08-18T10:00:00Z,97.22,97.225,97.22,97.22,176.0,97.2245,44
2026-08-18T10:15:00Z,97.22,97.225,97.22,97.22,211.0,97.222,121
2026-08-18T10:30:00Z,97.225,97.225,97.22,97.225,240.0,97.224,90
2026-08-18T10:45:00Z,97.22,97.225,97.22,97.22,30.0,97.2235,14
2026-08-18T11:00:00Z,97.22,97.22,97.22,97.22,36.0,97.22,34
2026-08-18T11:15:00Z,97.22,97.225,97.22,97.22,84.0,97.2205,66
2026-08-18T11:30:00Z,97.22,97.22,97.215,97.22,2178.0,97.22,189
2026-08-18T11:45:00Z,97.22,97.22,97.215,97.22,3170.0,97.22,377
2026-08-18T12:00:00Z,97.22,97.22,97.22,97.22,1698.0,97.22,210
2026-08-18T12:15:00Z,97.22,97.225,97.22,97.22,3017.0,97.2205,293
2026-08-18T12:30:00Z,97.22,97.225,97.215,97.215,2423.0,97.22,300
2026-08-18T12:45:00Z,97.22,97.22,97.215,97.215,225.0,97.217,137
2026-08-18T13:00:00Z,97.215,97.22,97.215,97.215,4763.0,97.215,256
2026-08-18T13:15:00Z,97.21,97.21,97.205,97.21,2694.0,97.21,264
2026-08-18T13:30:00Z,97.21,97.215,97.205,97.215,4255.0,97.207,405
2026-08-18T13:45:00Z,97.21,97.215,97.21,97.21,394.0,97.215,70
2026-08-18T14:00:00Z,97.215,97.215,97.21,97.21,102.0,97.211,50
2026-08-18T14:15:00Z,97.215,97.215,97.21,97.21,855.0,97.215,416
2026-08-18T14:30:00Z,97.215,97.215,97.21,97.215,8387.0,97.215,304
2026-08-18T14:45:00Z,97.21,97.215,97.2,97.2,3941.0,97.2055,333
2026-08-18T15:00:00Z,97.205,97.21,97.205,97.205,1525.0,97.2075,360
2026-08-18T15:15:00Z,97.21,97.21,97.205,97.205,1736.0,97.2055,263
2026-08-18T15:30:00Z,97.205,97.205,97.205,97.205,5197.0,97.205,405
2026-08-18T15:45:00Z,97.205,97.21,97.205,97.21,198.0,97.21,71
2026-08-18T16:00:00Z,97.205,97.205,97.205,97.205,1075.0,97.205,101
2026-08-18T16:15:00Z,97.205,97.21,97.205,97.205,14.0,97.207,14
2026-08-18T16:30:00Z,97.205,97.205,97.205,97.205,1611.0,97.205,144
2026-08-18T16:45:00Z,97.205,97.205,97.205,97.205,878.0,97.205,42
2026-08-18T17:00:00Z,97.205,97.205,97.205,97.205,273.0,97.205,7
2026-08-18T17:15:00Z,97.2,97.2,97.2,97.2,1000.0,97.2,48
2026-08-18T17:30:00Z,97.2,97.2,97.2,97.2,0.0,97.2,0
2026-08-18T17:45:00Z,97.205,97.205,97.205,97.205,44.0,97.205,5
2026-08-18T18:00:00Z,97.205,97.205,97.205,97.205,208.0,97.205,15
2026-08-18T18:15:00Z,97.205,97.205,97.205,97.205,30.0,97.205,6
2026-08-18T18:30:00Z,97.205,97.205,97.205,97.205,0.0,97.205,0
2026-08-18T18:45:00Z,97.205,97.205,97.205,97.205,0.0,97.205,0
2026-08-18T19:00:00Z,97.205,97.205,97.205,97.205,0.0,97.205,0
2026-08-18T19:15:00Z,97.205,97.205,97.205,97.205,0.0,97.205,0
2026-08-18T19:30:00Z,97.205,97.21,97.205,97.21,29.0,97.2055,9
2026-08-18T19:45:00Z,97.21,97.21,97.21,97.21,1.0,97.21,1
2026-08-19T00:00:00Z,97.205,97.205,97.205,97.205,23.0,97.205,11
2026-08-19T00:15:00Z,97.205,97.205,97.205,97.205,135.0,97.205,17
2026-08-19T00:30:00Z,97.205,97.205,97.205,97.205,0.0,97.205,0
2026-08-19T00:45:00Z,97.205,97.205,97.205,97.205,3.0,97.205,2
2026-08-19T01:00:00Z,97.205,97.205,97.2,97.205,250.0,97.205,38
2026-08-19T01:15:00Z,97.205,97.205,97.205,97.205,37.0,97.205,13
2026-08-19T01:30:00Z,97.205,97.205,97.205,97.205,23.0,97.205,9
2026-08-19T01:45:00Z,97.205,97.205,97.205,97.205,18.0,97.205,13
2026-08-19T02:00:00Z,97.205,97.205,97.205,97.205,18.0,97.205,2
2026-08-19T02:15:00Z,97.205,97.205,97.205,97.205,0.0,97.205,0
2026-08-19T02:30:00Z,97.21,97.21,97.21,97.21,581.0,97.21,39
2026-08-19T02:45:00Z,97.21,97.21,97.21,97.21,66.0,97.21,5
2026-08-19T03:00:00Z,97.21,97.21,97.21,97.21,0.0,97.21,0
2026-08-19T03:15:00Z,97.21,97.21,97.21,97.21,0.0,97.21,0
2026-08-19T03:30:00Z,97.21,97.21,97.21,97.21,30.0,97.21,6
2026-08-19T03:45:00Z,97.21,97.21,97.21,97.21,151.0,97.21,2
2026-08-19T04:00:00Z,97.21,97.21,97.21,97.21,32.0,97.21,6
2026-08-19T04:15:00Z,97.21,97.21,97.21,97.21,0.0,97.21,0
2026-08-19T04:30:00Z,97.21,97.21,97.21,97.21,11.0,97.21,1
2026-08-19T04:45:00Z,97.21,97.21,97.21,97.21,1.0,97.21,1
2026-08-19T05:00:00Z,97.21,97.21,97.21,97.21,0.0,97.21,0
2026-08-19T05:15:00Z,97.21,97.21,97.21,97.21,0.0,97.21,0
2026-08-19T05:30:00Z,97.21,97.21,97.21,97.21,35.0,97.21,3
2026-08-19T05:45:00Z,97.21,97.21,97.21,97.21,20.0,97.21,8
2026-08-19T06:00:00Z,97.205,97.21,97.205,97.21,1025.0,97.21,79
2026-08-19T06:15:00Z,97.21,97.21,97.21,97.21,268.0,97.21,43
2026-08-19T06:30:00Z,97.21,97.215,97.21,97.215,493.0,97.2145,57
2026-08-19T06:45:00Z,97.215,97.215,97.21,97.215,1460.0,97.215,76
2026-08-19T07:00:00Z,97.215,97.215,97.21,97.215,1335.0,97.215,108
2026-08-19T07:15:00Z,97.21,97.215,97.21,97.215,1295.0,97.215,103
2026-08-19T07:30:00Z,97.215,97.215,97.215,97.215,1263.0,97.215,164
2026-08-19T07:45:00Z,97.215,97.215,97.21,97.21,1245.0,97.215,92
2026-08-19T08:00:00Z,97.21,97.215,97.21,97.21,1345.0,97.215,99
2026-08-19T08:15:00Z,97.21,97.215,97.21,97.215,622.0,97.2145,82
2026-08-19T08:30:00Z,97.215,97.215,97.21,97.21,632.0,97.215,40
2026-08-19T08:45:00Z,97.215,97.215,97.21,97.215,277.0,97.214,102
2026-08-19T09:00:00Z,97.21,97.21,97.21,97.21,4688.0,97.21,249
2026-08-19T09:15:00Z,97.21,97.21,97.21,97.21,1254.0,97.21,65
2026-08-19T09:30:00Z,97.21,97.21,97.205,97.205,18.0,97.209,4
2026-08-19T09:45:00Z,97.205,97.205,97.205,97.205,1247.0,97.205,152
2026-08-19T10:00:00Z,97.205,97.205,97.205,97.205,1281.0,97.205,58
2026-08-19T10:15:00Z,97.205,97.21,97.2,97.205,3593.0,97.205,282
2026-08-19T10:30:00Z,97.205,97.205,97.2,97.205,566.0,97.205,38
2026-08-19T10:45:00Z,97.205,97.21,97.205,97.21,1140.0,97.2055,60
2026-08-19T11:00:00Z,97.21,97.21,97.205,97.205,7.0,97.2085,7
2026-08-19T11:15:00Z,97.21,97.215,97.21,97.215,10428.0,97.212,412
2026-08-19T11:30:00Z,97.21,97.21,97.21,97.21,72.0,97.21,17
2026-08-19T11:45:00Z,97.215,97.215,97.21,97.21,427.0,97.2115,89
2026-08-19T12:00:00Z,97.21,97.215,97.21,97.21,99.0,97.2105,41
2026-08-19T12:15:00Z,97.21,97.215,97.21,97.215,5370.0,97.215,166
2026-08-19T12:30:00Z,97.215,97.22,97.21,97.215,5319.0,97.215,440
2026-08-19T12:45:00Z,97.215,97.215,97.21,97.21,1046.0,97.2105,268
2026-08-19T13:00:00Z,97.21,97.215,97.21,97.21,2534.0,97.21,169
2026-08-19T13:15:00Z,97.21,97.21,97.205,97.21,2580.0,97.21,105
2026-08-19T13:30:00Z,97.205,97.21,97.205,97.21,373.0,97.21,54
2026-08-19T13:45:00Z,97.21,97.21,97.205,97.21,281.0,97.2065,55
2026-08-19T14:00:00Z,97.21,97.21,97.205,97.205,301.0,97.2055,125
2026-08-19T14:15:00Z,97.205,97.21,97.205,97.205,407.0,97.2055,222
2026-08-19T14:30:00Z,97.205,97.21,97.205,97.205,3174.0,97.205,381
2026-08-19T14:45:00Z,97.205,97.205,97.2,97.205,2931.0,97.205,165
2026-08-19T15:00:00Z,97.205,97.205,97.2,97.205,2516.0,97.203,670
2026-08-19T15:15:00Z,97.2,97.2,97.2,97.2,284.0,97.2,185
2026-08-19T15:30:00Z,97.205,97.205,97.2,97.2,1488.0,97.205,192
2026-08-19T15:45:00Z,97.2,97.205,97.2,97.2,41.0,97.2025,29
2026-08-19T16:00:00Z,97.205,97.205,97.195,97.2,4314.0,97.2,271
2026-08-19T16:15:00Z,97.2,97.205,97.2,97.205,1107.0,97.2005,101
2026-08-19T16:30:00Z,97.2,97.205,97.2,97.205,2176.0,97.2045,75
2026-08-19T16:45:00Z,97.2,97.2,97.2,97.2,446.0,97.2,12
2026-08-19T17:00:00Z,97.2,97.2,97.2,97.2,110.0,97.2,13
2026-08-19T17:15:00Z,97.2,97.2,97.2,97.2,354.0,97.2,26
2026-08-19T17:30:00Z,97.2,97.2,97.2,97.2,362.0,97.2,19
2026-08-19T17:45:00Z,97.2,97.2,97.195,97.195,51.0,97.2,10
2026-08-19T18:00:00Z,97.2,97.205,97.2,97.2,361.0,97.202,61
2026-08-19T18:15:00Z,97.2,97.2,97.2,97.2,105.0,97.2,9
2026-08-19T18:30:00Z,97.2,97.205,97.2,97.205,66.0,97.2045,36
2026-08-19T18:45:00Z,97.205,97.205,97.205,97.205,0.0,97.205,0
2026-08-19T19:00:00Z,97.205,97.205,97.205,97.205,40.0,97.205,7
2026-08-19T19:15:00Z,97.205,97.205,97.205,97.205,634.0,97.205,31
2026-08-19T19:30:00Z,97.21,97.21,97.21,97.21,2.0,97.21,2
2026-08-19T19:45:00Z,97.21,97.21,97.205,97.205,37.0,97.2065,19
2026-08-20T00:15:00Z,97.205,97.205,97.205,97.205,25.0,97.205,4
2026-08-20T00:30:00Z,97.205,97.205,97.205,97.205,0.0,97.205,0
2026-08-20T00:45:00Z,97.205,97.205,97.205,97.205,0.0,97.205,0
2026-08-20T01:00:00Z,97.205,97.205,97.205,97.205,0.0,97.205,0
2026-08-20T01:15:00Z,97.205,97.205,97.205,97.205,0.0,97.205,0
2026-08-20T01:30:00Z,97.21,97.21,97.21,97.21,297.0,97.21,29
2026-08-20T01:45:00Z,97.21,97.21,97.21,97.21,12.0,97.21,2
2026-08-20T02:00:00Z,97.21,97.21,97.21,97.21,197.0,97.21,23
2026-08-20T02:15:00Z,97.21,97.21,97.21,97.21,0.0,97.21,0
2026-08-20T02:30:00Z,97.21,97.21,97.21,97.21,163.0,97.21,12
2026-08-20T02:45:00Z,97.21,97.21,97.21,97.21,26.0,97.21,2
2026-08-20T03:00:00Z,97.21,97.21,97.21,97.21,0.0,97.21,0
2026-08-20T03:15:00Z,97.21,97.21,97.21,97.21,30.0,97.21,15
2026-08-20T03:30:00Z,97.21,97.21,97.21,97.21,45.0,97.21,7
2026-08-20T03:45:00Z,97.21,97.21,97.21,97.21,3.0,97.21,1
2026-08-20T04:00:00Z,97.21,97.21,97.21,97.21,0.0,97.21,0
2026-08-20T04:15:00Z,97.21,97.21,97.21,97.21,0.0,97.21,0
2026-08-20T04:30:00Z,97.21,97.21,97.21,97.21,0.0,97.21,0
2026-08-20T04:45:00Z,97.21,97.21,97.21,97.21,30.0,97.21,14
2026-08-20T05:00:00Z,97.21,97.21,97.21,97.21,0.0,97.21,0
2026-08-20T05:15:00Z,97.21,97.21,97.21,97.21,0.0,97.21,0
2026-08-20T05:30:00Z,97.21,97.21,97.21,97.21,0.0,97.21,0
2026-08-20T05:45:00Z,97.205,97.205,97.205,97.205,1.0,97.205,1
2026-08-20T06:00:00Z,97.205,97.215,97.205,97.21,1115.0,97.21,141
2026-08-20T06:15:00Z,97.21,97.21,97.205,97.205,17.0,97.2055,13
2026-08-20T06:30:00Z,97.21,97.21,97.205,97.205,3.0,97.2085,3
2026-08-20T06:45:00Z,97.205,97.215,97.205,97.215,2177.0,97.21,131
2026-08-20T07:00:00Z,97.215,97.215,97.21,97.21,169.0,97.2145,51
2026-08-20T07:15:00Z,97.21,97.215,97.21,97.21,485.0,97.2115,94
2026-08-20T07:30:00Z,97.21,97.215,97.21,97.215,4100.0,97.21,436
2026-08-20T07:45:00Z,97.21,97.215,97.21,97.21,82.0,97.2105,35
2026-08-20T08:00:00Z,97.21,97.215,97.205,97.205,3270.0,97.21,257
2026-08-20T08:15:00Z,97.205,97.21,97.205,97.21,184.0,97.206,80
2026-08-20T08:30:00Z,97.21,97.21,97.205,97.21,1599.0,97.21,217
2026-08-20T08:45:00Z,97.21,97.21,97.205,97.205,434.0,97.2085,136
2026-08-20T09:00:00Z,97.205,97.21,97.205,97.205,423.0,97.205,123
2026-08-20T09:15:00Z,97.205,97.21,97.205,97.205,17.0,97.206,16
2026-08-20T09:30:00Z,97.21,97.21,97.205,97.205,9888.0,97.205,658
2026-08-20T09:45:00Z,97.205,97.205,97.205,97.205,426.0,97.205,33
2026-08-20T10:00:00Z,97.205,97.21,97.205,97.21,3017.0,97.205,104
2026-08-20T10:15:00Z,97.21,97.21,97.205,97.21,53.0,97.2055,11
2026-08-20T10:30:00Z,97.21,97.21,97.205,97.21,234.0,97.21,42
2026-08-20T10:45:00Z,97.21,97.21,97.205,97.21,2877.0,97.2095,187
2026-08-20T11:00:00Z,97.205,97.21,97.2,97.2,1824.0,97.2035,154
2026-08-20T11:15:00Z,97.205,97.205,97.195,97.2,2308.0,97.2,224
2026-08-20T11:30:00Z,97.195,97.2,97.195,97.195,814.0,97.195,92
2026-08-20T11:45:00Z,97.195,97.195,97.19,97.19,1228.0,97.193,171
2026-08-20T12:00:00Z,97.19,97.195,97.19,97.195,648.0,97.1935,197
2026-08-20T12:15:00Z,97.195,97.2,97.195,97.2,2709.0,97.1955,250
2026-08-20T12:30:00Z,97.2,97.205,97.2,97.2,3353.0,97.2,174
2026-08-20T12:45:00Z,97.2,97.205,97.2,97.205,1581.0,97.201,131
2026-08-20T13:00:00Z,97.205,97.205,97.2,97.205,310.0,97.2035,102
2026-08-20T13:15:00Z,97.205,97.21,97.2,97.205,3418.0,97.205,343
2026-08-20T13:30:00Z,97.205,97.205,97.205,97.205,2970.0,97.205,79
2026-08-20T13:45:00Z,97.205,97.21,97.205,97.21,1148.0,97.206,224
2026-08-20T14:00:00Z,97.21,97.21,97.205,97.21,7463.0,97.21,235
2026-08-20T14:15:00Z,97.21,97.215,97.21,97.215,330.0,97.214,46
2026-08-20T14:30:00Z,97.215,97.215,97.21,97.21,548.0,97.215,161
2026-08-20T14:45:00Z,97.215,97.215,97.21,97.215,804.0,97.214,244
2026-08-20T15:00:00Z,97.215,97.22,97.21,97.22,12608.0,97.215,848
2026-08-20T15:15:00Z,97.215,97.22,97.21,97.215,3145.0,97.215,203
2026-08-20T15:30:00Z,97.215,97.215,97.21,97.21,92.0,97.212,29
2026-08-20T15:45:00Z,97.21,97.215,97.21,97.21,2102.0,97.21,173
2026-08-20T16:00:00Z,97.21,97.215,97.21,97.21,2728.0,97.2105,87
2026-08-20T16:15:00Z,97.21,97.215,97.21,97.215,134.0,97.2115,44
2026-08-20T16:30:00Z,97.215,97.215,97.21,97.215,91.0,97.215,44
2026-08-20T16:45:00Z,97.21,97.215,97.21,97.215,294.0,97.213,36
2026-08-20T17:00:00Z,97.215,97.215,97.215,97.215,1038.0,97.215,59
2026-08-20T17:15:00Z,97.215,97.215,97.215,97.215,1218.0,97.215,40
2026-08-20T17:30:00Z,97.215,97.215,97.21,97.215,1202.0,97.214,47
2026-08-20T17:45:00Z,97.215,97.215,97.215,97.215,383.0,97.215,27
2026-08-20T18:00:00Z,97.215,97.215,97.215,97.215,304.0,97.215,14
2026-08-20T18:15:00Z,97.215,97.215,97.215,97.215,0.0,97.215,0
2026-08-20T18:30:00Z,97.215,97.215,97.215,97.215,449.0,97.215,29
2026-08-20T18:45:00Z,97.215,97.215,97.215,97.215,6.0,97.215,1
2026-08-20T19:00:00Z,97.215,97.215,97.215,97.215,362.0,97.215,15
2026-08-20T19:15:00Z,97.215,97.215,97.215,97.215,0.0,97.215,0
2026-08-20T19:30:00Z,97.215,97.215,97.215,97.215,30.0,97.215,7
2026-08-20T19:45:00Z,97.215,97.215,97.215,97.215,11.0,97.215,8
2026-08-21T00:00:00Z,97.215,97.215,97.215,97.215,130.0,97.215,6
2026-08-21T00:15:00Z,97.215,97.215,97.215,97.215,683.0,97.215,18
2026-08-21T00:30:00Z,97.215,97.215,97.215,97.215,0.0,97.215,0
2026-08-21T00:45:00Z,97.215,97.215,97.215,97.215,0.0,97.215,0
2026-08-21T01:00:00Z,97.215,97.215,97.215,97.215,0.0,97.215,0
2026-08-21T01:15:00Z,97.215,97.215,97.215,97.215,232.0,97.215,5
2026-08-21T01:30:00Z,97.215,97.215,97.215,97.215,88.0,97.215,4
2026-08-21T01:45:00Z,97.215,97.215,97.215,97.215,156.0,97.215,4
2026-08-21T02:00:00Z,97.215,97.215,97.215,97.215,37.0,97.215,3
2026-08-21T02:15:00Z,97.215,97.215,97.215,97.215,0.0,97.215,0
2026-08-21T02:30:00Z,97.215,97.215,97.215,97.215,0.0,97.215,0
2026-08-21T02:45:00Z,97.215,97.215,97.215,97.215,1.0,97.215,1
2026-08-21T03:00:00Z,97.215,97.215,97.215,97.215,0.0,97.215,0
2026-08-21T03:15:00Z,97.215,97.215,97.215,97.215,0.0,97.215,0
2026-08-21T03:30:00Z,97.215,97.215,97.215,97.215,100.0,97.215,3
2026-08-21T03:45:00Z,97.215,97.215,97.215,97.215,0.0,97.215,0
2026-08-21T04:00:00Z,97.215,97.215,97.215,97.215,1.0,97.215,1
2026-08-21T04:15:00Z,97.215,97.215,97.215,97.215,8.0,97.215,1
2026-08-21T04:30:00Z,97.215,97.215,97.215,97.215,0.0,97.215,0
2026-08-21T04:45:00Z,97.215,97.215,97.215,97.215,73.0,97.215,5
2026-08-21T05:00:00Z,97.215,97.215,97.215,97.215,0.0,97.215,0
2026-08-21T05:15:00Z,97.215,97.215,97.215,97.215,0.0,97.215,0
2026-08-21T05:30:00Z,97.215,97.215,97.215,97.215,0.0,97.215,0
2026-08-21T05:45:00Z,97.215,97.215,97.215,97.215,1.0,97.215,1
2026-08-21T06:00:00Z,97.215,97.22,97.215,97.22,298.0,97.2195,51
2026-08-21T06:15:00Z,97.22,97.22,97.215,97.215,259.0,97.2185,36
2026-08-21T06:30:00Z,97.215,97.22,97.215,97.215,122.0,97.215,25
2026-08-21T06:45:00Z,97.215,97.22,97.215,97.22,13.0,97.2155,4
2026-08-21T07:00:00Z,97.22,97.225,97.22,97.225,6067.0,97.2205,250
2026-08-21T07:15:00Z,97.225,97.23,97.225,97.23,2838.0,97.2255,136
2026-08-21T07:30:00Z,97.23,97.23,97.225,97.225,1291.0,97.23,161
2026-08-21T07:45:00Z,97.225,97.23,97.225,97.225,212.0,97.2285,43
2026-08-21T08:00:00Z,97.225,97.225,97.225,97.225,7847.0,97.225,241
2026-08-21T08:15:00Z,97.225,97.23,97.225,97.23,1762.0,97.23,198
2026-08-21T08:30:00Z,97.23,97.23,97.225,97.23,1091.0,97.23,87
2026-08-21T08:45:00Z,97.225,97.23,97.225,97.225,150.0,97.23,28
2026-08-21T09:00:00Z,97.225,97.23,97.225,97.23,3657.0,97.23,179
2026-08-21T09:15:00Z,97.225,97.23,97.225,97.225,210.0,97.225,28
2026-08-21T09:30:00Z,97.225,97.23,97.225,97.225,137.0,97.225,69
2026-08-21T09:45:00Z,97.225,97.23,97.225,97.23,86.0,97.2265,43
2026-08-21T10:00:00Z,97.23,97.23,97.22,97.22,1489.0,97.225,84
2026-08-21T10:15:00Z,97.22,97.22,97.22,97.22,22.0,97.22,15
2026-08-21T10:30:00Z,97.22,97.225,97.22,97.225,1200.0,97.22,60
2026-08-21T10:45:00Z,97.22,97.225,97.22,97.22,137.0,97.2245,7
2026-08-21T11:00:00Z,97.22,97.225,97.215,97.22,1359.0,97.22,125
2026-08-21T11:15:00Z,97.22,97.23,97.22,97.23,4766.0,97.2275,333
2026-08-21T11:30:00Z,97.23,97.24,97.23,97.235,7628.0,97.233,411
2026-08-21T11:45:00Z,97.235,97.235,97.23,97.235,240.0,97.235,35
2026-08-21T12:00:00Z,97.235,97.235,97.225,97.235,1092.0,97.2305,135
2026-08-21T12:15:00Z,97.235,97.235,97.23,97.23,2231.0,97.23,66
2026-08-21T12:30:00Z,97.235,97.235,97.23,97.23,26.0,97.2305,15
2026-08-21T12:45:00Z,97.23,97.235,97.23,97.23,150.0,97.23,29
2026-08-21T13:00:00Z,97.23,97.235,97.23,97.235,31.0,97.232,24
2026-08-21T13:15:00Z,97.23,97.23,97.225,97.225,4721.0,97.23,275
2026-08-21T13:30:00Z,97.225,97.23,97.225,97.23,925.0,97.226,133
2026-08-21T13:45:00Z,97.225,97.23,97.225,97.23,357.0,97.2275,110
2026-08-21T14:00:00Z,97.225,97.23,97.225,97.225,775.0,97.225,112
2026-08-21T14:15:00Z,97.225,97.225,97.22,97.22,5207.0,97.225,236
2026-08-21T14:30:00Z,97.22,97.225,97.22,97.22,1224.0,97.22,124
2026-08-21T14:45:00Z,97.22,97.225,97.22,97.22,156.0,97.2245,52
2026-08-21T15:00:00Z,97.22,97.225,97.215,97.22,1269.0,97.22,387
2026-08-21T15:15:00Z,97.215,97.22,97.215,97.215,27.0,97.218,20
2026-08-21T15:30:00Z,97.22,97.22,97.215,97.22,117.0,97.217,81
2026-08-21T15:45:00Z,97.215,97.22,97.215,97.215,3534.0,97.215,173
2026-08-21T16:00:00Z,97.215,97.215,97.21,97.21,2996.0,97.2115,162
2026-08-21T16:15:00Z,97.21,97.215,97.21,97.215,2680.0,97.215,159
2026-08-21T16:30:00Z,97.21,97.215,97.21,97.21,268.0,97.21,61
2026-08-21T16:45:00Z,97.215,97.215,97.215,97.215,112.0,97.215,31
2026-08-21T17:00:00Z,97.21,97.215,97.21,97.21,119.0,97.214,39
2026-08-21T17:15:00Z,97.21,97.21,97.21,97.21,0.0,97.21,0
2026-08-21T17:30:00Z,97.21,97.21,97.21,97.21,3202.0,97.21,247
2026-08-21T17:45:00Z,97.21,97.21,97.21,97.21,341.0,97.21,16
2026-08-21T18:00:00Z,97.21,97.21,97.21,97.21,417.0,97.21,17
2026-08-21T18:15:00Z,97.21,97.21,97.21,97.21,17.0,97.21,12
2026-08-21T18:30:00Z,97.21,97.21,97.205,97.205,239.0,97.21,22
2026-08-21T18:45:00Z,97.21,97.21,97.21,97.21,15.0,97.21,6
2026-08-21T19:00:00Z,97.21,97.21,97.21,97.21,416.0,97.21,39
2026-08-21T19:15:00Z,97.21,97.21,97.21,97.21,0.0,97.21,0
2026-08-21T19:30:00Z,97.21,97.21,97.21,97.21,0.0,97.21,0
2026-08-21T19:45:00Z,97.21,97.21,97.21,97.21,525.0,97.21,38
2026-08-24T00:00:00Z,97.215,97.215,97.215,97.215,178.0,97.215,22
2026-08-24T00:15:00Z,97.215,97.215,97.215,97.215,1.0,97.215,1
2026-08-24T00:30:00Z,97.215,97.215,97.215,97.215,0.0,97.215,0
2026-08-24T00:45:00Z,97.215,97.215,97.215,97.215,0.0,97.215,0
2026-08-24T01:00:00Z,97.215,97.215,97.215,97.215,0.0,97.215,0
2026-08-24T01:15:00Z,97.215,97.215,97.215,97.215,0.0,97.215,0
2026-08-24T01:30:00Z,97.215,97.215,97.215,97.215,0.0,97.215,0
2026-08-24T01:45:00Z,97.215,97.215,97.215,97.215,0.0,97.215,0
2026-08-24T02:00:00Z,97.215,97.215,97.215,97.215,0.0,97.215,0
2026-08-24T02:15:00Z,97.215,97.215,97.215,97.215,0.0,97.215,0
2026-08-24T02:30:00Z,97.215,97.215,97.215,97.215,0.0,97.215,0
2026-08-24T02:45:00Z,97.215,97.215,97.215,97.215,0.0,97.215,0
2026-08-24T03:00:00Z,97.215,97.215,97.215,97.215,0.0,97.215,0
2026-08-24T03:15:00Z,97.215,97.215,97.215,97.215,0.0,97.215,0
2026-08-24T03:30:00Z,97.215,97.215,97.215,97.215,0.0,97.215,0
2026-08-24T03:45:00Z,97.215,97.215,97.215,97.215,0.0,97.215,0
2026-08-24T04:00:00Z,97.22,97.22,97.22,97.22,17.0,97.22,3
2026-08-24T04:15:00Z,97.22,97.22,97.22,97.22,0.0,97.22,0
2026-08-24T04:30:00Z,97.22,97.22,97.22,97.22,0.0,97.22,0
2026-08-24T04:45:00Z,97.22,97.22,97.22,97.22,0.0,97.22,0
2026-08-24T05:00:00Z,97.22,97.22,97.22,97.22,0.0,97.22,0
2026-08-24T05:15:00Z,97.22,97.22,97.22,97.22,105.0,97.22,20
2026-08-24T05:30:00Z,97.22,97.22,97.22,97.22,0.0,97.22,0
2026-08-24T05:45:00Z,97.22,97.22,97.22,97.22,605.0,97.22,35
2026-08-24T06:00:00Z,97.22,97.225,97.22,97.225,14.0,97.2225,14
2026-08-24T06:15:00Z,97.225,97.225,97.225,97.225,112.0,97.225,35
2026-08-24T06:30:00Z,97.225,97.225,97.22,97.22,231.0,97.225,98
2026-08-24T06:45:00Z,97.22,97.225,97.22,97.225,12.0,97.2235,11
2026-08-24T07:00:00Z,97.225,97.225,97.225,97.225,118.0,97.225,37
2026-08-24T07:15:00Z,97.225,97.225,97.215,97.22,4588.0,97.22,288
2026-08-24T07:30:00Z,97.215,97.22,97.215,97.22,880.0,97.22,59
2026-08-24T07:45:00Z,97.22,97.22,97.215,97.22,762.0,97.22,65
2026-08-24T08:00:00Z,97.22,97.225,97.215,97.22,1989.0,97.22,119
2026-08-24T08:15:00Z,97.22,97.22,97.215,97.22,181.0,97.217,74
2026-08-24T08:30:00Z,97.215,97.22,97.215,97.215,44.0,97.2185,20
2026-08-24T08:45:00Z,97.215,97.22,97.215,97.22,2089.0,97.22,204
2026-08-24T09:00:00Z,97.22,97.22,97.215,97.215,193.0,97.22,45
2026-08-24T09:15:00Z,97.22,97.22,97.215,97.215,1300.0,97.215,149
2026-08-24T09:30:00Z,97.215,97.215,97.215,97.215,1223.0,97.215,130
2026-08-24T09:45:00Z,97.215,97.22,97.215,97.215,227.0,97.2155,52
2026-08-24T10:00:00Z,97.215,97.215,97.215,97.215,753.0,97.215,46
2026-08-24T10:15:00Z,97.215,97.22,97.21,97.215,472.0,97.215,39
2026-08-24T10:30:00Z,97.215,97.215,97.21,97.21,577.0,97.215,72
2026-08-24T10:45:00Z,97.21,97.215,97.205,97.21,2407.0,97.21,189
2026-08-24T11:00:00Z,97.21,97.21,97.205,97.205,335.0,97.208,55
2026-08-24T11:15:00Z,97.21,97.21,97.205,97.205,95.0,97.2065,35
2026-08-24T11:30:00Z,97.21,97.21,97.205,97.205,2173.0,97.21,224
2026-08-24T11:45:00Z,97.21,97.21,97.205,97.205,409.0,97.2085,50
2026-08-24T12:00:00Z,97.205,97.21,97.2,97.2,1369.0,97.205,99
2026-08-24T12:15:00Z,97.205,97.205,97.2,97.2,168.0,97.2005,43
2026-08-24T12:30:00Z,97.2,97.205,97.195,97.205,6406.0,97.2015,482
2026-08-24T12:45:00Z,97.2,97.2,97.195,97.195,3442.0,97.198,196
2026-08-24T13:00:00Z,97.195,97.195,97.185,97.185,8455.0,97.192,421
2026-08-24T13:15:00Z,97.185,97.195,97.185,97.19,8383.0,97.19,454
2026-08-24T13:30:00Z,97.19,97.195,97.19,97.195,2346.0,97.195,143
2026-08-24T13:45:00Z,97.195,97.2,97.195,97.195,780.0,97.195,67
2026-08-24T14:00:00Z,97.195,97.195,97.185,97.185,12220.0,97.193,402
2026-08-24T14:15:00Z,97.185,97.19,97.185,97.19,78.0,97.1855,70
2026-08-24T14:30:00Z,97.185,97.195,97.185,97.19,5240.0,97.19,250
2026-08-24T14:45:00Z,97.19,97.19,97.19,97.19,6611.0,97.19,317
2026-08-24T15:00:00Z,97.185,97.195,97.185,97.19,1977.0,97.191,335
2026-08-24T15:15:00Z,97.19,97.2,97.19,97.2,1568.0,97.195,196
2026-08-24T15:30:00Z,97.2,97.2,97.19,97.19,1341.0,97.195,133
2026-08-24T15:45:00Z,97.19,97.19,97.19,97.19,104.0,97.19,24
2026-08-24T16:00:00Z,97.195,97.195,97.19,97.19,7081.0,97.1945,250
2026-08-24T16:15:00Z,97.195,97.195,97.19,97.19,284.0,97.195,66
2026-08-24T16:30:00Z,97.19,97.19,97.19,97.19,441.0,97.19,54
2026-08-24T16:45:00Z,97.19,97.19,97.19,97.19,965.0,97.19,76
2026-08-24T17:00:00Z,97.195,97.2,97.195,97.2,1680.0,97.197,63
2026-08-24T17:15:00Z,97.2,97.2,97.2,97.2,115.0,97.2,37
2026-08-24T17:30:00Z,97.2,97.2,97.2,97.2,0.0,97.2,0
2026-08-24T17:45:00Z,97.2,97.2,97.2,97.2,0.0,97.2,0
2026-08-24T18:00:00Z,97.2,97.2,97.2,97.2,60.0,97.2,10
2026-08-24T18:15:00Z,97.195,97.195,97.195,97.195,191.0,97.195,34
2026-08-24T18:30:00Z,97.2,97.2,97.2,97.2,77.0,97.2,17
2026-08-24T18:45:00Z,97.2,97.2,97.2,97.2,0.0,97.2,0
2026-08-24T19:00:00Z,97.2,97.2,97.2,97.2,0.0,97.2,0
2026-08-24T19:15:00Z,97.2,97.2,97.2,97.2,0.0,97.2,0
2026-08-24T19:30:00Z,97.2,97.2,97.2,97.2,1.0,97.2,1
2026-08-24T19:45:00Z,97.195,97.2,97.195,97.2,202.0,97.195,19
2026-08-25T00:00:00Z,97.195,97.195,97.195,97.195,6.0,97.195,2
2026-08-25T00:15:00Z,97.195,97.195,97.195,97.195,0.0,97.195,0
2026-08-25T00:30:00Z,97.195,97.195,97.195,97.195,0.0,97.195,0
2026-08-25T00:45:00Z,97.195,97.195,97.195,97.195,0.0,97.195,0
2026-08-25T01:00:00Z,97.195,97.195,97.195,97.195,40.0,97.195,4
2026-08-25T01:15:00Z,97.2,97.2,97.195,97.195,201.0,97.2,9
2026-08-25T01:30:00Z,97.195,97.195,97.195,97.195,2.0,97.195,2
2026-08-25T01:45:00Z,97.195,97.195,97.195,97.195,9.0,97.195,5
2026-08-25T02:00:00Z,97.195,97.195,97.195,97.195,0.0,97.195,0
2026-08-25T02:15:00Z,97.195,97.195,97.195,97.195,0.0,97.195,0
2026-08-25T02:30:00Z,97.195,97.195,97.195,97.195,0.0,97.195,0
2026-08-25T02:45:00Z,97.195,97.195,97.195,97.195,0.0,97.195,0
2026-08-25T03:00:00Z,97.195,97.195,97.195,97.195,300.0,97.195,5
2026-08-25T03:15:00Z,97.195,97.195,97.195,97.195,0.0,97.195,0
2026-08-25T03:30:00Z,97.195,97.195,97.195,97.195,0.0,97.195,0
2026-08-25T03:45:00Z,97.195,97.195,97.195,97.195,1.0,97.195,1
2026-08-25T04:00:00Z,97.195,97.195,97.195,97.195,1.0,97.195,1
2026-08-25T04:15:00Z,97.195,97.195,97.195,97.195,1.0,97.195,1
2026-08-25T04:30:00Z,97.195,97.195,97.195,97.195,1.0,97.195,1
2026-08-25T04:45:00Z,97.195,97.195,97.195,97.195,1.0,97.195,1
2026-08-25T05:00:00Z,97.195,97.195,97.195,97.195,0.0,97.195,0
2026-08-25T05:15:00Z,97.195,97.195,97.195,97.195,5.0,97.195,4
2026-08-25T05:30:00Z,97.195,97.195,97.195,97.195,1.0,97.195,1
2026-08-25T05:45:00Z,97.195,97.195,97.195,97.195,2.0,97.195,2
2026-08-25T06:00:00Z,97.195,97.2,97.195,97.2,143.0,97.1985,45
2026-08-25T06:15:00Z,97.195,97.2,97.195,97.2,964.0,97.2,84
2026-08-25T06:30:00Z,97.2,97.2,97.195,97.2,1213.0,97.1995,100
2026-08-25T06:45:00Z,97.2,97.205,97.2,97.2,175.0,97.203,50
2026-08-25T07:00:00Z,97.205,97.205,97.195,97.195,1596.0,97.1995,143
2026-08-25T07:15:00Z,97.195,97.195,97.195,97.195,204.0,97.195,54
2026-08-25T07:30:00Z,97.195,97.195,97.19,97.195,2830.0,97.195,168
2026-08-25T07:45:00Z,97.195,97.195,97.19,97.19,537.0,97.195,97
2026-08-25T08:00:00Z,97.19,97.19,97.185,97.185,912.0,97.189,116
2026-08-25T08:15:00Z,97.185,97.2,97.185,97.19,6695.0,97.1935,352
2026-08-25T08:30:00Z,97.19,97.195,97.19,97.195,2419.0,97.195,185
2026-08-25T08:45:00Z,97.195,97.195,97.195,97.195,229.0,97.195,38
2026-08-25T09:00:00Z,97.195,97.2,97.195,97.2,4293.0,97.2,281
2026-08-25T09:15:00Z,97.2,97.205,97.2,97.205,2932.0,97.205,221
2026-08-25T09:30:00Z,97.205,97.215,97.205,97.21,2456.0,97.21,234
2026-08-25T09:45:00Z,97.21,97.22,97.21,97.215,4156.0,97.215,341
2026-08-25T10:00:00Z,97.215,97.22,97.21,97.215,2406.0,97.214,165
2026-08-25T10:15:00Z,97.215,97.22,97.215,97.215,918.0,97.215,74
2026-08-25T10:30:00Z,97.22,97.22,97.21,97.215,2332.0,97.2155,171
2026-08-25T10:45:00Z,97.215,97.215,97.215,97.215,3200.0,97.215,130
2026-08-25T11:00:00Z,97.215,97.215,97.21,97.21,314.0,97.2135,62
2026-08-25T11:15:00Z,97.215,97.215,97.21,97.215,43.0,97.2145,14
2026-08-25T11:30:00Z,97.215,97.22,97.215,97.22,3854.0,97.219,308
2026-08-25T11:45:00Z,97.22,97.225,97.215,97.215,1129.0,97.2205,101
2026-08-25T12:00:00Z,97.215,97.22,97.215,97.22,492.0,97.2195,119
2026-08-25T12:15:00Z,97.22,97.22,97.215,97.215,406.0,97.2165,123
2026-08-25T12:30:00Z,97.215,97.22,97.215,97.215,411.0,97.215,101
2026-08-25T12:45:00Z,97.215,97.225,97.215,97.22,6135.0,97.22,303
2026-08-25T13:00:00Z,97.22,97.23,97.22,97.225,3447.0,97.225,262
2026-08-25T13:15:00Z,97.225,97.225,97.22,97.22,1160.0,97.2215,145
2026-08-25T13:30:00Z,97.22,97.225,97.22,97.22,597.0,97.223,112
2026-08-25T13:45:00Z,97.22,97.225,97.22,97.22,681.0,97.222,176
2026-08-25T14:00:00Z,97.22,97.225,97.22,97.22,443.0,97.2215,157
2026-08-25T14:15:00Z,97.22,97.225,97.22,97.22,76.0,97.2205,50
2026-08-25T14:30:00Z,97.22,97.225,97.22,97.22,4514.0,97.22,287
2026-08-25T14:45:00Z,97.22,97.23,97.22,97.225,4663.0,97.225,260
2026-08-25T15:00:00Z,97.225,97.225,97.22,97.22,1911.0,97.2235,368
2026-08-25T15:15:00Z,97.225,97.225,97.22,97.225,3295.0,97.225,301
2026-08-25T15:30:00Z,97.225,97.235,97.225,97.23,3340.0,97.231,389
2026-08-25T15:45:00Z,97.23,97.235,97.225,97.235,1466.0,97.23,161
2026-08-25T16:00:00Z,97.23,97.23,97.225,97.23,7497.0,97.23,213
2026-08-25T16:15:00Z,97.23,97.235,97.23,97.235,1387.0,97.23,61
2026-08-25T16:30:00Z,97.23,97.235,97.23,97.235,535.0,97.234,117
2026-08-25T16:45:00Z,97.23,97.235,97.23,97.235,122.0,97.23,18
2026-08-25T17:00:00Z,97.235,97.235,97.235,97.235,140.0,97.235,17
2026-08-25T17:15:00Z,97.23,97.23,97.23,97.23,8.0,97.23,2
2026-08-25T17:30:00Z,97.23,97.23,97.23,97.23,594.0,97.23,48
2026-08-25T17:45:00Z,97.23,97.23,97.23,97.23,724.0,97.23,48
2026-08-25T18:00:00Z,97.23,97.23,97.23,97.23,66.0,97.23,7
2026-08-25T18:15:00Z,97.235,97.235,97.23,97.23,196.0,97.23,24
2026-08-25T18:30:00Z,97.23,97.23,97.225,97.225,200.0,97.23,15
2026-08-25T18:45:00Z,97.23,97.23,97.23,97.23,2.0,97.23,2
2026-08-25T19:00:00Z,97.23,97.23,97.23,97.23,119.0,97.23,18
2026-08-25T19:15:00Z,97.235,97.26,97.235,97.255,13497.0,97.2455,785
2026-08-25T19:30:00Z,97.25,97.26,97.25,97.255,3206.0,97.255,246
2026-08-25T19:45:00Z,97.255,97.265,97.255,97.265,7381.0,97.2605,426
2026-08-26T00:00:00Z,97.265,97.265,97.26,97.26,459.0,97.26,39
2026-08-26T00:15:00Z,97.26,97.26,97.255,97.255,403.0,97.2595,39
2026-08-26T00:30:00Z,97.255,97.255,97.255,97.255,574.0,97.255,26
2026-08-26T00:45:00Z,97.255,97.255,97.255,97.255,264.0,97.255,11
2026-08-26T01:00:00Z,97.255,97.255,97.255,97.255,214.0,97.255,12
2026-08-26T01:15:00Z,97.255,97.255,97.255,97.255,138.0,97.255,3
2026-08-26T01:30:00Z,97.255,97.255,97.255,97.255,55.0,97.255,5
2026-08-26T01:45:00Z,97.255,97.255,97.255,97.255,0.0,97.255,0
2026-08-26T02:00:00Z,97.255,97.255,97.255,97.255,164.0,97.255,24
2026-08-26T02:15:00Z,97.255,97.255,97.255,97.255,103.0,97.255,6
2026-08-26T02:30:00Z,97.255,97.255,97.255,97.255,38.0,97.255,2
2026-08-26T02:45:00Z,97.255,97.255,97.255,97.255,0.0,97.255,0
2026-08-26T03:00:00Z,97.255,97.255,97.255,97.255,0.0,97.255,0
2026-08-26T03:15:00Z,97.26,97.26,97.26,97.26,1.0,97.26,1
2026-08-26T03:30:00Z,97.255,97.255,97.255,97.255,77.0,97.255,12
2026-08-26T03:45:00Z,97.255,97.255,97.255,97.255,665.0,97.255,23
2026-08-26T04:00:00Z,97.255,97.255,97.255,97.255,0.0,97.255,0
2026-08-26T04:15:00Z,97.255,97.255,97.255,97.255,0.0,97.255,0
2026-08-26T04:30:00Z,97.255,97.255,97.255,97.255,0.0,97.255,0
2026-08-26T04:45:00Z,97.255,97.255,97.255,97.255,137.0,97.255,14
2026-08-26T05:00:00Z,97.255,97.255,97.255,97.255,53.0,97.255,3
2026-08-26T05:15:00Z,97.25,97.25,97.245,97.245,2358.0,97.2485,128
2026-08-26T05:30:00Z,97.25,97.25,97.25,97.25,705.0,97.25,17
2026-08-26T05:45:00Z,97.25,97.25,97.25,97.25,20.0,97.25,17
2026-08-26T06:00:00Z,97.25,97.25,97.25,97.25,1983.0,97.25,208
2026-08-26T06:15:00Z,97.25,97.25,97.245,97.245,1379.0,97.25,41
2026-08-26T06:30:00Z,97.25,97.255,97.25,97.25,1634.0,97.25,89
2026-08-26T06:45:00Z,97.25,97.255,97.245,97.25,2557.0,97.2495,118
2026-08-26T07:00:00Z,97.25,97.25,97.245,97.245,196.0,97.25,26
2026-08-26T07:15:00Z,97.245,97.245,97.24,97.24,4272.0,97.2435,280
2026-08-26T07:30:00Z,97.235,97.245,97.235,97.245,2204.0,97.2385,189
2026-08-26T07:45:00Z,97.24,97.245,97.24,97.245,1626.0,97.243,108
2026-08-26T08:00:00Z,97.245,97.245,97.24,97.24,1781.0,97.24,165
2026-08-26T08:15:00Z,97.24,97.245,97.235,97.24,1322.0,97.24,107
2026-08-26T08:30:00Z,97.24,97.245,97.24,97.24,4057.0,97.24,109
2026-08-26T08:45:00Z,97.24,97.24,97.24,97.24,296.0,97.24,20
2026-08-26T09:00:00Z,97.24,97.24,97.235,97.24,1914.0,97.24,65
2026-08-26T09:15:00Z,97.24,97.24,97.235,97.235,581.0,97.24,58
2026-08-26T09:30:00Z,97.235,97.24,97.235,97.24,1679.0,97.235,85
2026-08-26T09:45:00Z,97.235,97.24,97.235,97.235,155.0,97.235,18
2026-08-26T10:00:00Z,97.235,97.235,97.235,97.235,155.0,97.235,14
2026-08-26T10:15:00Z,97.24,97.24,97.235,97.235,179.0,97.235,9
2026-08-26T10:30:00Z,97.235,97.24,97.235,97.235,1385.0,97.235,89
2026-08-26T10:45:00Z,97.235,97.24,97.235,97.235,1235.0,97.235,112
2026-08-26T11:00:00Z,97.235,97.235,97.235,97.235,811.0,97.235,138
2026-08-26T11:15:00Z,97.235,97.235,97.23,97.235,619.0,97.23,54
2026-08-26T11:30:00Z,97.235,97.24,97.235,97.24,1283.0,97.2355,100
2026-08-26T11:45:00Z,97.24,97.24,97.235,97.24,264.0,97.2375,61
2026-08-26T12:00:00Z,97.24,97.245,97.24,97.24,5306.0,97.24,365
2026-08-26T12:15:00Z,97.24,97.245,97.24,97.24,1951.0,97.24,98
2026-08-26T12:30:00Z,97.24,97.24,97.235,97.235,3404.0,97.235,255
2026-08-26T12:45:00Z,97.235,97.235,97.23,97.23,2121.0,97.23,177
2026-08-26T13:00:00Z,97.23,97.235,97.225,97.225,1738.0,97.23,121
2026-08-26T13:15:00Z,97.225,97.23,97.225,97.23,1585.0,97.225,94
2026-08-26T13:30:00Z,97.23,97.23,97.225,97.225,428.0,97.228,78
2026-08-26T13:45:00Z,97.225,97.225,97.22,97.225,2895.0,97.2235,185
2026-08-26T14:00:00Z,97.225,97.225,97.22,97.225,1801.0,97.22,159
2026-08-26T14:15:00Z,97.22,97.22,97.215,97.22,1046.0,97.22,101
2026-08-26T14:30:00Z,97.22,97.225,97.22,97.225,483.0,97.225,94
2026-08-26T14:45:00Z,97.225,97.225,97.22,97.22,2767.0,97.22,159
2026-08-26T15:00:00Z,97.22,97.22,97.215,97.22,5291.0,97.2195,466
2026-08-26T15:15:00Z,97.215,97.22,97.21,97.22,5292.0,97.215,233
2026-08-26T15:30:00Z,97.215,97.22,97.215,97.215,1533.0,97.215,66
2026-08-26T15:45:00Z,97.22,97.22,97.21,97.21,4799.0,97.211,262
2026-08-26T16:00:00Z,97.21,97.21,97.205,97.205,1132.0,97.21,74
2026-08-26T16:15:00Z,97.21,97.21,97.205,97.205,4841.0,97.205,162
2026-08-26T16:30:00Z,97.205,97.205,97.2,97.2,230.0,97.2,28
2026-08-26T16:45:00Z,97.2,97.205,97.2,97.205,332.0,97.2015,62
2026-08-26T17:00:00Z,97.205,97.205,97.205,97.205,1799.0,97.205,117
2026-08-26T17:15:00Z,97.205,97.205,97.205,97.205,4.0,97.205,2
2026-08-26T17:30:00Z,97.205,97.205,97.205,97.205,0.0,97.205,0
2026-08-26T17:45:00Z,97.205,97.205,97.205,97.205,0.0,97.205,0
2026-08-26T18:00:00Z,97.21,97.21,97.21,97.21,109.0,97.21,15
2026-08-26T18:15:00Z,97.21,97.21,97.21,97.21,1054.0,97.21,43
2026-08-26T18:30:00Z,97.21,97.21,97.21,97.21,514.0,97.21,27
2026-08-26T18:45:00Z,97.21,97.21,97.21,97.21,6.0,97.21,4
2026-08-26T19:00:00Z,97.21,97.21,97.21,97.21,0.0,97.21,0
2026-08-26T19:15:00Z,97.21,97.21,97.21,97.21,0.0,97.21,0
2026-08-26T19:30:00Z,97.21,97.215,97.21,97.215,150.0,97.215,26
2026-08-26T19:45:00Z,97.215,97.215,97.21,97.21,259.0,97.215,30
2026-08-27T00:00:00Z,97.215,97.215,97.215,97.215,195.0,97.215,11
2026-08-27T00:15:00Z,97.215,97.215,97.215,97.215,54.0,97.215,10
2026-08-27T00:30:00Z,97.215,97.215,97.215,97.215,44.0,97.215,4
2026-08-27T00:45:00Z,97.215,97.215,97.215,97.215,15.0,97.215,4
2026-08-27T01:00:00Z,97.215,97.215,97.215,97.215,0.0,97.215,0
2026-08-27T01:15:00Z,97.21,97.21,97.21,97.21,161.0,97.21,28
2026-08-27T01:30:00Z,97.21,97.21,97.21,97.21,0.0,97.21,0
2026-08-27T01:45:00Z,97.21,97.21,97.21,97.21,0.0,97.21,0
2026-08-27T02:00:00Z,97.21,97.21,97.21,97.21,0.0,97.21,0
2026-08-27T02:15:00Z,97.215,97.215,97.215,97.215,9.0,97.215,4
2026-08-27T02:30:00Z,97.215,97.215,97.215,97.215,2.0,97.215,1
2026-08-27T02:45:00Z,97.215,97.215,97.215,97.215,0.0,97.215,0
2026-08-27T03:00:00Z,97.215,97.215,97.215,97.215,0.0,97.215,0
2026-08-27T03:15:00Z,97.215,97.215,97.215,97.215,0.0,97.215,0
2026-08-27T03:30:00Z,97.215,97.215,97.215,97.215,0.0,97.215,0
2026-08-27T03:45:00Z,97.215,97.215,97.215,97.215,0.0,97.215,0
2026-08-27T04:00:00Z,97.215,97.215,97.215,97.215,0.0,97.215,0
2026-08-27T04:15:00Z,97.215,97.215,97.215,97.215,0.0,97.215,0
2026-08-27T04:30:00Z,97.215,97.215,97.215,97.215,0.0,97.215,0
2026-08-27T04:45:00Z,97.21,97.21,97.21,97.21,751.0,97.21,44
2026-08-27T05:00:00Z,97.21,97.21,97.21,97.21,124.0,97.21,7
2026-08-27T05:15:00Z,97.215,97.215,97.215,97.215,135.0,97.215,25
2026-08-27T05:30:00Z,97.215,97.215,97.215,97.215,267.0,97.215,16
2026-08-27T05:45:00Z,97.215,97.215,97.215,97.215,250.0,97.215,3
2026-08-27T06:00:00Z,97.215,97.22,97.215,97.22,240.0,97.2195,40
2026-08-27T06:15:00Z,97.22,97.22,97.22,97.22,65.0,97.22,27
2026-08-27T06:30:00Z,97.22,97.22,97.215,97.215,243.0,97.2155,62
2026-08-27T06:45:00Z,97.22,97.22,97.22,97.22,983.0,97.22,101
2026-08-27T07:00:00Z,97.22,97.225,97.22,97.225,1042.0,97.22,103
2026-08-27T07:15:00Z,97.225,97.225,97.22,97.225,69.0,97.2245,69
2026-08-27T07:30:00Z,97.225,97.225,97.22,97.22,3937.0,97.22,273
2026-08-27T07:45:00Z,97.22,97.22,97.215,97.215,541.0,97.216,65
2026-08-27T08:00:00Z,97.22,97.22,97.215,97.215,1214.0,97.215,78
2026-08-27T08:15:00Z,97.21,97.21,97.21,97.21,1.0,97.21,1
2026-08-27T08:30:00Z,97.21,97.21,97.21,97.21,224.0,97.21,32
2026-08-27T08:45:00Z,97.215,97.215,97.21,97.21,569.0,97.212,70
2026-08-27T09:00:00Z,97.21,97.215,97.205,97.205,2752.0,97.21,177
2026-08-27T09:15:00Z,97.21,97.21,97.21,97.21,492.0,97.21,24
2026-08-27T09:30:00Z,97.205,97.205,97.205,97.205,282.0,97.205,58
2026-08-27T09:45:00Z,97.205,97.21,97.205,97.21,1249.0,97.2095,153
2026-08-27T10:00:00Z,97.205,97.205,97.205,97.205,30.0,97.205,10
2026-08-27T10:15:00Z,97.205,97.205,97.205,97.205,1217.0,97.205,60
2026-08-27T10:30:00Z,97.2,97.205,97.2,97.205,2120.0,97.205,135
2026-08-27T10:45:00Z,97.21,97.21,97.205,97.205,1456.0,97.206,110
2026-08-27T11:00:00Z,97.205,97.21,97.205,97.21,2569.0,97.205,133
2026-08-27T11:15:00Z,97.21,97.21,97.205,97.205,14.0,97.2055,8
2026-08-27T11:30:00Z,97.2,97.215,97.2,97.21,8662.0,97.21,391
2026-08-27T11:45:00Z,97.21,97.21,97.205,97.21,3236.0,97.21,367
2026-08-27T12:00:00Z,97.21,97.21,97.205,97.21,1039.0,97.21,302
2026-08-27T12:15:00Z,97.215,97.215,97.21,97.215,134.0,97.2125,23
2026-08-27T12:30:00Z,97.21,97.215,97.21,97.21,2166.0,97.21,86
2026-08-27T12:45:00Z,97.21,97.21,97.205,97.21,2652.0,97.2065,275
2026-08-27T13:00:00Z,97.21,97.21,97.205,97.205,1996.0,97.21,51
2026-08-27T13:15:00Z,97.21,97.21,97.205,97.21,133.0,97.21,12
2026-08-27T13:30:00Z,97.205,97.21,97.205,97.205,1015.0,97.205,70
2026-08-27T13:45:00Z,97.205,97.21,97.205,97.205,2501.0,97.205,96
2026-08-27T14:00:00Z,97.205,97.205,97.205,97.205,53.0,97.205,7
2026-08-27T14:15:00Z,97.205,97.21,97.205,97.205,141.0,97.208,29
2026-08-27T14:30:00Z,97.205,97.21,97.205,97.205,1744.0,97.2095,151
2026-08-27T14:45:00Z,97.21,97.215,97.21,97.21,5449.0,97.21,163
2026-08-27T15:00:00Z,97.21,97.21,97.205,97.205,2852.0,97.21,233
2026-08-27T15:15:00Z,97.21,97.21,97.205,97.205,1459.0,97.205,116
2026-08-27T15:30:00Z,97.205,97.21,97.205,97.205,1291.0,97.205,80
2026-08-27T15:45:00Z,97.205,97.205,97.2,97.205,7971.0,97.205,561
2026-08-27T16:00:00Z,97.2,97.205,97.2,97.2,446.0,97.2015,97
2026-08-27T16:15:00Z,97.2,97.205,97.2,97.205,118.0,97.2005,40
2026-08-27T16:30:00Z,97.2,97.205,97.2,97.205,558.0,97.2,59
2026-08-27T16:45:00Z,97.2,97.205,97.2,97.2,694.0,97.2,112
2026-08-27T17:00:00Z,97.2,97.2,97.2,97.2,143.0,97.2,9
2026-08-27T17:15:00Z,97.2,97.2,97.2,97.2,200.0,97.2,26
2026-08-27T17:30:00Z,97.2,97.2,97.2,97.2,0.0,97.2,0
2026-08-27T17:45:00Z,97.2,97.2,97.2,97.2,1454.0,97.2,62
2026-08-27T18:00:00Z,97.195,97.195,97.195,97.195,322.0,97.195,35
2026-08-27T18:15:00Z,97.195,97.195,97.195,97.195,1000.0,97.195,24
2026-08-27T18:30:00Z,97.195,97.195,97.195,97.195,50.0,97.195,11
2026-08-27T18:45:00Z,97.195,97.195,97.195,97.195,27.0,97.195,3
2026-08-27T19:00:00Z,97.2,97.2,97.195,97.195,1104.0,97.195,67
2026-08-27T19:15:00Z,97.195,97.195,97.195,97.195,174.0,97.195,7
2026-08-27T19:30:00Z,97.195,97.195,97.195,97.195,391.0,97.195,29
2026-08-27T19:45:00Z,97.195,97.195,97.195,97.195,13.0,97.195,6
2026-08-28T00:00:00Z,97.2,97.2,97.195,97.2,161.0,97.198,21
2026-08-28T00:15:00Z,97.195,97.195,97.195,97.195,5.0,97.195,4
2026-08-28T00:30:00Z,97.195,97.195,97.195,97.195,0.0,97.195,0
2026-08-28T00:45:00Z,97.195,97.195,97.195,97.195,0.0,97.195,0
2026-08-28T01:00:00Z,97.195,97.195,97.195,97.195,0.0,97.195,0
2026-08-28T01:15:00Z,97.195,97.195,97.195,97.195,0.0,97.195,0
2026-08-28T01:30:00Z,97.195,97.195,97.195,97.195,0.0,97.195,0
2026-08-28T01:45:00Z,97.2,97.2,97.2,97.2,5.0,97.2,4
2026-08-28T02:00:00Z,97.2,97.2,97.2,97.2,0.0,97.2,0
2026-08-28T02:15:00Z,97.2,97.2,97.2,97.2,0.0,97.2,0
2026-08-28T02:30:00Z,97.195,97.195,97.195,97.195,37.0,97.195,8
2026-08-28T02:45:00Z,97.195,97.195,97.195,97.195,0.0,97.195,0
2026-08-28T03:00:00Z,97.195,97.195,97.195,97.195,1.0,97.195,1
2026-08-28T03:15:00Z,97.195,97.195,97.195,97.195,0.0,97.195,0
2026-08-28T03:30:00Z,97.195,97.195,97.195,97.195,112.0,97.195,6
2026-08-28T03:45:00Z,97.195,97.195,97.195,97.195,0.0,97.195,0
2026-08-28T04:00:00Z,97.195,97.195,97.195,97.195,81.0,97.195,5
2026-08-28T04:15:00Z,97.2,97.2,97.2,97.2,2.0,97.2,2
2026-08-28T04:30:00Z,97.2,97.2,97.2,97.2,0.0,97.2,0
2026-08-28T04:45:00Z,97.195,97.195,97.195,97.195,1.0,97.195,1
2026-08-28T05:00:00Z,97.195,97.195,97.195,97.195,0.0,97.195,0
2026-08-28T05:15:00Z,97.195,97.195,97.195,97.195,0.0,97.195,0
2026-08-28T05:30:00Z,97.2,97.2,97.2,97.2,270.0,97.2,34
2026-08-28T05:45:00Z,97.195,97.195,97.195,97.195,2.0,97.195,2
2026-08-28T06:00:00Z,97.195,97.195,97.195,97.195,66.0,97.195,38
2026-08-28T06:15:00Z,97.195,97.2,97.19,97.19,5728.0,97.195,232
2026-08-28T06:30:00Z,97.19,97.195,97.185,97.195,6966.0,97.1925,220
2026-08-28T06:45:00Z,97.195,97.2,97.195,97.2,1601.0,97.197,88
2026-08-28T07:00:00Z,97.205,97.21,97.205,97.205,11319.0,97.209,377
2026-08-28T07:15:00Z,97.205,97.21,97.205,97.21,2254.0,97.2085,219
2026-08-28T07:30:00Z,97.215,97.215,97.205,97.205,2963.0,97.211,250
2026-08-28T07:45:00Z,97.205,97.21,97.205,97.205,230.0,97.2065,65
2026-08-28T08:00:00Z,97.205,97.21,97.205,97.21,102.0,97.205,42
2026-08-28T08:15:00Z,97.205,97.21,97.205,97.205,8.0,97.2055,8
2026-08-28T08:30:00Z,97.21,97.21,97.205,97.21,2996.0,97.21,150
2026-08-28T08:45:00Z,97.205,97.21,97.205,97.21,1874.0,97.21,243
2026-08-28T09:00:00Z,97.21,97.21,97.205,97.205,2156.0,97.21,152
2026-08-28T09:15:00Z,97.205,97.21,97.2,97.2,2214.0,97.205,143
2026-08-28T09:30:00Z,97.2,97.205,97.2,97.2,275.0,97.2,64
2026-08-28T09:45:00Z,97.2,97.205,97.2,97.2,240.0,97.2,102
2026-08-28T10:00:00Z,97.2,97.205,97.2,97.205,9155.0,97.2045,243
2026-08-28T10:15:00Z,97.205,97.21,97.205,97.205,117.0,97.205,102
2026-08-28T10:30:00Z,97.205,97.205,97.2,97.205,3059.0,97.205,298
2026-08-28T10:45:00Z,97.2,97.2,97.2,97.2,1385.0,97.2,149
2026-08-28T11:00:00Z,97.2,97.205,97.2,97.2,411.0,97.201,155
2026-08-28T11:15:00Z,97.2,97.205,97.195,97.2,5016.0,97.2,226
2026-08-28T11:30:00Z,97.2,97.2,97.195,97.195,2534.0,97.2,260
2026-08-28T11:45:00Z,97.195,97.2,97.195,97.2,2957.0,97.199,160
2026-08-28T12:00:00Z,97.2,97.205,97.2,97.2,148.0,97.203,111
2026-08-28T12:15:00Z,97.205,97.205,97.2,97.2,767.0,97.2005,162
2026-08-28T12:30:00Z,97.2,97.205,97.2,97.2,74.0,97.2005,44
2026-08-28T12:45:00Z,97.205,97.21,97.2,97.205,4031.0,97.205,294
2026-08-28T13:00:00Z,97.205,97.205,97.2,97.2,368.0,97.205,60
2026-08-28T13:15:00Z,97.2,97.205,97.2,97.2,124.0,97.204,37
2026-08-28T13:30:00Z,97.205,97.205,97.2,97.205,185.0,97.2045,39
2026-08-28T13:45:00Z,97.2,97.21,97.2,97.205,3943.0,97.2065,262
2026-08-28T14:00:00Z,97.2,97.215,97.195,97.195,9395.0,97.2045,613
2026-08-28T14:15:00Z,97.195,97.195,97.185,97.185,2901.0,97.19,291
2026-08-28T14:30:00Z,97.19,97.21,97.185,97.205,19438.0,97.2,700
2026-08-28T14:45:00Z,97.205,97.205,97.195,97.2,7107.0,97.203,261
2026-08-28T15:00:00Z,97.2,97.2,97.185,97.185,1894.0,97.1905,298
2026-08-28T15:15:00Z,97.185,97.19,97.185,97.19,4444.0,97.19,357
2026-08-28T15:30:00Z,97.19,97.19,97.185,97.19,5745.0,97.19,226
2026-08-28T15:45:00Z,97.185,97.19,97.185,97.19,4492.0,97.19,258
2026-08-28T16:00:00Z,97.19,97.195,97.19,97.195,296.0,97.1915,34
2026-08-28T16:15:00Z,97.19,97.195,97.19,97.195,1575.0,97.19,69
2026-08-28T16:30:00Z,97.19,97.195,97.19,97.195,3123.0,97.1945,355
2026-08-28T16:45:00Z,97.195,97.195,97.195,97.195,549.0,97.195,42
2026-08-28T17:00:00Z,97.195,97.2,97.195,97.195,405.0,97.195,20
2026-08-28T17:15:00Z,97.195,97.195,97.19,97.195,99.0,97.195,15
2026-08-28T17:30:00Z,97.195,97.195,97.195,97.195,279.0,97.195,18
2026-08-28T17:45:00Z,97.195,97.195,97.195,97.195,7.0,97.195,3
2026-08-28T18:00:00Z,97.195,97.195,97.195,97.195,5.0,97.195,2
2026-08-28T18:15:00Z,97.195,97.195,97.195,97.195,11.0,97.195,5
2026-08-28T18:30:00Z,97.195,97.195,97.195,97.195,5.0,97.195,1
2026-08-28T18:45:00Z,97.195,97.195,97.195,97.195,0.0,97.195,0
2026-08-28T19:00:00Z,97.195,97.195,97.195,97.195,0.0,97.195,0
2026-08-28T19:15:00Z,97.195,97.195,97.195,97.195,0.0,97.195,0
2026-08-28T19:30:00Z,97.2,97.2,97.195,97.195,164.0,97.2,25
2026-08-28T19:45:00Z,97.2,97.2,97.195,97.195,353.0,97.1985,78
2026-08-31T00:00:00Z,97.195,97.195,97.19,97.195,103.0,97.1945,24
2026-08-31T00:15:00Z,97.195,97.195,97.195,97.195,2.0,97.195,2
2026-08-31T00:30:00Z,97.195,97.195,97.195,97.195,0.0,97.195,0
2026-08-31T00:45:00Z,97.195,97.195,97.195,97.195,0.0,97.195,0
2026-08-31T01:00:00Z,97.195,97.195,97.195,97.195,165.0,97.195,13
2026-08-31T01:15:00Z,97.195,97.195,97.195,97.195,100.0,97.195,12
2026-08-31T01:30:00Z,97.195,97.195,97.195,97.195,94.0,97.195,14
2026-08-31T01:45:00Z,97.195,97.195,97.195,97.195,9.0,97.195,4
2026-08-31T02:00:00Z,97.195,97.195,97.195,97.195,0.0,97.195,0
2026-08-31T02:15:00Z,97.195,97.195,97.195,97.195,78.0,97.195,7
2026-08-31T02:30:00Z,97.195,97.195,97.195,97.195,33.0,97.195,2
2026-08-31T02:45:00Z,97.195,97.195,97.19,97.19,247.0,97.195,8
2026-08-31T03:00:00Z,97.195,97.195,97.195,97.195,19.0,97.195,8
2026-08-31T03:15:00Z,97.195,97.195,97.195,97.195,0.0,97.195,0
2026-08-31T03:30:00Z,97.195,97.195,97.195,97.195,0.0,97.195,0
2026-08-31T03:45:00Z,97.195,97.195,97.195,97.195,0.0,97.195,0
2026-08-31T04:00:00Z,97.195,97.195,97.195,97.195,0.0,97.195,0
2026-08-31T04:15:00Z,97.195,97.195,97.195,97.195,0.0,97.195,0
2026-08-31T04:30:00Z,97.195,97.195,97.195,97.195,0.0,97.195,0
2026-08-31T04:45:00Z,97.195,97.195,97.195,97.195,0.0,97.195,0
2026-08-31T05:00:00Z,97.195,97.195,97.195,97.195,0.0,97.195,0
2026-08-31T05:15:00Z,97.195,97.195,97.195,97.195,22.0,97.195,2
2026-08-31T05:30:00Z,97.195,97.195,97.19,97.19,1091.0,97.1925,83
2026-08-31T05:45:00Z,97.19,97.19,97.19,97.19,179.0,97.19,11
2026-08-31T06:00:00Z,97.195,97.195,97.19,97.195,962.0,97.195,66
2026-08-31T06:15:00Z,97.2,97.2,97.2,97.2,4407.0,97.2,171
2026-08-31T06:30:00Z,97.2,97.2,97.195,97.2,1122.0,97.2,80
2026-08-31T06:45:00Z,97.2,97.2,97.195,97.2,702.0,97.2,56
2026-08-31T07:00:00Z,97.195,97.205,97.195,97.2,825.0,97.2,88
2026-08-31T07:15:00Z,97.2,97.205,97.2,97.2,1323.0,97.202,106
2026-08-31T07:30:00Z,97.195,97.2,97.195,97.195,761.0,97.1955,87
2026-08-31T07:45:00Z,97.195,97.195,97.195,97.195,1664.0,97.195,80
2026-08-31T08:00:00Z,97.195,97.2,97.195,97.2,8481.0,97.2,339
2026-08-31T08:15:00Z,97.195,97.2,97.195,97.2,3093.0,97.2,188
2026-08-31T08:30:00Z,97.2,97.2,97.195,97.195,1415.0,97.2,68
2026-08-31T08:45:00Z,97.2,97.2,97.195,97.195,1066.0,97.197,109
2026-08-31T09:00:00Z,97.195,97.195,97.19,97.195,2512.0,97.195,405
2026-08-31T09:15:00Z,97.19,97.19,97.19,97.19,40.0,97.19,14
2026-08-31T09:30:00Z,97.19,97.19,97.19,97.19,1686.0,97.19,152
2026-08-31T09:45:00Z,97.19,97.195,97.19,97.19,1635.0,97.19,155
2026-08-31T10:00:00Z,97.185,97.19,97.185,97.19,1869.0,97.19,171
2026-08-31T10:15:00Z,97.19,97.19,97.185,97.19,2482.0,97.19,90
2026-08-31T10:30:00Z,97.19,97.19,97.19,97.19,60.0,97.19,18
2026-08-31T10:45:00Z,97.19,97.19,97.19,97.19,20.0,97.19,12
2026-08-31T11:00:00Z,97.19,97.19,97.19,97.19,9.0,97.19,9
2026-08-31T11:15:00Z,97.19,97.195,97.19,97.19,155.0,97.1915,69
2026-08-31T11:30:00Z,97.19,97.195,97.19,97.19,58.0,97.193,36
2026-08-31T11:45:00Z,97.19,97.195,97.19,97.195,916.0,97.1945,204
2026-08-31T12:00:00Z,97.195,97.2,97.195,97.195,1798.0,97.195,216
2026-08-31T12:15:00Z,97.195,97.195,97.19,97.19,591.0,97.19,72
2026-08-31T12:30:00Z,97.19,97.195,97.19,97.19,5722.0,97.19,429
2026-08-31T12:45:00Z,97.185,97.19,97.185,97.185,1491.0,97.188,204
2026-08-31T13:00:00Z,97.185,97.19,97.185,97.185,1203.0,97.1855,92
2026-08-31T13:15:00Z,97.19,97.19,97.185,97.185,2311.0,97.185,198
2026-08-31T13:30:00Z,97.185,97.185,97.18,97.185,3207.0,97.185,177
2026-08-31T13:45:00Z,97.185,97.185,97.18,97.18,1095.0,97.185,88
2026-08-31T14:00:00Z,97.185,97.185,97.18,97.185,592.0,97.183,73
2026-08-31T14:15:00Z,97.185,97.185,97.18,97.185,43.0,97.1835,13
2026-08-31T14:30:00Z,97.185,97.185,97.18,97.18,1370.0,97.182,191
2026-08-31T14:45:00Z,97.18,97.185,97.18,97.185,1865.0,97.1815,365
2026-08-31T15:00:00Z,97.18,97.19,97.18,97.185,6955.0,97.1845,853
2026-08-31T15:15:00Z,97.185,97.19,97.18,97.18,2902.0,97.1805,211
2026-08-31T15:30:00Z,97.18,97.18,97.175,97.175,3338.0,97.1785,339
2026-08-31T15:45:00Z,97.18,97.18,97.175,97.18,61.0,97.179,13
2026-08-31T16:00:00Z,97.175,97.175,97.175,97.175,555.0,97.175,61
2026-08-31T16:15:00Z,97.175,97.18,97.175,97.18,81.0,97.177,35
2026-08-31T16:30:00Z,97.175,97.175,97.175,97.175,1119.0,97.175,60
2026-08-31T16:45:00Z,97.175,97.18,97.175,97.175,141.0,97.175,20
2026-08-31T17:00:00Z,97.175,97.175,97.175,97.175,5.0,97.175,2
2026-08-31T17:15:00Z,97.175,97.175,97.175,97.175,0.0,97.175,0
2026-08-31T17:30:00Z,97.175,97.175,97.175,97.175,0.0,97.175,0
2026-08-31T17:45:00Z,97.175,97.175,97.175,97.175,46.0,97.175,15
2026-08-31T18:00:00Z,97.175,97.175,97.175,97.175,125.0,97.175,13
2026-08-31T18:15:00Z,97.175,97.175,97.175,97.175,11.0,97.175,4
2026-08-31T18:30:00Z,97.175,97.175,97.175,97.175,0.0,97.175,0
2026-08-31T18:45:00Z,97.175,97.175,97.175,97.175,0.0,97.175,0
2026-08-31T19:00:00Z,97.175,97.175,97.175,97.175,28.0,97.175,10
2026-08-31T19:15:00Z,97.175,97.175,97.175,97.175,11.0,97.175,2
2026-08-31T19:30:00Z,97.175,97.18,97.175,97.18,869.0,97.18,44
2026-08-31T19:45:00Z,97.18,97.18,97.175,97.175,984.0,97.175,22
2026-09-01T00:00:00Z,97.18,97.18,97.17,97.17,143.0,97.1745,35
2026-09-01T00:15:00Z,97.175,97.175,97.17,97.17,13.0,97.174,10
2026-09-01T00:30:00Z,97.175,97.175,97.175,97.175,25.0,97.175,3
2026-09-01T00:45:00Z,97.17,97.17,97.17,97.17,1.0,97.17,1
2026-09-01T01:00:00Z,97.175,97.175,97.175,97.175,71.0,97.175,7
2026-09-01T01:15:00Z,97.175,97.175,97.175,97.175,79.0,97.175,11
2026-09-01T01:30:00Z,97.175,97.175,97.175,97.175,4.0,97.175,4
2026-09-01T01:45:00Z,97.18,97.18,97.18,97.18,8.0,97.18,6
2026-09-01T02:00:00Z,97.18,97.18,97.18,97.18,0.0,97.18,0
2026-09-01T02:15:00Z,97.175,97.175,97.175,97.175,11.0,97.175,8
2026-09-01T02:30:00Z,97.175,97.175,97.17,97.175,162.0,97.175,9
2026-09-01T02:45:00Z,97.175,97.175,97.175,97.175,0.0,97.175,0
2026-09-01T03:00:00Z,97.175,97.175,97.175,97.175,0.0,97.175,0
2026-09-01T03:15:00Z,97.175,97.175,97.175,97.175,0.0,97.175,0
2026-09-01T03:30:00Z,97.175,97.175,97.175,97.175,6.0,97.175,4
2026-09-01T03:45:00Z,97.175,97.175,97.175,97.175,0.0,97.175,0
2026-09-01T04:00:00Z,97.175,97.175,97.175,97.175,0.0,97.175,0
2026-09-01T04:15:00Z,97.175,97.175,97.17,97.175,850.0,97.175,49
2026-09-01T04:30:00Z,97.175,97.175,97.175,97.175,116.0,97.175,12
2026-09-01T04:45:00Z,97.175,97.175,97.175,97.175,40.0,97.175,2
2026-09-01T05:00:00Z,97.175,97.175,97.175,97.175,48.0,97.175,3
2026-09-01T05:15:00Z,97.175,97.175,97.175,97.175,101.0,97.175,9
2026-09-01T05:30:00Z,97.175,97.175,97.175,97.175,79.0,97.175,6
2026-09-01T05:45:00Z,97.175,97.175,97.175,97.175,0.0,97.175,0
2026-09-01T06:00:00Z,97.175,97.18,97.17,97.17,829.0,97.1745,161
2026-09-01T06:15:00Z,97.17,97.175,97.17,97.17,905.0,97.1745,133
2026-09-01T06:30:00Z,97.17,97.18,97.17,97.175,2852.0,97.1755,132
2026-09-01T06:45:00Z,97.175,97.175,97.17,97.17,487.0,97.175,34
2026-09-01T07:00:00Z,97.17,97.175,97.17,97.17,2282.0,97.1725,145
2026-09-01T07:15:00Z,97.175,97.175,97.17,97.175,298.0,97.175,38
2026-09-01T07:30:00Z,97.17,97.175,97.165,97.17,4902.0,97.17,320
2026-09-01T07:45:00Z,97.17,97.17,97.165,97.17,9151.0,97.1685,361
2026-09-01T08:00:00Z,97.17,97.17,97.165,97.17,1886.0,97.1695,135
2026-09-01T08:15:00Z,97.165,97.165,97.16,97.16,1415.0,97.1635,164
2026-09-01T08:30:00Z,97.16,97.16,97.155,97.155,6006.0,97.1595,370
2026-09-01T08:45:00Z,97.155,97.165,97.155,97.16,2052.0,97.1595,277
2026-09-01T09:00:00Z,97.16,97.16,97.155,97.155,3379.0,97.1595,157
2026-09-01T09:15:00Z,97.155,97.16,97.155,97.16,981.0,97.1595,115
2026-09-01T09:30:00Z,97.16,97.16,97.155,97.155,1180.0,97.158,159
2026-09-01T09:45:00Z,97.16,97.16,97.155,97.16,1725.0,97.16,164
2026-09-01T10:00:00Z,97.155,97.16,97.155,97.16,4113.0,97.16,205
2026-09-01T10:15:00Z,97.16,97.17,97.16,97.165,6071.0,97.165,292
2026-09-01T10:30:00Z,97.165,97.17,97.165,97.165,770.0,97.169,108
2026-09-01T10:45:00Z,97.165,97.17,97.165,97.165,1088.0,97.165,119
2026-09-01T11:00:00Z,97.165,97.17,97.165,97.17,5263.0,97.17,222
2026-09-01T11:15:00Z,97.165,97.17,97.165,97.165,939.0,97.17,72
2026-09-01T11:30:00Z,97.17,97.17,97.165,97.17,3022.0,97.17,240
2026-09-01T11:45:00Z,97.17,97.17,97.165,97.165,2155.0,97.17,192
2026-09-01T12:00:00Z,97.165,97.17,97.165,97.17,2879.0,97.17,169
2026-09-01T12:15:00Z,97.17,97.17,97.17,97.17,1697.0,97.17,114
2026-09-01T12:30:00Z,97.17,97.18,97.17,97.175,10172.0,97.1755,615
2026-09-01T12:45:00Z,97.17,97.175,97.17,97.17,2155.0,97.1745,192
2026-09-01T13:00:00Z,97.17,97.17,97.165,97.17,5785.0,97.17,303
2026-09-01T13:15:00Z,97.17,97.17,97.165,97.17,2655.0,97.17,124
2026-09-01T13:30:00Z,97.17,97.17,97.165,97.165,1432.0,97.17,221
2026-09-01T13:45:00Z,97.165,97.17,97.165,97.17,2134.0,97.169,273
2026-09-01T14:00:00Z,97.17,97.17,97.165,97.17,5605.0,97.17,377
2026-09-01T14:15:00Z,97.165,97.17,97.165,97.17,3444.0,97.17,174
2026-09-01T14:30:00Z,97.17,97.17,97.17,97.17,4950.0,97.17,171
2026-09-01T14:45:00Z,97.17,97.17,97.165,97.165,423.0,97.1695,39
2026-09-01T15:00:00Z,97.17,97.17,97.16,97.165,3423.0,97.1655,584
2026-09-01T15:15:00Z,97.165,97.17,97.165,97.165,2784.0,97.1655,142
2026-09-01T15:30:00Z,97.165,97.17,97.165,97.165,2236.0,97.165,131
2026-09-01T15:45:00Z,97.165,97.165,97.16,97.16,423.0,97.164,56
2026-09-01T16:00:00Z,97.165,97.165,97.16,97.16,3853.0,97.16,164
2026-09-01T16:15:00Z,97.155,97.155,97.14,97.14,15206.0,97.143,573
2026-09-01T16:30:00Z,97.14,97.14,97.135,97.14,9910.0,97.139,348
2026-09-01T16:45:00Z,97.14,97.14,97.135,97.135,3620.0,97.1395,71
2026-09-01T17:00:00Z,97.135,97.14,97.13,97.14,4609.0,97.1345,191
2026-09-01T17:15:00Z,97.135,97.135,97.135,97.135,1650.0,97.135,97
2026-09-01T17:30:00Z,97.135,97.14,97.13,97.13,1402.0,97.1315,83
2026-09-01T17:45:00Z,97.13,97.13,97.13,97.13,1783.0,97.13,72
2026-09-01T18:00:00Z,97.13,97.135,97.13,97.13,1981.0,97.13,78
2026-09-01T18:15:00Z,97.135,97.135,97.135,97.135,614.0,97.135,92
2026-09-01T18:30:00Z,97.135,97.135,97.13,97.13,349.0,97.1305,32
2026-09-01T18:45:00Z,97.13,97.13,97.125,97.125,368.0,97.13,15
2026-09-01T19:00:00Z,97.125,97.13,97.125,97.13,439.0,97.13,46
2026-09-01T19:15:00Z,97.125,97.125,97.125,97.125,78.0,97.125,78
2026-09-01T19:30:00Z,97.125,97.13,97.125,97.13,25.0,97.126,19
2026-09-01T19:45:00Z,97.13,97.13,97.125,97.125,10.0,97.1295,4
2026-09-02T00:00:00Z,97.125,97.125,97.125,97.125,1.0,97.125,1
2026-09-02T00:15:00Z,97.125,97.13,97.125,97.125,302.0,97.129,50
2026-09-02T00:30:00Z,97.125,97.125,97.125,97.125,0.0,97.125,0
2026-09-02T00:45:00Z,97.125,97.125,97.12,97.12,667.0,97.1245,27
2026-09-02T01:00:00Z,97.12,97.12,97.115,97.12,304.0,97.12,28
2026-09-02T01:15:00Z,97.12,97.125,97.12,97.125,45.0,97.12,11
2026-09-02T01:30:00Z,97.12,97.12,97.12,97.12,390.0,97.12,18
2026-09-02T01:45:00Z,97.12,97.12,97.12,97.12,0.0,97.12,0
2026-09-02T02:00:00Z,97.12,97.12,97.12,97.12,0.0,97.12,0
2026-09-02T02:15:00Z,97.125,97.13,97.125,97.125,550.0,97.1295,48
2026-09-02T02:30:00Z,97.13,97.13,97.13,97.13,10.0,97.13,7
2026-09-02T02:45:00Z,97.13,97.13,97.13,97.13,0.0,97.13,0
2026-09-02T03:00:00Z,97.13,97.13,97.13,97.13,0.0,97.13,0
2026-09-02T03:15:00Z,97.13,97.13,97.13,97.13,110.0,97.13,14
2026-09-02T03:30:00Z,97.13,97.13,97.13,97.13,0.0,97.13,0
2026-09-02T03:45:00Z,97.13,97.13,97.13,97.13,150.0,97.13,15
2026-09-02T04:00:00Z,97.13,97.13,97.13,97.13,601.0,97.13,4
2026-09-02T04:15:00Z,97.13,97.13,97.13,97.13,257.0,97.13,5
2026-09-02T04:30:00Z,97.13,97.13,97.13,97.13,16.0,97.13,2
2026-09-02T04:45:00Z,97.13,97.13,97.125,97.125,664.0,97.13,56
2026-09-02T05:00:00Z,97.13,97.13,97.125,97.13,539.0,97.129,53
2026-09-02T05:15:00Z,97.13,97.13,97.13,97.13,978.0,97.13,50
2026-09-02T05:30:00Z,97.13,97.13,97.13,97.13,13.0,97.13,7
2026-09-02T05:45:00Z,97.13,97.13,97.13,97.13,76.0,97.13,9
2026-09-02T06:00:00Z,97.13,97.135,97.13,97.135,2451.0,97.133,215
2026-09-02T06:15:00Z,97.135,97.135,97.13,97.13,841.0,97.135,45
2026-09-02T06:30:00Z,97.13,97.14,97.13,97.14,1238.0,97.137,150
2026-09-02T06:45:00Z,97.135,97.14,97.135,97.14,887.0,97.14,70
2026-09-02T07:00:00Z,97.145,97.145,97.14,97.14,1789.0,97.145,146
2026-09-02T07:15:00Z,97.145,97.145,97.14,97.145,4277.0,97.145,226
2026-09-02T07:30:00Z,97.145,97.15,97.145,97.145,3997.0,97.1455,163
2026-09-02T07:45:00Z,97.14,97.145,97.14,97.14,202.0,97.14,43
2026-09-02T08:00:00Z,97.145,97.145,97.14,97.145,1722.0,97.144,188
2026-09-02T08:15:00Z,97.14,97.145,97.14,97.14,621.0,97.141,100
2026-09-02T08:30:00Z,97.14,97.145,97.14,97.14,148.0,97.141,83
2026-09-02T08:45:00Z,97.14,97.14,97.13,97.135,6420.0,97.136,677
2026-09-02T09:00:00Z,97.135,97.135,97.13,97.13,4541.0,97.131,276
2026-09-02T09:15:00Z,97.125,97.13,97.125,97.13,3358.0,97.1295,190
2026-09-02T09:30:00Z,97.13,97.135,97.125,97.13,4081.0,97.1305,260
2026-09-02T09:45:00Z,97.13,97.135,97.125,97.13,3023.0,97.13,177
2026-09-02T10:00:00Z,97.13,97.13,97.115,97.115,9433.0,97.121,629
2026-09-02T10:15:00Z,97.12,97.13,97.115,97.125,7170.0,97.122,365
2026-09-02T10:30:00Z,97.125,97.125,97.125,97.125,3276.0,97.125,188
2026-09-02T10:45:00Z,97.125,97.13,97.12,97.125,3447.0,97.125,263
2026-09-02T11:00:00Z,97.125,97.135,97.125,97.135,4903.0,97.128,271
2026-09-02T11:15:00Z,97.135,97.135,97.125,97.13,3853.0,97.133,252
2026-09-02T11:30:00Z,97.135,97.14,97.13,97.13,3270.0,97.135,290
2026-09-02T11:45:00Z,97.13,97.14,97.13,97.14,6253.0,97.137,170
2026-09-02T12:00:00Z,97.145,97.145,97.135,97.145,1992.0,97.14,225
2026-09-02T12:15:00Z,97.14,97.145,97.135,97.14,8076.0,97.1415,406
2026-09-02T12:30:00Z,97.14,97.14,97.135,97.14,1150.0,97.14,124
2026-09-02T12:45:00Z,97.135,97.14,97.13,97.135,2033.0,97.135,287
2026-09-02T13:00:00Z,97.135,97.135,97.13,97.13,7378.0,97.135,207
2026-09-02T13:15:00Z,97.13,97.14,97.13,97.135,6814.0,97.1385,256
2026-09-02T13:30:00Z,97.135,97.14,97.135,97.135,1937.0,97.135,188
2026-09-02T13:45:00Z,97.135,97.14,97.135,97.14,1418.0,97.1395,202
2026-09-02T14:00:00Z,97.14,97.14,97.135,97.135,4230.0,97.1395,491
2026-09-02T14:15:00Z,97.14,97.14,97.13,97.135,10853.0,97.138,580
2026-09-02T14:30:00Z,97.135,97.145,97.135,97.14,4134.0,97.1375,278
2026-09-02T14:45:00Z,97.14,97.14,97.135,97.135,2956.0,97.1395,192
2026-09-02T15:00:00Z,97.135,97.14,97.13,97.135,5175.0,97.135,635
2026-09-02T15:15:00Z,97.14,97.14,97.135,97.135,2972.0,97.1355,297
2026-09-02T15:30:00Z,97.135,97.14,97.135,97.135,289.0,97.136,57
2026-09-02T15:45:00Z,97.135,97.135,97.135,97.135,274.0,97.135,58
2026-09-02T16:00:00Z,97.135,97.135,97.13,97.13,1058.0,97.135,180
2026-09-02T16:15:00Z,97.135,97.135,97.13,97.13,123.0,97.131,32
2026-09-02T16:30:00Z,97.13,97.14,97.13,97.13,1274.0,97.135,130
2026-09-02T16:45:00Z,97.135,97.14,97.13,97.14,2355.0,97.135,88
2026-09-02T17:00:00Z,97.135,97.14,97.135,97.14,179.0,97.1355,20
2026-09-02T17:15:00Z,97.14,97.14,97.135,97.14,1645.0,97.14,62
2026-09-02T17:30:00Z,97.135,97.14,97.135,97.135,1124.0,97.14,104
2026-09-02T17:45:00Z,97.135,97.14,97.135,97.14,896.0,97.14,24
2026-09-02T18:00:00Z,97.135,97.135,97.135,97.135,2.0,97.135,2
2026-09-02T18:15:00Z,97.135,97.14,97.135,97.135,736.0,97.1395,48
2026-09-02T18:30:00Z,97.135,97.135,97.135,97.135,1.0,97.135,1
2026-09-02T18:45:00Z,97.135,97.135,97.135,97.135,201.0,97.135,9
2026-09-02T19:00:00Z,97.135,97.135,97.135,97.135,152.0,97.135,15
2026-09-02T19:15:00Z,97.135,97.135,97.135,97.135,0.0,97.135,0
2026-09-02T19:30:00Z,97.135,97.135,97.135,97.135,1.0,97.135,1
2026-09-02T19:45:00Z,97.14,97.14,97.135,97.14,275.0,97.14,32
2026-09-03T00:00:00Z,97.135,97.14,97.135,97.14,83.0,97.14,9
2026-09-03T00:15:00Z,97.14,97.14,97.135,97.135,588.0,97.14,14
2026-09-03T00:30:00Z,97.14,97.14,97.14,97.14,111.0,97.14,16
2026-09-03T00:45:00Z,97.14,97.14,97.14,97.14,25.0,97.14,3
2026-09-03T01:00:00Z,97.14,97.14,97.14,97.14,4.0,97.14,1
2026-09-03T01:15:00Z,97.14,97.14,97.135,97.135,185.0,97.14,10
2026-09-03T01:30:00Z,97.135,97.135,97.135,97.135,0.0,97.135,0
2026-09-03T01:45:00Z,97.135,97.135,97.135,97.135,0.0,97.135,0
2026-09-03T02:00:00Z,97.135,97.135,97.135,97.135,0.0,97.135,0
2026-09-03T02:15:00Z,97.135,97.135,97.135,97.135,0.0,97.135,0
2026-09-03T02:30:00Z,97.145,97.145,97.145,97.145,30.0,97.145,5
2026-09-03T02:45:00Z,97.145,97.145,97.145,97.145,23.0,97.145,9
2026-09-03T03:00:00Z,97.145,97.145,97.145,97.145,0.0,97.145,0
2026-09-03T03:15:00Z,97.145,97.145,97.145,97.145,0.0,97.145,0
2026-09-03T03:30:00Z,97.145,97.145,97.145,97.145,218.0,97.145,35
2026-09-03T03:45:00Z,97.145,97.145,97.145,97.145,100.0,97.145,7
2026-09-03T04:00:00Z,97.145,97.145,97.145,97.145,0.0,97.145,0
2026-09-03T04:15:00Z,97.145,97.145,97.145,97.145,0.0,97.145,0
2026-09-03T04:30:00Z,97.145,97.145,97.145,97.145,0.0,97.145,0
2026-09-03T04:45:00Z,97.145,97.145,97.145,97.145,3.0,97.145,2
2026-09-03T05:00:00Z,97.145,97.145,97.145,97.145,18.0,97.145,4
2026-09-03T05:15:00Z,97.145,97.145,97.145,97.145,29.0,97.145,8
2026-09-03T05:30:00Z,97.15,97.155,97.15,97.15,898.0,97.152,85
2026-09-03T05:45:00Z,97.15,97.155,97.15,97.155,486.0,97.155,50
2026-09-03T06:00:00Z,97.15,97.155,97.15,97.155,3407.0,97.1525,197
2026-09-03T06:15:00Z,97.15,97.15,97.145,97.145,534.0,97.1495,86
2026-09-03T06:30:00Z,97.15,97.15,97.145,97.15,1472.0,97.15,63
2026-09-03T06:45:00Z,97.15,97.15,97.15,97.15,410.0,97.15,18
2026-09-03T07:00:00Z,97.15,97.155,97.145,97.15,670.0,97.15,44
2026-09-03T07:15:00Z,97.15,97.15,97.145,97.145,1376.0,97.15,114
2026-09-03T07:30:00Z,97.15,97.15,97.145,97.15,1291.0,97.15,61
2026-09-03T07:45:00Z,97.145,97.15,97.145,97.15,261.0,97.148,78
2026-09-03T08:00:00Z,97.145,97.16,97.145,97.155,8695.0,97.1565,481
2026-09-03T08:15:00Z,97.155,97.16,97.155,97.155,659.0,97.1595,74
2026-09-03T08:30:00Z,97.155,97.155,97.15,97.15,1882.0,97.155,149
2026-09-03T08:45:00Z,97.15,97.15,97.15,97.15,1815.0,97.15,97
2026-09-03T09:00:00Z,97.145,97.15,97.145,97.15,5308.0,97.15,127
2026-09-03T09:15:00Z,97.15,97.15,97.145,97.15,1128.0,97.1455,127
2026-09-03T09:30:00Z,97.145,97.145,97.145,97.145,4799.0,97.145,329
2026-09-03T09:45:00Z,97.145,97.15,97.145,97.145,3529.0,97.145,142
2026-09-03T10:00:00Z,97.145,97.15,97.14,97.15,7563.0,97.1465,267
2026-09-03T10:15:00Z,97.15,97.15,97.145,97.145,222.0,97.147,72
2026-09-03T10:30:00Z,97.15,97.15,97.145,97.15,42.0,97.15,13
2026-09-03T10:45:00Z,97.15,97.15,97.145,97.15,5616.0,97.15,204
2026-09-03T11:00:00Z,97.15,97.155,97.15,97.155,1615.0,97.1505,105
2026-09-03T11:15:00Z,97.155,97.16,97.155,97.16,4044.0,97.156,296
2026-09-03T11:30:00Z,97.155,97.16,97.155,97.16,1834.0,97.155,104
2026-09-03T11:45:00Z,97.16,97.16,97.155,97.155,4982.0,97.157,230
2026-09-03T12:00:00Z,97.155,97.155,97.15,97.155,1880.0,97.155,95
2026-09-03T12:15:00Z,97.155,97.16,97.155,97.16,565.0,97.16,117
2026-09-03T12:30:00Z,97.16,97.165,97.155,97.16,4446.0,97.16,439
2026-09-03T12:45:00Z,97.16,97.17,97.16,97.165,4096.0,97.1655,414
2026-09-03T13:00:00Z,97.165,97.17,97.165,97.17,2047.0,97.167,286
2026-09-03T13:15:00Z,97.17,97.175,97.17,97.17,3280.0,97.17,217
2026-09-03T13:30:00Z,97.17,97.17,97.16,97.165,2903.0,97.1655,218
2026-09-03T13:45:00Z,97.165,97.165,97.16,97.165,1653.0,97.165,145
2026-09-03T14:00:00Z,97.16,97.165,97.16,97.16,2022.0,97.1605,595
2026-09-03T14:15:00Z,97.16,97.165,97.155,97.155,2858.0,97.16,274
2026-09-03T14:30:00Z,97.16,97.165,97.155,97.16,3089.0,97.16,228
2026-09-03T14:45:00Z,97.16,97.16,97.155,97.155,1092.0,97.16,118
2026-09-03T15:00:00Z,97.155,97.16,97.155,97.155,3993.0,97.155,427
2026-09-03T15:15:00Z,97.155,97.16,97.155,97.155,2496.0,97.1555,221
2026-09-03T15:30:00Z,97.16,97.16,97.155,97.155,2602.0,97.159,120
2026-09-03T15:45:00Z,97.155,97.16,97.155,97.16,3198.0,97.16,268
2026-09-03T16:00:00Z,97.155,97.16,97.155,97.16,2225.0,97.16,39
2026-09-03T16:15:00Z,97.16,97.16,97.155,97.155,41.0,97.159,24
2026-09-03T16:30:00Z,97.155,97.155,97.15,97.15,1794.0,97.1545,120
2026-09-03T16:45:00Z,97.15,97.155,97.15,97.155,551.0,97.15,57
2026-09-03T17:00:00Z,97.155,97.155,97.15,97.15,122.0,97.15,21
2026-09-03T17:15:00Z,97.15,97.15,97.15,97.15,2.0,97.15,2
2026-09-03T17:30:00Z,97.155,97.155,97.155,97.155,3.0,97.155,3
2026-09-03T17:45:00Z,97.15,97.15,97.15,97.15,1.0,97.15,1
2026-09-03T18:00:00Z,97.155,97.155,97.15,97.15,10.0,97.1545,10
2026-09-03T18:15:00Z,97.155,97.155,97.15,97.155,54.0,97.155,6
2026-09-03T18:30:00Z,97.15,97.155,97.15,97.15,9.0,97.153,5
2026-09-03T18:45:00Z,97.15,97.15,97.15,97.15,2.0,97.15,2
2026-09-03T19:00:00Z,97.155,97.155,97.145,97.145,214.0,97.1505,26
2026-09-03T19:15:00Z,97.145,97.145,97.145,97.145,5.0,97.145,5
2026-09-03T19:30:00Z,97.145,97.15,97.145,97.15,2.0,97.1475,2
2026-09-03T19:45:00Z,97.145,97.145,97.145,97.145,57.0,97.145,15
2026-09-04T00:00:00Z,97.15,97.15,97.15,97.15,1.0,97.15,1
2026-09-04T00:15:00Z,97.15,97.15,97.15,97.15,27.0,97.15,12
2026-09-04T00:30:00Z,97.145,97.145,97.145,97.145,34.0,97.145,6
2026-09-04T00:45:00Z,97.145,97.145,97.145,97.145,1.0,97.145,1
2026-09-04T01:00:00Z,97.145,97.145,97.145,97.145,208.0,97.145,18
2026-09-04T01:15:00Z,97.14,97.14,97.14,97.14,1.0,97.14,1
2026-09-04T01:30:00Z,97.14,97.14,97.14,97.14,0.0,97.14,0
2026-09-04T01:45:00Z,97.14,97.14,97.14,97.14,0.0,97.14,0
2026-09-04T02:00:00Z,97.14,97.14,97.14,97.14,0.0,97.14,0
2026-09-04T02:15:00Z,97.14,97.14,97.14,97.14,1.0,97.14,1
2026-09-04T02:30:00Z,97.14,97.14,97.14,97.14,0.0,97.14,0
2026-09-04T02:45:00Z,97.14,97.14,97.14,97.14,2.0,97.14,1
2026-09-04T03:00:00Z,97.14,97.14,97.14,97.14,1.0,97.14,1
2026-09-04T03:15:00Z,97.14,97.14,97.14,97.14,0.0,97.14,0
2026-09-04T03:30:00Z,97.14,97.14,97.14,97.14,1.0,97.14,1
2026-09-04T03:45:00Z,97.14,97.14,97.14,97.14,0.0,97.14,0
2026-09-04T04:00:00Z,97.14,97.14,97.14,97.14,0.0,97.14,0
2026-09-04T04:15:00Z,97.145,97.145,97.145,97.145,68.0,97.145,3
2026-09-04T04:30:00Z,97.145,97.145,97.145,97.145,108.0,97.145,6
2026-09-04T04:45:00Z,97.145,97.145,97.145,97.145,0.0,97.145,0
2026-09-04T05:00:00Z,97.145,97.145,97.145,97.145,1.0,97.145,1
2026-09-04T05:15:00Z,97.145,97.145,97.145,97.145,0.0,97.145,0
2026-09-04T05:30:00Z,97.15,97.15,97.15,97.15,81.0,97.15,6
2026-09-04T05:45:00Z,97.15,97.155,97.145,97.15,706.0,97.15,91
2026-09-04T06:00:00Z,97.15,97.15,97.15,97.15,467.0,97.15,53
2026-09-04T06:15:00Z,97.15,97.15,97.15,97.15,79.0,97.15,7
2026-09-04T06:30:00Z,97.15,97.155,97.145,97.155,519.0,97.15,53
2026-09-04T06:45:00Z,97.155,97.155,97.145,97.15,426.0,97.148,84
2026-09-04T07:00:00Z,97.15,97.15,97.145,97.15,19.0,97.1495,7
2026-09-04T07:15:00Z,97.145,97.15,97.14,97.14,1502.0,97.1455,84
2026-09-04T07:30:00Z,97.15,97.155,97.145,97.155,977.0,97.15,68
2026-09-04T07:45:00Z,97.155,97.155,97.15,97.15,245.0,97.151,38
2026-09-04T08:00:00Z,97.155,97.155,97.15,97.15,1273.0,97.15,106
2026-09-04T08:15:00Z,97.15,97.15,97.145,97.15,3568.0,97.15,124
2026-09-04T08:30:00Z,97.15,97.155,97.15,97.155,156.0,97.153,44
2026-09-04T08:45:00Z,97.155,97.155,97.15,97.15,951.0,97.151,101
2026-09-04T09:00:00Z,97.155,97.155,97.15,97.15,3473.0,97.153,264
2026-09-04T09:15:00Z,97.15,97.155,97.15,97.155,1819.0,97.155,68
2026-09-04T09:30:00Z,97.155,97.155,97.15,97.15,1241.0,97.155,59
2026-09-04T09:45:00Z,97.15,97.155,97.15,97.15,719.0,97.154,89
2026-09-04T10:00:00Z,97.155,97.155,97.155,97.155,3124.0,97.155,67
2026-09-04T10:15:00Z,97.16,97.16,97.155,97.16,388.0,97.16,42
2026-09-04T10:30:00Z,97.155,97.155,97.155,97.155,1214.0,97.155,27
2026-09-04T10:45:00Z,97.155,97.155,97.155,97.155,1.0,97.155,1
2026-09-04T11:00:00Z,97.155,97.155,97.155,97.155,482.0,97.155,61
2026-09-04T11:15:00Z,97.155,97.155,97.155,97.155,211.0,97.155,38
2026-09-04T11:30:00Z,97.16,97.16,97.16,97.16,4489.0,97.16,122
2026-09-04T11:45:00Z,97.16,97.16,97.155,97.16,1064.0,97.16,73
2026-09-04T12:00:00Z,97.16,97.165,97.16,97.165,3366.0,97.1625,200
2026-09-04T12:15:00Z,97.165,97.17,97.16,97.17,3344.0,97.165,230
2026-09-04T12:30:00Z,97.165,97.165,97.14,97.155,12719.0,97.152,593
2026-09-04T12:45:00Z,97.155,97.165,97.155,97.165,2794.0,97.1595,163
2026-09-04T13:00:00Z,97.165,97.165,97.16,97.16,1337.0,97.16,135
2026-09-04T13:15:00Z,97.16,97.17,97.16,97.17,1111.0,97.1655,94
2026-09-04T13:30:00Z,97.17,97.18,97.17,97.175,3050.0,97.173,304
2026-09-04T13:45:00Z,97.175,97.18,97.175,97.18,5331.0,97.178,313
2026-09-04T14:00:00Z,97.175,97.175,97.17,97.175,3629.0,97.175,207
2026-09-04T14:15:00Z,97.18,97.18,97.175,97.175,62.0,97.1795,20
2026-09-04T14:30:00Z,97.175,97.175,97.17,97.17,2501.0,97.175,212
2026-09-04T14:45:00Z,97.17,97.17,97.165,97.17,3624.0,97.17,151
2026-09-04T15:00:00Z,97.17,97.17,97.165,97.165,4200.0,97.1685,334
2026-09-04T15:15:00Z,97.165,97.17,97.165,97.17,1495.0,97.17,103
2026-09-04T15:30:00Z,97.17,97.175,97.17,97.17,2049.0,97.17,92
2026-09-04T15:45:00Z,97.175,97.175,97.165,97.17,1716.0,97.17,109
2026-09-04T16:00:00Z,97.165,97.17,97.165,97.17,1960.0,97.1655,173
2026-09-04T16:15:00Z,97.165,97.17,97.165,97.17,827.0,97.1695,50
2026-09-04T16:30:00Z,97.17,97.17,97.17,97.17,115.0,97.17,30
2026-09-04T16:45:00Z,97.17,97.17,97.165,97.165,286.0,97.168,51
2026-09-04T17:00:00Z,97.16,97.165,97.16,97.165,1342.0,97.16,130
2026-09-04T17:15:00Z,97.16,97.16,97.16,97.16,278.0,97.16,30
2026-09-04T17:30:00Z,97.16,97.16,97.16,97.16,409.0,97.16,11
2026-09-04T17:45:00Z,97.16,97.16,97.155,97.16,13.0,97.1595,12
2026-09-04T18:00:00Z,97.16,97.16,97.16,97.16,0.0,97.16,0
2026-09-04T18:15:00Z,97.155,97.155,97.155,97.155,1.0,97.155,1
2026-09-04T18:30:00Z,97.155,97.155,97.155,97.155,0.0,97.155,0
2026-09-04T18:45:00Z,97.155,97.155,97.155,97.155,0.0,97.155,0
2026-09-04T19:00:00Z,97.155,97.155,97.155,97.155,2.0,97.155,2
2026-09-04T19:15:00Z,97.155,97.155,97.155,97.155,1.0,97.155,1
2026-09-04T19:30:00Z,97.16,97.16,97.16,97.16,54.0,97.16,11
2026-09-04T19:45:00Z,97.16,97.16,97.16,97.16,1026.0,97.16,188
2026-09-07T00:00:00Z,97.165,97.165,97.155,97.16,13.0,97.1595,10
2026-09-07T00:15:00Z,97.16,97.16,97.155,97.16,143.0,97.16,21
2026-09-07T00:30:00Z,97.16,97.16,97.16,97.16,0.0,97.16,0
2026-09-07T00:45:00Z,97.16,97.16,97.16,97.16,0.0,97.16,0
2026-09-07T01:00:00Z,97.16,97.16,97.16,97.16,117.0,97.16,4
2026-09-07T01:15:00Z,97.155,97.16,97.155,97.16,105.0,97.1585,29
2026-09-07T01:30:00Z,97.16,97.16,97.16,97.16,0.0,97.16,0
2026-09-07T01:45:00Z,97.16,97.16,97.155,97.155,602.0,97.16,32
2026-09-07T02:00:00Z,97.155,97.155,97.155,97.155,5.0,97.155,5
2026-09-07T02:15:00Z,97.155,97.155,97.155,97.155,2.0,97.155,2
2026-09-07T02:30:00Z,97.155,97.155,97.155,97.155,1.0,97.155,1
2026-09-07T02:45:00Z,97.155,97.155,97.155,97.155,1.0,97.155,1
2026-09-07T03:00:00Z,97.155,97.155,97.155,97.155,1.0,97.155,1
2026-09-07T03:15:00Z,97.155,97.155,97.155,97.155,0.0,97.155,0
2026-09-07T03:30:00Z,97.155,97.155,97.155,97.155,14.0,97.155,14
2026-09-07T03:45:00Z,97.155,97.155,97.155,97.155,441.0,97.155,54
2026-09-07T04:00:00Z,97.15,97.15,97.15,97.15,4.0,97.15,4
2026-09-07T04:15:00Z,97.15,97.155,97.15,97.155,230.0,97.155,15
2026-09-07T04:30:00Z,97.155,97.155,97.15,97.15,64.0,97.1505,57
2026-09-07T04:45:00Z,97.15,97.15,97.15,97.15,2.0,97.15,2
2026-09-07T05:00:00Z,97.15,97.15,97.15,97.15,0.0,97.15,0
2026-09-07T05:15:00Z,97.15,97.15,97.15,97.15,3.0,97.15,3
2026-09-07T05:30:00Z,97.15,97.15,97.15,97.15,0.0,97.15,0
2026-09-07T05:45:00Z,97.155,97.155,97.15,97.15,4.0,97.154,2
2026-09-07T06:00:00Z,97.155,97.155,97.15,97.155,651.0,97.155,57
2026-09-07T06:15:00Z,97.15,97.155,97.15,97.155,136.0,97.1545,20
2026-09-07T06:30:00Z,97.155,97.155,97.15,97.155,689.0,97.155,56
2026-09-07T06:45:00Z,97.155,97.155,97.15,97.155,1489.0,97.155,105
2026-09-07T07:00:00Z,97.15,97.16,97.15,97.155,814.0,97.1555,78
2026-09-07T07:15:00Z,97.155,97.16,97.155,97.155,355.0,97.155,96
2026-09-07T07:30:00Z,97.155,97.155,97.15,97.15,516.0,97.155,35
2026-09-07T07:45:00Z,97.15,97.16,97.15,97.16,1542.0,97.1585,128
2026-09-07T08:00:00Z,97.16,97.165,97.155,97.16,1525.0,97.16,249
2026-09-07T08:15:00Z,97.16,97.16,97.16,97.16,1311.0,97.16,81
2026-09-07T08:30:00Z,97.16,97.16,97.16,97.16,1015.0,97.16,38
2026-09-07T08:45:00Z,97.16,97.16,97.155,97.16,1401.0,97.16,59
2026-09-07T09:00:00Z,97.16,97.165,97.16,97.16,43.0,97.1625,13
2026-09-07T09:15:00Z,97.16,97.165,97.16,97.165,4.0,97.161,4
2026-09-07T09:30:00Z,97.165,97.165,97.16,97.16,219.0,97.165,71
2026-09-07T09:45:00Z,97.165,97.165,97.16,97.16,40.0,97.165,19
2026-09-07T10:00:00Z,97.165,97.165,97.16,97.16,2676.0,97.16,126
2026-09-07T10:15:00Z,97.16,97.165,97.16,97.16,28.0,97.1615,28
2026-09-07T10:30:00Z,97.16,97.165,97.16,97.16,31.0,97.162,29
2026-09-07T10:45:00Z,97.16,97.16,97.155,97.16,2297.0,97.16,323
2026-09-07T11:00:00Z,97.155,97.16,97.155,97.155,250.0,97.157,98
2026-09-07T11:15:00Z,97.16,97.16,97.155,97.155,238.0,97.1555,93
2026-09-07T11:30:00Z,97.155,97.155,97.155,97.155,3.0,97.155,3
2026-09-07T11:45:00Z,97.155,97.155,97.155,97.155,49.0,97.155,39
2026-09-07T12:00:00Z,97.155,97.16,97.155,97.155,1081.0,97.155,196
2026-09-07T12:15:00Z,97.155,97.155,97.155,97.155,1324.0,97.155,154
2026-09-07T12:30:00Z,97.155,97.155,97.155,97.155,4754.0,97.155,301
2026-09-07T12:45:00Z,97.155,97.155,97.155,97.155,4106.0,97.155,312
2026-09-07T13:00:00Z,97.155,97.155,97.15,97.15,825.0,97.155,73
2026-09-07T13:15:00Z,97.15,97.155,97.15,97.155,2144.0,97.155,62
2026-09-07T13:30:00Z,97.15,97.155,97.15,97.155,425.0,97.155,51
2026-09-07T13:45:00Z,97.15,97.155,97.15,97.15,66.0,97.15,39
2026-09-07T14:00:00Z,97.15,97.155,97.15,97.15,422.0,97.152,76
2026-09-07T14:15:00Z,97.15,97.155,97.145,97.145,2899.0,97.149,551
2026-09-07T14:30:00Z,97.145,97.15,97.145,97.15,1269.0,97.146,701
2026-09-07T14:45:00Z,97.145,97.15,97.145,97.145,367.0,97.1455,291
2026-09-07T15:00:00Z,97.145,97.15,97.145,97.15,1228.0,97.145,678
2026-09-07T15:15:00Z,97.145,97.145,97.14,97.14,4069.0,97.145,272
2026-09-07T15:30:00Z,97.14,97.145,97.14,97.14,503.0,97.1405,171
2026-09-07T15:45:00Z,97.14,97.145,97.135,97.14,7002.0,97.1405,327
2026-09-07T16:00:00Z,97.14,97.145,97.14,97.14,213.0,97.142,116
2026-09-07T16:15:00Z,97.14,97.145,97.14,97.14,1079.0,97.143,91
2026-09-07T16:30:00Z,97.14,97.145,97.14,97.14,169.0,97.143,51
2026-09-07T16:45:00Z,97.14,97.145,97.14,97.14,406.0,97.143,48
2026-09-07T17:00:00Z,97.145,97.15,97.14,97.145,2630.0,97.145,203
2026-09-07T17:15:00Z,97.14,97.14,97.14,97.14,12.0,97.14,12
2026-09-07T17:30:00Z,97.14,97.14,97.14,97.14,1.0,97.14,1
2026-09-07T17:45:00Z,97.14,97.14,97.14,97.14,0.0,97.14,0
2026-09-07T18:00:00Z,97.145,97.145,97.145,97.145,60.0,97.145,6
2026-09-07T18:15:00Z,97.145,97.145,97.145,97.145,226.0,97.145,28
2026-09-07T18:30:00Z,97.145,97.145,97.145,97.145,84.0,97.145,5
2026-09-07T18:45:00Z,97.145,97.145,97.14,97.14,58.0,97.1445,10
2026-09-07T19:00:00Z,97.145,97.145,97.145,97.145,1.0,97.145,1
2026-09-07T19:15:00Z,97.145,97.145,97.145,97.145,0.0,97.145,0
2026-09-07T19:30:00Z,97.145,97.145,97.145,97.145,0.0,97.145,0
2026-09-07T19:45:00Z,97.145,97.145,97.145,97.145,4.0,97.145,2
2026-09-08T00:00:00Z,97.145,97.145,97.145,97.145,3.0,97.145,1
2026-09-08T00:15:00Z,97.15,97.15,97.15,97.15,2.0,97.15,2
2026-09-08T00:30:00Z,97.15,97.15,97.15,97.15,18.0,97.15,2
2026-09-08T00:45:00Z,97.15,97.15,97.15,97.15,0.0,97.15,0
2026-09-08T01:00:00Z,97.145,97.145,97.145,97.145,60.0,97.145,2
2026-09-08T01:15:00Z,97.15,97.15,97.15,97.15,326.0,97.15,16
2026-09-08T01:30:00Z,97.15,97.15,97.15,97.15,1.0,97.15,1
2026-09-08T01:45:00Z,97.15,97.15,97.15,97.15,0.0,97.15,0
2026-09-08T02:00:00Z,97.15,97.15,97.15,97.15,0.0,97.15,0
2026-09-08T02:15:00Z,97.15,97.15,97.15,97.15,0.0,97.15,0
2026-09-08T02:30:00Z,97.155,97.155,97.15,97.15,17.0,97.1545,10
2026-09-08T02:45:00Z,97.155,97.155,97.155,97.155,1.0,97.155,1
2026-09-08T03:00:00Z,97.155,97.155,97.155,97.155,0.0,97.155,0
2026-09-08T03:15:00Z,97.155,97.155,97.155,97.155,0.0,97.155,0
2026-09-08T03:30:00Z,97.155,97.155,97.155,97.155,5.0,97.155,5
2026-09-08T03:45:00Z,97.155,97.155,97.155,97.155,0.0,97.155,0
2026-09-08T04:00:00Z,97.155,97.155,97.155,97.155,0.0,97.155,0
2026-09-08T04:15:00Z,97.155,97.155,97.155,97.155,0.0,97.155,0
2026-09-08T04:30:00Z,97.155,97.155,97.155,97.155,0.0,97.155,0
2026-09-08T04:45:00Z,97.155,97.155,97.155,97.155,0.0,97.155,0
2026-09-08T05:00:00Z,97.155,97.155,97.155,97.155,0.0,97.155,0
2026-09-08T05:15:00Z,97.15,97.15,97.15,97.15,420.0,97.15,30
2026-09-08T05:30:00Z,97.15,97.15,97.15,97.15,157.0,97.15,19
2026-09-08T05:45:00Z,97.15,97.15,97.15,97.15,799.0,97.15,54
2026-09-08T06:00:00Z,97.155,97.155,97.145,97.145,835.0,97.1485,76
2026-09-08T06:15:00Z,97.15,97.15,97.145,97.15,686.0,97.147,50
2026-09-08T06:30:00Z,97.15,97.155,97.145,97.15,1091.0,97.15,72
2026-09-08T06:45:00Z,97.15,97.15,97.145,97.15,168.0,97.15,12
2026-09-08T07:00:00Z,97.145,97.15,97.145,97.15,968.0,97.15,55
2026-09-08T07:15:00Z,97.145,97.145,97.145,97.145,1182.0,97.145,44
2026-09-08T07:30:00Z,97.145,97.145,97.14,97.145,1689.0,97.1445,93
2026-09-08T07:45:00Z,97.14,97.145,97.14,97.145,1279.0,97.14,90
2026-09-08T08:00:00Z,97.14,97.14,97.14,97.14,3327.0,97.14,165
2026-09-08T08:15:00Z,97.14,97.14,97.135,97.135,2284.0,97.14,101
2026-09-08T08:30:00Z,97.14,97.14,97.135,97.135,48.0,97.1355,13
2026-09-08T08:45:00Z,97.14,97.14,97.135,97.14,3132.0,97.14,145
2026-09-08T09:00:00Z,97.135,97.145,97.135,97.145,2462.0,97.14,112
2026-09-08T09:15:00Z,97.145,97.15,97.14,97.145,2619.0,97.145,71
2026-09-08T09:30:00Z,97.145,97.15,97.14,97.15,6140.0,97.143,198
2026-09-08T09:45:00Z,97.145,97.15,97.145,97.145,5946.0,97.1455,151
2026-09-08T10:00:00Z,97.15,97.15,97.14,97.14,1055.0,97.145,126
2026-09-08T10:15:00Z,97.145,97.15,97.145,97.15,4928.0,97.1465,263
2026-09-08T10:30:00Z,97.145,97.145,97.145,97.145,1547.0,97.145,86
2026-09-08T10:45:00Z,97.145,97.145,97.145,97.145,1505.0,97.145,66
2026-09-08T11:00:00Z,97.145,97.145,97.14,97.145,1626.0,97.145,98
2026-09-08T11:15:00Z,97.145,97.145,97.145,97.145,1606.0,97.145,89
2026-09-08T11:30:00Z,97.145,97.145,97.145,97.145,2305.0,97.145,190
2026-09-08T11:45:00Z,97.145,97.145,97.145,97.145,204.0,97.145,24
2026-09-08T12:00:00Z,97.145,97.15,97.145,97.145,4008.0,97.145,114
2026-09-08T12:15:00Z,97.145,97.15,97.145,97.15,1090.0,97.146,129
2026-09-08T12:30:00Z,97.145,97.155,97.145,97.155,7978.0,97.15,923
2026-09-08T12:45:00Z,97.155,97.155,97.15,97.15,149.0,97.1515,34
2026-09-08T13:00:00Z,97.155,97.155,97.15,97.15,144.0,97.1505,60
2026-09-08T13:15:00Z,97.15,97.155,97.15,97.155,3942.0,97.15,229
2026-09-08T13:30:00Z,97.155,97.155,97.15,97.15,69.0,97.153,29
2026-09-08T13:45:00Z,97.155,97.155,97.15,97.155,6119.0,97.155,439
2026-09-08T14:00:00Z,97.15,97.155,97.15,97.15,626.0,97.15,99
2026-09-08T14:15:00Z,97.15,97.155,97.15,97.15,339.0,97.1505,76
2026-09-08T14:30:00Z,97.155,97.155,97.15,97.15,2164.0,97.1525,146
2026-09-08T14:45:00Z,97.155,97.16,97.15,97.155,1863.0,97.1555,230
2026-09-08T15:00:00Z,97.155,97.16,97.155,97.155,1481.0,97.1555,397
2026-09-08T15:15:00Z,97.155,97.16,97.155,97.155,3446.0,97.155,345
2026-09-08T15:30:00Z,97.155,97.16,97.155,97.155,389.0,97.1555,48
2026-09-08T15:45:00Z,97.155,97.155,97.15,97.15,1806.0,97.1545,202
2026-09-08T16:00:00Z,97.15,97.155,97.15,97.155,514.0,97.151,71
2026-09-08T16:15:00Z,97.155,97.155,97.15,97.15,3.0,97.1515,3
2026-09-08T16:30:00Z,97.15,97.155,97.15,97.15,381.0,97.1525,42
2026-09-08T16:45:00Z,97.155,97.155,97.155,97.155,868.0,97.155,32
2026-09-08T17:00:00Z,97.155,97.155,97.15,97.15,118.0,97.155,16
2026-09-08T17:15:00Z,97.15,97.15,97.15,97.15,0.0,97.15,0
2026-09-08T17:30:00Z,97.15,97.155,97.15,97.15,277.0,97.154,46
2026-09-08T17:45:00Z,97.15,97.15,97.15,97.15,0.0,97.15,0
2026-09-08T18:00:00Z,97.15,97.15,97.15,97.15,26.0,97.15,10
2026-09-08T18:15:00Z,97.15,97.15,97.15,97.15,1515.0,97.15,87
2026-09-08T18:30:00Z,97.15,97.15,97.15,97.15,0.0,97.15,0
2026-09-08T18:45:00Z,97.145,97.15,97.14,97.145,1291.0,97.145,88
2026-09-08T19:00:00Z,97.145,97.15,97.145,97.145,982.0,97.145,22
2026-09-08T19:15:00Z,97.145,97.145,97.145,97.145,0.0,97.145,0
2026-09-08T19:30:00Z,97.145,97.145,97.145,97.145,65.0,97.145,31
2026-09-08T19:45:00Z,97.145,97.145,97.145,97.145,105.0,97.145,18
2026-09-09T00:00:00Z,97.145,97.145,97.145,97.145,9.0,97.145,3
2026-09-09T00:15:00Z,97.145,97.145,97.14,97.14,12.0,97.1445,3
2026-09-09T00:30:00Z,97.14,97.14,97.14,97.14,0.0,97.14,0
2026-09-09T00:45:00Z,97.14,97.14,97.14,97.14,0.0,97.14,0
2026-09-09T01:00:00Z,97.145,97.145,97.145,97.145,67.0,97.145,2
2026-09-09T01:15:00Z,97.145,97.145,97.145,97.145,43.0,97.145,2
2026-09-09T01:30:00Z,97.145,97.145,97.145,97.145,0.0,97.145,0
2026-09-09T01:45:00Z,97.14,97.14,97.14,97.14,13.0,97.14,5
2026-09-09T02:00:00Z,97.14,97.14,97.14,97.14,0.0,97.14,0
2026-09-09T02:15:00Z,97.14,97.14,97.14,97.14,8.0,97.14,2
2026-09-09T02:30:00Z,97.14,97.14,97.14,97.14,0.0,97.14,0
2026-09-09T02:45:00Z,97.14,97.14,97.14,97.14,0.0,97.14,0
2026-09-09T03:00:00Z,97.14,97.14,97.14,97.14,0.0,97.14,0
2026-09-09T03:15:00Z,97.14,97.14,97.14,97.14,0.0,97.14,0
2026-09-09T03:30:00Z,97.145,97.15,97.14,97.15,135.0,97.145,36
2026-09-09T03:45:00Z,97.145,97.145,97.145,97.145,792.0,97.145,21
2026-09-09T04:00:00Z,97.145,97.145,97.145,97.145,92.0,97.145,20
2026-09-09T04:15:00Z,97.145,97.145,97.145,97.145,7.0,97.145,4
2026-09-09T04:30:00Z,97.145,97.145,97.145,97.145,0.0,97.145,0
2026-09-09T04:45:00Z,97.145,97.145,97.145,97.145,40.0,97.145,5
2026-09-09T05:00:00Z,97.145,97.145,97.145,97.145,0.0,97.145,0
2026-09-09T05:15:00Z,97.145,97.145,97.145,97.145,2.0,97.145,2
2026-09-09T05:30:00Z,97.145,97.145,97.145,97.145,0.0,97.145,0
2026-09-09T05:45:00Z,97.145,97.145,97.145,97.145,0.0,97.145,0
2026-09-09T06:00:00Z,97.15,97.15,97.145,97.145,60.0,97.1455,21
2026-09-09T06:15:00Z,97.145,97.15,97.145,97.145,836.0,97.145,88
2026-09-09T06:30:00Z,97.145,97.145,97.14,97.145,2349.0,97.145,133
2026-09-09T06:45:00Z,97.145,97.145,97.145,97.145,2758.0,97.145,154
2026-09-09T07:00:00Z,97.15,97.15,97.145,97.145,219.0,97.145,36
2026-09-09T07:15:00Z,97.145,97.15,97.14,97.145,1444.0,97.145,168
2026-09-09T07:30:00Z,97.145,97.15,97.14,97.14,3668.0,97.1445,178
2026-09-09T07:45:00Z,97.14,97.145,97.14,97.145,631.0,97.1435,121
2026-09-09T08:00:00Z,97.145,97.145,97.14,97.145,106.0,97.144,97
2026-09-09T08:15:00Z,97.14,97.14,97.14,97.14,352.0,97.14,61
2026-09-09T08:30:00Z,97.14,97.145,97.135,97.14,4786.0,97.14,344
2026-09-09T08:45:00Z,97.135,97.14,97.135,97.14,2223.0,97.136,119
2026-09-09T09:00:00Z,97.14,97.14,97.135,97.135,547.0,97.1355,117
2026-09-09T09:15:00Z,97.135,97.135,97.125,97.125,3735.0,97.1325,312
2026-09-09T09:30:00Z,97.13,97.135,97.125,97.13,3909.0,97.1305,178
2026-09-09T09:45:00Z,97.13,97.13,97.125,97.125,1777.0,97.1295,126
2026-09-09T10:00:00Z,97.125,97.135,97.125,97.13,6494.0,97.13,214
2026-09-09T10:15:00Z,97.13,97.13,97.125,97.13,2690.0,97.13,132
2026-09-09T10:30:00Z,97.125,97.13,97.12,97.12,2717.0,97.124,194
2026-09-09T10:45:00Z,97.125,97.125,97.12,97.12,821.0,97.1215,193
2026-09-09T11:00:00Z,97.12,97.125,97.115,97.12,5234.0,97.12,517
2026-09-09T11:15:00Z,97.12,97.12,97.115,97.115,3366.0,97.116,2096
2026-09-09T11:30:00Z,97.115,97.115,97.11,97.115,7144.0,97.1145,1583
2026-09-09T11:45:00Z,97.115,97.125,97.115,97.115,7998.0,97.117,477
2026-09-09T12:00:00Z,97.115,97.115,97.11,97.115,13357.0,97.1135,588
2026-09-09T12:15:00Z,97.115,97.12,97.115,97.12,8425.0,97.1195,691
2026-09-09T12:30:00Z,97.12,97.125,97.115,97.12,4559.0,97.1205,450
2026-09-09T12:45:00Z,97.12,97.125,97.12,97.12,8448.0,97.12,302
2026-09-09T13:00:00Z,97.12,97.125,97.12,97.125,3375.0,97.125,266
2026-09-09T13:15:00Z,97.12,97.13,97.12,97.13,7544.0,97.1255,357
2026-09-09T13:30:00Z,97.13,97.13,97.125,97.13,686.0,97.1295,119
2026-09-09T13:45:00Z,97.125,97.13,97.125,97.13,2965.0,97.13,578
2026-09-09T14:00:00Z,97.13,97.13,97.125,97.13,870.0,97.13,184
2026-09-09T14:15:00Z,97.13,97.13,97.12,97.125,8700.0,97.1235,1082
2026-09-09T14:30:00Z,97.125,97.125,97.12,97.125,2032.0,97.1215,1208
2026-09-09T14:45:00Z,97.125,97.125,97.12,97.12,5267.0,97.12,1282
2026-09-09T15:00:00Z,97.12,97.125,97.115,97.12,4311.0,97.1205,600
2026-09-09T15:15:00Z,97.12,97.125,97.115,97.12,5330.0,97.12,315
2026-09-09T15:30:00Z,97.12,97.125,97.115,97.115,4072.0,97.12,757
2026-09-09T15:45:00Z,97.12,97.12,97.115,97.12,1080.0,97.12,149
2026-09-09T16:00:00Z,97.115,97.12,97.115,97.12,525.0,97.1175,187
2026-09-09T16:15:00Z,97.12,97.12,97.115,97.115,2024.0,97.1155,244
2026-09-09T16:30:00Z,97.12,97.12,97.115,97.12,723.0,97.1195,189
2026-09-09T16:45:00Z,97.12,97.12,97.115,97.12,437.0,97.1185,127
2026-09-09T17:00:00Z,97.12,97.125,97.12,97.12,4106.0,97.12,176
2026-09-09T17:15:00Z,97.12,97.125,97.12,97.12,1956.0,97.12,121
2026-09-09T17:30:00Z,97.12,97.12,97.12,97.12,952.0,97.12,27
2026-09-09T17:45:00Z,97.12,97.12,97.12,97.12,224.0,97.12,8
2026-09-09T18:00:00Z,97.12,97.12,97.12,97.12,516.0,97.12,28
2026-09-09T18:15:00Z,97.115,97.115,97.115,97.115,440.0,97.115,48
2026-09-09T18:30:00Z,97.115,97.115,97.115,97.115,5440.0,97.115,105
2026-09-09T18:45:00Z,97.115,97.115,97.115,97.115,131.0,97.115,33
2026-09-09T19:00:00Z,97.115,97.115,97.115,97.115,1116.0,97.115,55
2026-09-09T19:15:00Z,97.115,97.12,97.115,97.12,1319.0,97.1155,82
2026-09-09T19:30:00Z,97.115,97.12,97.115,97.12,23.0,97.1155,11
2026-09-09T19:45:00Z,97.115,97.12,97.115,97.12,42.0,97.116,10
2026-09-10T00:00:00Z,97.12,97.12,97.115,97.12,544.0,97.115,41
2026-09-10T00:15:00Z,97.115,97.12,97.115,97.12,486.0,97.1155,53
2026-09-10T00:30:00Z,97.12,97.12,97.115,97.115,683.0,97.12,42
2026-09-10T00:45:00Z,97.115,97.115,97.115,97.115,0.0,97.115,0
2026-09-10T01:00:00Z,97.12,97.12,97.12,97.12,70.0,97.12,7
2026-09-10T01:15:00Z,97.12,97.12,97.12,97.12,76.0,97.12,6
2026-09-10T01:30:00Z,97.12,97.12,97.12,97.12,35.0,97.12,9
2026-09-10T01:45:00Z,97.125,97.125,97.125,97.125,6.0,97.125,6
2026-09-10T02:00:00Z,97.125,97.125,97.125,97.125,3.0,97.125,3
2026-09-10T02:15:00Z,97.125,97.125,97.125,97.125,2.0,97.125,2
2026-09-10T02:30:00Z,97.125,97.125,97.125,97.125,2.0,97.125,2
2026-09-10T02:45:00Z,97.125,97.125,97.125,97.125,6.0,97.125,6
2026-09-10T03:00:00Z,97.125,97.125,97.125,97.125,2.0,97.125,2
2026-09-10T03:15:00Z,97.125,97.125,97.125,97.125,15.0,97.125,8
2026-09-10T03:30:00Z,97.125,97.125,97.125,97.125,2.0,97.125,2
2026-09-10T03:45:00Z,97.125,97.125,97.125,97.125,8.0,97.125,7
2026-09-10T04:00:00Z,97.125,97.125,97.125,97.125,1.0,97.125,1
2026-09-10T04:15:00Z,97.125,97.125,97.125,97.125,0.0,97.125,0
2026-09-10T04:30:00Z,97.125,97.125,97.12,97.125,107.0,97.125,27
2026-09-10T04:45:00Z,97.125,97.125,97.125,97.125,3.0,97.125,3
2026-09-10T05:00:00Z,97.125,97.125,97.125,97.125,544.0,97.125,43
2026-09-10T05:15:00Z,97.125,97.13,97.125,97.125,22.0,97.1285,9
2026-09-10T05:30:00Z,97.13,97.13,97.13,97.13,423.0,97.13,49
2026-09-10T05:45:00Z,97.13,97.135,97.13,97.13,106.0,97.13,14
2026-09-10T06:00:00Z,97.13,97.135,97.13,97.135,197.0,97.131,40
2026-09-10T06:15:00Z,97.13,97.135,97.13,97.135,3051.0,97.135,156
2026-09-10T06:30:00Z,97.135,97.14,97.135,97.135,1546.0,97.135,85
2026-09-10T06:45:00Z,97.135,97.14,97.13,97.135,2512.0,97.135,153
2026-09-10T07:00:00Z,97.135,97.14,97.135,97.135,1702.0,97.135,114
2026-09-10T07:15:00Z,97.135,97.14,97.13,97.135,933.0,97.135,70
2026-09-10T07:30:00Z,97.13,97.13,97.125,97.125,4287.0,97.13,205
2026-09-10T07:45:00Z,97.13,97.13,97.125,97.125,3487.0,97.127,259
2026-09-10T08:00:00Z,97.125,97.13,97.125,97.13,1258.0,97.1255,173
2026-09-10T08:15:00Z,97.125,97.13,97.125,97.125,3743.0,97.13,415
2026-09-10T08:30:00Z,97.125,97.13,97.12,97.125,3860.0,97.1235,205
2026-09-10T08:45:00Z,97.12,97.125,97.12,97.125,1889.0,97.125,151
2026-09-10T09:00:00Z,97.125,97.125,97.115,97.115,5840.0,97.12,298
2026-09-10T09:15:00Z,97.115,97.12,97.115,97.115,4971.0,97.115,251
2026-09-10T09:30:00Z,97.115,97.12,97.11,97.115,3072.0,97.115,150
2026-09-10T09:45:00Z,97.115,97.12,97.115,97.12,395.0,97.118,155
2026-09-10T10:00:00Z,97.12,97.125,97.115,97.125,3633.0,97.12,478
2026-09-10T10:15:00Z,97.12,97.125,97.12,97.12,406.0,97.1235,58
2026-09-10T10:30:00Z,97.12,97.13,97.12,97.13,1265.0,97.1255,151
2026-09-10T10:45:00Z,97.125,97.13,97.12,97.12,3627.0,97.125,231
2026-09-10T11:00:00Z,97.125,97.125,97.115,97.12,1054.0,97.1195,157
2026-09-10T11:15:00Z,97.12,97.12,97.115,97.12,1783.0,97.119,166
2026-09-10T11:30:00Z,97.12,97.125,97.115,97.12,3349.0,97.1205,302
2026-09-10T11:45:00Z,97.12,97.125,97.115,97.115,8756.0,97.12,244
2026-09-10T12:00:00Z,97.115,97.115,97.105,97.11,6237.0,97.112,373
2026-09-10T12:15:00Z,97.11,97.125,97.055,97.06,43362.0,97.0885,2517
2026-09-10T12:30:00Z,97.065,97.07,97.05,97.065,32960.0,97.0565,1230
2026-09-10T12:45:00Z,97.065,97.07,97.055,97.06,22524.0,97.0615,928
2026-09-10T13:00:00Z,97.06,97.065,97.04,97.04,27787.0,97.057,1028
2026-09-10T13:15:00Z,97.04,97.04,97.025,97.03,25145.0,97.032,1066
2026-09-10T13:30:00Z,97.03,97.035,97.01,97.025,23339.0,97.023,987
2026-09-10T13:45:00Z,97.025,97.03,97.015,97.025,17446.0,97.024,645
2026-09-10T14:00:00Z,97.025,97.035,97.02,97.02,13912.0,97.0275,628
2026-09-10T14:15:00Z,97.015,97.03,97.01,97.02,19589.0,97.0205,1131
2026-09-10T14:30:00Z,97.02,97.02,97.01,97.015,5618.0,97.019,434
2026-09-10T14:45:00Z,97.015,97.02,97.01,97.01,14564.0,97.014,690
2026-09-10T15:00:00Z,97.01,97.015,96.96,96.965,64173.0,96.9865,2581
2026-09-10T15:15:00Z,96.965,96.99,96.965,96.975,45058.0,96.978,1347
2026-09-10T15:30:00Z,96.975,96.98,96.965,96.965,20028.0,96.9725,833
2026-09-10T15:45:00Z,96.965,96.965,96.945,96.955,30340.0,96.9555,1051
2026-09-10T16:00:00Z,96.955,96.955,96.945,96.955,9512.0,96.9505,430
2026-09-10T16:15:00Z,96.95,96.955,96.94,96.945,9788.0,96.9485,283
2026-09-10T16:30:00Z,96.945,96.945,96.935,96.94,7970.0,96.941,293
2026-09-10T16:45:00Z,96.94,96.95,96.94,96.945,4297.0,96.9445,192
2026-09-10T17:00:00Z,96.95,96.95,96.93,96.93,3855.0,96.944,241
2026-09-10T17:15:00Z,96.93,96.94,96.93,96.935,3981.0,96.9355,239
2026-09-10T17:30:00Z,96.94,96.945,96.94,96.945,3586.0,96.9435,168
2026-09-10T17:45:00Z,96.945,96.945,96.94,96.94,760.0,96.9415,30
2026-09-10T18:00:00Z,96.945,96.95,96.94,96.94,5304.0,96.943,139
2026-09-10T18:15:00Z,96.935,96.945,96.935,96.94,4940.0,96.94,134
2026-09-10T18:30:00Z,96.935,96.945,96.935,96.94,10233.0,96.94,256
2026-09-10T18:45:00Z,96.94,96.945,96.94,96.945,1044.0,96.944,88
2026-09-10T19:00:00Z,96.945,96.945,96.935,96.935,927.0,96.9365,82
2026-09-10T19:15:00Z,96.935,96.94,96.93,96.94,996.0,96.9355,105
2026-09-10T19:30:00Z,96.94,96.94,96.93,96.93,631.0,96.934,56
2026-09-10T19:45:00Z,96.93,96.935,96.925,96.93,6255.0,96.93,185
2026-09-11T00:00:00Z,96.935,96.935,96.925,96.93,3413.0,96.929,117
2026-09-11T00:15:00Z,96.925,96.93,96.925,96.93,575.0,96.93,103
2026-09-11T00:30:00Z,96.93,96.93,96.93,96.93,259.0,96.93,38
2026-09-11T00:45:00Z,96.93,96.93,96.93,96.93,7.0,96.93,7
2026-09-11T01:00:00Z,96.93,96.94,96.93,96.94,2745.0,96.934,193
2026-09-11T01:15:00Z,96.94,96.94,96.935,96.935,218.0,96.939,11
2026-09-11T01:30:00Z,96.94,96.94,96.935,96.935,586.0,96.935,8
2026-09-11T01:45:00Z,96.935,96.94,96.935,96.94,30.0,96.935,4
2026-09-11T02:00:00Z,96.94,96.94,96.935,96.935,222.0,96.9385,41
2026-09-11T02:15:00Z,96.935,96.935,96.935,96.935,150.0,96.935,16
2026-09-11T02:30:00Z,96.935,96.935,96.935,96.935,0.0,96.935,0
2026-09-11T02:45:00Z,96.935,96.935,96.935,96.935,3.0,96.935,1
2026-09-11T03:00:00Z,96.935,96.935,96.93,96.93,66.0,96.934,13
2026-09-11T03:15:00Z,96.93,96.935,96.93,96.93,2832.0,96.93,111
2026-09-11T03:30:00Z,96.93,96.93,96.93,96.93,427.0,96.93,14
2026-09-11T03:45:00Z,96.93,96.93,96.93,96.93,181.0,96.93,16
2026-09-11T04:00:00Z,96.93,96.935,96.93,96.935,2820.0,96.931,118
2026-09-11T04:15:00Z,96.94,96.94,96.94,96.94,189.0,96.94,28
2026-09-11T04:30:00Z,96.94,96.94,96.94,96.94,73.0,96.94,6
2026-09-11T04:45:00Z,96.945,96.945,96.945,96.945,142.0,96.945,13
2026-09-11T05:00:00Z,96.945,96.95,96.945,96.945,1292.0,96.945,43
2026-09-11T05:15:00Z,96.94,96.945,96.94,96.94,1000.0,96.9425,53
2026-09-11T05:30:00Z,96.945,96.95,96.945,96.95,2297.0,96.949,62
2026-09-11T05:45:00Z,96.955,96.97,96.955,96.96,5168.0,96.959,180
2026-09-11T06:00:00Z,96.96,96.975,96.96,96.97,6165.0,96.9675,352
2026-09-11T06:15:00Z,96.97,96.97,96.96,96.965,2213.0,96.961,176
2026-09-11T06:30:00Z,96.965,96.965,96.955,96.965,4408.0,96.9625,253
2026-09-11T06:45:00Z,96.97,96.975,96.965,96.975,4750.0,96.969,237
2026-09-11T07:00:00Z,96.975,96.99,96.975,96.985,16104.0,96.986,492
2026-09-11T07:15:00Z,96.985,96.985,96.975,96.98,11579.0,96.9795,336
2026-09-11T07:30:00Z,96.975,96.975,96.97,96.975,13698.0,96.9725,665
2026-09-11T07:45:00Z,96.975,96.98,96.975,96.98,6112.0,96.975,175
2026-09-11T08:00:00Z,96.98,96.98,96.97,96.97,12724.0,96.973,655
2026-09-11T08:15:00Z,96.97,96.975,96.96,96.965,20000.0,96.97,752
2026-09-11T08:30:00Z,96.965,96.97,96.965,96.97,7909.0,96.9685,270
2026-09-11T08:45:00Z,96.965,96.975,96.965,96.975,10344.0,96.9705,445
2026-09-11T09:00:00Z,96.975,96.99,96.975,96.975,10011.0,96.9785,552
2026-09-11T09:15:00Z,96.975,96.975,96.97,96.975,7277.0,96.9725,322
2026-09-11T09:30:00Z,96.975,96.975,96.975,96.975,12722.0,96.975,379
2026-09-11T09:45:00Z,96.975,96.99,96.975,96.99,7824.0,96.983,316
2026-09-11T10:00:00Z,96.99,96.99,96.985,96.99,6775.0,96.989,401
2026-09-11T10:15:00Z,96.99,96.995,96.99,96.995,6088.0,96.99,333
2026-09-11T10:30:00Z,96.99,96.995,96.99,96.99,7665.0,96.9925,401
2026-09-11T10:45:00Z,96.99,96.99,96.985,96.985,4443.0,96.9865,155
2026-09-11T11:00:00Z,96.99,96.995,96.985,96.985,9267.0,96.986,448
2026-09-11T11:15:00Z,96.985,96.985,96.98,96.98,10067.0,96.9835,365
2026-09-11T11:30:00Z,96.98,96.98,96.975,96.98,4490.0,96.98,198
2026-09-11T11:45:00Z,96.98,96.985,96.975,96.98,4067.0,96.981,307
2026-09-11T12:00:00Z,96.98,96.98,96.975,96.975,3201.0,96.979,199
2026-09-11T12:15:00Z,96.975,96.985,96.97,96.975,6307.0,96.9735,466
2026-09-11T12:30:00Z,96.98,96.98,96.945,96.975,16888.0,96.963,889
2026-09-11T12:45:00Z,96.98,96.99,96.975,96.99,12905.0,96.9825,482
2026-09-11T13:00:00Z,96.99,96.995,96.975,96.98,4914.0,96.9875,314
2026-09-11T13:15:00Z,96.98,96.99,96.975,96.985,3022.0,96.9805,262
2026-09-11T13:30:00Z,96.985,96.985,96.98,96.985,5249.0,96.985,196
2026-09-11T13:45:00Z,96.985,96.99,96.98,96.985,3134.0,96.9815,331
2026-09-11T14:00:00Z,96.98,96.985,96.975,96.985,1692.0,96.9805,244
2026-09-11T14:15:00Z,96.98,96.985,96.975,96.98,5089.0,96.9815,483
2026-09-11T14:30:00Z,96.98,96.98,96.975,96.98,2880.0,96.98,265
2026-09-11T14:45:00Z,96.98,96.985,96.975,96.975,5977.0,96.981,308
2026-09-11T15:00:00Z,96.975,96.98,96.975,96.98,397.0,96.976,301
2026-09-11T15:15:00Z,96.975,96.99,96.975,96.99,3937.0,96.983,352
2026-09-11T15:30:00Z,96.985,96.985,96.985,96.985,6494.0,96.985,265
2026-09-11T15:45:00Z,96.98,96.99,96.98,96.985,1312.0,96.985,106
2026-09-11T16:00:00Z,96.985,96.99,96.985,96.985,2818.0,96.985,220
2026-09-11T16:15:00Z,96.985,96.99,96.985,96.985,1381.0,96.985,100
2026-09-11T16:30:00Z,96.985,96.99,96.985,96.99,1590.0,96.9875,167
2026-09-11T16:45:00Z,96.99,96.99,96.985,96.985,3167.0,96.9855,108
2026-09-11T17:00:00Z,96.985,96.985,96.985,96.985,2279.0,96.985,83
2026-09-11T17:15:00Z,96.985,96.985,96.985,96.985,706.0,96.985,66
2026-09-11T17:30:00Z,96.985,96.985,96.98,96.98,1036.0,96.982,40
2026-09-11T17:45:00Z,96.98,96.98,96.98,96.98,121.0,96.98,32
2026-09-11T18:00:00Z,96.98,96.98,96.98,96.98,64.0,96.98,23
2026-09-11T18:15:00Z,96.98,96.98,96.975,96.975,3986.0,96.976,155
2026-09-11T18:30:00Z,96.98,96.98,96.975,96.975,3095.0,96.976,92
2026-09-11T18:45:00Z,96.97,96.975,96.97,96.975,18.0,96.9735,10
2026-09-11T19:00:00Z,96.975,96.975,96.97,96.975,1450.0,96.975,81
2026-09-11T19:15:00Z,96.98,96.98,96.98,96.98,2.0,96.98,1
2026-09-11T19:30:00Z,96.975,96.975,96.975,96.975,82.0,96.975,19
2026-09-11T19:45:00Z,96.975,96.975,96.97,96.975,1448.0,96.9745,109
2026-09-14T00:00:00Z,96.97,96.975,96.97,96.975,941.0,96.9735,80
2026-09-14T00:15:00Z,96.975,96.975,96.975,96.975,226.0,96.975,18
2026-09-14T00:30:00Z,96.975,96.975,96.975,96.975,22.0,96.975,4
2026-09-14T00:45:00Z,96.975,96.975,96.975,96.975,69.0,96.975,10
2026-09-14T01:00:00Z,96.97,96.975,96.97,96.97,493.0,96.9715,46
2026-09-14T01:15:00Z,96.97,96.97,96.97,96.97,18.0,96.97,13
2026-09-14T01:30:00Z,96.97,96.975,96.97,96.975,74.0,96.9745,12
2026-09-14T01:45:00Z,96.975,96.975,96.975,96.975,340.0,96.975,9
2026-09-14T02:00:00Z,96.975,96.975,96.975,96.975,11.0,96.975,2
2026-09-14T02:15:00Z,96.975,96.975,96.975,96.975,1.0,96.975,1
2026-09-14T02:30:00Z,96.97,96.97,96.97,96.97,3.0,96.97,2
2026-09-14T02:45:00Z,96.97,96.97,96.97,96.97,1.0,96.97,1
2026-09-14T03:00:00Z,96.97,96.97,96.97,96.97,476.0,96.97,12
2026-09-14T03:15:00Z,96.97,96.97,96.97,96.97,0.0,96.97,0
2026-09-14T03:30:00Z,96.97,96.97,96.97,96.97,0.0,96.97,0
2026-09-14T03:45:00Z,96.97,96.97,96.965,96.97,89.0,96.97,17
2026-09-14T04:00:00Z,96.975,96.975,96.975,96.975,51.0,96.975,8
2026-09-14T04:15:00Z,96.975,96.975,96.975,96.975,372.0,96.975,44
2026-09-14T04:30:00Z,96.98,96.98,96.98,96.98,28.0,96.98,6
2026-09-14T04:45:00Z,96.975,96.975,96.975,96.975,727.0,96.975,39
2026-09-14T05:00:00Z,96.975,96.975,96.975,96.975,538.0,96.975,88
2026-09-14T05:15:00Z,96.975,96.975,96.975,96.975,77.0,96.975,9
2026-09-14T05:30:00Z,96.975,96.975,96.975,96.975,773.0,96.975,60
2026-09-14T05:45:00Z,96.975,96.975,96.975,96.975,242.0,96.975,46
2026-09-14T06:00:00Z,96.975,96.98,96.975,96.975,2913.0,96.9775,208
2026-09-14T06:15:00Z,96.98,96.98,96.975,96.975,325.0,96.975,56
2026-09-14T06:30:00Z,96.98,96.98,96.975,96.975,1623.0,96.975,141
2026-09-14T06:45:00Z,96.975,96.975,96.97,96.97,667.0,96.973,94
2026-09-14T07:00:00Z,96.975,96.975,96.97,96.975,608.0,96.9705,103
2026-09-14T07:15:00Z,96.975,96.975,96.96,96.965,2095.0,96.969,365
2026-09-14T07:30:00Z,96.965,96.97,96.965,96.97,5028.0,96.9675,237
2026-09-14T07:45:00Z,96.97,96.97,96.965,96.97,10601.0,96.9675,544
2026-09-14T08:00:00Z,96.97,96.97,96.965,96.965,888.0,96.9675,179
2026-09-14T08:15:00Z,96.965,96.965,96.96,96.965,5620.0,96.965,388
2026-09-14T08:30:00Z,96.96,96.965,96.96,96.965,1565.0,96.965,391
2026-09-14T08:45:00Z,96.965,96.965,96.96,96.96,5489.0,96.96,1031
2026-09-14T09:00:00Z,96.965,96.965,96.96,96.96,5555.0,96.9605,297
2026-09-14T09:15:00Z,96.96,96.96,96.945,96.95,10505.0,96.9505,480
2026-09-14T09:30:00Z,96.955,96.955,96.95,96.955,5932.0,96.955,394
2026-09-14T09:45:00Z,96.955,96.96,96.955,96.955,2029.0,96.955,205
2026-09-14T10:00:00Z,96.96,96.96,96.955,96.96,676.0,96.9555,135
2026-09-14T10:15:00Z,96.96,96.965,96.955,96.965,3251.0,96.96,224
2026-09-14T10:30:00Z,96.96,96.96,96.955,96.96,3591.0,96.96,515
2026-09-14T10:45:00Z,96.96,96.96,96.955,96.955,3339.0,96.9595,421
2026-09-14T11:00:00Z,96.955,96.955,96.95,96.95,2431.0,96.9545,175
2026-09-14T11:15:00Z,96.95,96.95,96.945,96.95,3813.0,96.95,196
2026-09-14T11:30:00Z,96.95,96.95,96.945,96.95,1907.0,96.95,87
2026-09-14T11:45:00Z,96.95,96.955,96.95,96.95,2265.0,96.95,193
2026-09-14T12:00:00Z,96.95,96.95,96.945,96.95,1762.0,96.948,348
2026-09-14T12:15:00Z,96.95,96.955,96.945,96.945,4381.0,96.95,347
2026-09-14T12:30:00Z,96.945,96.945,96.925,96.935,15049.0,96.938,919
2026-09-14T12:45:00Z,96.935,96.935,96.93,96.93,7007.0,96.934,373
2026-09-14T13:00:00Z,96.93,96.935,96.915,96.92,4693.0,96.924,572
2026-09-14T13:15:00Z,96.915,96.92,96.915,96.92,19659.0,96.9195,959
2026-09-14T13:30:00Z,96.915,96.92,96.91,96.92,14106.0,96.915,623
2026-09-14T13:45:00Z,96.915,96.92,96.91,96.91,10646.0,96.912,452
2026-09-14T14:00:00Z,96.91,96.91,96.905,96.905,9960.0,96.905,448
2026-09-14T14:15:00Z,96.905,96.905,96.895,96.9,10009.0,96.901,649
2026-09-14T14:30:00Z,96.9,96.915,96.895,96.915,12383.0,96.9045,878
2026-09-14T14:45:00Z,96.91,96.92,96.91,96.915,6896.0,96.915,450
2026-09-14T15:00:00Z,96.915,96.935,96.915,96.93,13756.0,96.9255,983
2026-09-14T15:15:00Z,96.925,96.935,96.92,96.93,5876.0,96.929,358
2026-09-14T15:30:00Z,96.935,96.95,96.93,96.945,21258.0,96.9385,1025
2026-09-14T15:45:00Z,96.945,96.945,96.935,96.94,7815.0,96.94,371
2026-09-14T16:00:00Z,96.94,96.95,96.94,96.945,7369.0,96.9465,281
2026-09-14T16:15:00Z,96.95,96.95,96.945,96.945,3424.0,96.946,262
2026-09-14T16:30:00Z,96.945,96.95,96.945,96.95,4074.0,96.949,149
2026-09-14T16:45:00Z,96.95,96.97,96.95,96.965,6532.0,96.964,333
2026-09-14T17:00:00Z,96.965,96.965,96.96,96.96,1739.0,96.9615,237
2026-09-14T17:15:00Z,96.96,96.96,96.95,96.955,819.0,96.957,91
2026-09-14T17:30:00Z,96.955,96.955,96.95,96.95,659.0,96.9505,42
2026-09-14T17:45:00Z,96.955,96.96,96.95,96.96,1495.0,96.9575,56
2026-09-14T18:00:00Z,96.96,96.96,96.955,96.96,1969.0,96.96,35
2026-09-14T18:15:00Z,96.965,96.97,96.965,96.965,4141.0,96.965,191
2026-09-14T18:30:00Z,96.97,96.97,96.965,96.97,1202.0,96.97,57
2026-09-14T18:45:00Z,96.965,96.965,96.96,96.96,1888.0,96.965,117
2026-09-14T19:00:00Z,96.96,96.96,96.955,96.96,279.0,96.9595,27
2026-09-14T19:15:00Z,96.96,96.96,96.955,96.955,180.0,96.957,18
2026-09-14T19:30:00Z,96.955,96.955,96.955,96.955,57.0,96.955,13
2026-09-14T19:45:00Z,96.955,96.955,96.945,96.945,2672.0,96.947,132
2026-09-15T00:00:00Z,96.95,96.95,96.95,96.95,1.0,96.95,1
2026-09-15T00:15:00Z,96.945,96.945,96.945,96.945,72.0,96.945,27
2026-09-15T00:30:00Z,96.94,96.94,96.94,96.94,459.0,96.94,12
2026-09-15T00:45:00Z,96.945,96.945,96.945,96.945,1994.0,96.945,39
2026-09-15T01:00:00Z,96.945,96.945,96.945,96.945,0.0,96.945,0
2026-09-15T01:15:00Z,96.95,96.95,96.945,96.945,21.0,96.9495,7
2026-09-15T01:30:00Z,96.945,96.945,96.945,96.945,65.0,96.945,12
2026-09-15T01:45:00Z,96.945,96.945,96.94,96.94,484.0,96.941,17
2026-09-15T02:00:00Z,96.94,96.94,96.94,96.94,0.0,96.94,0
2026-09-15T02:15:00Z,96.94,96.94,96.94,96.94,0.0,96.94,0
2026-09-15T02:30:00Z,96.94,96.94,96.94,96.94,130.0,96.94,57
2026-09-15T02:45:00Z,96.94,96.94,96.94,96.94,32.0,96.94,11
2026-09-15T03:00:00Z,96.94,96.94,96.94,96.94,49.0,96.94,12
2026-09-15T03:15:00Z,96.935,96.935,96.935,96.935,17.0,96.935,5
2026-09-15T03:30:00Z,96.94,96.94,96.935,96.935,8.0,96.938,6
2026-09-15T03:45:00Z,96.935,96.935,96.935,96.935,34.0,96.935,14
2026-09-15T04:00:00Z,96.935,96.935,96.935,96.935,0.0,96.935,0
2026-09-15T04:15:00Z,96.935,96.935,96.935,96.935,0.0,96.935,0
2026-09-15T04:30:00Z,96.93,96.93,96.93,96.93,247.0,96.93,19
2026-09-15T04:45:00Z,96.93,96.93,96.925,96.925,181.0,96.926,33
2026-09-15T05:00:00Z,96.925,96.925,96.925,96.925,310.0,96.925,38
2026-09-15T05:15:00Z,96.925,96.925,96.92,96.92,269.0,96.925,24
2026-09-15T05:30:00Z,96.925,96.93,96.925,96.93,1008.0,96.9265,164
2026-09-15T05:45:00Z,96.935,96.935,96.93,96.93,144.0,96.93,20
2026-09-15T06:00:00Z,96.935,96.945,96.93,96.945,3341.0,96.9395,148
2026-09-15T06:15:00Z,96.945,96.945,96.94,96.945,106.0,96.9445,25
2026-09-15T06:30:00Z,96.94,96.94,96.94,96.94,3277.0,96.94,211
2026-09-15T06:45:00Z,96.94,96.945,96.935,96.94,3011.0,96.9435,170
2026-09-15T07:00:00Z,96.94,96.94,96.925,96.925,3917.0,96.9315,288
2026-09-15T07:15:00Z,96.93,96.935,96.925,96.93,11066.0,96.9265,303
2026-09-15T07:30:00Z,96.93,96.93,96.925,96.925,8806.0,96.925,243
2026-09-15T07:45:00Z,96.925,96.93,96.925,96.925,4863.0,96.928,253
2026-09-15T08:00:00Z,96.93,96.935,96.925,96.93,4150.0,96.9295,419
2026-09-15T08:15:00Z,96.935,96.945,96.935,96.945,10798.0,96.942,625
2026-09-15T08:30:00Z,96.945,96.945,96.94,96.945,7344.0,96.942,256
2026-09-15T08:45:00Z,96.945,96.945,96.94,96.94,6122.0,96.9405,202
2026-09-15T09:00:00Z,96.94,96.945,96.94,96.945,4375.0,96.944,264
2026-09-15T09:15:00Z,96.945,96.95,96.94,96.945,8279.0,96.945,303
2026-09-15T09:30:00Z,96.95,96.955,96.945,96.95,6274.0,96.95,301
2026-09-15T09:45:00Z,96.95,96.955,96.945,96.955,2792.0,96.95,202
2026-09-15T10:00:00Z,96.955,96.96,96.95,96.955,6088.0,96.955,373
2026-09-15T10:15:00Z,96.955,96.955,96.95,96.95,4009.0,96.955,258
2026-09-15T10:30:00Z,96.955,96.96,96.955,96.955,7252.0,96.9595,315
2026-09-15T10:45:00Z,96.96,96.96,96.955,96.96,4083.0,96.96,160
2026-09-15T11:00:00Z,96.96,96.96,96.95,96.955,1910.0,96.956,118
2026-09-15T11:15:00Z,96.955,96.96,96.955,96.96,1492.0,96.96,108
2026-09-15T11:30:00Z,96.965,96.965,96.96,96.96,7545.0,96.965,319
2026-09-15T11:45:00Z,96.96,96.965,96.96,96.96,747.0,96.96,124
2026-09-15T12:00:00Z,96.96,96.96,96.955,96.955,4537.0,96.958,379
2026-09-15T12:15:00Z,96.955,96.955,96.95,96.95,1399.0,96.954,159
2026-09-15T12:30:00Z,96.955,96.96,96.95,96.955,7868.0,96.9555,382
2026-09-15T12:45:00Z,96.955,96.96,96.955,96.96,8152.0,96.959,352
2026-09-15T13:00:00Z,96.96,96.96,96.95,96.95,4687.0,96.955,247
2026-09-15T13:15:00Z,96.95,96.96,96.95,96.95,2889.0,96.955,183
2026-09-15T13:30:00Z,96.95,96.95,96.945,96.945,9083.0,96.948,559
2026-09-15T13:45:00Z,96.95,96.955,96.945,96.955,3436.0,96.951,335
2026-09-15T14:00:00Z,96.95,96.955,96.945,96.95,2440.0,96.95,277
2026-09-15T14:15:00Z,96.95,96.95,96.945,96.945,3471.0,96.949,217
2026-09-15T14:30:00Z,96.945,96.995,96.945,96.98,98435.0,96.976,2806
2026-09-15T14:45:00Z,96.98,96.985,96.965,96.97,19449.0,96.975,853
2026-09-15T15:00:00Z,96.97,96.985,96.97,96.98,6603.0,96.9765,373
2026-09-15T15:15:00Z,96.98,96.98,96.975,96.98,3152.0,96.98,315
2026-09-15T15:30:00Z,96.98,96.98,96.975,96.975,2277.0,96.9775,179
2026-09-15T15:45:00Z,96.975,96.98,96.975,96.975,6739.0,96.98,363
2026-09-15T16:00:00Z,96.975,96.975,96.975,96.975,1914.0,96.975,226
2026-09-15T16:15:00Z,96.975,96.975,96.975,96.975,6710.0,96.975,337
2026-09-15T16:30:00Z,96.975,96.98,96.975,96.975,3171.0,96.975,119
2026-09-15T16:45:00Z,96.975,96.98,96.975,96.975,712.0,96.975,141
2026-09-15T17:00:00Z,96.975,96.975,96.975,96.975,1542.0,96.975,45
2026-09-15T17:15:00Z,96.97,96.975,96.97,96.97,2042.0,96.97,76
2026-09-15T17:30:00Z,96.97,96.97,96.97,96.97,1061.0,96.97,41
2026-09-15T17:45:00Z,96.97,96.97,96.97,96.97,30.0,96.97,9
2026-09-15T18:00:00Z,96.97,96.97,96.965,96.965,40.0,96.9695,24
2026-09-15T18:15:00Z,96.965,96.97,96.965,96.97,694.0,96.97,46
2026-09-15T18:30:00Z,96.97,96.97,96.97,96.97,82.0,96.97,17
2026-09-15T18:45:00Z,96.97,96.97,96.97,96.97,7.0,96.97,5
2026-09-15T19:00:00Z,96.965,96.965,96.965,96.965,1.0,96.965,1
2026-09-15T19:15:00Z,96.97,96.97,96.965,96.965,78.0,96.97,3
2026-09-15T19:30:00Z,96.965,96.965,96.965,96.965,818.0,96.965,74
2026-09-15T19:45:00Z,96.965,96.965,96.965,96.965,120.0,96.965,28
2026-09-16T00:00:00Z,96.96,96.965,96.96,96.965,38.0,96.9645,13
2026-09-16T00:15:00Z,96.965,96.97,96.965,96.97,5.0,96.966,5
2026-09-16T00:30:00Z,96.97,96.97,96.97,96.97,3.0,96.97,3
2026-09-16T00:45:00Z,96.97,96.97,96.97,96.97,0.0,96.97,0
2026-09-16T01:00:00Z,96.97,96.97,96.97,96.97,523.0,96.97,21
2026-09-16T01:15:00Z,96.97,96.975,96.97,96.975,187.0,96.9735,28
2026-09-16T01:30:00Z,96.975,96.975,96.975,96.975,0.0,96.975,0
2026-09-16T01:45:00Z,96.975,96.975,96.975,96.975,0.0,96.975,0
2026-09-16T02:00:00Z,96.975,96.975,96.975,96.975,0.0,96.975,0
2026-09-16T02:15:00Z,96.975,96.975,96.975,96.975,67.0,96.975,10
2026-09-16T02:30:00Z,96.975,96.975,96.975,96.975,534.0,96.975,79
2026-09-16T02:45:00Z,96.975,96.975,96.975,96.975,9.0,96.975,2
2026-09-16T03:00:00Z,96.975,96.975,96.975,96.975,64.0,96.975,4
2026-09-16T03:15:00Z,96.975,96.975,96.975,96.975,370.0,96.975,13
2026-09-16T03:30:00Z,96.975,96.975,96.975,96.975,5.0,96.975,5
2026-09-16T03:45:00Z,96.975,96.975,96.975,96.975,0.0,96.975,0
2026-09-16T04:00:00Z,96.975,96.975,96.975,96.975,5.0,96.975,4
2026-09-16T04:15:00Z,96.975,96.975,96.975,96.975,17.0,96.975,7
2026-09-16T04:30:00Z,96.975,96.975,96.975,96.975,0.0,96.975,0
2026-09-16T04:45:00Z,96.975,96.975,96.975,96.975,0.0,96.975,0
2026-09-16T05:00:00Z,96.975,96.975,96.975,96.975,0.0,96.975,0
2026-09-16T05:15:00Z,96.975,96.975,96.975,96.975,0.0,96.975,0
2026-09-16T05:30:00Z,96.975,96.975,96.975,96.975,0.0,96.975,0
2026-09-16T05:45:00Z,96.97,96.975,96.97,96.97,26.0,96.974,20
2026-09-16T06:00:00Z,96.975,96.985,96.975,96.985,1798.0,96.9785,192
2026-09-16T06:15:00Z,96.985,96.985,96.98,96.985,1384.0,96.985,78
2026-09-16T06:30:00Z,96.98,96.98,96.975,96.98,3875.0,96.98,126
2026-09-16T06:45:00Z,96.98,96.985,96.98,96.98,3830.0,96.983,67
2026-09-16T07:00:00Z,96.985,96.985,96.98,96.98,6598.0,96.981,246
2026-09-16T07:15:00Z,96.98,96.98,96.975,96.98,1895.0,96.98,160
2026-09-16T07:30:00Z,96.98,96.98,96.97,96.975,8948.0,96.975,550
2026-09-16T07:45:00Z,96.975,96.975,96.97,96.97,5560.0,96.97,362
2026-09-16T08:00:00Z,96.97,96.975,96.97,96.97,1259.0,96.97,84
2026-09-16T08:15:00Z,96.975,96.98,96.975,96.98,10848.0,96.9775,536
2026-09-16T08:30:00Z,96.98,96.98,96.975,96.98,4329.0,96.98,195
2026-09-16T08:45:00Z,96.98,96.985,96.98,96.98,1444.0,96.9825,129
2026-09-16T09:00:00Z,96.98,96.985,96.98,96.98,979.0,96.9825,144
2026-09-16T09:15:00Z,96.98,96.985,96.98,96.98,1436.0,96.981,148
2026-09-16T09:30:00Z,96.98,96.985,96.98,96.985,4846.0,96.985,306
2026-09-16T09:45:00Z,96.985,96.985,96.985,96.985,3651.0,96.985,179
2026-09-16T10:00:00Z,96.985,96.985,96.985,96.985,4596.0,96.985,250
2026-09-16T10:15:00Z,96.985,96.995,96.985,96.99,11918.0,96.99,342
2026-09-16T10:30:00Z,96.99,96.99,96.985,96.99,2064.0,96.99,166
2026-09-16T10:45:00Z,96.99,96.99,96.985,96.99,3221.0,96.99,154
2026-09-16T11:00:00Z,96.99,96.995,96.99,96.995,12520.0,96.9915,385
2026-09-16T11:15:00Z,96.995,96.995,96.99,96.99,3843.0,96.99,52
2026-09-16T11:30:00Z,96.995,96.995,96.99,96.995,4782.0,96.995,179
2026-09-16T11:45:00Z,96.99,96.995,96.985,96.99,13021.0,96.99,343
2026-09-16T12:00:00Z,96.99,96.99,96.985,96.985,4646.0,96.985,355
2026-09-16T12:15:00Z,96.985,96.99,96.985,96.99,11866.0,96.9875,416
2026-09-16T12:30:00Z,96.985,96.99,96.985,96.985,2613.0,96.985,158
2026-09-16T12:45:00Z,96.985,96.985,96.985,96.985,1626.0,96.985,50
2026-09-16T13:00:00Z,96.985,96.99,96.985,96.99,885.0,96.985,149
2026-09-16T13:15:00Z,96.985,96.985,96.98,96.985,2015.0,96.985,154
2026-09-16T13:30:00Z,96.985,96.99,96.985,96.985,747.0,96.9855,112
2026-09-16T13:45:00Z,96.99,96.99,96.985,96.985,284.0,96.9885,85
2026-09-16T14:00:00Z,96.985,96.99,96.985,96.985,282.0,96.9865,85
2026-09-16T14:15:00Z,96.99,96.99,96.985,96.99,5330.0,96.99,322
2026-09-16T14:30:00Z,96.99,96.995,96.99,96.99,3588.0,96.99,259
2026-09-16T14:45:00Z,96.99,96.995,96.99,96.995,3060.0,96.9945,178
2026-09-16T15:00:00Z,97.0,97.005,96.995,97.0,10934.0,96.999,595
2026-09-16T15:15:00Z,97.0,97.0,96.995,96.995,3419.0,96.998,396
2026-09-16T15:30:00Z,96.995,97.0,96.99,96.99,1830.0,96.9925,286
2026-09-16T15:45:00Z,96.99,97.005,96.99,96.995,7805.0,96.9965,615
2026-09-16T16:00:00Z,96.995,96.995,96.99,96.995,1170.0,96.9915,205
2026-09-16T16:15:00Z,96.995,96.995,96.99,96.99,4319.0,96.99,222
2026-09-16T16:30:00Z,96.99,96.995,96.99,96.995,559.0,96.9935,76
2026-09-16T16:45:00Z,96.99,96.995,96.99,96.995,207.0,96.99,22
2026-09-16T17:00:00Z,96.995,96.995,96.99,96.99,223.0,96.9945,42
2026-09-16T17:15:00Z,96.99,96.995,96.99,96.995,197.0,96.995,50
2026-09-16T17:30:00Z,96.995,96.995,96.995,96.995,91.0,96.995,32
2026-09-16T17:45:00Z,96.99,96.995,96.99,96.99,1190.0,96.994,145
2026-09-16T18:00:00Z,97.0,97.0,96.985,96.985,1671.0,96.9905,166
2026-09-16T18:15:00Z,96.985,96.985,96.98,96.98,3442.0,96.985,121
2026-09-16T18:30:00Z,96.98,96.98,96.965,96.975,8459.0,96.9735,398
2026-09-16T18:45:00Z,96.975,96.975,96.965,96.965,2663.0,96.9705,294
2026-09-16T19:00:00Z,96.965,96.97,96.96,96.96,3891.0,96.9645,302
2026-09-16T19:15:00Z,96.96,96.96,96.955,96.955,3519.0,96.957,152
2026-09-16T19:30:00Z,96.955,96.965,96.955,96.965,1579.0,96.9605,107
2026-09-16T19:45:00Z,96.96,96.965,96.96,96.965,3344.0,96.965,127
2026-09-17T00:00:00Z,96.96,96.975,96.96,96.975,210.0,96.972,27
2026-09-17T00:15:00Z,96.975,96.975,96.975,96.975,77.0,96.975,19
2026-09-17T00:30:00Z,96.98,96.98,96.98,96.98,4.0,96.98,2
2026-09-17T00:45:00Z,96.98,96.98,96.98,96.98,105.0,96.98,8
2026-09-17T01:00:00Z,96.985,96.985,96.98,96.98,777.0,96.98,14
2026-09-17T01:15:00Z,96.98,96.98,96.98,96.98,96.0,96.98,5
2026-09-17T01:30:00Z,96.98,96.98,96.98,96.98,7.0,96.98,4
2026-09-17T01:45:00Z,96.98,96.98,96.98,96.98,12.0,96.98,4
2026-09-17T02:00:00Z,96.98,96.98,96.98,96.98,0.0,96.98,0
2026-09-17T02:15:00Z,96.98,96.98,96.98,96.98,132.0,96.98,7
2026-09-17T02:30:00Z,96.98,96.98,96.98,96.98,135.0,96.98,6
2026-09-17T02:45:00Z,96.98,96.98,96.98,96.98,84.0,96.98,1
2026-09-17T03:00:00Z,96.98,96.98,96.98,96.98,170.0,96.98,12
2026-09-17T03:15:00Z,96.98,96.98,96.98,96.98,200.0,96.98,9
2026-09-17T03:30:00Z,96.98,96.98,96.98,96.98,92.0,96.98,5
2026-09-17T03:45:00Z,96.98,96.98,96.98,96.98,6.0,96.98,3
2026-09-17T04:00:00Z,96.98,96.98,96.98,96.98,0.0,96.98,0
2026-09-17T04:15:00Z,96.98,96.98,96.98,96.98,173.0,96.98,7
2026-09-17T04:30:00Z,96.98,96.98,96.98,96.98,282.0,96.98,11
2026-09-17T04:45:00Z,96.98,96.98,96.98,96.98,2.0,96.98,2
2026-09-17T05:00:00Z,96.98,96.98,96.98,96.98,0.0,96.98,0
2026-09-17T05:15:00Z,96.98,96.985,96.98,96.98,1490.0,96.98,34
2026-09-17T05:30:00Z,96.98,96.985,96.98,96.985,94.0,96.985,14
2026-09-17T05:45:00Z,96.985,96.985,96.985,96.985,76.0,96.985,15
2026-09-17T06:00:00Z,96.985,96.99,96.985,96.99,2988.0,96.9855,207
2026-09-17T06:15:00Z,96.99,96.99,96.985,96.99,775.0,96.9885,75
2026-09-17T06:30:00Z,96.99,96.995,96.985,96.99,1740.0,96.99,93
2026-09-17T06:45:00Z,96.985,96.99,96.985,96.985,2660.0,96.99,92
2026-09-17T07:00:00Z,96.985,96.99,96.98,96.99,2374.0,96.987,110
2026-09-17T07:15:00Z,96.99,96.99,96.985,96.985,398.0,96.99,39
2026-09-17T07:30:00Z,96.99,96.99,96.985,96.985,1007.0,96.9885,289
2026-09-17T07:45:00Z,96.985,96.99,96.985,96.985,2106.0,96.985,228
2026-09-17T08:00:00Z,96.98,96.98,96.98,96.98,28.0,96.98,16
2026-09-17T08:15:00Z,96.98,96.985,96.98,96.98,884.0,96.98,103
2026-09-17T08:30:00Z,96.98,96.98,96.975,96.975,5626.0,96.98,389
2026-09-17T08:45:00Z,96.98,96.98,96.98,96.98,4616.0,96.98,210
2026-09-17T09:00:00Z,96.98,96.985,96.98,96.98,793.0,96.98,101
2026-09-17T09:15:00Z,96.98,96.985,96.98,96.98,337.0,96.98,58
2026-09-17T09:30:00Z,96.98,96.98,96.98,96.98,1247.0,96.98,106
2026-09-17T09:45:00Z,96.98,96.98,96.975,96.98,5313.0,96.98,184
2026-09-17T10:00:00Z,96.98,96.98,96.98,96.98,5720.0,96.98,238
2026-09-17T10:15:00Z,96.98,96.98,96.975,96.975,2823.0,96.9795,246
2026-09-17T10:30:00Z,96.98,96.98,96.975,96.975,11.0,96.9785,10
2026-09-17T10:45:00Z,96.975,96.98,96.975,96.975,639.0,96.975,33
2026-09-17T11:00:00Z,96.98,96.985,96.975,96.985,2781.0,96.9805,325
2026-09-17T11:15:00Z,96.985,96.985,96.98,96.98,3541.0,96.984,258
2026-09-17T11:30:00Z,96.98,96.985,96.975,96.985,4576.0,96.98,346
2026-09-17T11:45:00Z,96.98,96.99,96.98,96.985,4394.0,96.981,257
2026-09-17T12:00:00Z,96.985,96.99,96.985,96.99,2588.0,96.988,220
2026-09-17T12:15:00Z,96.995,97.0,96.99,96.995,5630.0,96.995,384
2026-09-17T12:30:00Z,96.995,96.995,96.99,96.995,2849.0,96.9945,262
2026-09-17T12:45:00Z,96.99,97.0,96.99,96.995,4063.0,96.995,154
2026-09-17T13:00:00Z,97.0,97.0,96.995,96.995,3612.0,96.995,161
2026-09-17T13:15:00Z,96.995,97.0,96.995,96.995,793.0,96.9955,87
2026-09-17T13:30:00Z,97.0,97.005,96.99,96.99,4671.0,96.999,305
2026-09-17T13:45:00Z,96.995,96.995,96.99,96.99,2026.0,96.995,178
2026-09-17T14:00:00Z,96.99,96.995,96.99,96.995,31.0,96.991,25
2026-09-17T14:15:00Z,96.995,96.995,96.99,96.99,1121.0,96.991,97
2026-09-17T14:30:00Z,96.995,96.995,96.99,96.99,1147.0,96.9905,230
2026-09-17T14:45:00Z,96.99,96.995,96.985,96.985,2945.0,96.99,366
2026-09-17T15:00:00Z,96.99,96.99,96.985,96.99,2703.0,96.9865,444
2026-09-17T15:15:00Z,96.99,96.99,96.985,96.99,436.0,96.987,144
2026-09-17T15:30:00Z,96.985,96.99,96.985,96.985,1731.0,96.988,333
2026-09-17T15:45:00Z,96.985,96.985,96.985,96.985,2677.0,96.985,232
2026-09-17T16:00:00Z,96.985,96.985,96.98,96.985,2436.0,96.985,210
2026-09-17T16:15:00Z,96.98,96.985,96.98,96.985,76.0,96.9845,23
2026-09-17T16:30:00Z,96.98,96.98,96.98,96.98,3278.0,96.98,120
2026-09-17T16:45:00Z,96.98,96.98,96.975,96.975,1476.0,96.98,81
2026-09-17T17:00:00Z,96.98,96.98,96.98,96.98,210.0,96.98,17
2026-09-17T17:15:00Z,96.98,96.98,96.98,96.98,0.0,96.98,0
2026-09-17T17:30:00Z,96.98,96.98,96.98,96.98,0.0,96.98,0
2026-09-17T17:45:00Z,96.98,96.98,96.975,96.975,2014.0,96.975,24
2026-09-17T18:00:00Z,96.975,96.975,96.97,96.975,808.0,96.975,62
2026-09-17T18:15:00Z,96.975,96.975,96.975,96.975,273.0,96.975,22
2026-09-17T18:30:00Z,96.975,96.975,96.975,96.975,0.0,96.975,0
2026-09-17T18:45:00Z,96.975,96.975,96.975,96.975,0.0,96.975,0
2026-09-17T19:00:00Z,96.975,96.975,96.975,96.975,254.0,96.975,14
2026-09-17T19:15:00Z,96.975,96.975,96.97,96.975,580.0,96.975,61
2026-09-17T19:30:00Z,96.975,96.975,96.97,96.975,123.0,96.975,38
2026-09-17T19:45:00Z,96.975,96.975,96.97,96.97,22.0,96.975,6
2026-09-18T00:00:00Z,96.97,96.97,96.97,96.97,1.0,96.97,1
2026-09-18T00:15:00Z,96.975,96.975,96.975,96.975,7.0,96.975,5
2026-09-18T00:30:00Z,96.975,96.975,96.975,96.975,2.0,96.975,2
2026-09-18T00:45:00Z,96.975,96.975,96.975,96.975,2.0,96.975,1
2026-09-18T01:00:00Z,96.975,96.975,96.975,96.975,119.0,96.975,22
2026-09-18T01:15:00Z,96.975,96.975,96.975,96.975,0.0,96.975,0
2026-09-18T01:30:00Z,96.975,96.975,96.975,96.975,0.0,96.975,0
2026-09-18T01:45:00Z,96.975,96.975,96.975,96.975,0.0,96.975,0
2026-09-18T02:00:00Z,96.975,96.975,96.975,96.975,0.0,96.975,0
2026-09-18T02:15:00Z,96.975,96.975,96.975,96.975,200.0,96.975,16
2026-09-18T02:30:00Z,96.975,96.975,96.975,96.975,0.0,96.975,0
2026-09-18T02:45:00Z,96.975,96.975,96.975,96.975,0.0,96.975,0
2026-09-18T03:00:00Z,96.975,96.975,96.975,96.975,0.0,96.975,0
2026-09-18T03:15:00Z,96.975,96.975,96.975,96.975,0.0,96.975,0
2026-09-18T03:30:00Z,96.975,96.975,96.975,96.975,0.0,96.975,0
2026-09-18T03:45:00Z,96.975,96.975,96.975,96.975,0.0,96.975,0
2026-09-18T04:00:00Z,96.975,96.975,96.975,96.975,0.0,96.975,0
2026-09-18T04:15:00Z,96.975,96.975,96.975,96.975,0.0,96.975,0
2026-09-18T04:30:00Z,96.975,96.975,96.975,96.975,0.0,96.975,0
2026-09-18T04:45:00Z,96.975,96.975,96.975,96.975,0.0,96.975,0
2026-09-18T05:00:00Z,96.97,96.97,96.97,96.97,5.0,96.97,2
2026-09-18T05:15:00Z,96.97,96.97,96.97,96.97,0.0,96.97,0
2026-09-18T05:30:00Z,96.975,96.975,96.975,96.975,409.0,96.975,31
2026-09-18T05:45:00Z,96.98,96.985,96.98,96.98,1969.0,96.98,88
2026-09-18T06:00:00Z,96.98,96.99,96.98,96.985,12456.0,96.984,296
2026-09-18T06:15:00Z,96.985,96.985,96.98,96.985,2609.0,96.985,68
2026-09-18T06:30:00Z,96.98,96.985,96.98,96.985,457.0,96.985,22
2026-09-18T06:45:00Z,96.985,96.995,96.985,96.99,8296.0,96.9895,136
2026-09-18T07:00:00Z,96.985,96.99,96.985,96.985,171.0,96.985,70
2026-09-18T07:15:00Z,96.985,96.985,96.985,96.985,2398.0,96.985,90
2026-09-18T07:30:00Z,96.985,96.985,96.98,96.98,1164.0,96.98,131
2026-09-18T07:45:00Z,96.975,96.98,96.975,96.98,2124.0,96.976,119
2026-09-18T08:00:00Z,96.98,96.98,96.975,96.98,506.0,96.9765,104
2026-09-18T08:15:00Z,96.98,96.98,96.975,96.975,1716.0,96.9755,652
2026-09-18T08:30:00Z,96.98,96.98,96.975,96.98,1096.0,96.975,60
2026-09-18T08:45:00Z,96.98,96.98,96.975,96.975,20.0,96.9785,9
2026-09-18T09:00:00Z,96.98,96.985,96.98,96.98,6296.0,96.9835,574
2026-09-18T09:15:00Z,96.985,96.985,96.975,96.975,775.0,96.98,133
2026-09-18T09:30:00Z,96.98,96.98,96.975,96.975,2776.0,96.976,349
2026-09-18T09:45:00Z,96.975,96.975,96.975,96.975,3100.0,96.975,251
2026-09-18T10:00:00Z,96.975,96.975,96.975,96.975,1617.0,96.975,42
2026-09-18T10:15:00Z,96.975,96.98,96.975,96.98,680.0,96.975,67
2026-09-18T10:30:00Z,96.98,96.98,96.98,96.98,4449.0,96.98,305
2026-09-18T10:45:00Z,96.98,96.985,96.98,96.985,7296.0,96.985,301
2026-09-18T11:00:00Z,96.985,96.99,96.98,96.985,11362.0,96.983,491
2026-09-18T11:15:00Z,96.98,96.98,96.975,96.975,2070.0,96.9795,639
2026-09-18T11:30:00Z,96.98,96.98,96.975,96.98,2847.0,96.98,230
2026-09-18T11:45:00Z,96.98,96.98,96.98,96.98,376.0,96.98,52
2026-09-18T12:00:00Z,96.975,96.985,96.975,96.975,5716.0,96.9775,338
2026-09-18T12:15:00Z,96.975,96.98,96.97,96.975,7302.0,96.975,348
2026-09-18T12:30:00Z,96.975,96.98,96.975,96.975,1389.0,96.975,137
2026-09-18T12:45:00Z,96.975,96.975,96.975,96.975,5228.0,96.975,147
2026-09-18T13:00:00Z,96.975,96.975,96.97,96.975,4130.0,96.975,276
2026-09-18T13:15:00Z,96.975,96.975,96.965,96.965,3967.0,96.9715,159
2026-09-18T13:30:00Z,96.965,96.97,96.965,96.965,6664.0,96.965,120
2026-09-18T13:45:00Z,96.965,96.965,96.96,96.96,6906.0,96.96,167
2026-09-18T14:00:00Z,96.96,96.965,96.955,96.965,4838.0,96.9605,311
2026-09-18T14:15:00Z,96.965,96.965,96.96,96.96,10133.0,96.96,369
2026-09-18T14:30:00Z,96.96,96.96,96.955,96.955,10863.0,96.96,273
2026-09-18T14:45:00Z,96.955,96.96,96.955,96.96,4805.0,96.96,360
2026-09-18T15:00:00Z,96.96,96.96,96.945,96.945,11090.0,96.9495,1093
2026-09-18T15:15:00Z,96.945,96.955,96.945,96.955,5364.0,96.9465,659
2026-09-18T15:30:00Z,96.95,96.955,96.945,96.955,5152.0,96.9515,240
2026-09-18T15:45:00Z,96.955,96.96,96.955,96.955,3475.0,96.9595,310
2026-09-18T16:00:00Z,96.96,96.96,96.96,96.96,491.0,96.96,36
2026-09-18T16:15:00Z,96.955,96.965,96.955,96.965,686.0,96.9595,88
2026-09-18T16:30:00Z,96.96,96.965,96.96,96.96,1403.0,96.964,97
2026-09-18T16:45:00Z,96.965,96.97,96.965,96.965,1950.0,96.965,113
2026-09-18T17:00:00Z,96.965,96.965,96.965,96.965,1613.0,96.965,66
2026-09-18T17:15:00Z,96.97,96.97,96.965,96.965,6.0,96.966,3
2026-09-18T17:30:00Z,96.97,96.97,96.97,96.97,142.0,96.97,84
2026-09-18T17:45:00Z,96.965,96.965,96.965,96.965,48.0,96.965,13
2026-09-18T18:00:00Z,96.965,96.97,96.965,96.97,1001.0,96.965,26
2026-09-18T18:15:00Z,96.965,96.97,96.965,96.97,36.0,96.965,6
2026-09-18T18:30:00Z,96.97,96.97,96.97,96.97,0.0,96.97,0
2026-09-18T18:45:00Z,96.965,96.965,96.965,96.965,6.0,96.965,4
2026-09-18T19:00:00Z,96.965,96.965,96.965,96.965,300.0,96.965,24
2026-09-18T19:15:00Z,96.97,96.97,96.965,96.965,599.0,96.965,33
2026-09-18T19:30:00Z,96.965,96.965,96.965,96.965,475.0,96.965,32
2026-09-18T19:45:00Z,96.965,96.97,96.965,96.965,1995.0,96.967,156
2026-09-21T00:00:00Z,96.965,96.97,96.96,96.97,23.0,96.965,13
2026-09-21T00:15:00Z,96.965,96.965,96.965,96.965,3.0,96.965,2
2026-09-21T00:30:00Z,96.97,96.97,96.97,96.97,7.0,96.97,5
2026-09-21T00:45:00Z,96.97,96.97,96.97,96.97,0.0,96.97,0
2026-09-21T01:00:00Z,96.97,96.97,96.97,96.97,34.0,96.97,9
2026-09-21T01:15:00Z,96.97,96.97,96.97,96.97,416.0,96.97,27
2026-09-21T01:30:00Z,96.97,96.97,96.97,96.97,0.0,96.97,0
2026-09-21T01:45:00Z,96.975,96.975,96.975,96.975,1000.0,96.975,16
2026-09-21T02:00:00Z,96.975,96.975,96.975,96.975,0.0,96.975,0
2026-09-21T02:15:00Z,96.975,96.975,96.975,96.975,0.0,96.975,0
2026-09-21T02:30:00Z,96.975,96.975,96.975,96.975,0.0,96.975,0
2026-09-21T02:45:00Z,96.975,96.975,96.975,96.975,0.0,96.975,0
2026-09-21T03:00:00Z,96.975,96.975,96.975,96.975,0.0,96.975,0
2026-09-21T03:15:00Z,96.975,96.975,96.975,96.975,0.0,96.975,0
2026-09-21T03:30:00Z,96.975,96.975,96.975,96.975,0.0,96.975,0
2026-09-21T03:45:00Z,96.975,96.975,96.975,96.975,0.0,96.975,0
2026-09-21T04:00:00Z,96.975,96.975,96.975,96.975,2.0,96.975,2
2026-09-21T04:15:00Z,96.975,96.975,96.975,96.975,5.0,96.975,4
2026-09-21T04:30:00Z,96.975,96.975,96.975,96.975,101.0,96.975,8
2026-09-21T04:45:00Z,96.975,96.975,96.975,96.975,23.0,96.975,23
2026-09-21T05:00:00Z,96.975,96.975,96.975,96.975,501.0,96.975,5
2026-09-21T05:15:00Z,96.975,96.975,96.975,96.975,2.0,96.975,2
2026-09-21T05:30:00Z,96.975,96.975,96.975,96.975,31.0,96.975,2
2026-09-21T05:45:00Z,96.97,96.97,96.97,96.97,10.0,96.97,7
2026-09-21T06:00:00Z,96.97,96.98,96.97,96.975,1751.0,96.974,148
2026-09-21T06:15:00Z,96.98,96.98,96.98,96.98,2380.0,96.98,151
2026-09-21T06:30:00Z,96.98,96.985,96.98,96.985,1899.0,96.98,128
2026-09-21T06:45:00Z,96.985,96.985,96.98,96.985,2940.0,96.985,147
2026-09-21T07:00:00Z,96.985,96.99,96.98,96.985,3994.0,96.9855,423
2026-09-21T07:15:00Z,96.985,96.985,96.985,96.985,2647.0,96.985,119
2026-09-21T07:30:00Z,96.99,96.99,96.985,96.99,779.0,96.9885,195
2026-09-21T07:45:00Z,96.99,96.99,96.985,96.985,3064.0,96.985,120
2026-09-21T08:00:00Z,96.985,96.99,96.985,96.985,524.0,96.985,43
2026-09-21T08:15:00Z,96.99,96.99,96.985,96.99,2989.0,96.99,239
2026-09-21T08:30:00Z,96.99,96.99,96.975,96.985,57905.0,96.982,799
2026-09-21T08:45:00Z,96.99,96.99,96.98,96.98,4626.0,96.9885,90
2026-09-21T09:00:00Z,96.985,96.985,96.985,96.985,3532.0,96.985,188
2026-09-21T09:15:00Z,96.99,96.99,96.985,96.985,461.0,96.9885,55
2026-09-21T09:30:00Z,96.985,96.99,96.985,96.99,397.0,96.986,98
2026-09-21T09:45:00Z,96.985,96.99,96.985,96.99,4567.0,96.99,70
2026-09-21T10:00:00Z,96.99,96.995,96.99,96.995,272.0,96.9905,71
2026-09-21T10:15:00Z,96.995,96.995,96.99,96.99,490.0,96.99,119
2026-09-21T10:30:00Z,96.995,96.995,96.99,96.995,409.0,96.9945,91
2026-09-21T10:45:00Z,96.99,96.995,96.99,96.995,31.0,96.9905,19
2026-09-21T11:00:00Z,96.99,96.995,96.99,96.995,2376.0,96.995,270
2026-09-21T11:15:00Z,96.995,96.995,96.995,96.995,2486.0,96.995,94
2026-09-21T11:30:00Z,97.0,97.005,97.0,97.005,3735.0,97.0005,288
2026-09-21T11:45:00Z,97.0,97.0,97.0,97.0,2259.0,97.0,162
2026-09-21T12:00:00Z,97.0,97.005,97.0,97.005,4447.0,97.005,184
2026-09-21T12:15:00Z,97.005,97.01,97.0,97.0,3233.0,97.004,212
2026-09-21T12:30:00Z,97.0,97.01,97.0,97.01,2475.0,97.006,194
2026-09-21T12:45:00Z,97.01,97.01,97.0,97.005,2725.0,97.006,261
2026-09-21T13:00:00Z,97.0,97.005,97.0,97.005,2369.0,97.005,239
2026-09-21T13:15:00Z,97.005,97.01,97.005,97.01,1835.0,97.005,83
2026-09-21T13:30:00Z,97.005,97.01,97.005,97.005,1153.0,97.005,89
2026-09-21T13:45:00Z,97.005,97.005,97.0,97.005,2662.0,97.005,171
2026-09-21T14:00:00Z,97.005,97.005,97.0,97.005,5226.0,97.0045,716
2026-09-21T14:15:00Z,97.005,97.015,97.005,97.01,1476.0,97.0095,209
2026-09-21T14:30:00Z,97.01,97.015,97.01,97.01,4776.0,97.013,399
2026-09-21T14:45:00Z,97.015,97.015,97.005,97.005,25461.0,97.0085,480
2026-09-21T15:00:00Z,97.01,97.01,97.0,97.005,4490.0,97.005,407
2026-09-21T15:15:00Z,97.005,97.01,97.0,97.0,3717.0,97.005,187
2026-09-21T15:30:00Z,97.005,97.01,97.0,97.005,4642.0,97.0055,224
2026-09-21T15:45:00Z,97.005,97.005,97.005,97.005,4157.0,97.005,232
2026-09-21T16:00:00Z,97.005,97.01,97.005,97.01,2434.0,97.0055,111
2026-09-21T16:15:00Z,97.01,97.01,97.005,97.01,735.0,97.009,91
2026-09-21T16:30:00Z,97.005,97.01,97.005,97.01,762.0,97.01,40
2026-09-21T16:45:00Z,97.01,97.01,97.005,97.005,898.0,97.005,35
2026-09-21T17:00:00Z,97.005,97.005,97.005,97.005,934.0,97.005,26
2026-09-21T17:15:00Z,97.005,97.005,97.005,97.005,12.0,97.005,4
2026-09-21T17:30:00Z,97.0,97.0,96.995,96.995,2250.0,97.0,63
2026-09-21T17:45:00Z,97.0,97.0,96.995,96.995,295.0,97.0,42
2026-09-21T18:00:00Z,96.995,96.995,96.995,96.995,43.0,96.995,10
2026-09-21T18:15:00Z,96.995,96.995,96.995,96.995,99.0,96.995,1
2026-09-21T18:30:00Z,96.995,96.995,96.995,96.995,0.0,96.995,0
2026-09-21T18:45:00Z,96.995,97.0,96.995,97.0,76.0,96.995,10
2026-09-21T19:00:00Z,96.995,96.995,96.995,96.995,1506.0,96.995,73
2026-09-21T19:15:00Z,96.995,96.995,96.995,96.995,138.0,96.995,5
2026-09-21T19:30:00Z,96.995,96.995,96.995,96.995,515.0,96.995,22
2026-09-21T19:45:00Z,96.995,96.995,96.995,96.995,682.0,96.995,66
2026-09-22T00:00:00Z,96.995,96.995,96.99,96.995,11.0,96.994,6
2026-09-22T00:15:00Z,96.995,96.995,96.99,96.99,46.0,96.995,8
2026-09-22T00:30:00Z,96.99,96.995,96.99,96.995,25.0,96.99,9
2026-09-22T00:45:00Z,96.995,96.995,96.995,96.995,0.0,96.995,0
2026-09-22T01:00:00Z,96.99,96.99,96.99,96.99,7.0,96.99,1
2026-09-22T01:15:00Z,96.99,96.99,96.99,96.99,227.0,96.99,13
2026-09-22T01:30:00Z,96.99,96.99,96.985,96.99,12.0,96.9895,6
2026-09-22T01:45:00Z,96.99,96.99,96.985,96.985,2.0,96.9875,2
2026-09-22T02:00:00Z,96.985,96.985,96.985,96.985,0.0,96.985,0
2026-09-22T02:15:00Z,96.99,96.99,96.99,96.99,137.0,96.99,4
2026-09-22T02:30:00Z,96.99,96.99,96.99,96.99,103.0,96.99,1
2026-09-22T02:45:00Z,96.99,96.99,96.99,96.99,0.0,96.99,0
2026-09-22T03:00:00Z,96.99,96.99,96.99,96.99,0.0,96.99,0
2026-09-22T03:15:00Z,96.985,96.985,96.985,96.985,1.0,96.985,1
2026-09-22T03:30:00Z,96.985,96.985,96.985,96.985,0.0,96.985,0
2026-09-22T03:45:00Z,96.985,96.985,96.985,96.985,0.0,96.985,0
2026-09-22T04:00:00Z,96.985,96.985,96.985,96.985,0.0,96.985,0
2026-09-22T04:15:00Z,96.985,96.985,96.985,96.985,31.0,96.985,16
2026-09-22T04:30:00Z,96.985,96.985,96.985,96.985,1414.0,96.985,74
2026-09-22T04:45:00Z,96.985,96.985,96.985,96.985,1.0,96.985,1
2026-09-22T05:00:00Z,96.985,96.985,96.985,96.985,16.0,96.985,7
2026-09-22T05:15:00Z,96.985,96.985,96.985,96.985,5.0,96.985,5
2026-09-22T05:30:00Z,96.985,96.985,96.985,96.985,2.0,96.985,2
2026-09-22T05:45:00Z,96.985,96.985,96.985,96.985,2.0,96.985,2
2026-09-22T06:00:00Z,96.985,96.985,96.98,96.985,3528.0,96.985,295
2026-09-22T06:15:00Z,96.985,96.985,96.985,96.985,291.0,96.985,72
2026-09-22T06:30:00Z,96.985,96.99,96.985,96.985,621.0,96.989,74
2026-09-22T06:45:00Z,96.985,96.985,96.985,96.985,15.0,96.985,15
2026-09-22T07:00:00Z,96.99,96.99,96.985,96.99,4010.0,96.9895,263
2026-09-22T07:15:00Z,96.995,96.995,96.99,96.99,197.0,96.992,49
2026-09-22T07:30:00Z,96.99,96.995,96.99,96.99,577.0,96.991,67
2026-09-22T07:45:00Z,96.99,96.995,96.985,96.985,2794.0,96.99,238
2026-09-22T08:00:00Z,96.985,96.99,96.985,96.985,97.0,96.9855,39
2026-09-22T08:15:00Z,96.985,96.985,96.985,96.985,3030.0,96.985,198
2026-09-22T08:30:00Z,96.985,97.0,96.98,97.0,14903.0,96.9895,728
2026-09-22T08:45:00Z,97.0,97.015,97.0,97.005,9759.0,97.006,599
2026-09-22T09:00:00Z,97.005,97.005,97.0,97.005,7204.0,97.0035,462
2026-09-22T09:15:00Z,97.0,97.005,97.0,97.005,4605.0,97.005,155
2026-09-22T09:30:00Z,97.005,97.01,97.005,97.01,1283.0,97.0055,162
2026-09-22T09:45:00Z,97.005,97.02,97.005,97.02,5710.0,97.0135,328
2026-09-22T10:00:00Z,97.02,97.02,97.015,97.015,8809.0,97.019,318
2026-09-22T10:15:00Z,97.015,97.02,97.015,97.015,1748.0,97.015,118
2026-09-22T10:30:00Z,97.015,97.02,97.015,97.02,1977.0,97.02,152
2026-09-22T10:45:00Z,97.015,97.02,97.015,97.02,5214.0,97.02,232
2026-09-22T11:00:00Z,97.02,97.02,97.01,97.015,11463.0,97.017,496
2026-09-22T11:15:00Z,97.015,97.02,97.015,97.02,3064.0,97.015,142
2026-09-22T11:30:00Z,97.015,97.02,97.015,97.015,584.0,97.017,156
2026-09-22T11:45:00Z,97.02,97.025,97.015,97.02,4082.0,97.0215,283
2026-09-22T12:00:00Z,97.02,97.025,97.02,97.02,3458.0,97.0205,307
2026-09-22T12:15:00Z,97.02,97.02,97.015,97.02,2503.0,97.02,164
2026-09-22T12:30:00Z,97.02,97.025,97.015,97.02,2528.0,97.0205,220
2026-09-22T12:45:00Z,97.02,97.02,97.015,97.015,1874.0,97.02,167
2026-09-22T13:00:00Z,97.02,97.025,97.02,97.025,2316.0,97.023,262
2026-09-22T13:15:00Z,97.02,97.025,97.015,97.015,3551.0,97.022,224
2026-09-22T13:30:00Z,97.015,97.025,97.01,97.02,4789.0,97.0165,302
2026-09-22T13:45:00Z,97.015,97.015,97.01,97.015,1938.0,97.015,219
2026-09-22T14:00:00Z,97.015,97.015,97.01,97.015,1919.0,97.0145,117
2026-09-22T14:15:00Z,97.01,97.015,97.01,97.015,2477.0,97.015,221
2026-09-22T14:30:00Z,97.01,97.02,97.005,97.01,8829.0,97.012,431
2026-09-22T14:45:00Z,97.01,97.015,97.01,97.015,172.0,97.0105,33
2026-09-22T15:00:00Z,97.01,97.015,97.005,97.01,10356.0,97.01,571
2026-09-22T15:15:00Z,97.01,97.01,97.005,97.01,1092.0,97.01,68
2026-09-22T15:30:00Z,97.005,97.005,97.0,97.005,7282.0,97.002,255
2026-09-22T15:45:00Z,97.0,97.0,96.995,97.0,1387.0,97.0,119
2026-09-22T16:00:00Z,97.0,97.0,96.995,96.995,714.0,97.0,79
2026-09-22T16:15:00Z,96.995,97.0,96.995,96.995,278.0,96.998,58
2026-09-22T16:30:00Z,96.995,96.995,96.995,96.995,460.0,96.995,56
2026-09-22T16:45:00Z,96.995,97.005,96.995,97.0,3874.0,97.0015,245
2026-09-22T17:00:00Z,97.0,97.0,97.0,97.0,41.0,97.0,27
2026-09-22T17:15:00Z,97.0,97.0,97.0,97.0,916.0,97.0,52
2026-09-22T17:30:00Z,97.0,97.0,97.0,97.0,0.0,97.0,0
2026-09-22T17:45:00Z,97.005,97.015,97.0,97.015,5626.0,97.013,228
2026-09-22T18:00:00Z,97.015,97.015,97.01,97.01,3168.0,97.015,63
2026-09-22T18:15:00Z,97.01,97.01,97.0,97.0,664.0,97.009,73
2026-09-22T18:30:00Z,97.0,97.0,97.0,97.0,136.0,97.0,25
2026-09-22T18:45:00Z,97.0,97.005,97.0,97.005,51.0,97.0025,14
2026-09-22T19:00:00Z,97.0,97.005,97.0,97.005,19.0,97.0035,6
2026-09-22T19:15:00Z,97.005,97.005,97.0,97.005,402.0,97.005,49
2026-09-22T19:30:00Z,97.01,97.02,97.01,97.015,4120.0,97.0125,124
2026-09-22T19:45:00Z,97.015,97.015,97.01,97.01,78.0,97.0105,12
2026-09-23T00:00:00Z,97.01,97.015,97.01,97.015,15.0,97.0145,15
2026-09-23T00:15:00Z,97.015,97.015,97.015,97.015,5.0,97.015,2
2026-09-23T00:30:00Z,97.015,97.015,97.015,97.015,0.0,97.015,0
2026-09-23T00:45:00Z,97.015,97.015,97.015,97.015,0.0,97.015,0
2026-09-23T01:00:00Z,97.015,97.015,97.015,97.015,0.0,97.015,0
2026-09-23T01:15:00Z,97.015,97.015,97.015,97.015,0.0,97.015,0
2026-09-23T01:30:00Z,97.015,97.015,97.015,97.015,0.0,97.015,0
2026-09-23T01:45:00Z,97.015,97.015,97.015,97.015,0.0,97.015,0
2026-09-23T02:00:00Z,97.015,97.015,97.015,97.015,0.0,97.015,0
2026-09-23T02:15:00Z,97.015,97.015,97.015,97.015,0.0,97.015,0
2026-09-23T02:30:00Z,97.015,97.015,97.015,97.015,60.0,97.015,8
2026-09-23T02:45:00Z,97.015,97.015,97.015,97.015,222.0,97.015,8
2026-09-23T03:00:00Z,97.015,97.015,97.015,97.015,0.0,97.015,0
2026-09-23T03:15:00Z,97.015,97.015,97.015,97.015,191.0,97.015,7
2026-09-23T03:30:00Z,97.015,97.02,97.015,97.02,506.0,97.02,12
2026-09-23T03:45:00Z,97.025,97.025,97.025,97.025,146.0,97.025,19
2026-09-23T04:00:00Z,97.025,97.025,97.025,97.025,110.0,97.025,9
2026-09-23T04:15:00Z,97.025,97.025,97.025,97.025,515.0,97.025,22
2026-09-23T04:30:00Z,97.025,97.025,97.025,97.025,0.0,97.025,0
2026-09-23T04:45:00Z,97.025,97.025,97.025,97.025,0.0,97.025,0
2026-09-23T05:00:00Z,97.025,97.025,97.025,97.025,0.0,97.025,0
2026-09-23T05:15:00Z,97.02,97.025,97.02,97.025,37.0,97.02,9
2026-09-23T05:30:00Z,97.02,97.02,97.02,97.02,124.0,97.02,27
2026-09-23T05:45:00Z,97.02,97.02,97.02,97.02,0.0,97.02,0
2026-09-23T06:00:00Z,97.015,97.02,97.01,97.01,874.0,97.015,127
2026-09-23T06:15:00Z,97.01,97.015,97.01,97.01,760.0,97.01,65
2026-09-23T06:30:00Z,97.01,97.015,97.01,97.015,800.0,97.011,46
2026-09-23T06:45:00Z,97.01,97.015,97.005,97.005,1815.0,97.01,130
2026-09-23T07:00:00Z,97.005,97.01,97.005,97.01,2790.0,97.005,125
2026-09-23T07:15:00Z,97.005,97.01,97.005,97.01,1658.0,97.0055,137
2026-09-23T07:30:00Z,97.005,97.005,97.0,97.005,2703.0,97.005,323
2026-09-23T07:45:00Z,97.0,97.005,97.0,97.005,316.0,97.0,61
2026-09-23T08:00:00Z,97.0,97.005,97.0,97.0,4434.0,97.0,182
2026-09-23T08:15:00Z,96.995,97.0,96.995,97.0,444.0,96.999,40
2026-09-23T08:30:00Z,97.0,97.0,96.995,97.0,776.0,96.997,95
2026-09-23T08:45:00Z,97.0,97.0,96.995,96.995,26.0,96.999,18
2026-09-23T09:00:00Z,96.995,96.995,96.99,96.995,2800.0,96.995,175
2026-09-23T09:15:00Z,96.995,97.0,96.995,97.0,7940.0,96.998,335
2026-09-23T09:30:00Z,97.0,97.0,96.99,96.99,8161.0,96.9965,138
2026-09-23T09:45:00Z,96.995,96.995,96.99,96.995,111.0,96.993,38
2026-09-23T10:00:00Z,96.995,97.0,96.995,96.995,1504.0,96.995,112
2026-09-23T10:15:00Z,96.995,96.995,96.995,96.995,961.0,96.995,113
2026-09-23T10:30:00Z,96.995,96.995,96.99,96.99,2360.0,96.99,120
2026-09-23T10:45:00Z,96.985,96.985,96.98,96.98,5322.0,96.985,265
2026-09-23T11:00:00Z,96.98,96.99,96.98,96.985,5417.0,96.986,199
2026-09-23T11:15:00Z,96.985,96.985,96.98,96.985,2554.0,96.985,149
2026-09-23T11:30:00Z,96.98,96.985,96.975,96.98,3587.0,96.98,246
2026-09-23T11:45:00Z,96.98,96.985,96.98,96.98,2195.0,96.984,163
2026-09-23T12:00:00Z,96.98,96.985,96.975,96.975,3684.0,96.98,233
2026-09-23T12:15:00Z,96.98,96.985,96.975,96.985,917.0,96.9805,103
2026-09-23T12:30:00Z,96.985,96.985,96.98,96.98,3448.0,96.9835,200
2026-09-23T12:45:00Z,96.98,96.98,96.975,96.98,4200.0,96.9785,199
2026-09-23T13:00:00Z,96.98,96.98,96.975,96.98,5895.0,96.9785,205
2026-09-23T13:15:00Z,96.98,96.99,96.98,96.99,12987.0,96.988,610
2026-09-23T13:30:00Z,96.99,96.99,96.975,96.975,6537.0,96.98,218
2026-09-23T13:45:00Z,96.975,96.975,96.965,96.965,6416.0,96.9685,525
2026-09-23T14:00:00Z,96.97,96.97,96.965,96.97,4520.0,96.97,308
2026-09-23T14:15:00Z,96.97,96.97,96.965,96.965,7471.0,96.9665,698
2026-09-23T14:30:00Z,96.97,96.97,96.965,96.97,3539.0,96.9695,304
2026-09-23T14:45:00Z,96.97,96.98,96.965,96.97,9796.0,96.9725,524
2026-09-23T15:00:00Z,96.975,96.975,96.965,96.965,3602.0,96.97,251
2026-09-23T15:15:00Z,96.965,96.97,96.965,96.965,7110.0,96.966,393
2026-09-23T15:30:00Z,96.965,96.97,96.965,96.965,1915.0,96.965,149
2026-09-23T15:45:00Z,96.965,96.97,96.965,96.97,596.0,96.9655,100
2026-09-23T16:00:00Z,96.965,96.965,96.965,96.965,1526.0,96.965,112
2026-09-23T16:15:00Z,96.965,96.965,96.965,96.965,80.0,96.965,19
2026-09-23T16:30:00Z,96.97,96.97,96.965,96.965,576.0,96.97,181
2026-09-23T16:45:00Z,96.965,96.965,96.94,96.945,16574.0,96.9535,589
2026-09-23T17:00:00Z,96.94,96.945,96.93,96.94,15421.0,96.936,616
2026-09-23T17:15:00Z,96.94,96.95,96.94,96.945,6539.0,96.945,319
2026-09-23T17:30:00Z,96.945,96.95,96.935,96.945,7968.0,96.9445,399
2026-09-23T17:45:00Z,96.95,96.95,96.945,96.95,1816.0,96.9495,134
2026-09-23T18:00:00Z,96.955,96.955,96.95,96.95,2108.0,96.9545,72
2026-09-23T18:15:00Z,96.95,96.955,96.95,96.95,748.0,96.95,59
2026-09-23T18:30:00Z,96.95,96.95,96.95,96.95,0.0,96.95,0
2026-09-23T18:45:00Z,96.95,96.95,96.95,96.95,6.0,96.95,2
2026-09-23T19:00:00Z,96.95,96.95,96.95,96.95,693.0,96.95,69
2026-09-23T19:15:00Z,96.95,96.95,96.94,96.94,1123.0,96.9485,72
2026-09-23T19:30:00Z,96.94,96.945,96.94,96.945,865.0,96.945,42
2026-09-23T19:45:00Z,96.95,96.95,96.94,96.94,2505.0,96.945,73
2026-09-24T00:00:00Z,96.945,96.945,96.945,96.945,787.0,96.945,20
2026-09-24T00:15:00Z,96.945,96.95,96.945,96.945,901.0,96.945,106
2026-09-24T00:30:00Z,96.945,96.945,96.945,96.945,4.0,96.945,4
2026-09-24T00:45:00Z,96.945,96.945,96.945,96.945,2032.0,96.945,63
2026-09-24T01:00:00Z,96.945,96.945,96.945,96.945,1643.0,96.945,60
2026-09-24T01:15:00Z,96.945,96.945,96.945,96.945,116.0,96.945,7
2026-09-24T01:30:00Z,96.945,96.95,96.945,96.945,138.0,96.945,9
2026-09-24T01:45:00Z,96.945,96.945,96.94,96.94,291.0,96.94,5
2026-09-24T02:00:00Z,96.94,96.94,96.94,96.94,0.0,96.94,0
2026-09-24T02:15:00Z,96.945,96.945,96.945,96.945,5.0,96.945,1
2026-09-24T02:30:00Z,96.945,96.945,96.945,96.945,107.0,96.945,8
2026-09-24T02:45:00Z,96.95,96.95,96.95,96.95,1.0,96.95,1
2026-09-24T03:00:00Z,96.95,96.95,96.95,96.95,0.0,96.95,0
2026-09-24T03:15:00Z,96.95,96.95,96.95,96.95,542.0,96.95,19
2026-09-24T03:30:00Z,96.95,96.95,96.95,96.95,13.0,96.95,4
2026-09-24T03:45:00Z,96.95,96.95,96.95,96.95,0.0,96.95,0
2026-09-24T04:00:00Z,96.95,96.95,96.95,96.95,0.0,96.95,0
2026-09-24T04:15:00Z,96.95,96.95,96.95,96.95,0.0,96.95,0
2026-09-24T04:30:00Z,96.95,96.95,96.95,96.95,0.0,96.95,0
2026-09-24T04:45:00Z,96.945,96.945,96.945,96.945,143.0,96.945,8
2026-09-24T05:00:00Z,96.95,96.95,96.95,96.95,105.0,96.95,47
2026-09-24T05:15:00Z,96.945,96.945,96.945,96.945,1.0,96.945,1
2026-09-24T05:30:00Z,96.945,96.95,96.945,96.95,432.0,96.945,39
2026-09-24T05:45:00Z,96.945,96.95,96.945,96.945,1290.0,96.945,59
2026-09-24T06:00:00Z,96.95,96.97,96.95,96.965,5354.0,96.963,247
2026-09-24T06:15:00Z,96.965,96.97,96.965,96.97,1253.0,96.965,49
2026-09-24T06:30:00Z,96.97,96.975,96.965,96.975,2667.0,96.969,188
2026-09-24T06:45:00Z,96.97,96.97,96.965,96.97,2909.0,96.97,191
2026-09-24T07:00:00Z,96.97,96.975,96.965,96.975,3339.0,96.97,338
2026-09-24T07:15:00Z,96.97,96.98,96.97,96.975,6417.0,96.975,284
2026-09-24T07:30:00Z,96.98,96.99,96.975,96.98,8033.0,96.9805,411
2026-09-24T07:45:00Z,96.98,96.98,96.96,96.96,5280.0,96.97,503
2026-09-24T08:00:00Z,96.965,96.97,96.96,96.96,4027.0,96.9635,448
2026-09-24T08:15:00Z,96.965,96.965,96.96,96.96,4110.0,96.96,346
2026-09-24T08:30:00Z,96.96,96.97,96.96,96.97,5802.0,96.9655,377
2026-09-24T08:45:00Z,96.97,96.97,96.965,96.97,3568.0,96.97,309
2026-09-24T09:00:00Z,96.97,96.975,96.965,96.965,4502.0,96.9675,267
2026-09-24T09:15:00Z,96.97,96.97,96.965,96.965,2344.0,96.9655,175
2026-09-24T09:30:00Z,96.965,96.97,96.955,96.96,9833.0,96.965,365
2026-09-24T09:45:00Z,96.96,96.965,96.96,96.96,2648.0,96.963,141
2026-09-24T10:00:00Z,96.965,96.97,96.965,96.97,2156.0,96.965,215
2026-09-24T10:15:00Z,96.97,96.975,96.97,96.97,6800.0,96.971,394
2026-09-24T10:30:00Z,96.97,96.975,96.965,96.97,424.0,96.97,85
2026-09-24T10:45:00Z,96.975,96.98,96.97,96.97,5632.0,96.975,226
2026-09-24T11:00:00Z,96.97,96.975,96.97,96.975,6873.0,96.9725,217
2026-09-24T11:15:00Z,96.97,96.975,96.97,96.97,3935.0,96.9715,233
2026-09-24T11:30:00Z,96.97,96.97,96.965,96.965,2926.0,96.9685,282
2026-09-24T11:45:00Z,96.965,96.97,96.96,96.97,9046.0,96.9655,470
2026-09-24T12:00:00Z,96.97,96.98,96.97,96.98,3915.0,96.9735,363
2026-09-24T12:15:00Z,96.975,96.985,96.975,96.975,8434.0,96.9805,577
2026-09-24T12:30:00Z,96.98,96.98,96.97,96.975,7338.0,96.976,372
2026-09-24T12:45:00Z,96.98,96.985,96.975,96.985,7067.0,96.9825,420
2026-09-24T13:00:00Z,96.985,96.985,96.975,96.98,1504.0,96.9825,205
2026-09-24T13:15:00Z,96.98,96.98,96.97,96.975,3516.0,96.977,257
2026-09-24T13:30:00Z,96.98,96.98,96.97,96.975,588.0,96.975,59
2026-09-24T13:45:00Z,96.975,96.975,96.97,96.975,1432.0,96.975,187
2026-09-24T14:00:00Z,96.975,96.975,96.97,96.97,1953.0,96.975,162
2026-09-24T14:15:00Z,96.975,96.975,96.97,96.975,626.0,96.972,163
2026-09-24T14:30:00Z,96.975,96.975,96.965,96.965,5648.0,96.9695,210
2026-09-24T14:45:00Z,96.97,96.97,96.96,96.965,7025.0,96.966,435
2026-09-24T15:00:00Z,96.96,96.965,96.955,96.96,4767.0,96.96,412
2026-09-24T15:15:00Z,96.955,96.965,96.955,96.955,3435.0,96.96,250
2026-09-24T15:30:00Z,96.955,96.965,96.95,96.965,10680.0,96.9575,423
2026-09-24T15:45:00Z,96.965,96.97,96.965,96.97,4741.0,96.966,213
2026-09-24T16:00:00Z,96.97,96.97,96.965,96.97,3209.0,96.97,130
2026-09-24T16:15:00Z,96.97,96.99,96.97,96.985,10490.0,96.981,696
2026-09-24T16:30:00Z,96.985,96.99,96.98,96.99,4403.0,96.986,249
2026-09-24T16:45:00Z,96.985,96.99,96.98,96.98,1097.0,96.985,118
2026-09-24T17:00:00Z,96.985,96.995,96.985,96.985,1436.0,96.986,143
2026-09-24T17:15:00Z,96.985,96.985,96.975,96.98,1626.0,96.981,95
2026-09-24T17:30:00Z,96.98,96.98,96.975,96.975,659.0,96.976,46
2026-09-24T17:45:00Z,96.975,96.975,96.975,96.975,402.0,96.975,45
2026-09-24T18:00:00Z,96.975,96.975,96.97,96.975,421.0,96.975,41
2026-09-24T18:15:00Z,96.98,96.98,96.98,96.98,226.0,96.98,22
2026-09-24T18:30:00Z,96.98,96.98,96.98,96.98,526.0,96.98,16
2026-09-24T18:45:00Z,96.98,96.98,96.98,96.98,44.0,96.98,2
2026-09-24T19:00:00Z,96.975,96.975,96.97,96.97,455.0,96.971,37
2026-09-24T19:15:00Z,96.97,96.975,96.97,96.97,111.0,96.97,14
2026-09-24T19:30:00Z,96.97,96.97,96.97,96.97,252.0,96.97,21
2026-09-24T19:45:00Z,96.97,96.97,96.97,96.97,36.0,96.97,30
2026-09-25T00:00:00Z,96.97,96.975,96.97,96.975,221.0,96.975,18
2026-09-25T00:15:00Z,96.975,96.98,96.975,96.98,1220.0,96.979,420
2026-09-25T00:30:00Z,96.975,96.98,96.975,96.98,10.0,96.9795,6
2026-09-25T00:45:00Z,96.98,96.985,96.975,96.98,1229.0,96.98,740
2026-09-25T01:00:00Z,96.98,96.98,96.98,96.98,0.0,96.98,0
2026-09-25T01:15:00Z,96.98,96.98,96.98,96.98,0.0,96.98,0
2026-09-25T01:30:00Z,96.98,96.98,96.98,96.98,0.0,96.98,0
2026-09-25T01:45:00Z,96.98,96.98,96.98,96.98,255.0,96.98,41
2026-09-25T02:00:00Z,96.98,96.98,96.98,96.98,0.0,96.98,0
2026-09-25T02:15:00Z,96.98,96.98,96.98,96.98,0.0,96.98,0
2026-09-25T02:30:00Z,96.985,96.985,96.98,96.985,1518.0,96.985,799
2026-09-25T02:45:00Z,96.985,96.99,96.98,96.99,1446.0,96.985,612
2026-09-25T03:00:00Z,96.985,96.99,96.985,96.985,11.0,96.9855,5
2026-09-25T03:15:00Z,96.99,96.99,96.985,96.985,92.0,96.989,44
2026-09-25T03:30:00Z,96.985,96.99,96.985,96.99,1107.0,96.9895,52
2026-09-25T03:45:00Z,96.99,96.99,96.99,96.99,0.0,96.99,0
2026-09-25T04:00:00Z,96.99,96.99,96.99,96.99,0.0,96.99,0
2026-09-25T04:15:00Z,96.99,96.99,96.99,96.99,0.0,96.99,0
2026-09-25T04:30:00Z,96.99,96.99,96.99,96.99,0.0,96.99,0
2026-09-25T04:45:00Z,96.99,96.99,96.99,96.99,1.0,96.99,1
2026-09-25T05:00:00Z,96.99,96.99,96.99,96.99,0.0,96.99,0
2026-09-25T05:15:00Z,96.99,96.99,96.99,96.99,2.0,96.99,2
2026-09-25T05:30:00Z,96.985,96.99,96.985,96.99,44.0,96.9855,13
2026-09-25T05:45:00Z,96.99,96.995,96.99,96.99,728.0,96.99,75
2026-09-25T06:00:00Z,96.985,96.995,96.985,96.995,865.0,96.989,222
2026-09-25T06:15:00Z,96.99,96.995,96.99,96.99,349.0,96.991,45
2026-09-25T06:30:00Z,96.99,96.995,96.99,96.99,298.0,96.9945,90
2026-09-25T06:45:00Z,96.99,96.995,96.99,96.995,1020.0,96.995,213
2026-09-25T07:00:00Z,96.995,97.0,96.995,97.0,5572.0,96.9995,471
2026-09-25T07:15:00Z,97.0,97.0,96.995,97.0,5033.0,97.0,545
2026-09-25T07:30:00Z,97.0,97.0,96.995,97.0,3356.0,97.0,176
2026-09-25T07:45:00Z,97.0,97.0,97.0,97.0,1956.0,97.0,111
2026-09-25T08:00:00Z,97.0,97.005,96.995,97.0,3586.0,97.0,212
2026-09-25T08:15:00Z,97.0,97.0,96.995,96.995,1373.0,97.0,68
2026-09-25T08:30:00Z,97.0,97.0,96.995,97.0,3528.0,97.0,160
2026-09-25T08:45:00Z,97.0,97.005,97.0,97.0,3106.0,97.002,241
2026-09-25T09:00:00Z,97.005,97.005,97.0,97.0,1439.0,97.0045,142
2026-09-25T09:15:00Z,97.0,97.005,96.995,97.0,4595.0,96.9985,253
2026-09-25T09:30:00Z,97.0,97.0,96.995,96.995,1632.0,96.998,201
2026-09-25T09:45:00Z,96.995,97.0,96.995,96.995,2077.0,96.995,158
2026-09-25T10:00:00Z,97.0,97.0,96.99,96.995,1788.0,96.9955,154
2026-09-25T10:15:00Z,96.995,96.995,96.995,96.995,187.0,96.995,13
2026-09-25T10:30:00Z,96.995,96.995,96.99,96.995,1450.0,96.995,86
2026-09-25T10:45:00Z,96.995,96.995,96.985,96.99,4149.0,96.99,493
2026-09-25T11:00:00Z,96.99,97.0,96.99,97.0,1548.0,96.9935,174
2026-09-25T11:15:00Z,97.0,97.0,96.99,96.995,1616.0,96.995,129
2026-09-25T11:30:00Z,96.995,97.0,96.99,97.0,1952.0,96.9955,150
2026-09-25T11:45:00Z,96.995,96.995,96.99,96.99,1741.0,96.994,423
2026-09-25T12:00:00Z,96.995,96.995,96.99,96.99,2558.0,96.992,370
2026-09-25T12:15:00Z,96.99,96.99,96.99,96.99,1385.0,96.99,267
2026-09-25T12:30:00Z,96.985,96.99,96.985,96.99,2717.0,96.99,301
2026-09-25T12:45:00Z,96.99,96.99,96.985,96.985,1993.0,96.99,214
2026-09-25T13:00:00Z,96.99,96.995,96.99,96.995,2081.0,96.991,235
2026-09-25T13:15:00Z,96.99,96.995,96.985,96.99,4357.0,96.9905,403
2026-09-25T13:30:00Z,96.99,96.995,96.985,96.99,620.0,96.992,189
2026-09-25T13:45:00Z,96.99,96.995,96.99,96.99,2047.0,96.991,432
2026-09-25T14:00:00Z,96.99,96.99,96.985,96.99,792.0,96.9865,201
2026-09-25T14:15:00Z,96.99,96.99,96.985,96.985,6657.0,96.985,624
2026-09-25T14:30:00Z,96.985,96.99,96.98,96.99,4664.0,96.985,251
2026-09-25T14:45:00Z,96.985,96.99,96.985,96.985,3520.0,96.9855,399
2026-09-25T15:00:00Z,96.99,96.995,96.98,96.985,4928.0,96.9875,576
2026-09-25T15:15:00Z,96.985,96.99,96.985,96.985,707.0,96.987,107
2026-09-25T15:30:00Z,96.99,96.995,96.99,96.99,4754.0,96.991,488
2026-09-25T15:45:00Z,96.99,97.005,96.99,97.005,9082.0,96.997,551
2026-09-25T16:00:00Z,97.005,97.02,97.005,97.015,9821.0,97.012,597
2026-09-25T16:15:00Z,97.015,97.02,97.01,97.01,8759.0,97.0135,393
2026-09-25T16:30:00Z,97.01,97.015,97.005,97.015,4447.0,97.009,339
2026-09-25T16:45:00Z,97.01,97.015,97.01,97.01,2585.0,97.0115,139
2026-09-25T17:00:00Z,97.01,97.015,97.005,97.005,2494.0,97.006,106
2026-09-25T17:15:00Z,97.005,97.01,97.0,97.0,712.0,97.003,52
2026-09-25T17:30:00Z,97.0,97.005,97.0,97.005,214.0,97.0045,26
2026-09-25T17:45:00Z,97.005,97.01,97.005,97.01,180.0,97.005,20
2026-09-25T18:00:00Z,97.005,97.005,97.005,97.005,84.0,97.005,7
2026-09-25T18:15:00Z,97.005,97.005,97.005,97.005,1635.0,97.005,102
2026-09-25T18:30:00Z,97.005,97.01,97.005,97.01,25.0,97.005,10
2026-09-25T18:45:00Z,97.01,97.015,97.01,97.01,308.0,97.01,45
2026-09-25T19:00:00Z,97.015,97.015,97.015,97.015,268.0,97.015,29
2026-09-25T19:15:00Z,97.02,97.02,97.015,97.015,678.0,97.015,39
2026-09-25T19:30:00Z,97.01,97.02,97.01,97.015,882.0,97.0135,62
2026-09-25T19:45:00Z,97.015,97.015,97.015,97.015,1480.0,97.015,41
2026-09-28T00:00:00Z,97.005,97.01,96.995,97.0,979.0,97.002,94
2026-09-28T00:15:00Z,97.0,97.0,96.99,96.995,224.0,96.9965,53
2026-09-28T00:30:00Z,96.99,96.99,96.99,96.99,5.0,96.99,1
2026-09-28T00:45:00Z,96.99,96.99,96.99,96.99,13.0,96.99,6
2026-09-28T01:00:00Z,96.995,96.995,96.995,96.995,35.0,96.995,11
2026-09-28T01:15:00Z,96.99,96.99,96.99,96.99,125.0,96.99,38
2026-09-28T01:30:00Z,96.99,96.99,96.99,96.99,0.0,96.99,0
2026-09-28T01:45:00Z,96.99,96.99,96.99,96.99,0.0,96.99,0
2026-09-28T02:00:00Z,96.99,96.99,96.99,96.99,0.0,96.99,0
2026-09-28T02:15:00Z,96.99,96.99,96.99,96.99,0.0,96.99,0
2026-09-28T02:30:00Z,96.99,96.99,96.99,96.99,0.0,96.99,0
2026-09-28T02:45:00Z,96.99,96.99,96.99,96.99,0.0,96.99,0
2026-09-28T03:00:00Z,96.995,96.995,96.995,96.995,27.0,96.995,11
2026-09-28T03:15:00Z,96.995,96.995,96.995,96.995,85.0,96.995,22
2026-09-28T03:30:00Z,96.99,96.99,96.99,96.99,22.0,96.99,3
2026-09-28T03:45:00Z,96.99,96.99,96.99,96.99,0.0,96.99,0
2026-09-28T04:00:00Z,96.99,96.99,96.99,96.99,0.0,96.99,0
2026-09-28T04:15:00Z,96.99,96.99,96.99,96.99,0.0,96.99,0
2026-09-28T04:30:00Z,96.99,96.99,96.99,96.99,0.0,96.99,0
2026-09-28T04:45:00Z,96.99,96.995,96.99,96.995,10.0,96.994,6
2026-09-28T05:00:00Z,96.99,96.99,96.99,96.99,314.0,96.99,44
2026-09-28T05:15:00Z,96.985,96.985,96.985,96.985,57.0,96.985,12
2026-09-28T05:30:00Z,96.985,96.99,96.985,96.985,341.0,96.9855,33
2026-09-28T05:45:00Z,96.985,96.99,96.985,96.99,876.0,96.985,18
2026-09-28T06:00:00Z,96.99,96.995,96.985,96.99,2922.0,96.9885,148
2026-09-28T06:15:00Z,96.99,96.99,96.985,96.985,119.0,96.9895,34
2026-09-28T06:30:00Z,96.99,96.995,96.985,96.99,1740.0,96.99,115
2026-09-28T06:45:00Z,96.99,96.995,96.99,96.995,1249.0,96.99,167
2026-09-28T07:00:00Z,96.99,96.995,96.985,96.985,1121.0,96.9895,127
2026-09-28T07:15:00Z,96.99,96.99,96.985,96.99,2561.0,96.99,146
2026-09-28T07:30:00Z,96.99,96.995,96.985,96.985,4408.0,96.9885,151
2026-09-28T07:45:00Z,96.985,96.99,96.985,96.99,2161.0,96.9885,83
2026-09-28T08:00:00Z,96.99,96.99,96.985,96.99,2528.0,96.99,121
2026-09-28T08:15:00Z,96.995,96.995,96.99,96.99,2006.0,96.9905,153
2026-09-28T08:30:00Z,96.995,96.995,96.985,96.99,1241.0,96.99,114
2026-09-28T08:45:00Z,96.985,96.99,96.985,96.99,7454.0,96.989,326
2026-09-28T09:00:00Z,96.99,96.99,96.985,96.99,534.0,96.99,87
2026-09-28T09:15:00Z,96.99,96.99,96.985,96.985,1363.0,96.987,224
2026-09-28T09:30:00Z,96.99,96.99,96.985,96.99,512.0,96.9895,98
2026-09-28T09:45:00Z,96.99,96.995,96.99,96.995,3473.0,96.991,288
2026-09-28T10:00:00Z,96.99,96.995,96.985,96.985,4039.0,96.9895,287
2026-09-28T10:15:00Z,96.985,96.99,96.985,96.99,29.0,96.986,13
2026-09-28T10:30:00Z,96.985,96.99,96.98,96.98,8060.0,96.985,479
2026-09-28T10:45:00Z,96.985,96.985,96.98,96.985,1428.0,96.985,87
2026-09-28T11:00:00Z,96.99,96.99,96.98,96.985,950.0,96.985,83
2026-09-28T11:15:00Z,96.985,96.99,96.985,96.99,5540.0,96.987,333
2026-09-28T11:30:00Z,96.99,96.995,96.99,96.99,3730.0,96.99,85
2026-09-28T11:45:00Z,96.995,96.995,96.99,96.995,3187.0,96.995,101
2026-09-28T12:00:00Z,96.995,97.0,96.995,96.995,3459.0,96.9955,188
2026-09-28T12:15:00Z,96.995,97.0,96.995,96.995,196.0,96.9955,65
2026-09-28T12:30:00Z,96.995,97.0,96.995,96.995,95.0,96.995,86
2026-09-28T12:45:00Z,97.0,97.005,96.995,97.005,5365.0,97.0,191
2026-09-28T13:00:00Z,97.0,97.0,96.995,96.995,7717.0,96.9965,337
2026-09-28T13:15:00Z,96.995,96.995,96.99,96.995,989.0,96.995,76
2026-09-28T13:30:00Z,96.99,97.025,96.99,97.02,49220.0,97.012,1671
2026-09-28T13:45:00Z,97.02,97.03,97.01,97.025,15803.0,97.018,633
2026-09-28T14:00:00Z,97.025,97.025,97.015,97.015,6246.0,97.02,664
2026-09-28T14:15:00Z,97.015,97.025,97.015,97.02,7155.0,97.0195,428
2026-09-28T14:30:00Z,97.02,97.025,97.02,97.025,3662.0,97.02,654
2026-09-28T14:45:00Z,97.02,97.025,97.01,97.01,8263.0,97.0175,730
2026-09-28T15:00:00Z,97.01,97.015,97.005,97.005,7551.0,97.01,934
2026-09-28T15:15:00Z,97.005,97.01,97.005,97.01,2909.0,97.0075,373
2026-09-28T15:30:00Z,97.01,97.01,97.005,97.005,965.0,97.008,163
2026-09-28T15:45:00Z,97.005,97.01,97.005,97.005,628.0,97.0075,135
2026-09-28T16:00:00Z,97.01,97.015,97.01,97.01,4390.0,97.01,298
2026-09-28T16:15:00Z,97.015,97.035,97.01,97.03,21707.0,97.02,1049
2026-09-28T16:30:00Z,97.03,97.03,97.02,97.025,2746.0,97.027,268
2026-09-28T16:45:00Z,97.025,97.025,97.02,97.02,795.0,97.024,56
2026-09-28T17:00:00Z,97.025,97.035,97.02,97.035,5060.0,97.033,260
2026-09-28T17:15:00Z,97.035,97.04,97.03,97.03,1955.0,97.033,133
2026-09-28T17:30:00Z,97.025,97.025,97.025,97.025,64.0,97.025,12
2026-09-28T17:45:00Z,97.025,97.03,97.02,97.02,639.0,97.025,89
2026-09-28T18:00:00Z,97.025,97.025,97.02,97.025,46.0,97.025,15
2026-09-28T18:15:00Z,97.025,97.025,97.025,97.025,0.0,97.025,0
2026-09-28T18:30:00Z,97.02,97.02,97.02,97.02,93.0,97.02,24
2026-09-28T18:45:00Z,97.02,97.02,97.02,97.02,1667.0,97.02,95
2026-09-28T19:00:00Z,97.02,97.02,97.02,97.02,105.0,97.02,32
2026-09-28T19:15:00Z,97.02,97.02,97.02,97.02,2.0,97.02,2
2026-09-28T19:30:00Z,97.025,97.025,97.025,97.025,12.0,97.025,5
2026-09-28T19:45:00Z,97.02,97.02,97.02,97.02,216.0,97.02,16
2026-09-29T00:00:00Z,97.02,97.02,97.02,97.02,38.0,97.02,8
2026-09-29T00:15:00Z,97.02,97.02,97.02,97.02,135.0,97.02,13
2026-09-29T00:30:00Z,97.02,97.02,97.02,97.02,0.0,97.02,0
2026-09-29T00:45:00Z,97.02,97.02,97.02,97.02,0.0,97.02,0
2026-09-29T01:00:00Z,97.02,97.02,97.02,97.02,0.0,97.02,0
2026-09-29T01:15:00Z,97.02,97.02,97.02,97.02,5.0,97.02,1
2026-09-29T01:30:00Z,97.02,97.02,97.02,97.02,442.0,97.02,26
2026-09-29T01:45:00Z,97.02,97.02,97.02,97.02,19.0,97.02,5
2026-09-29T02:00:00Z,97.02,97.02,97.02,97.02,0.0,97.02,0
2026-09-29T02:15:00Z,97.02,97.02,97.02,97.02,0.0,97.02,0
2026-09-29T02:30:00Z,97.02,97.02,97.02,97.02,0.0,97.02,0
2026-09-29T02:45:00Z,97.02,97.02,97.02,97.02,0.0,97.02,0
2026-09-29T03:00:00Z,97.02,97.02,97.02,97.02,0.0,97.02,0
2026-09-29T03:15:00Z,97.02,97.02,97.02,97.02,0.0,97.02,0
2026-09-29T03:30:00Z,97.02,97.02,97.02,97.02,0.0,97.02,0
2026-09-29T03:45:00Z,97.015,97.015,97.01,97.01,2186.0,97.0145,102
2026-09-29T04:00:00Z,97.01,97.01,97.01,97.01,0.0,97.01,0
2026-09-29T04:15:00Z,97.01,97.01,97.01,97.01,0.0,97.01,0
2026-09-29T04:30:00Z,97.005,97.005,97.005,97.005,32.0,97.005,15
2026-09-29T04:45:00Z,97.005,97.005,97.005,97.005,0.0,97.005,0
2026-09-29T05:00:00Z,97.01,97.01,97.01,97.01,4.0,97.01,2
2026-09-29T05:15:00Z,97.01,97.01,97.01,97.01,1259.0,97.01,35
2026-09-29T05:30:00Z,97.01,97.015,97.01,97.015,80.0,97.01,16
2026-09-29T05:45:00Z,97.015,97.02,97.015,97.02,71.0,97.016,21
2026-09-29T06:00:00Z,97.02,97.025,97.015,97.02,2521.0,97.02,197
2026-09-29T06:15:00Z,97.02,97.02,97.015,97.015,3808.0,97.0175,227
2026-09-29T06:30:00Z,97.015,97.015,97.015,97.015,981.0,97.015,57
2026-09-29T06:45:00Z,97.015,97.015,97.015,97.015,3744.0,97.015,79
2026-09-29T07:00:00Z,97.015,97.02,97.01,97.015,5306.0,97.0135,257
2026-09-29T07:15:00Z,97.02,97.03,97.02,97.03,3886.0,97.0285,214
2026-09-29T07:30:00Z,97.03,97.035,97.025,97.025,3135.0,97.03,155
2026-09-29T07:45:00Z,97.025,97.03,97.025,97.025,38.0,97.0265,29
2026-09-29T08:00:00Z,97.03,97.03,97.025,97.025,4223.0,97.025,199
2026-09-29T08:15:00Z,97.025,97.03,97.025,97.03,2133.0,97.0295,268
2026-09-29T08:30:00Z,97.03,97.03,97.02,97.025,3741.0,97.0255,261
2026-09-29T08:45:00Z,97.025,97.025,97.02,97.025,3364.0,97.025,165
2026-09-29T09:00:00Z,97.025,97.025,97.02,97.025,4616.0,97.025,351
2026-09-29T09:15:00Z,97.025,97.025,97.025,97.025,2781.0,97.025,85
2026-09-29T09:30:00Z,97.025,97.03,97.025,97.03,4302.0,97.0295,266
2026-09-29T09:45:00Z,97.03,97.03,97.025,97.025,2308.0,97.03,118
2026-09-29T10:00:00Z,97.03,97.035,97.025,97.03,1671.0,97.03,75
2026-09-29T10:15:00Z,97.03,97.035,97.03,97.035,2437.0,97.0345,268
2026-09-29T10:30:00Z,97.04,97.04,97.035,97.04,1949.0,97.035,70
2026-09-29T10:45:00Z,97.04,97.045,97.04,97.04,5122.0,97.0415,250
2026-09-29T11:00:00Z,97.045,97.045,97.04,97.045,4837.0,97.045,275
2026-09-29T11:15:00Z,97.045,97.05,97.045,97.05,1807.0,97.0455,76
2026-09-29T11:30:00Z,97.045,97.05,97.04,97.045,5436.0,97.045,242
2026-09-29T11:45:00Z,97.045,97.05,97.045,97.05,4555.0,97.0475,274
2026-09-29T12:00:00Z,97.05,97.05,97.045,97.045,4643.0,97.0455,219
2026-09-29T12:15:00Z,97.045,97.05,97.04,97.045,1817.0,97.045,133
2026-09-29T12:30:00Z,97.045,97.045,97.045,97.045,1991.0,97.045,152
2026-09-29T12:45:00Z,97.045,97.05,97.04,97.045,2454.0,97.0435,462
2026-09-29T13:00:00Z,97.045,97.045,97.04,97.04,4756.0,97.04,367
2026-09-29T13:15:00Z,97.035,97.04,97.035,97.035,1475.0,97.035,88
2026-09-29T13:30:00Z,97.035,97.04,97.03,97.035,3375.0,97.0345,367
2026-09-29T13:45:00Z,97.035,97.04,97.03,97.04,1416.0,97.035,198
2026-09-29T14:00:00Z,97.04,97.04,97.035,97.035,157.0,97.04,35
2026-09-29T14:15:00Z,97.035,97.04,97.035,97.035,1026.0,97.035,58
2026-09-29T14:30:00Z,97.035,97.04,97.035,97.04,2612.0,97.04,149
2026-09-29T14:45:00Z,97.04,97.04,97.035,97.035,2275.0,97.036,187
2026-09-29T15:00:00Z,97.035,97.035,97.03,97.035,2078.0,97.0345,227
2026-09-29T15:15:00Z,97.03,97.035,97.03,97.03,5566.0,97.03,276
2026-09-29T15:30:00Z,97.03,97.03,97.025,97.025,347.0,97.0295,73
2026-09-29T15:45:00Z,97.03,97.035,97.025,97.025,9064.0,97.029,546
2026-09-29T16:00:00Z,97.025,97.03,97.025,97.025,1683.0,97.025,100
2026-09-29T16:15:00Z,97.025,97.03,97.025,97.03,728.0,97.025,62
2026-09-29T16:30:00Z,97.03,97.03,97.025,97.03,725.0,97.03,57
2026-09-29T16:45:00Z,97.03,97.03,97.03,97.03,283.0,97.03,29
2026-09-29T17:00:00Z,97.025,97.025,97.025,97.025,132.0,97.025,44
2026-09-29T17:15:00Z,97.03,97.03,97.03,97.03,1.0,97.03,1
2026-09-29T17:30:00Z,97.03,97.03,97.03,97.03,11.0,97.03,5
2026-09-29T17:45:00Z,97.03,97.03,97.03,97.03,185.0,97.03,27
2026-09-29T18:00:00Z,97.03,97.04,97.03,97.035,2967.0,97.0315,266
2026-09-29T18:15:00Z,97.04,97.04,97.04,97.04,1105.0,97.04,62
2026-09-29T18:30:00Z,97.045,97.045,97.04,97.04,187.0,97.04,42
2026-09-29T18:45:00Z,97.04,97.04,97.04,97.04,168.0,97.04,13
2026-09-29T19:00:00Z,97.04,97.04,97.035,97.04,49.0,97.04,25
2026-09-29T19:15:00Z,97.04,97.04,97.035,97.04,384.0,97.04,31
2026-09-29T19:30:00Z,97.04,97.04,97.04,97.04,2768.0,97.04,40
2026-09-29T19:45:00Z,97.04,97.045,97.04,97.04,354.0,97.04,39
2026-09-30T00:00:00Z,97.035,97.04,97.035,97.04,3.0,97.0385,2
2026-09-30T00:15:00Z,97.04,97.04,97.04,97.04,76.0,97.04,11
2026-09-30T00:30:00Z,97.04,97.04,97.04,97.04,0.0,97.04,0
2026-09-30T00:45:00Z,97.04,97.04,97.04,97.04,0.0,97.04,0
2026-09-30T01:00:00Z,97.045,97.045,97.045,97.045,11.0,97.045,7
2026-09-30T01:15:00Z,97.04,97.04,97.04,97.04,3.0,97.04,3
2026-09-30T01:30:00Z,97.045,97.045,97.045,97.045,447.0,97.045,64
2026-09-30T01:45:00Z,97.045,97.045,97.045,97.045,18.0,97.045,8
2026-09-30T02:00:00Z,97.05,97.05,97.05,97.05,5.0,97.05,4
2026-09-30T02:15:00Z,97.05,97.05,97.05,97.05,302.0,97.05,9
2026-09-30T02:30:00Z,97.05,97.05,97.05,97.05,1.0,97.05,1
2026-09-30T02:45:00Z,97.05,97.05,97.05,97.05,0.0,97.05,0
2026-09-30T03:00:00Z,97.05,97.05,97.05,97.05,0.0,97.05,0
2026-09-30T03:15:00Z,97.05,97.05,97.05,97.05,0.0,97.05,0
2026-09-30T03:30:00Z,97.05,97.05,97.05,97.05,3.0,97.05,3
2026-09-30T03:45:00Z,97.045,97.045,97.045,97.045,6.0,97.045,4
2026-09-30T04:00:00Z,97.045,97.045,97.045,97.045,0.0,97.045,0
2026-09-30T04:15:00Z,97.05,97.05,97.05,97.05,348.0,97.05,21
2026-09-30T04:30:00Z,97.05,97.05,97.05,97.05,3.0,97.05,3
2026-09-30T04:45:00Z,97.05,97.05,97.05,97.05,422.0,97.05,7
2026-09-30T05:00:00Z,97.05,97.05,97.05,97.05,64.0,97.05,6
2026-09-30T05:15:00Z,97.05,97.05,97.05,97.05,0.0,97.05,0
2026-09-30T05:30:00Z,97.05,97.05,97.05,97.05,0.0,97.05,0
2026-09-30T05:45:00Z,97.05,97.05,97.045,97.05,535.0,97.05,96
2026-09-30T06:00:00Z,97.05,97.055,97.045,97.05,2468.0,97.05,151
2026-09-30T06:15:00Z,97.05,97.05,97.04,97.04,873.0,97.046,120
2026-09-30T06:30:00Z,97.045,97.045,97.04,97.045,2793.0,97.044,177
2026-09-30T06:45:00Z,97.04,97.04,97.035,97.035,2665.0,97.0375,219
2026-09-30T07:00:00Z,97.04,97.055,97.04,97.055,2473.0,97.0475,208
2026-09-30T07:15:00Z,97.055,97.06,97.055,97.055,4917.0,97.056,256
2026-09-30T07:30:00Z,97.06,97.06,97.05,97.055,4841.0,97.0555,277
2026-09-30T07:45:00Z,97.055,97.06,97.055,97.055,2165.0,97.0555,251
2026-09-30T08:00:00Z,97.055,97.055,97.045,97.045,5033.0,97.0485,496
2026-09-30T08:15:00Z,97.045,97.05,97.045,97.05,1515.0,97.05,152
2026-09-30T08:30:00Z,97.05,97.05,97.045,97.05,1204.0,97.047,71
2026-09-30T08:45:00Z,97.045,97.05,97.045,97.045,1556.0,97.046,319
2026-09-30T09:00:00Z,97.045,97.045,97.035,97.035,6337.0,97.0405,478
2026-09-30T09:15:00Z,97.04,97.04,97.035,97.04,1022.0,97.0355,162
2026-09-30T09:30:00Z,97.04,97.04,97.035,97.035,3639.0,97.036,203
2026-09-30T09:45:00Z,97.035,97.04,97.035,97.04,4372.0,97.0365,156
2026-09-30T10:00:00Z,97.04,97.045,97.04,97.04,4056.0,97.04,235
2026-09-30T10:15:00Z,97.04,97.045,97.04,97.045,1651.0,97.04,101
2026-09-30T10:30:00Z,97.045,97.05,97.045,97.05,4021.0,97.045,340
2026-09-30T10:45:00Z,97.05,97.05,97.045,97.045,2758.0,97.0455,280
2026-09-30T11:00:00Z,97.045,97.045,97.04,97.045,43.0,97.044,15
2026-09-30T11:15:00Z,97.04,97.045,97.04,97.045,148.0,97.04,43
2026-09-30T11:30:00Z,97.045,97.05,97.045,97.045,1724.0,97.045,109
2026-09-30T11:45:00Z,97.05,97.05,97.04,97.045,7096.0,97.043,438
2026-09-30T12:00:00Z,97.045,97.045,97.04,97.04,3328.0,97.0405,152
2026-09-30T12:15:00Z,97.04,97.04,97.035,97.04,433.0,97.0395,54
2026-09-30T12:30:00Z,97.04,97.05,97.04,97.05,7291.0,97.043,417
2026-09-30T12:45:00Z,97.045,97.05,97.04,97.045,2515.0,97.045,189
2026-09-30T13:00:00Z,97.045,97.05,97.04,97.045,1025.0,97.045,163
2026-09-30T13:15:00Z,97.045,97.05,97.045,97.045,1668.0,97.045,192
2026-09-30T13:30:00Z,97.045,97.05,97.045,97.05,43.0,97.0485,30
2026-09-30T13:45:00Z,97.045,97.05,97.045,97.05,9011.0,97.05,838
2026-09-30T14:00:00Z,97.05,97.055,97.05,97.055,757.0,97.0505,109
2026-09-30T14:15:00Z,97.055,97.055,97.045,97.045,7323.0,97.05,321
2026-09-30T14:30:00Z,97.045,97.05,97.045,97.05,1969.0,97.047,241
2026-09-30T14:45:00Z,97.05,97.055,97.05,97.055,2429.0,97.05,214
2026-09-30T15:00:00Z,97.055,97.055,97.045,97.05,7971.0,97.05,832
2026-09-30T15:15:00Z,97.05,97.05,97.04,97.045,3960.0,97.046,358
2026-09-30T15:30:00Z,97.045,97.045,97.035,97.04,7065.0,97.041,266
2026-09-30T15:45:00Z,97.04,97.045,97.04,97.04,4157.0,97.0415,402
2026-09-30T16:00:00Z,97.04,97.055,97.04,97.05,6007.0,97.047,263
2026-09-30T16:15:00Z,97.05,97.05,97.045,97.05,291.0,97.05,34
2026-09-30T16:30:00Z,97.045,97.05,97.045,97.045,1293.0,97.047,148
2026-09-30T16:45:00Z,97.05,97.05,97.045,97.05,1424.0,97.0455,113
2026-09-30T17:00:00Z,97.045,97.05,97.045,97.045,29.0,97.0455,5
2026-09-30T17:15:00Z,97.045,97.05,97.04,97.04,1816.0,97.0445,254
2026-09-30T17:30:00Z,97.04,97.04,97.04,97.04,2.0,97.04,2
2026-09-30T17:45:00Z,97.045,97.045,97.045,97.045,15.0,97.045,15
2026-09-30T18:00:00Z,97.045,97.045,97.045,97.045,0.0,97.045,0
2026-09-30T18:15:00Z,97.045,97.045,97.045,97.045,14.0,97.045,4
2026-09-30T18:30:00Z,97.045,97.045,97.045,97.045,10.0,97.045,7
2026-09-30T18:45:00Z,97.04,97.04,97.04,97.04,211.0,97.04,24
2026-09-30T19:00:00Z,97.04,97.04,97.04,97.04,0.0,97.04,0
2026-09-30T19:15:00Z,97.045,97.045,97.045,97.045,5.0,97.045,4
2026-09-30T19:30:00Z,97.045,97.045,97.045,97.045,0.0,97.045,0
2026-09-30T19:45:00Z,97.045,97.045,97.045,97.045,843.0,97.045,63
2026-10-01T00:00:00Z,97.05,97.05,97.04,97.045,192.0,97.0455,68
2026-10-01T00:15:00Z,97.045,97.045,97.045,97.045,58.0,97.045,25
2026-10-01T00:30:00Z,97.045,97.045,97.045,97.045,4.0,97.045,3
2026-10-01T00:45:00Z,97.04,97.04,97.04,97.04,1.0,97.04,1
2026-10-01T01:00:00Z,97.045,97.045,97.045,97.045,57.0,97.045,17
2026-10-01T01:15:00Z,97.045,97.045,97.045,97.045,2.0,97.045,2
2026-10-01T01:30:00Z,97.045,97.045,97.045,97.045,13.0,97.045,3
2026-10-01T01:45:00Z,97.04,97.04,97.04,97.04,1.0,97.04,1
2026-10-01T02:00:00Z,97.04,97.04,97.04,97.04,0.0,97.04,0
2026-10-01T02:15:00Z,97.045,97.045,97.045,97.045,70.0,97.045,10
2026-10-01T02:30:00Z,97.05,97.05,97.05,97.05,1.0,97.05,1
2026-10-01T02:45:00Z,97.05,97.05,97.05,97.05,0.0,97.05,0
2026-10-01T03:00:00Z,97.05,97.05,97.05,97.05,0.0,97.05,0
2026-10-01T03:15:00Z,97.05,97.05,97.05,97.05,0.0,97.05,0
2026-10-01T03:30:00Z,97.05,97.05,97.05,97.05,2.0,97.05,2
2026-10-01T03:45:00Z,97.05,97.05,97.05,97.05,16.0,97.05,6
2026-10-01T04:00:00Z,97.05,97.05,97.05,97.05,85.0,97.05,32
2026-10-01T04:15:00Z,97.05,97.05,97.05,97.05,27.0,97.05,9
2026-10-01T04:30:00Z,97.05,97.05,97.05,97.05,981.0,97.05,28
2026-10-01T04:45:00Z,97.05,97.05,97.05,97.05,0.0,97.05,0
2026-10-01T05:00:00Z,97.055,97.055,97.05,97.05,10.0,97.0545,4
2026-10-01T05:15:00Z,97.05,97.05,97.05,97.05,1.0,97.05,1
2026-10-01T05:30:00Z,97.05,97.05,97.05,97.05,122.0,97.05,32
2026-10-01T05:45:00Z,97.045,97.05,97.045,97.05,296.0,97.05,13
2026-10-01T06:00:00Z,97.045,97.05,97.04,97.04,467.0,97.045,107
2026-10-01T06:15:00Z,97.04,97.045,97.04,97.045,1390.0,97.045,96
2026-10-01T06:30:00Z,97.04,97.045,97.03,97.035,2251.0,97.0365,133
2026-10-01T06:45:00Z,97.04,97.04,97.035,97.035,1571.0,97.035,88
2026-10-01T07:00:00Z,97.035,97.035,97.03,97.03,3001.0,97.034,291
2026-10-01T07:15:00Z,97.03,97.035,97.02,97.025,6032.0,97.029,450
2026-10-01T07:30:00Z,97.025,97.03,97.02,97.025,3642.0,97.0275,407
2026-10-01T07:45:00Z,97.03,97.035,97.025,97.035,1810.0,97.03,270
2026-10-01T08:00:00Z,97.035,97.04,97.03,97.035,4209.0,97.0355,414
2026-10-01T08:15:00Z,97.04,97.045,97.035,97.04,5025.0,97.04,346
2026-10-01T08:30:00Z,97.04,97.045,97.035,97.04,2108.0,97.042,211
2026-10-01T08:45:00Z,97.04,97.045,97.035,97.045,4277.0,97.0425,452
2026-10-01T09:00:00Z,97.05,97.05,97.045,97.05,4281.0,97.048,271
2026-10-01T09:15:00Z,97.05,97.055,97.05,97.05,3621.0,97.0525,305
2026-10-01T09:30:00Z,97.055,97.055,97.05,97.055,5481.0,97.055,367
2026-10-01T09:45:00Z,97.055,97.055,97.05,97.055,1674.0,97.0545,156
2026-10-01T10:00:00Z,97.06,97.06,97.055,97.06,1576.0,97.0575,293
2026-10-01T10:15:00Z,97.055,97.07,97.055,97.07,6476.0,97.0615,333
2026-10-01T10:30:00Z,97.065,97.07,97.065,97.07,6076.0,97.07,451
2026-10-01T10:45:00Z,97.07,97.075,97.06,97.065,4920.0,97.0685,320
2026-10-01T11:00:00Z,97.065,97.07,97.06,97.065,3516.0,97.0645,173
2026-10-01T11:15:00Z,97.06,97.065,97.06,97.065,2483.0,97.0605,177
2026-10-01T11:30:00Z,97.065,97.07,97.06,97.07,4983.0,97.0695,422
2026-10-01T11:45:00Z,97.07,97.075,97.07,97.07,538.0,97.073,117
2026-10-01T12:00:00Z,97.07,97.075,97.07,97.07,843.0,97.071,461
2026-10-01T12:15:00Z,97.075,97.075,97.065,97.07,3559.0,97.07,408
2026-10-01T12:30:00Z,97.07,97.075,97.07,97.07,4099.0,97.07,208
2026-10-01T12:45:00Z,97.065,97.07,97.065,97.065,3621.0,97.065,374
2026-10-01T13:00:00Z,97.065,97.07,97.065,97.065,459.0,97.0685,105
2026-10-01T13:15:00Z,97.07,97.07,97.065,97.065,247.0,97.0655,103
2026-10-01T13:30:00Z,97.07,97.075,97.065,97.07,5919.0,97.0695,468
2026-10-01T13:45:00Z,97.065,97.07,97.065,97.07,612.0,97.0685,211
2026-10-01T14:00:00Z,97.065,97.07,97.06,97.065,6636.0,97.065,267
2026-10-01T14:15:00Z,97.07,97.07,97.065,97.065,2597.0,97.0695,428
2026-10-01T14:30:00Z,97.065,97.09,97.065,97.085,20872.0,97.08,1779
2026-10-01T14:45:00Z,97.085,97.095,97.085,97.09,20699.0,97.0915,1672
2026-10-01T15:00:00Z,97.095,97.11,97.085,97.11,15095.0,97.0915,1402
2026-10-01T15:15:00Z,97.105,97.115,97.095,97.115,14709.0,97.104,938
2026-10-01T15:30:00Z,97.11,97.135,97.11,97.135,20091.0,97.122,1480
2026-10-01T15:45:00Z,97.13,97.135,97.11,97.115,16013.0,97.1185,1302
2026-10-01T16:00:00Z,97.11,97.12,97.11,97.115,9866.0,97.115,790
2026-10-01T16:15:00Z,97.115,97.12,97.1,97.105,4729.0,97.1065,533
2026-10-01T16:30:00Z,97.105,97.11,97.1,97.105,4280.0,97.1055,527
2026-10-01T16:45:00Z,97.105,97.105,97.1,97.105,6038.0,97.1025,390
2026-10-01T17:00:00Z,97.105,97.11,97.1,97.11,2401.0,97.105,268
2026-10-01T17:15:00Z,97.11,97.115,97.105,97.115,2036.0,97.1115,376
2026-10-01T17:30:00Z,97.115,97.125,97.115,97.12,3095.0,97.1165,283
2026-10-01T17:45:00Z,97.12,97.12,97.105,97.11,494.0,97.116,84
2026-10-01T18:00:00Z,97.105,97.11,97.105,97.11,2314.0,97.1095,159
2026-10-01T18:15:00Z,97.11,97.12,97.11,97.115,722.0,97.1155,132
2026-10-01T18:30:00Z,97.115,97.12,97.115,97.115,265.0,97.115,76
2026-10-01T18:45:00Z,97.115,97.115,97.115,97.115,83.0,97.115,38
2026-10-01T19:00:00Z,97.115,97.115,97.115,97.115,0.0,97.115,0
2026-10-01T19:15:00Z,97.12,97.12,97.12,97.12,450.0,97.12,28
2026-10-01T19:30:00Z,97.12,97.12,97.115,97.12,911.0,97.1195,100
2026-10-01T19:45:00Z,97.115,97.125,97.115,97.12,485.0,97.1235,84
2026-10-02T00:00:00Z,97.11,97.12,97.11,97.115,108.0,97.1185,12
2026-10-02T00:15:00Z,97.115,97.115,97.115,97.115,578.0,97.115,14
2026-10-02T00:30:00Z,97.115,97.12,97.115,97.12,189.0,97.1155,6
2026-10-02T00:45:00Z,97.115,97.115,97.11,97.11,27.0,97.115,11
2026-10-02T01:00:00Z,97.11,97.11,97.11,97.11,205.0,97.11,35
2026-10-02T01:15:00Z,97.105,97.11,97.105,97.11,26.0,97.1085,10
2026-10-02T01:30:00Z,97.11,97.11,97.11,97.11,0.0,97.11,0
2026-10-02T01:45:00Z,97.11,97.11,97.11,97.11,0.0,97.11,0
2026-10-02T02:00:00Z,97.11,97.115,97.11,97.11,32.0,97.1105,23
2026-10-02T02:15:00Z,97.11,97.11,97.11,97.11,2.0,97.11,2
2026-10-02T02:30:00Z,97.11,97.11,97.11,97.11,36.0,97.11,13
2026-10-02T02:45:00Z,97.11,97.11,97.11,97.11,11.0,97.11,1
2026-10-02T03:00:00Z,97.115,97.115,97.115,97.115,24.0,97.115,10
2026-10-02T03:15:00Z,97.115,97.115,97.115,97.115,194.0,97.115,11
2026-10-02T03:30:00Z,97.115,97.115,97.115,97.115,6.0,97.115,1
2026-10-02T03:45:00Z,97.115,97.115,97.115,97.115,26.0,97.115,3
2026-10-02T04:00:00Z,97.115,97.115,97.115,97.115,0.0,97.115,0
2026-10-02T04:15:00Z,97.115,97.115,97.11,97.115,14.0,97.1145,5
2026-10-02T04:30:00Z,97.115,97.115,97.115,97.115,1.0,97.115,1
2026-10-02T04:45:00Z,97.12,97.12,97.12,97.12,6.0,97.12,2
2026-10-02T05:00:00Z,97.12,97.125,97.12,97.125,174.0,97.1205,22
2026-10-02T05:15:00Z,97.125,97.125,97.125,97.125,0.0,97.125,0
2026-10-02T05:30:00Z,97.12,97.125,97.12,97.125,17.0,97.1205,3
2026-10-02T05:45:00Z,97.12,97.12,97.115,97.12,35.0,97.12,7
2026-10-02T06:00:00Z,97.125,97.135,97.125,97.13,3240.0,97.1305,161
2026-10-02T06:15:00Z,97.125,97.13,97.115,97.125,2847.0,97.121,215
2026-10-02T06:30:00Z,97.13,97.14,97.12,97.12,2394.0,97.1305,283
2026-10-02T06:45:00Z,97.115,97.12,97.105,97.115,4420.0,97.113,460
2026-10-02T07:00:00Z,97.115,97.12,97.105,97.11,5921.0,97.116,374
2026-10-02T07:15:00Z,97.11,97.11,97.095,97.105,5618.0,97.1005,485
2026-10-02T07:30:00Z,97.105,97.125,97.105,97.125,13372.0,97.1175,885
2026-10-02T07:45:00Z,97.12,97.135,97.115,97.13,6147.0,97.127,440
2026-10-02T08:00:00Z,97.13,97.13,97.115,97.12,9692.0,97.1195,588
2026-10-02T08:15:00Z,97.12,97.125,97.115,97.115,2852.0,97.118,219
2026-10-02T08:30:00Z,97.11,97.12,97.11,97.12,3389.0,97.1125,301
2026-10-02T08:45:00Z,97.12,97.12,97.11,97.115,5177.0,97.1165,521
2026-10-02T09:00:00Z,97.12,97.145,97.11,97.135,6380.0,97.1265,691
2026-10-02T09:15:00Z,97.135,97.14,97.13,97.135,4322.0,97.135,415
2026-10-02T09:30:00Z,97.135,97.135,97.13,97.13,3053.0,97.1305,230
2026-10-02T09:45:00Z,97.13,97.14,97.125,97.13,5099.0,97.134,393
2026-10-02T10:00:00Z,97.13,97.135,97.125,97.125,2579.0,97.129,523
2026-10-02T10:15:00Z,97.125,97.135,97.12,97.13,5104.0,97.133,550
2026-10-02T10:30:00Z,97.13,97.14,97.125,97.13,4069.0,97.1345,442
2026-10-02T10:45:00Z,97.13,97.13,97.115,97.12,4084.0,97.1235,529
2026-10-02T11:00:00Z,97.125,97.135,97.125,97.13,4542.0,97.1285,500
2026-10-02T11:15:00Z,97.13,97.13,97.12,97.12,1712.0,97.1245,235
2026-10-02T11:30:00Z,97.115,97.125,97.115,97.125,1620.0,97.119,324
2026-10-02T11:45:00Z,97.12,97.135,97.12,97.125,4746.0,97.128,435
2026-10-02T12:00:00Z,97.125,97.13,97.125,97.13,3946.0,97.129,492
2026-10-02T12:15:00Z,97.13,97.13,97.12,97.125,6747.0,97.1265,626
2026-10-02T12:30:00Z,97.13,97.14,97.125,97.13,4582.0,97.132,609
2026-10-02T12:45:00Z,97.125,97.13,97.125,97.125,2193.0,97.1265,353
2026-10-02T13:00:00Z,97.125,97.13,97.115,97.115,4846.0,97.1225,550
2026-10-02T13:15:00Z,97.11,97.115,97.11,97.115,3629.0,97.1125,402
2026-10-02T13:30:00Z,97.115,97.12,97.11,97.11,2775.0,97.1175,324
2026-10-02T13:45:00Z,97.115,97.115,97.105,97.11,2851.0,97.112,410
2026-10-02T14:00:00Z,97.105,97.11,97.095,97.11,7814.0,97.1035,559
2026-10-02T14:15:00Z,97.11,97.115,97.105,97.105,3741.0,97.1075,661
2026-10-02T14:30:00Z,97.105,97.11,97.1,97.105,3048.0,97.1035,456
2026-10-02T14:45:00Z,97.11,97.11,97.095,97.1,2513.0,97.098,459
2026-10-02T15:00:00Z,97.1,97.105,97.09,97.105,7791.0,97.1015,841
2026-10-02T15:15:00Z,97.105,97.11,97.1,97.105,3299.0,97.105,517
2026-10-02T15:30:00Z,97.105,97.11,97.1,97.105,4827.0,97.1055,405
2026-10-02T15:45:00Z,97.105,97.105,97.1,97.1,3241.0,97.101,292
2026-10-02T16:00:00Z,97.1,97.1,97.095,97.1,1811.0,97.0985,254
2026-10-02T16:15:00Z,97.1,97.105,97.095,97.095,713.0,97.098,88
2026-10-02T16:30:00Z,97.095,97.095,97.09,97.09,2023.0,97.09,116
2026-10-02T16:45:00Z,97.09,97.09,97.085,97.09,2826.0,97.09,195
2026-10-02T17:00:00Z,97.09,97.09,97.085,97.085,296.0,97.086,38
2026-10-02T17:15:00Z,97.085,97.09,97.08,97.08,960.0,97.083,142
2026-10-02T17:30:00Z,97.08,97.085,97.08,97.08,80.0,97.0815,16
2026-10-02T17:45:00Z,97.08,97.085,97.08,97.085,138.0,97.0835,32
2026-10-02T18:00:00Z,97.085,97.085,97.085,97.085,137.0,97.085,28
2026-10-02T18:15:00Z,97.09,97.09,97.085,97.09,477.0,97.089,42
2026-10-02T18:30:00Z,97.09,97.09,97.085,97.09,56.0,97.0895,21
2026-10-02T18:45:00Z,97.09,97.09,97.09,97.09,183.0,97.09,59
2026-10-02T19:00:00Z,97.09,97.09,97.09,97.09,44.0,97.09,13
2026-10-02T19:15:00Z,97.09,97.09,97.09,97.09,313.0,97.09,15
2026-10-02T19:30:00Z,97.09,97.09,97.085,97.09,219.0,97.0895,56
2026-10-02T19:45:00Z,97.09,97.09,97.085,97.09,938.0,97.09,140
2026-10-05T00:00:00Z,97.08,97.105,97.08,97.1,85.0,97.1005,31
2026-10-05T00:15:00Z,97.1,97.1,97.095,97.095,259.0,97.0995,152
2026-10-05T00:30:00Z,97.095,97.095,97.095,97.095,36.0,97.095,8
2026-10-05T00:45:00Z,97.095,97.095,97.095,97.095,8.0,97.095,1
2026-10-05T01:00:00Z,97.095,97.095,97.095,97.095,3.0,97.095,2
2026-10-05T01:15:00Z,97.1,97.1,97.1,97.1,15.0,97.1,4
2026-10-05T01:30:00Z,97.1,97.1,97.1,97.1,0.0,97.1,0
2026-10-05T01:45:00Z,97.105,97.105,97.105,97.105,17.0,97.105,6
2026-10-05T02:00:00Z,97.105,97.105,97.105,97.105,3.0,97.105,2
2026-10-05T02:15:00Z,97.105,97.105,97.105,97.105,30.0,97.105,11
2026-10-05T02:30:00Z,97.105,97.105,97.105,97.105,0.0,97.105,0
2026-10-05T02:45:00Z,97.105,97.105,97.105,97.105,14.0,97.105,3
2026-10-05T03:00:00Z,97.11,97.11,97.11,97.11,65.0,97.11,3
2026-10-05T03:15:00Z,97.11,97.11,97.11,97.11,270.0,97.11,2
2026-10-05T03:30:00Z,97.11,97.11,97.11,97.11,0.0,97.11,0
2026-10-05T03:45:00Z,97.11,97.11,97.11,97.11,0.0,97.11,0
2026-10-05T04:00:00Z,97.1,97.1,97.1,97.1,95.0,97.1,5
2026-10-05T04:15:00Z,97.105,97.105,97.105,97.105,217.0,97.105,9
2026-10-05T04:30:00Z,97.105,97.105,97.105,97.105,0.0,97.105,0
2026-10-05T04:45:00Z,97.105,97.105,97.105,97.105,0.0,97.105,0
2026-10-05T05:00:00Z,97.11,97.115,97.11,97.115,198.0,97.114,28
2026-10-05T05:15:00Z,97.115,97.115,97.115,97.115,0.0,97.115,0
2026-10-05T05:30:00Z,97.115,97.115,97.115,97.115,17.0,97.115,4
2026-10-05T05:45:00Z,97.115,97.115,97.11,97.11,777.0,97.114,91
2026-10-05T06:00:00Z,97.115,97.115,97.11,97.11,3027.0,97.111,308
2026-10-05T06:15:00Z,97.11,97.11,97.105,97.105,517.0,97.108,155
2026-10-05T06:30:00Z,97.11,97.125,97.105,97.115,4710.0,97.1155,280
2026-10-05T06:45:00Z,97.115,97.12,97.115,97.12,1753.0,97.117,276
2026-10-05T07:00:00Z,97.125,97.125,97.115,97.115,1675.0,97.12,131
2026-10-05T07:15:00Z,97.115,97.12,97.11,97.115,2147.0,97.116,326
2026-10-05T07:30:00Z,97.11,97.11,97.1,97.105,2568.0,97.1065,319
2026-10-05T07:45:00Z,97.105,97.11,97.1,97.11,3468.0,97.1065,256
2026-10-05T08:00:00Z,97.115,97.125,97.11,97.11,10686.0,97.1185,790
2026-10-05T08:15:00Z,97.11,97.115,97.1,97.105,4174.0,97.1075,393
2026-10-05T08:30:00Z,97.105,97.105,97.095,97.1,2104.0,97.1015,200
2026-10-05T08:45:00Z,97.095,97.105,97.095,97.1,3591.0,97.0995,258
2026-10-05T09:00:00Z,97.105,97.105,97.1,97.105,497.0,97.1005,40
2026-10-05T09:15:00Z,97.1,97.1,97.1,97.1,2045.0,97.1,143
2026-10-05T09:30:00Z,97.1,97.1,97.095,97.1,874.0,97.0995,118
2026-10-05T09:45:00Z,97.095,97.1,97.095,97.1,371.0,97.095,72
2026-10-05T10:00:00Z,97.095,97.105,97.095,97.105,6797.0,97.101,522
2026-10-05T10:15:00Z,97.105,97.105,97.1,97.1,420.0,97.1015,64
2026-10-05T10:30:00Z,97.1,97.11,97.1,97.11,1315.0,97.105,190
2026-10-05T10:45:00Z,97.105,97.115,97.105,97.11,3925.0,97.1095,223
2026-10-05T11:00:00Z,97.11,97.11,97.105,97.11,2955.0,97.1055,181
2026-10-05T11:15:00Z,97.11,97.115,97.105,97.115,4726.0,97.112,305
2026-10-05T11:30:00Z,97.115,97.115,97.11,97.115,1632.0,97.115,202
2026-10-05T11:45:00Z,97.11,97.115,97.11,97.115,1431.0,97.1145,129
2026-10-05T12:00:00Z,97.12,97.12,97.115,97.12,481.0,97.12,322
2026-10-05T12:15:00Z,97.12,97.12,97.115,97.115,2848.0,97.1155,467
2026-10-05T12:30:00Z,97.115,97.115,97.11,97.115,1131.0,97.114,175
2026-10-05T12:45:00Z,97.11,97.11,97.1,97.105,3513.0,97.106,346
2026-10-05T13:00:00Z,97.105,97.11,97.1,97.105,3633.0,97.107,257
2026-10-05T13:15:00Z,97.105,97.11,97.105,97.105,5434.0,97.105,249
2026-10-05T13:30:00Z,97.105,97.105,97.1,97.105,3848.0,97.105,336
2026-10-05T13:45:00Z,97.105,97.115,97.105,97.11,5366.0,97.106,357
2026-10-05T14:00:00Z,97.11,97.11,97.1,97.105,4540.0,97.105,252
2026-10-05T14:15:00Z,97.105,97.105,97.1,97.1,270.0,97.1045,61
2026-10-05T14:30:00Z,97.1,97.105,97.095,97.095,1374.0,97.1,237
2026-10-05T14:45:00Z,97.1,97.105,97.1,97.105,694.0,97.102,95
2026-10-05T15:00:00Z,97.105,97.105,97.1,97.105,2572.0,97.1045,519
2026-10-05T15:15:00Z,97.105,97.11,97.1,97.105,6720.0,97.101,317
2026-10-05T15:30:00Z,97.11,97.11,97.105,97.11,3422.0,97.1095,416
2026-10-05T15:45:00Z,97.11,97.11,97.11,97.11,2063.0,97.11,134
2026-10-05T16:00:00Z,97.11,97.11,97.105,97.11,1171.0,97.109,134
2026-10-05T16:15:00Z,97.11,97.11,97.105,97.11,925.0,97.1095,98
2026-10-05T16:30:00Z,97.11,97.11,97.11,97.11,1364.0,97.11,141
2026-10-05T16:45:00Z,97.11,97.11,97.105,97.105,2020.0,97.1095,194
2026-10-05T17:00:00Z,97.105,97.105,97.1,97.105,186.0,97.105,35
2026-10-05T17:15:00Z,97.1,97.105,97.095,97.095,986.0,97.1,85
2026-10-05T17:30:00Z,97.1,97.105,97.1,97.1,534.0,97.1,74
2026-10-05T17:45:00Z,97.1,97.105,97.1,97.1,41.0,97.1,41
2026-10-05T18:00:00Z,97.1,97.105,97.1,97.105,160.0,97.104,59
2026-10-05T18:15:00Z,97.1,97.105,97.1,97.105,215.0,97.1045,86
2026-10-05T18:30:00Z,97.105,97.105,97.105,97.105,64.0,97.105,20
2026-10-05T18:45:00Z,97.11,97.11,97.105,97.11,30.0,97.107,20
2026-10-05T19:00:00Z,97.105,97.11,97.105,97.11,4.0,97.1075,3
2026-10-05T19:15:00Z,97.105,97.11,97.105,97.11,123.0,97.11,39
2026-10-05T19:30:00Z,97.11,97.11,97.11,97.11,51.0,97.11,3
2026-10-05T19:45:00Z,97.11,97.11,97.11,97.11,137.0,97.11,12
2026-10-06T00:00:00Z,97.105,97.11,97.105,97.11,129.0,97.105,11
2026-10-06T00:15:00Z,97.11,97.115,97.11,97.115,34.0,97.11,15
2026-10-06T00:30:00Z,97.11,97.11,97.105,97.105,20.0,97.108,9
2026-10-06T00:45:00Z,97.11,97.11,97.11,97.11,16.0,97.11,6
2026-10-06T01:00:00Z,97.11,97.11,97.11,97.11,4.0,97.11,3
2026-10-06T01:15:00Z,97.11,97.11,97.11,97.11,0.0,97.11,0
2026-10-06T01:30:00Z,97.11,97.11,97.11,97.11,0.0,97.11,0
2026-10-06T01:45:00Z,97.11,97.11,97.11,97.11,0.0,97.11,0
2026-10-06T02:00:00Z,97.11,97.11,97.11,97.11,0.0,97.11,0
2026-10-06T02:15:00Z,97.11,97.11,97.11,97.11,0.0,97.11,0
2026-10-06T02:30:00Z,97.11,97.11,97.11,97.11,0.0,97.11,0
2026-10-06T02:45:00Z,97.11,97.11,97.11,97.11,0.0,97.11,0
2026-10-06T03:00:00Z,97.11,97.11,97.11,97.11,0.0,97.11,0
2026-10-06T03:15:00Z,97.11,97.11,97.11,97.11,0.0,97.11,0
2026-10-06T03:30:00Z,97.105,97.105,97.105,97.105,2.0,97.105,2
2026-10-06T03:45:00Z,97.105,97.105,97.105,97.105,21.0,97.105,19
2026-10-06T04:00:00Z,97.105,97.105,97.105,97.105,0.0,97.105,0
2026-10-06T04:15:00Z,97.105,97.105,97.105,97.105,0.0,97.105,0
2026-10-06T04:30:00Z,97.105,97.105,97.105,97.105,0.0,97.105,0
2026-10-06T04:45:00Z,97.105,97.105,97.105,97.105,36.0,97.105,20
2026-10-06T05:00:00Z,97.105,97.105,97.105,97.105,0.0,97.105,0
2026-10-06T05:15:00Z,97.105,97.105,97.105,97.105,0.0,97.105,0
2026-10-06T05:30:00Z,97.105,97.105,97.105,97.105,0.0,97.105,0
2026-10-06T05:45:00Z,97.11,97.115,97.11,97.115,542.0,97.115,79
2026-10-06T06:00:00Z,97.115,97.115,97.11,97.115,1420.0,97.115,214
2026-10-06T06:15:00Z,97.115,97.115,97.11,97.11,1072.0,97.115,406
2026-10-06T06:30:00Z,97.11,97.11,97.105,97.11,1032.0,97.11,35
2026-10-06T06:45:00Z,97.115,97.115,97.11,97.11,1266.0,97.115,93
2026-10-06T07:00:00Z,97.115,97.115,97.105,97.11,3983.0,97.109,381
2026-10-06T07:15:00Z,97.11,97.115,97.11,97.11,4746.0,97.11,215
2026-10-06T07:30:00Z,97.105,97.11,97.105,97.105,549.0,97.105,113
2026-10-06T07:45:00Z,97.105,97.11,97.105,97.105,2034.0,97.105,157
2026-10-06T08:00:00Z,97.105,97.105,97.1,97.1,3359.0,97.1,188
2026-10-06T08:15:00Z,97.1,97.105,97.095,97.095,2331.0,97.1005,83
2026-10-06T08:30:00Z,97.095,97.095,97.09,97.09,4316.0,97.094,510
2026-10-06T08:45:00Z,97.095,97.1,97.09,97.095,2569.0,97.094,413
2026-10-06T09:00:00Z,97.095,97.105,97.095,97.105,2622.0,97.097,193
2026-10-06T09:15:00Z,97.105,97.105,97.105,97.105,279.0,97.105,30
2026-10-06T09:30:00Z,97.1,97.1,97.1,97.1,3942.0,97.1,248
2026-10-06T09:45:00Z,97.1,97.1,97.095,97.1,1760.0,97.1,168
2026-10-06T10:00:00Z,97.105,97.105,97.095,97.1,5989.0,97.0995,214
2026-10-06T10:15:00Z,97.1,97.1,97.095,97.1,2078.0,97.1,82
2026-10-06T10:30:00Z,97.1,97.1,97.095,97.1,2013.0,97.1,24
2026-10-06T10:45:00Z,97.095,97.1,97.095,97.095,573.0,97.095,43
2026-10-06T11:00:00Z,97.095,97.1,97.095,97.1,711.0,97.095,103
2026-10-06T11:15:00Z,97.1,97.1,97.095,97.1,194.0,97.0985,30
2026-10-06T11:30:00Z,97.1,97.1,97.095,97.1,7060.0,97.097,207
2026-10-06T11:45:00Z,97.1,97.105,97.095,97.1,10661.0,97.101,502
2026-10-06T12:00:00Z,97.1,97.1,97.095,97.1,1005.0,97.0985,136
2026-10-06T12:15:00Z,97.1,97.1,97.095,97.1,28.0,97.099,23
2026-10-06T12:30:00Z,97.095,97.1,97.095,97.1,1166.0,97.1,107
2026-10-06T12:45:00Z,97.1,97.1,97.095,97.1,2962.0,97.1,233
2026-10-06T13:00:00Z,97.1,97.1,97.095,97.095,403.0,97.097,119
2026-10-06T13:15:00Z,97.1,97.1,97.095,97.1,474.0,97.0955,141
2026-10-06T13:30:00Z,97.095,97.1,97.095,97.095,5.0,97.096,5
2026-10-06T13:45:00Z,97.095,97.1,97.09,97.09,10050.0,97.0935,703
2026-10-06T14:00:00Z,97.09,97.095,97.085,97.095,7273.0,97.0905,847
2026-10-06T14:15:00Z,97.095,97.095,97.085,97.09,6769.0,97.0895,592
2026-10-06T14:30:00Z,97.095,97.1,97.09,97.1,8483.0,97.0985,533
2026-10-06T14:45:00Z,97.1,97.1,97.095,97.1,12133.0,97.1,457
2026-10-06T15:00:00Z,97.1,97.1,97.095,97.1,972.0,97.0995,269
2026-10-06T15:15:00Z,97.1,97.1,97.095,97.1,8528.0,97.0955,330
2026-10-06T15:30:00Z,97.1,97.105,97.095,97.105,6684.0,97.1,369
2026-10-06T15:45:00Z,97.1,97.105,97.1,97.105,3184.0,97.1,276
2026-10-06T16:00:00Z,97.1,97.105,97.09,97.09,6641.0,97.0975,424
2026-10-06T16:15:00Z,97.095,97.1,97.095,97.1,921.0,97.099,155
2026-10-06T16:30:00Z,97.1,97.1,97.095,97.1,368.0,97.0975,95
2026-10-06T16:45:00Z,97.1,97.1,97.09,97.095,979.0,97.095,110
2026-10-06T17:00:00Z,97.095,97.095,97.09,97.09,1287.0,97.09,85
2026-10-06T17:15:00Z,97.09,97.09,97.085,97.09,232.0,97.087,66
2026-10-06T17:30:00Z,97.09,97.09,97.09,97.09,54.0,97.09,30
2026-10-06T17:45:00Z,97.09,97.09,97.09,97.09,141.0,97.09,32
2026-10-06T18:00:00Z,97.09,97.09,97.085,97.09,62.0,97.0895,34
2026-10-06T18:15:00Z,97.09,97.095,97.09,97.09,120.0,97.09,56
2026-10-06T18:30:00Z,97.09,97.09,97.09,97.09,58.0,97.09,58
2026-10-06T18:45:00Z,97.09,97.095,97.09,97.095,274.0,97.09,71
2026-10-06T19:00:00Z,97.095,97.095,97.09,97.095,49.0,97.095,48
2026-10-06T19:15:00Z,97.095,97.095,97.09,97.09,92.0,97.0925,58
2026-10-06T19:30:00Z,97.09,97.095,97.09,97.09,200.0,97.09,37
2026-10-06T19:45:00Z,97.085,97.085,97.085,97.085,3.0,97.085,1
2026-10-07T00:00:00Z,97.09,97.09,97.09,97.09,6.0,97.09,3
2026-10-07T00:15:00Z,97.09,97.09,97.085,97.085,57.0,97.085,16
2026-10-07T00:30:00Z,97.085,97.085,97.085,97.085,0.0,97.085,0
2026-10-07T00:45:00Z,97.09,97.09,97.08,97.08,171.0,97.085,6
2026-10-07T01:00:00Z,97.08,97.08,97.08,97.08,1.0,97.08,1
2026-10-07T01:15:00Z,97.08,97.08,97.08,97.08,0.0,97.08,0
2026-10-07T01:30:00Z,97.08,97.085,97.08,97.085,4.0,97.0825,4
2026-10-07T01:45:00Z,97.085,97.085,97.085,97.085,9.0,97.085,3
2026-10-07T02:00:00Z,97.085,97.085,97.085,97.085,0.0,97.085,0
2026-10-07T02:15:00Z,97.085,97.085,97.085,97.085,4.0,97.085,2
2026-10-07T02:30:00Z,97.08,97.08,97.08,97.08,1.0,97.08,1
2026-10-07T02:45:00Z,97.08,97.08,97.08,97.08,32.0,97.08,14
2026-10-07T03:00:00Z,97.08,97.08,97.08,97.08,350.0,97.08,27
2026-10-07T03:15:00Z,97.08,97.08,97.08,97.08,2.0,97.08,2
2026-10-07T03:30:00Z,97.08,97.08,97.075,97.08,46.0,97.079,22
2026-10-07T03:45:00Z,97.08,97.08,97.08,97.08,10.0,97.08,1
2026-10-07T04:00:00Z,97.08,97.08,97.08,97.08,2.0,97.08,2
2026-10-07T04:15:00Z,97.08,97.08,97.08,97.08,18.0,97.08,6
2026-10-07T04:30:00Z,97.08,97.08,97.08,97.08,0.0,97.08,0
2026-10-07T04:45:00Z,97.08,97.08,97.08,97.08,0.0,97.08,0
2026-10-07T05:00:00Z,97.08,97.085,97.08,97.085,2.0,97.0825,2
2026-10-07T05:15:00Z,97.085,97.085,97.085,97.085,121.0,97.085,9
2026-10-07T05:30:00Z,97.085,97.085,97.085,97.085,0.0,97.085,0
2026-10-07T05:45:00Z,97.09,97.095,97.09,97.09,1330.0,97.09,77
2026-10-07T06:00:00Z,97.09,97.1,97.09,97.095,697.0,97.096,137
2026-10-07T06:15:00Z,97.1,97.1,97.095,97.1,1919.0,97.1,256
2026-10-07T06:30:00Z,97.1,97.1,97.09,97.095,2902.0,97.0955,235
2026-10-07T06:45:00Z,97.095,97.1,97.095,97.1,833.0,97.0965,103
2026-10-07T07:00:00Z,97.095,97.095,97.09,97.09,2222.0,97.091,230
2026-10-07T07:15:00Z,97.09,97.1,97.09,97.09,7380.0,97.0915,442
2026-10-07T07:30:00Z,97.09,97.095,97.09,97.095,6264.0,97.0905,304
2026-10-07T07:45:00Z,97.09,97.095,97.09,97.095,2569.0,97.09,234
2026-10-07T08:00:00Z,97.095,97.1,97.095,97.1,4292.0,97.0955,325
2026-10-07T08:15:00Z,97.1,97.1,97.095,97.1,672.0,97.1,209
2026-10-07T08:30:00Z,97.1,97.1,97.095,97.095,10737.0,97.095,419
2026-10-07T08:45:00Z,97.095,97.1,97.095,97.1,628.0,97.0975,113
2026-10-07T09:00:00Z,97.1,97.1,97.095,97.1,806.0,97.099,210
2026-10-07T09:15:00Z,97.1,97.1,97.095,97.095,539.0,97.1,169
2026-10-07T09:30:00Z,97.1,97.105,97.095,97.1,5280.0,97.1,535
2026-10-07T09:45:00Z,97.1,97.105,97.095,97.1,3166.0,97.097,182
2026-10-07T10:00:00Z,97.1,97.105,97.095,97.105,4377.0,97.1005,194
2026-10-07T10:15:00Z,97.105,97.105,97.095,97.1,4838.0,97.1,300
2026-10-07T10:30:00Z,97.1,97.1,97.095,97.095,2130.0,97.0975,105
2026-10-07T10:45:00Z,97.1,97.1,97.095,97.1,645.0,97.097,175
2026-10-07T11:00:00Z,97.095,97.1,97.09,97.1,3033.0,97.0955,358
2026-10-07T11:15:00Z,97.095,97.1,97.095,97.1,1256.0,97.095,114
2026-10-07T11:30:00Z,97.095,97.1,97.095,97.1,714.0,97.097,111
2026-10-07T11:45:00Z,97.1,97.11,97.1,97.105,2899.0,97.103,314
2026-10-07T12:00:00Z,97.11,97.11,97.105,97.105,1946.0,97.1055,226
2026-10-07T12:15:00Z,97.1,97.105,97.1,97.105,2615.0,97.1035,248
2026-10-07T12:30:00Z,97.105,97.105,97.1,97.1,1672.0,97.105,365
2026-10-07T12:45:00Z,97.105,97.11,97.1,97.11,2378.0,97.107,459
2026-10-07T13:00:00Z,97.11,97.115,97.105,97.11,4733.0,97.1105,608
2026-10-07T13:15:00Z,97.105,97.11,97.105,97.11,1767.0,97.1085,318
2026-10-07T13:30:00Z,97.11,97.115,97.105,97.115,2908.0,97.111,284
2026-10-07T13:45:00Z,97.11,97.125,97.11,97.12,8144.0,97.1185,757
2026-10-07T14:00:00Z,97.12,97.12,97.115,97.12,1477.0,97.1165,294
2026-10-07T14:15:00Z,97.115,97.12,97.115,97.115,4835.0,97.1155,303
2026-10-07T14:30:00Z,97.12,97.12,97.115,97.12,2104.0,97.1185,251
2026-10-07T14:45:00Z,97.115,97.12,97.11,97.115,1958.0,97.1165,306
2026-10-07T15:00:00Z,97.11,97.12,97.11,97.115,3475.0,97.1155,731
2026-10-07T15:15:00Z,97.115,97.12,97.115,97.115,3981.0,97.1155,363
2026-10-07T15:30:00Z,97.115,97.12,97.115,97.12,1124.0,97.1165,181
2026-10-07T15:45:00Z,97.115,97.12,97.115,97.12,1638.0,97.1195,253
2026-10-07T16:00:00Z,97.12,97.125,97.12,97.12,2159.0,97.12,108
2026-10-07T16:15:00Z,97.12,97.12,97.115,97.115,264.0,97.1195,53
2026-10-07T16:30:00Z,97.115,97.12,97.115,97.12,1482.0,97.12,128
2026-10-07T16:45:00Z,97.12,97.12,97.115,97.12,760.0,97.12,57
2026-10-07T17:00:00Z,97.125,97.13,97.12,97.125,1453.0,97.125,151
2026-10-07T17:15:00Z,97.125,97.13,97.125,97.125,327.0,97.125,40
2026-10-07T17:30:00Z,97.125,97.13,97.125,97.125,696.0,97.125,57
2026-10-07T17:45:00Z,97.125,97.13,97.125,97.13,12.0,97.1295,6
2026-10-07T18:00:00Z,97.13,97.13,97.125,97.125,4.0,97.1285,3
2026-10-07T18:15:00Z,97.125,97.125,97.125,97.125,39.0,97.125,10
2026-10-07T18:30:00Z,97.125,97.125,97.125,97.125,6.0,97.125,5
2026-10-07T18:45:00Z,97.13,97.13,97.125,97.13,566.0,97.1295,43
2026-10-07T19:00:00Z,97.125,97.125,97.12,97.125,1140.0,97.125,46
2026-10-07T19:15:00Z,97.125,97.125,97.125,97.125,2.0,97.125,1
2026-10-07T19:30:00Z,97.12,97.12,97.12,97.12,6.0,97.12,2
2026-10-07T19:45:00Z,97.12,97.12,97.12,97.12,56.0,97.12,14
2026-10-08T00:00:00Z,97.125,97.125,97.125,97.125,3.0,97.125,2
2026-10-08T00:15:00Z,97.12,97.125,97.12,97.125,91.0,97.12,4
2026-10-08T00:30:00Z,97.12,97.12,97.12,97.12,2.0,97.12,2
2026-10-08T00:45:00Z,97.12,97.12,97.12,97.12,7.0,97.12,4
2026-10-08T01:00:00Z,97.12,97.12,97.12,97.12,13.0,97.12,5
2026-10-08T01:15:00Z,97.125,97.125,97.125,97.125,4.0,97.125,3
2026-10-08T01:30:00Z,97.13,97.13,97.13,97.13,3.0,97.13,2
2026-10-08T01:45:00Z,97.125,97.125,97.125,97.125,8.0,97.125,4
2026-10-08T02:00:00Z,97.125,97.125,97.125,97.125,0.0,97.125,0
2026-10-08T02:15:00Z,97.125,97.125,97.125,97.125,0.0,97.125,0
2026-10-08T02:30:00Z,97.125,97.125,97.125,97.125,0.0,97.125,0
2026-10-08T02:45:00Z,97.125,97.125,97.125,97.125,0.0,97.125,0
2026-10-08T03:00:00Z,97.12,97.12,97.12,97.12,1258.0,97.12,24
2026-10-08T03:15:00Z,97.12,97.12,97.12,97.12,1.0,97.12,1
2026-10-08T03:30:00Z,97.12,97.12,97.12,97.12,0.0,97.12,0
2026-10-08T03:45:00Z,97.12,97.12,97.12,97.12,0.0,97.12,0
2026-10-08T04:00:00Z,97.12,97.12,97.12,97.12,0.0,97.12,0
2026-10-08T04:15:00Z,97.12,97.12,97.12,97.12,2.0,97.12,2
2026-10-08T04:30:00Z,97.12,97.12,97.12,97.12,0.0,97.12,0
2026-10-08T04:45:00Z,97.12,97.12,97.12,97.12,0.0,97.12,0
2026-10-08T05:00:00Z,97.12,97.12,97.12,97.12,0.0,97.12,0
2026-10-08T05:15:00Z,97.12,97.12,97.12,97.12,0.0,97.12,0
2026-10-08T05:30:00Z,97.12,97.12,97.115,97.115,1413.0,97.119,89
2026-10-08T05:45:00Z,97.115,97.115,97.115,97.115,314.0,97.115,25
2026-10-08T06:00:00Z,97.12,97.12,97.115,97.115,1052.0,97.117,614
2026-10-08T06:15:00Z,97.115,97.115,97.11,97.11,1305.0,97.1135,320
2026-10-08T06:30:00Z,97.11,97.115,97.105,97.11,1554.0,97.1105,363
2026-10-08T06:45:00Z,97.11,97.115,97.11,97.115,3197.0,97.11,133
2026-10-08T07:00:00Z,97.11,97.115,97.11,97.11,2009.0,97.1105,170
2026-10-08T07:15:00Z,97.11,97.11,97.105,97.11,2767.0,97.1095,215
2026-10-08T07:30:00Z,97.11,97.11,97.095,97.1,9970.0,97.1025,490
2026-10-08T07:45:00Z,97.095,97.1,97.09,97.095,5986.0,97.094,323
2026-10-08T08:00:00Z,97.095,97.105,97.095,97.1,3532.0,97.1,209
2026-10-08T08:15:00Z,97.1,97.105,97.09,97.1,4293.0,97.096,198
2026-10-08T08:30:00Z,97.1,97.1,97.095,97.1,437.0,97.095,97
2026-10-08T08:45:00Z,97.095,97.1,97.09,97.09,1628.0,97.095,150
2026-10-08T09:00:00Z,97.09,97.1,97.09,97.1,5426.0,97.095,232
2026-10-08T09:15:00Z,97.095,97.1,97.095,97.1,3921.0,97.095,283
2026-10-08T09:30:00Z,97.1,97.1,97.095,97.1,785.0,97.098,127
2026-10-08T09:45:00Z,97.095,97.1,97.095,97.1,93.0,97.096,44
2026-10-08T10:00:00Z,97.1,97.1,97.09,97.095,6691.0,97.095,281
2026-10-08T10:15:00Z,97.095,97.1,97.095,97.1,849.0,97.095,79
2026-10-08T10:30:00Z,97.1,97.1,97.09,97.095,2579.0,97.095,173
2026-10-08T10:45:00Z,97.09,97.095,97.09,97.095,247.0,97.095,52
2026-10-08T11:00:00Z,97.095,97.095,97.085,97.09,2232.0,97.09,143
2026-10-08T11:15:00Z,97.09,97.095,97.09,97.095,3367.0,97.0905,349
2026-10-08T11:30:00Z,97.095,97.1,97.09,97.095,5605.0,97.0935,475
2026-10-08T11:45:00Z,97.095,97.1,97.09,97.095,997.0,97.0965,196
2026-10-08T12:00:00Z,97.1,97.1,97.095,97.095,1121.0,97.097,200
2026-10-08T12:15:00Z,97.1,97.1,97.095,97.095,5181.0,97.0955,331
2026-10-08T12:30:00Z,97.095,97.1,97.095,97.095,1212.0,97.095,175
2026-10-08T12:45:00Z,97.1,97.105,97.095,97.1,2332.0,97.0995,193
2026-10-08T13:00:00Z,97.105,97.105,97.1,97.105,637.0,97.104,218
2026-10-08T13:15:00Z,97.105,97.11,97.1,97.105,3067.0,97.105,266
2026-10-08T13:30:00Z,97.105,97.105,97.1,97.105,720.0,97.103,261
2026-10-08T13:45:00Z,97.105,97.105,97.095,97.095,3290.0,97.1,303
2026-10-08T14:00:00Z,97.1,97.1,97.095,97.1,680.0,97.099,298
2026-10-08T14:15:00Z,97.1,97.1,97.095,97.095,1275.0,97.0975,443
2026-10-08T14:30:00Z,97.1,97.1,97.09,97.095,4385.0,97.0955,415
2026-10-08T14:45:00Z,97.095,97.1,97.09,97.095,2985.0,97.095,390
2026-10-08T15:00:00Z,97.095,97.1,97.09,97.1,2187.0,97.0955,491
2026-10-08T15:15:00Z,97.1,97.1,97.095,97.095,2970.0,97.0955,465
2026-10-08T15:30:00Z,97.1,97.1,97.095,97.095,2001.0,97.0995,542
2026-10-08T15:45:00Z,97.095,97.1,97.095,97.1,4483.0,97.1,388
2026-10-08T16:00:00Z,97.1,97.1,97.095,97.1,849.0,97.1,147
2026-10-08T16:15:00Z,97.1,97.11,97.1,97.11,7690.0,97.1055,617
2026-10-08T16:30:00Z,97.11,97.115,97.11,97.115,3223.0,97.1125,267
2026-10-08T16:45:00Z,97.115,97.12,97.115,97.12,2478.0,97.115,188
2026-10-08T17:00:00Z,97.12,97.125,97.12,97.125,2172.0,97.1235,159
2026-10-08T17:15:00Z,97.125,97.13,97.125,97.13,834.0,97.128,141
2026-10-08T17:30:00Z,97.13,97.135,97.13,97.13,3422.0,97.1305,246
2026-10-08T17:45:00Z,97.125,97.125,97.115,97.12,2463.0,97.12,129
2026-10-08T18:00:00Z,97.12,97.125,97.115,97.115,130.0,97.12,34
2026-10-08T18:15:00Z,97.12,97.12,97.12,97.12,706.0,97.12,39
2026-10-08T18:30:00Z,97.12,97.12,97.12,97.12,117.0,97.12,24
2026-10-08T18:45:00Z,97.12,97.12,97.115,97.12,14.0,97.119,12
2026-10-08T19:00:00Z,97.12,97.12,97.12,97.12,47.0,97.12,44
2026-10-08T19:15:00Z,97.12,97.12,97.12,97.12,1291.0,97.12,82
2026-10-08T19:30:00Z,97.12,97.12,97.115,97.115,32.0,97.115,12
2026-10-08T19:45:00Z,97.115,97.115,97.115,97.115,0.0,97.115,0
